  111
 Etot=        -158.1379540018
 C         -5.6350517019        0.1326166670        2.0184423569
 C         -5.3167860382       -0.9907387741        1.0199545731
 C         -6.5947038030       -1.7008515964        0.5906608840
 C         -4.5684166612       -0.4421211178       -0.2178199596
 C         -3.1272548791       -0.0389679402        0.1261124787
 N         -2.7718621179        1.3142937617       -0.2772155177
 C         -2.8545188769        1.7601355823       -1.5869356950
 O         -3.6123889343        1.2904856827       -2.4295673087
 C         -1.9192218926        2.9625930150       -1.8610067794
 C         -2.7017798466        4.2843077547       -1.9612286839
 C         -3.7823841974        4.6227747434       -0.9129222359
 C         -4.4951407449        5.9230223626       -1.3240987931
 C         -3.2681432525        4.7848663187        0.5129563713
 N         -0.7444587788        2.8495632659       -0.9609570181
 C          0.0298650114        3.8572052616       -0.4299089191
 O         -0.2729261863        5.0416041827       -0.4615040407
 C          1.3685372504        3.4046337584        0.2124963276
 C          1.7198125184        4.1985809376        1.4845962799
 C          1.0366721062        3.7730712611        2.8016222771
 C         -0.4853215277        3.7860097106        2.7383167854
 C          1.5007859385        4.6974966611        3.9263938670
 N          1.5517187871        1.9664265739        0.4354775602
 C          2.0935838347        1.1304253280       -0.5218160469
 O          2.1238324862        1.4392837796       -1.7077429408
 C          2.6685647689       -0.1739328068        0.0673833272
 C          3.4518608749       -0.9929785116       -0.9752007591
 C          4.9126759413       -0.5914264679       -0.9976876645
 C          5.8463244564       -1.3529110728       -0.2863685697
 C          7.1970139871       -0.9965346996       -0.2825919402
 C          7.6021157188        0.1477311317       -0.9635882292
 O          8.9225102669        0.4761403716       -0.9238475558
 C          6.6858908273        0.9189284592       -1.6701025799
 C          5.3398343641        0.5493046752       -1.6964183819
 N          1.5885986578       -0.9500792355        0.6749922965
 C          1.8575241381       -1.8823484635        1.6647969527
 O          2.9463552944       -1.9794779397        2.2047794709
 C          0.6118142687       -2.6334411399        2.1864480156
 C          0.8563755316       -3.9417758222        2.9248558506
 C         -0.5183758657       -4.6307972562        2.9185041161
 C         -1.4110194366       -3.7424193775        2.0400659692
 N         -0.4722242837       -2.9466889445        1.2737928508
 C         -0.1403162886       -3.4554324510        0.0052552257
 O          0.8823006097       -4.0985249081       -0.2069810018
 C         -1.1299149445       -3.0913208818       -1.1381490883
 C         -1.5253151434       -4.2674042327       -2.0371396822
 C         -2.1494591746       -5.4984203064       -1.3620330192
 C         -2.0105872526       -6.7011998471       -2.3044917702
 C         -3.6161900897       -5.3318139594       -0.9899219250
 N         -2.2376507323       -2.2476927782       -0.6909697494
 C         -1.9914073474       -0.9162073663       -0.4617344574
 O         -0.8494480177       -0.4607727714       -0.6235963782
 H         -6.7097606515        0.2138467824        2.2132381575
 H         -5.1125332828       -0.0400869960        2.9688541156
 H         -5.3101891179        1.1068346214        1.6382499914
 H         -4.6683956721       -1.7251222230        1.5184379830
 H         -6.3709561216       -2.6173596611        0.0234976309
 H         -7.1971464887       -1.0537531414       -0.0537534777
 H         -7.2161127602       -1.9717652438        1.4522992959
 H         -4.5878221223       -1.1641913216       -1.0375988789
 H         -5.1253267355        0.4335079116       -0.5895761130
 H         -2.9711908406       -0.0607486950        1.2112675046
 H         -2.0744158220        1.7939226679        0.2887332919
 H         -1.4821450894        2.7742000634       -2.8600873714
 H         -2.0120314225        5.1231113491       -2.0764277651
 H         -3.2364255192        4.2363861746       -2.9274427779
 H         -4.5330086647        3.8267895318       -0.9124445389
 H         -3.7851571395        6.7591457772       -1.3807713153
 H         -4.9796642865        5.8169900809       -2.2999419538
 H         -5.2661449605        6.1954210464       -0.5980957191
 H         -4.0904660326        5.0365981184        1.1956612764
 H         -2.8229551589        3.8636900587        0.8831126270
 H         -2.5230925278        5.5827721015        0.5850566157
 H         -0.2802591803        1.9461289151       -1.0327508426
 H          2.1199243286        3.6971464945       -0.5423540053
 H          2.8053963186        4.1053913191        1.6351889439
 H          1.5436395313        5.2652802707        1.3053087154
 H          1.3513441708        2.7579331394        3.0674194981
 H         -0.8674507437        4.7650819077        2.4313570627
 H         -0.8565145459        3.0397184583        2.0337189072
 H         -0.9255052208        3.5499154953        3.7106066357
 H          1.0667836652        4.4077891640        4.8883873842
 H          1.2064963242        5.7309653322        3.7270813849
 H          2.5918049633        4.6760437528        4.0388231837
 H          1.3733108720        1.5750055024        1.3612717391
 H          3.3388237045        0.1156511882        0.8836462575
 H          3.0206752182       -0.9147593623       -1.9825970926
 H          3.4036988497       -2.0638496546       -0.7309935184
 H          5.5210728818       -2.2348038607        0.2730318472
 H          7.9170680860       -1.5977606074        0.2618814549
 H          8.9599762101        1.4345637519       -1.0490840022
 H          7.0010079799        1.7967274483       -2.2214764196
 H          4.6414380379        1.1641062399       -2.2624865827
 H          0.6687520913       -0.9100615118        0.2377481346
 H          0.1684906183       -1.9138629604        2.9020036475
 H          1.2220380983       -3.7845301815        3.9428424772
 H          1.6022090210       -4.5498237021        2.4014002809
 H         -0.4269823802       -5.6316996096        2.4798866655
 H         -0.9317862662       -4.7361905652        3.9249630176
 H         -2.0149608980       -3.0544772178        2.6467936236
 H         -2.0836835000       -4.3437974429        1.4271905604
 H         -0.5214884821       -2.4417952074       -1.7958955032
 H         -0.5972968804       -4.5885198362       -2.5508539594
 H         -2.1925203055       -3.8970011928       -2.8372637885
 H         -1.5915964378       -5.7390118679       -0.4524965319
 H         -2.5718911102       -6.5413232158       -3.2309029356
 H         -2.4010264807       -7.6090359624       -1.8244819579
 H         -0.9647245698       -6.8832177137       -2.5617016919
 H         -3.7688695888       -4.6266730053       -0.1685632247
 H         -4.0590423741       -6.2860469051       -0.6710050092
 H         -4.2125503281       -4.9839186085       -1.8439831952
 H         -3.0876098638       -2.6844241830       -0.3575353511
  111
 Etot=        -158.1566249217
 C         -5.6237733556        0.1351825717        2.0165815619
 C         -5.3143755404       -0.9933223699        1.0171449386
 C         -6.5939606813       -1.7007675604        0.5807692999
 C         -4.5620857978       -0.4494155146       -0.2147636334
 C         -3.1195158961       -0.0434347571        0.1143708070
 N         -2.7875634280        1.3198197434       -0.2818447577
 C         -2.8511807737        1.7742972267       -1.5641858722
 O         -3.5772511707        1.2967216236       -2.4193931183
 C         -1.9125250008        2.9643948303       -1.8493498423
 C         -2.7008247555        4.2839233466       -1.9547197827
 C         -3.7814158856        4.6182090254       -0.9084941040
 C         -4.4888372769        5.9136954363       -1.3291406311
 C         -3.2618572328        4.7781209901        0.5145296514
 N         -0.7515562664        2.8648866253       -0.9395995941
 C          0.0214564082        3.8519751907       -0.4167160774
 O         -0.2594389862        5.0367782444       -0.4522225839
 C          1.3597056666        3.3914785532        0.2128072208
 C          1.7169688492        4.1845233807        1.4867441049
 C          1.0354357360        3.7700571736        2.8037671398
 C         -0.4865384160        3.7826104053        2.7290412704
 C          1.5051427723        4.7000060861        3.9228107470
 N          1.5437200782        1.9606272371        0.4249787402
 C          2.0857811798        1.1290364897       -0.5082044020
 O          2.1450954887        1.4379406487       -1.6874998351
 C          2.6525800521       -0.1820509126        0.0710749219
 C          3.4512757779       -0.9899931050       -0.9713812521
 C          4.9085330116       -0.5912286441       -0.9965074754
 C          5.8421794086       -1.3480368674       -0.2954997501
 C          7.1818875072       -0.9928546800       -0.2808449086
 C          7.5970628780        0.1478026994       -0.9565867527
 O          8.9197285073        0.4856413241       -0.9016326565
 C          6.6760180606        0.9094072163       -1.6659597974
 C          5.3394398711        0.5385951010       -1.6875367404
 N          1.5767615647       -0.9607212181        0.6780511428
 C          1.8305686183       -1.8837290132        1.6492070042
 O          2.9249011126       -2.0043562531        2.1730263223
 C          0.5997013856       -2.6278923869        2.1831366358
 C          0.8610682692       -3.9401965038        2.9305477789
 C         -0.5162939329       -4.6291842947        2.9171930450
 C         -1.4065989475       -3.7273303028        2.0364957486
 N         -0.4795126540       -2.9259126662        1.2457466537
 C         -0.1484827843       -3.4577331000       -0.0050243218
 O          0.9023153344       -4.0309857265       -0.2349122103
 C         -1.1307802210       -3.0891845835       -1.1347832238
 C         -1.5329460261       -4.2695885733       -2.0280671460
 C         -2.1521784310       -5.5043306640       -1.3580470240
 C         -2.0129822155       -6.7025787055       -2.3024454009
 C         -3.6214036947       -5.3229461167       -0.9897780102
 N         -2.2264001001       -2.2495595675       -0.6753297132
 C         -1.9897821201       -0.9412733030       -0.4318433024
 O         -0.8763700067       -0.4510107115       -0.6443149565
 H         -6.6928063998        0.2055699695        2.2096629414
 H         -5.1232558399       -0.0319003400        2.9696930147
 H         -5.3027239310        1.1043380399        1.6368232452
 H         -4.6718674999       -1.7313521173        1.5117589202
 H         -6.3722082185       -2.6095856477        0.0189678416
 H         -7.1949702717       -1.0496841422       -0.0533848884
 H         -7.1974186302       -1.9779813195        1.4450911940
 H         -4.5782868133       -1.1726395856       -1.0304656344
 H         -5.0994076618        0.4291062296       -0.5859359267
 H         -2.9822232899       -0.0642993628        1.2021938275
 H         -2.0909650898        1.7889971097        0.2845454342
 H         -1.5056025774        2.7760557652       -2.8584072305
 H         -1.9966318603        5.1142733336       -2.0359864823
 H         -3.2249553863        4.2233562121       -2.9192672380
 H         -4.5245970481        3.8129967651       -0.9162078775
 H         -3.7794610425        6.7407946404       -1.3815045418
 H         -4.9669636511        5.8091025333       -2.3024978969
 H         -5.2567307460        6.1788675364       -0.6034713933
 H         -4.0844974355        5.0369817115        1.1840785674
 H         -2.8144969676        3.8584680751        0.8786293063
 H         -2.5170438576        5.5711381589        0.5676591954
 H         -0.2950197534        1.9604304591       -1.0135756176
 H          2.0980502194        3.6801063036       -0.5531941633
 H          2.7992542650        4.0978961183        1.6347478147
 H          1.5090957761        5.2410043347        1.2921314346
 H          1.3575847527        2.7558441220        3.0654396553
 H         -0.8547295151        4.7608880577        2.4225865716
 H         -0.8518959593        3.0420802996        2.0196329363
 H         -0.9149098398        3.5518581473        3.7044039723
 H          1.0684439739        4.4038885669        4.8760784948
 H          1.2064002092        5.7275051483        3.7201541851
 H          2.5900273763        4.6749419163        4.0294071857
 H          1.3890760909        1.5884192923        1.3531407582
 H          3.3378835169        0.0951451140        0.8827218487
 H          3.0075714921       -0.8730991792       -1.9660572731
 H          3.3872022172       -2.0529923931       -0.7127996666
 H          5.5180967208       -2.2203524486        0.2602139120
 H          7.9043597929       -1.5885724769        0.2576265895
 H          8.9848993659        1.4359540721       -1.0858173460
 H          6.9928638160        1.7902992006       -2.2075677304
 H          4.6365543494        1.1425427649       -2.2469937547
 H          0.6637931047       -0.9210086373        0.2310512875
 H          0.1627619223       -1.9097849383        2.8990729993
 H          1.2343857091       -3.7743014504        3.9405534176
 H          1.6041450576       -4.5352631375        2.3951439631
 H         -0.4318670190       -5.6267640188        2.4818831116
 H         -0.9281309736       -4.7329326948        3.9200570762
 H         -2.0086562872       -3.0486321988        2.6500948372
 H         -2.0722239091       -4.3194835728        1.4111166409
 H         -0.5163641528       -2.4303474862       -1.7725866563
 H         -0.6091750586       -4.5895905145       -2.5276611994
 H         -2.2004515004       -3.8977260884       -2.8141715315
 H         -1.5814285155       -5.7332111758       -0.4514283708
 H         -2.5694438530       -6.5353417615       -3.2239473600
 H         -2.4009848872       -7.6048399038       -1.8289325753
 H         -0.9695170313       -6.8790518815       -2.5578339987
 H         -3.7640810306       -4.6187917369       -0.1709745468
 H         -4.0460469117       -6.2769769038       -0.6711751800
 H         -4.2017218561       -4.9785205826       -1.8474053657
 H         -3.0840323764       -2.6836617833       -0.3677550581
  111
 Etot=        -158.1635026629
 C         -5.6136093724        0.1330837536        2.0122401539
 C         -5.3078275420       -0.9992437275        1.0132000555
 C         -6.5917943082       -1.7002981043        0.5721776203
 C         -4.5588717339       -0.4602805318       -0.2173449142
 C         -3.1170344394       -0.0542028460        0.1137559848
 N         -2.7982645295        1.3123812056       -0.2795841066
 C         -2.8374349155        1.7651932616       -1.5464868761
 O         -3.5462671400        1.2919905770       -2.4185682887
 C         -1.9086305750        2.9583712970       -1.8299664952
 C         -2.6923685829        4.2822122443       -1.9431193979
 C         -3.7802126390        4.6039341143       -0.9053940143
 C         -4.4829155646        5.8967307835       -1.3308011375
 C         -3.2541446175        4.7680460972        0.5143484890
 N         -0.7596202817        2.8754444478       -0.9171303301
 C          0.0148218284        3.8490838535       -0.4079059327
 O         -0.2460571802        5.0387048766       -0.4377409105
 C          1.3501132906        3.3762542288        0.2136058287
 C          1.7140248447        4.1731988446        1.4831108792
 C          1.0379527356        3.7590656546        2.7997406315
 C         -0.4841821165        3.7767127059        2.7184536593
 C          1.5076704571        4.6969115478        3.9139108369
 N          1.5295901867        1.9509975062        0.4198675477
 C          2.0851534133        1.1301253456       -0.4920441488
 O          2.1786266787        1.4381560988       -1.6702457899
 C          2.6402840833       -0.1859584864        0.0829061605
 C          3.4402434479       -0.9859254400       -0.9695112250
 C          4.8942767594       -0.5910592939       -0.9904738596
 C          5.8305936798       -1.3449829557       -0.2950061602
 C          7.1639180787       -0.9889507846       -0.2739454527
 C          7.5868702264        0.1530913359       -0.9427090721
 O          8.9100671310        0.4936620893       -0.8777042066
 C          6.6613271612        0.9071905540       -1.6548434798
 C          5.3308411173        0.5321572850       -1.6774421913
 N          1.5674082439       -0.9687445391        0.6812667088
 C          1.8139976985       -1.8874030264        1.6332893904
 O          2.9195353783       -2.0387263699        2.1360574412
 C          0.5931049239       -2.6139937798        2.1852714480
 C          0.8611810538       -3.9350213394        2.9241772577
 C         -0.5179529592       -4.6229634028        2.9065150996
 C         -1.4098716088       -3.7128573893        2.0280018264
 N         -0.4802732174       -2.9049501070        1.2327186685
 C         -0.1332691801       -3.4266528959       -0.0107871626
 O          0.9395636245       -3.9454964948       -0.2592468947
 C         -1.1336281202       -3.0853981605       -1.1217312006
 C         -1.5381871405       -4.2655852422       -2.0166780974
 C         -2.1517024286       -5.5022878455       -1.3452240776
 C         -2.0153843350       -6.6960324951       -2.2943184908
 C         -3.6243676898       -5.3153314540       -0.9819040228
 N         -2.2206914651       -2.2439994900       -0.6618302391
 C         -1.9983209913       -0.9453047609       -0.4490297669
 O         -0.8948906624       -0.4327775431       -0.6556259615
 H         -6.6807411185        0.1988184950        2.2017689862
 H         -5.1240210620       -0.0318630811        2.9664322714
 H         -5.2908776978        1.0963388522        1.6288632906
 H         -4.6730884802       -1.7427956536        1.5064131589
 H         -6.3697850306       -2.5981568176        0.0032380120
 H         -7.1920276125       -1.0403545114       -0.0488369729
 H         -7.1810508823       -1.9874799200        1.4389781775
 H         -4.5723339631       -1.1862083157       -1.0294774868
 H         -5.0812559097        0.4210392665       -0.5888308810
 H         -2.9914259588       -0.0753573841        1.2038896573
 H         -2.1038088464        1.7725894876        0.2929099132
 H         -1.5173592075        2.7707512149       -2.8421999493
 H         -1.9766424076        5.1056935116       -1.9878473232
 H         -3.2001502247        4.2226525204       -2.9100092554
 H         -4.5165990534        3.7906810349       -0.9192306956
 H         -3.7697584246        6.7154712160       -1.3790084007
 H         -4.9501665591        5.7905334897       -2.3059705293
 H         -5.2528656087        6.1592915875       -0.6098123140
 H         -4.0720599517        5.0367680297        1.1785024676
 H         -2.8076035370        3.8489237501        0.8753781815
 H         -2.5045677720        5.5545017428        0.5475587323
 H         -0.3155589426        1.9650607582       -0.9815433718
 H          2.0757077821        3.6624011366       -0.5641424505
 H          2.7940456714        4.0975790237        1.6254423959
 H          1.4748807460        5.2192995501        1.2733522188
 H          1.3638185467        2.7462500719        3.0649393379
 H         -0.8380877099        4.7560994441        2.4092640486
 H         -0.8435624398        3.0409509860        2.0045309399
 H         -0.9099551843        3.5497563139        3.6931303649
 H          1.0708010108        4.3993817485        4.8635038442
 H          1.2048189112        5.7196612119        3.7049024642
 H          2.5889738088        4.6717059683        4.0135555368
 H          1.4063078883        1.6003951514        1.3576725888
 H          3.3331212536        0.0747243567        0.8966756109
 H          2.9901458392       -0.8324120901       -1.9542360256
 H          3.3633843613       -2.0439174398       -0.7090280776
 H          5.5089901755       -2.2175240845        0.2510812115
 H          7.8909247990       -1.5795082634        0.2596841209
 H          9.0124424116        1.4292026033       -1.1487873380
 H          6.9813214727        1.7878276003       -2.1926670042
 H          4.6223195673        1.1265214718       -2.2335844708
 H          0.6597128867       -0.9271168977        0.2250201626
 H          0.1522424474       -1.9035017690        2.9009923362
 H          1.2392129333       -3.7596512291        3.9276072993
 H          1.6054848024       -4.5154255702        2.3784586310
 H         -0.4387920644       -5.6183310149        2.4732678899
 H         -0.9309611526       -4.7209121337        3.9069936702
 H         -2.0026383051       -3.0385129552        2.6500683708
 H         -2.0715855056       -4.2918251543        1.3881574646
 H         -0.5209090676       -2.4239237654       -1.7558129406
 H         -0.6164871214       -4.5825886195       -2.5071969577
 H         -2.2107854046       -3.8952851092       -2.7908991045
 H         -1.5734349991       -5.7266411956       -0.4408696508
 H         -2.5678254399       -6.5195364036       -3.2133305358
 H         -2.4041314143       -7.5966387966       -1.8287152527
 H         -0.9731244808       -6.8702638023       -2.5489671711
 H         -3.7604307074       -4.6072334746       -0.1692021909
 H         -4.0429952677       -6.2666972699       -0.6640777667
 H         -4.1864278309       -4.9718791925       -1.8464168159
 H         -3.0906146548       -2.6713272971       -0.3810526725
  111
 Etot=        -158.1665839352
 C         -5.6059205728        0.1269096412        2.0061935797
 C         -5.3061711009       -1.0081890753        1.0078822465
 C         -6.5934714173       -1.7031963848        0.5650041700
 C         -4.5581676050       -0.4717942464       -0.2210516463
 C         -3.1194841968       -0.0613491517        0.1194152493
 N         -2.8090931916        1.3077507968       -0.2692755273
 C         -2.8316099969        1.7555958817       -1.5354112767
 O         -3.5180088858        1.2734085199       -2.4253689580
 C         -1.9035203830        2.9476068229       -1.8157760384
 C         -2.6802415496        4.2750464728       -1.9322574773
 C         -3.7765067326        4.5850394650       -0.9032063353
 C         -4.4795189102        5.8750720115       -1.3323624277
 C         -3.2464002668        4.7538345441        0.5147263472
 N         -0.7669215619        2.8752181463       -0.8947623652
 C          0.0104902037        3.8468748108       -0.3972118182
 O         -0.2339849790        5.0415626549       -0.4314770340
 C          1.3467782248        3.3673699924        0.2143501409
 C          1.7143482545        4.1684067738        1.4772598433
 C          1.0432695648        3.7487894176        2.7928181799
 C         -0.4788179640        3.7676337380        2.7066309869
 C          1.5113105045        4.6912417285        3.9041760342
 N          1.5164026922        1.9439201334        0.4227071633
 C          2.0926387674        1.1335528915       -0.4793081496
 O          2.2110840290        1.4442379768       -1.6566847643
 C          2.6356370342       -0.1869058305        0.0922192271
 C          3.4267706384       -0.9838966958       -0.9706240225
 C          4.8796121064       -0.5934972485       -0.9868148093
 C          5.8178720755       -1.3465714247       -0.2912946847
 C          7.1496527791       -0.9867343449       -0.2678473430
 C          7.5742699769        0.1577909934       -0.9344794632
 O          8.8956977530        0.4961020046       -0.8706081636
 C          6.6461445012        0.9115579485       -1.6438406452
 C          5.3174160889        0.5323722548       -1.6691144992
 N          1.5597479609       -0.9655813142        0.6827703419
 C          1.8078195079       -1.8916154412        1.6211893901
 O          2.9225292582       -2.0701698835        2.1031330572
 C          0.5885602977       -2.5998963874        2.1866388359
 C          0.8551460849       -3.9270624202        2.9141406335
 C         -0.5243447518       -4.6129046369        2.8926356118
 C         -1.4158669239       -3.6989085329        2.0162978415
 N         -0.4795092172       -2.8889216604        1.2277407917
 C         -0.1173787602       -3.3897784274       -0.0153757389
 O          0.9848653590       -3.8469096508       -0.2811667576
 C         -1.1324095028       -3.0749978995       -1.1193830262
 C         -1.5380646848       -4.2594014444       -2.0069682451
 C         -2.1486998865       -5.4947839159       -1.3295680050
 C         -2.0161233328       -6.6863219025       -2.2818838510
 C         -3.6228026674       -5.3043196839       -0.9688408978
 N         -2.2165353148       -2.2397517892       -0.6471772514
 C         -1.9971577384       -0.9440900362       -0.4430885661
 O         -0.9026848295       -0.4140800192       -0.6754583058
 H         -6.6732045718        0.1966471887        2.1930242392
 H         -5.1181362809       -0.0388499053        2.9611880966
 H         -5.2774928150        1.0867308623        1.6196524896
 H         -4.6755023201       -1.7557799271        1.4998841202
 H         -6.3722902540       -2.5895973998       -0.0223370030
 H         -7.1960986174       -1.0308818515       -0.0401605033
 H         -7.1740825721       -2.0050621362        1.4324208724
 H         -4.5660865727       -1.2016280765       -1.0298829328
 H         -5.0779986855        0.4073643026       -0.5984776067
 H         -2.9984719346       -0.0856787915        1.2089847555
 H         -2.1229012221        1.7673293813        0.3142036346
 H         -1.5096087898        2.7563190188       -2.8248557757
 H         -1.9561282474        5.0925342788       -1.9450320533
 H         -3.1689019936        4.2319551058       -2.9079103983
 H         -4.5073798418        3.7667637322       -0.9200526329
 H         -3.7632981729        6.6912894327       -1.3746456297
 H         -4.9359996976        5.7670763814       -2.3124733084
 H         -5.2555310173        6.1372551437       -0.6182748373
 H         -4.0574236962        5.0357637971        1.1804604460
 H         -2.8043520999        3.8341037599        0.8788472670
 H         -2.4890053529        5.5334306118        0.5333011670
 H         -0.3352949316        1.9564254689       -0.9349371046
 H          2.0645134196        3.6480560761       -0.5731754444
 H          2.7947898196        4.1063633187        1.6132446072
 H          1.4541230023        5.2075371973        1.2616859117
 H          1.3707248709        2.7372218151        3.0618197008
 H         -0.8244173006        4.7487365002        2.3941573317
 H         -0.8349928249        3.0339326135        1.9896621216
 H         -0.9096212384        3.5428510663        3.6786743748
 H          1.0761785010        4.3952929774        4.8546028962
 H          1.2038091719        5.7111158117        3.6889152468
 H          2.5927183083        4.6696895847        3.9992440170
 H          1.4180470864        1.6087069618        1.3704108780
 H          3.3300234501        0.0579433923        0.9102681166
 H          2.9738514068       -0.8046645502       -1.9488500098
 H          3.3390980039       -2.0422638874       -0.7208703541
 H          5.4970542853       -2.2225057025        0.2501119868
 H          7.8796595310       -1.5735771722        0.2659282106
 H          9.0216965860        1.4145425431       -1.1889449404
 H          6.9667673729        1.7931078181       -2.1794842511
 H          4.6043177340        1.1222641553       -2.2243607446
 H          0.6533916416       -0.9162049656        0.2236145053
 H          0.1460554716       -1.8934482244        2.9029789007
 H          1.2363688859       -3.7537717641        3.9159805576
 H          1.5996868889       -4.4984222168        2.3600880739
 H         -0.4470109556       -5.6075232005        2.4588413167
 H         -0.9385133599       -4.7075589911        3.8927184526
 H         -2.0013025362       -3.0232720585        2.6414945029
 H         -2.0762691029       -4.2676001572        1.3674032904
 H         -0.5289285886       -2.4103879757       -1.7602788175
 H         -0.6180144757       -4.5754822852       -2.4985104596
 H         -2.2182095214       -3.8912486216       -2.7743841452
 H         -1.5686729378       -5.7191353248       -0.4265183832
 H         -2.5663158574       -6.5007892495       -3.2006515129
 H         -2.4099437748       -7.5876512821       -1.8221863074
 H         -0.9740882269       -6.8628834213       -2.5363744198
 H         -3.7582999700       -4.5905537878       -0.1616401051
 H         -4.0439801019       -6.2527162957       -0.6486572172
 H         -4.1762449703       -4.9638271149       -1.8394697006
 H         -3.0959557258       -2.6643765466       -0.3899055332
  111
 Etot=        -158.1693125434
 C         -5.5986156799        0.1151878484        1.9982051428
 C         -5.3076759900       -1.0219725284        0.9998624868
 C         -6.5991297390       -1.7079178144        0.5559076022
 C         -4.5579097956       -0.4876025410       -0.2268866661
 C         -3.1256503912       -0.0664823640        0.1260752834
 N         -2.8250381339        1.3064066041       -0.2529486135
 C         -2.8232472110        1.7398225912       -1.5257918830
 O         -3.4880383597        1.2460666728       -2.4280305379
 C         -1.8963734170        2.9317804658       -1.8013586728
 C         -2.6628142918        4.2635750658       -1.9187483388
 C         -3.7702269735        4.5597337316       -0.9003428624
 C         -4.4774689009        5.8453047655       -1.3339606546
 C         -3.2379810910        4.7345955050        0.5163732656
 N         -0.7729655839        2.8686703506       -0.8694653314
 C          0.0117509380        3.8432797017       -0.3918341164
 O         -0.2199849831        5.0413511849       -0.4329857123
 C          1.3477142377        3.3609610258        0.2155229329
 C          1.7179233516        4.1666883990        1.4706505534
 C          1.0522576919        3.7393177028        2.7849305221
 C         -0.4695223529        3.7551207845        2.6924276391
 C          1.5163601648        4.6850943631        3.8944564136
 N          1.5022710093        1.9373784308        0.4293573134
 C          2.1073965280        1.1402408440       -0.4657537257
 O          2.2480608447        1.4590780240       -1.6391114199
 C          2.6352610580       -0.1863046802        0.0999226690
 C          3.4112287122       -0.9822120031       -0.9746613543
 C          4.8640249922       -0.5984181624       -0.9871661334
 C          5.8025433560       -1.3499857433       -0.2882406636
 C          7.1336270687       -0.9851785037       -0.2627271668
 C          7.5578377708        0.1611414342       -0.9297287701
 O          8.8758803561        0.4975890680       -0.8669818085
 C          6.6280224243        0.9170348108       -1.6344690850
 C          5.3004080360        0.5332418263       -1.6635824080
 N          1.5529452635       -0.9516467232        0.6898079460
 C          1.8081301104       -1.8960715676        1.6098276937
 O          2.9291807149       -2.0994294938        2.0681966164
 C          0.5880689493       -2.5857176231        2.1884781754
 C          0.8448970835       -3.9189165635        2.9034915693
 C         -0.5368382915       -4.5983042456        2.8739626224
 C         -1.4214163896       -3.6780606138        1.9973842002
 N         -0.4716643698       -2.8711685664        1.2225287996
 C         -0.0928776044       -3.3335532772       -0.0239100446
 O          1.0295887678       -3.7317714749       -0.3028040608
 C         -1.1273676200       -3.0574277469       -1.1231780711
 C         -1.5363316324       -4.2512324467       -1.9930909193
 C         -2.1449416336       -5.4830881708       -1.3076741587
 C         -2.0169283250       -6.6733385524       -2.2624247299
 C         -3.6192576493       -5.2879202602       -0.9492888591
 N         -2.2124318954       -2.2315070895       -0.6384513766
 C         -1.9993293491       -0.9329504310       -0.4506949111
 O         -0.9088127295       -0.3963211273       -0.6856734365
 H         -6.6658818494        0.1944922170        2.1838144606
 H         -5.1107922686       -0.0533924390        2.9537369220
 H         -5.2613398124        1.0721359060        1.6100776245
 H         -4.6810577798       -1.7744733842        1.4901754143
 H         -6.3817450614       -2.5793444199       -0.0580652129
 H         -7.2080732878       -1.0203015061       -0.0269539837
 H         -7.1701607875       -2.0320234623        1.4223446582
 H         -4.5563214124       -1.2206229692       -1.0334013090
 H         -5.0795602151        0.3872702374       -0.6127187852
 H         -3.0081733852       -0.1016540500        1.2146719726
 H         -2.1522499374        1.7692803665        0.3446392512
 H         -1.4932865765        2.7351413750       -2.8055396926
 H         -1.9320392559        5.0744663526       -1.8978253386
 H         -3.1287393025        4.2457906006       -2.9065618552
 H         -4.4938789153        3.7356070490       -0.9195762838
 H         -3.7618690197        6.6635551450       -1.3681841039
 H         -4.9211335203        5.7348293591       -2.3204974074
 H         -5.2630213916        6.1051189798       -0.6292871573
 H         -4.0412557345        5.0345250590        1.1842431416
 H         -2.8055147330        3.8132079340        0.8884988609
 H         -2.4698079370        5.5046145796        0.5225095358
 H         -0.3563621474        1.9396976058       -0.8729882339
 H          2.0599591353        3.6317182289       -0.5809348057
 H          2.7997050579        4.1213673463        1.6007619250
 H          1.4393827258        5.1997194253        1.2539658874
 H          1.3823053329        2.7291422958        3.0563106991
 H         -0.8114835510        4.7366985445        2.3759673027
 H         -0.8210289970        3.0213365776        1.9729345388
 H         -0.9082587146        3.5313865171        3.6609468609
 H          1.0847279962        4.3906354618        4.8471138117
 H          1.2033406710        5.7024783707        3.6739128291
 H          2.5988797298        4.6692555327        3.9856724726
 H          1.4268344576        1.6164679522        1.3851240921
 H          3.3334837143        0.0410771110        0.9195099621
 H          2.9553915812       -0.7795289294       -1.9459336491
 H          3.3102486560       -2.0429053357       -0.7412418399
 H          5.4811012094       -2.2288222029        0.2508581800
 H          7.8653228946       -1.5683528197        0.2738606780
 H          9.0204157289        1.3934598351       -1.2186487359
 H          6.9471070982        1.8027047836       -2.1646985985
 H          4.5822255352        1.1232559704       -2.2135790479
 H          0.6470679603       -0.8940087193        0.2300020945
 H          0.1456763653       -1.8790615979        2.9034028338
 H          1.2285819388       -3.7569189323        3.9064517649
 H          1.5882254847       -4.4834512382        2.3408171294
 H         -0.4619258043       -5.5926474460        2.4386133178
 H         -0.9543352098       -4.6916163597        3.8731621032
 H         -2.0014009695       -2.9993639655        2.6234751594
 H         -2.0811566530       -4.2359874058        1.3404381187
 H         -0.5413401560       -2.3933332659       -1.7827348361
 H         -0.6189029215       -4.5684163281       -2.4900059114
 H         -2.2235347391       -3.8882553047       -2.7577579523
 H         -1.5646624366       -5.7077685732       -0.4056587564
 H         -2.5637982318       -6.4787833046       -3.1822187422
 H         -2.4187756065       -7.5752098830       -1.8086055675
 H         -0.9751450107       -6.8556159233       -2.5158755381
 H         -3.7565948112       -4.5673478172       -0.1480921405
 H         -4.0449755904       -6.2328330328       -0.6234524083
 H         -4.1687431315       -4.9529963017       -1.8253831946
 H         -3.1006444337       -2.6532871013       -0.4062439360
  111
 Etot=        -158.1713828495
 C         -5.5949613982        0.0995319321        1.9905913580
 C         -5.3139126159       -1.0373267575        0.9901226314
 C         -6.6093446824       -1.7130287244        0.5454535536
 C         -4.5607025857       -0.5022140261       -0.2338931539
 C         -3.1351377466       -0.0687013571        0.1313742322
 N         -2.8449936973        1.3090680544       -0.2355265744
 C         -2.8148108786        1.7234438346       -1.5182051324
 O         -3.4582526273        1.2123036834       -2.4257124085
 C         -1.8864895667        2.9144204894       -1.7893185367
 C         -2.6443831219        4.2492335859       -1.9067526617
 C         -3.7621992011        4.5340126603       -0.8974205098
 C         -4.4781409797        5.8132158241       -1.3351092168
 C         -3.2324523093        4.7154117463        0.5197872207
 N         -0.7751109579        2.8576159245       -0.8439673096
 C          0.0185149609        3.8381458005       -0.3902495149
 O         -0.2053401551        5.0374499557       -0.4472351589
 C          1.3543809323        3.3587358358        0.2176965425
 C          1.7251875758        4.1696422279        1.4660735470
 C          1.0639485680        3.7345849009        2.7797232504
 C         -0.4574207891        3.7416715782        2.6814317676
 C          1.5218222555        4.6817872546        3.8891971806
 N          1.4950208224        1.9336783128        0.4377596456
 C          2.1250500223        1.1492514737       -0.4551753317
 O          2.2813390456        1.4830038658       -1.6214505474
 C          2.6408364309       -0.1824639493        0.1032733509
 C          3.3968220321       -0.9813204191       -0.9820935236
 C          4.8507551565       -0.6044568423       -0.9923338611
 C          5.7857461488       -1.3537200408       -0.2857231403
 C          7.1157818880       -0.9829266481       -0.2523435938
 C          7.5404248176        0.1632771507       -0.9203396466
 O          8.8557464095        0.4980093281       -0.8494532317
 C          6.6128424265        0.9190990460       -1.6282596277
 C          5.2857390032        0.5324667254       -1.6630670834
 N          1.5512686686       -0.9270461795        0.7040263148
 C          1.8145627372       -1.8957026757        1.6033518125
 O          2.9384431633       -2.1186414098        2.0389636551
 C          0.5908488769       -2.5752950360        2.1858761889
 C          0.8328777233       -3.9128590431        2.8929985813
 C         -0.5533956768       -4.5822071019        2.8544886820
 C         -1.4255398345       -3.6549832450        1.9744505701
 N         -0.4601686244       -2.8588653725        1.2129625321
 C         -0.0720384811       -3.2828159021       -0.0375267791
 O          1.0697166438       -3.6190303138       -0.3274365705
 C         -1.1205071242       -3.0369822523       -1.1342968299
 C         -1.5318805875       -4.2429436987       -1.9823610050
 C         -2.1415489299       -5.4678666827       -1.2859380536
 C         -2.0185817866       -6.6602382057       -2.2386124530
 C         -3.6147447070       -5.2689305916       -0.9271533083
 N         -2.2080403824       -2.2210985241       -0.6363158336
 C         -2.0001374491       -0.9198293663       -0.4510166887
 O         -0.9124641566       -0.3796718021       -0.6880477220
 H         -6.6616423855        0.1900080144        2.1770976687
 H         -5.1059234801       -0.0749217465        2.9453869614
 H         -5.2483708708        1.0545396469        1.6035431795
 H         -4.6909309164       -1.7952799042        1.4777456501
 H         -6.3983936879       -2.5690755552       -0.0945288164
 H         -7.2264593515       -1.0120020103       -0.0137088377
 H         -7.1713979108       -2.0604656559        1.4093456224
 H         -4.5473085237       -1.2382227215       -1.0380582305
 H         -5.0888604128        0.3658032321       -0.6291976440
 H         -3.0203981824       -0.1170019933        1.2190970838
 H         -2.1906340495        1.7803678950        0.3766326413
 H         -1.4705018149        2.7133772083       -2.7883557986
 H         -1.9115308933        5.0549520823       -1.8610143568
 H         -3.0915845119        4.2546411921       -2.9040082425
 H         -4.4780666120        3.7038142715       -0.9180628371
 H         -3.7690185706        6.6384881460       -1.3613093234
 H         -4.9101589212        5.6991958336       -2.3270318408
 H         -5.2742373067        6.0664422911       -0.6394331922
 H         -4.0308991145        5.0329732906        1.1863503465
 H         -2.8133614861        3.7919398220        0.9033898011
 H         -2.4536055338        5.4749490466        0.5206070063
 H         -0.3700221289        1.9227034398       -0.8117815494
 H          2.0653493955        3.6185370390       -0.5835784950
 H          2.8081950792        4.1376513556        1.5922607736
 H          1.4364036989        5.1994678378        1.2515181237
 H          1.3985863722        2.7259060036        3.0510155531
 H         -0.8033931321        4.7210122561        2.3609440110
 H         -0.8014766011        3.0046817210        1.9609749081
 H         -0.9029501386        3.5169130212        3.6468934603
 H          1.0939564294        4.3864160687        4.8435903177
 H          1.2033623939        5.6974764948        3.6672868828
 H          2.6053819817        4.6722370081        3.9787653340
 H          1.4307802176        1.6204325542        1.3956232758
 H          3.3474103237        0.0321574078        0.9184411711
 H          2.9393678860       -0.7647174271       -1.9483863235
 H          3.2842823519       -2.0443394515       -0.7629834798
 H          5.4617386949       -2.2335058686        0.2524303639
 H          7.8465311149       -1.5643428015        0.2881884465
 H          9.0168118890        1.3679028202       -1.2714621750
 H          6.9294329140        1.8101789856       -2.1515577939
 H          4.5660805341        1.1243334076       -2.2100575094
 H          0.6454966226       -0.8636706355        0.2450558458
 H          0.1506465704       -1.8643119383        2.8979557689
 H          1.2160499328       -3.7666742265        3.8992628603
 H          1.5733352715       -4.4771902735        2.3260093032
 H         -0.4826474346       -5.5768391117        2.4177887583
 H         -0.9770233259       -4.6746434092        3.8516694261
 H         -2.0033863338       -2.9709538850        2.5973039133
 H         -2.0853365923       -4.2053511494        1.3129890678
 H         -0.5535896935       -2.3760159493       -1.8150682298
 H         -0.6170687933       -4.5647975607       -2.4841663765
 H         -2.2226530929       -3.8873679549       -2.7491354229
 H         -1.5618893349       -5.6920819165       -0.3841898296
 H         -2.5609932239       -6.4610609920       -3.1606479220
 H         -2.4293345530       -7.5600116309       -1.7868327551
 H         -0.9771134101       -6.8506211883       -2.4889579677
 H         -3.7539276832       -4.5417317490       -0.1315664585
 H         -4.0439515934       -6.2103916095       -0.5924999190
 H         -4.1663813750       -4.9412491175       -1.8055481263
 H         -3.1022009327       -2.6422813968       -0.4285501473
  111
 Etot=        -158.1728364655
 C         -5.5947724136        0.0806207433        1.9842891932
 C         -5.3238895372       -1.0534461370        0.9789015132
 C         -6.6232759794       -1.7179061559        0.5327862598
 C         -4.5661709029       -0.5154927664       -0.2417852377
 C         -3.1470762388       -0.0697081638        0.1344145369
 N         -2.8674510176        1.3132025618       -0.2195150490
 C         -2.8048413109        1.7078450530       -1.5114134343
 O         -3.4237757302        1.1736106505       -2.4211815252
 C         -1.8744523151        2.8977617691       -1.7775960240
 C         -2.6276073353        4.2331465062       -1.8966284234
 C         -3.7541759951        4.5081700941       -0.8941583674
 C         -4.4817399452        5.7789330901       -1.3369560707
 C         -3.2302276984        4.6971476214        0.5246456554
 N         -0.7745085046        2.8451962447       -0.8172820615
 C          0.0295341356        3.8320997378       -0.3909205112
 O         -0.1892827340        5.0312530585       -0.4709071068
 C          1.3649460671        3.3595254977        0.2207530823
 C          1.7350390303        4.1754826397        1.4640493208
 C          1.0777242849        3.7344287802        2.7779950338
 C         -0.4431813866        3.7274156871        2.6742902307
 C          1.5276180337        4.6827219188        3.8882324739
 N          1.4968051508        1.9333326299        0.4465099200
 C          2.1443747141        1.1595548755       -0.4467944113
 O          2.3129428031        1.5119391363       -1.6045331736
 C          2.6508805763       -0.1755806738        0.1048590180
 C          3.3836799242       -0.9809719899       -0.9896086668
 C          4.8395872116       -0.6106046381       -1.0007507275
 C          5.7715572285       -1.3580699564       -0.2890160032
 C          7.1018577510       -0.9865381905       -0.2556960420
 C          7.5253363865        0.1603537674       -0.9236526178
 O          8.8397062577        0.4939131899       -0.8555337966
 C          6.5972215310        0.9219297259       -1.6238801666
 C          5.2714998503        0.5314287564       -1.6648590676
 N          1.5560413912       -0.8960301945        0.7265610500
 C          1.8263063671       -1.8930068831        1.6008248229
 O          2.9515532535       -2.1349017506        2.0131094138
 C          0.5967123314       -2.5683283969        2.1801219359
 C          0.8202889242       -3.9090797842        2.8836957822
 C         -0.5734935863       -4.5638494854        2.8345866829
 C         -1.4277229670       -3.6280806447        1.9470922321
 N         -0.4445429246       -2.8488954233        1.1979733716
 C         -0.0533915429       -3.2333051831       -0.0574205870
 O          1.0975573665       -3.5172801213       -0.3545652695
 C         -1.1133333254       -3.0150000177       -1.1508695721
 C         -1.5270700567       -4.2352361182       -1.9745129416
 C         -2.1388466169       -5.4506596423       -1.2640821154
 C         -2.0214255911       -6.6490553338       -2.2097297806
 C         -3.6100344354       -5.2471569276       -0.9027164572
 N         -2.2041410047       -2.2082625799       -0.6435322617
 C         -2.0022986225       -0.9054692658       -0.4509304460
 O         -0.9153318515       -0.3634403740       -0.6789381837
 H         -6.6603284439        0.1809213576        2.1727933253
 H         -5.1051291343       -0.1019146237        2.9376613594
 H         -5.2401133455        1.0345671906        1.6008043214
 H         -4.7048827730       -1.8180769622        1.4620556234
 H         -6.4204792980       -2.5588695120       -0.1298464681
 H         -7.2481684023       -1.0053971635       -0.0027887538
 H         -7.1766746847       -2.0869588588        1.3933063882
 H         -4.5408577642       -1.2531781822       -1.0442966783
 H         -5.1010275324        0.3459247579       -0.6446543670
 H         -3.0352308444       -0.1316130559        1.2217628951
 H         -2.2354711881        1.7963635957        0.4070023442
 H         -1.4446841760        2.6942208661       -2.7716006861
 H         -1.8958275246        5.0358135270       -1.8337842320
 H         -3.0609074039        4.2533039251       -2.8993023460
 H         -4.4614198714        3.6710933477       -0.9155106692
 H         -3.7833600515        6.6141486672       -1.3556194065
 H         -4.9029887412        5.6602131894       -2.3330936070
 H         -5.2882122039        6.0215202832       -0.6491569659
 H         -4.0273801842        5.0313173550        1.1851432874
 H         -2.8259284414        3.7722737990        0.9219969373
 H         -2.4416724654        5.4463917471        0.5241919372
 H         -0.3770828826        1.9093386122       -0.7560954318
 H          2.0770325002        3.6097626932       -0.5820959345
 H          2.8188810537        4.1527963163        1.5877768848
 H          1.4405396142        5.2040574452        1.2514248531
 H          1.4200421099        2.7279054744        3.0475793143
 H         -0.7984736560        4.7023633368        2.3495650561
 H         -0.7770539982        2.9847369410        1.9542642700
 H         -0.8924105769        3.5005969878        3.6378900917
 H          1.1029120894        4.3836692576        4.8430675447
 H          1.2029689196        5.6968954736        3.6678700493
 H          2.6117370350        4.6802058460        3.9778403154
 H          1.4351959576        1.6219769535        1.4031760133
 H          3.3710974574        0.0313987520        0.9093649801
 H          2.9236821616       -0.7559193599       -1.9522270164
 H          3.2609613485       -2.0451320327       -0.7799450664
 H          5.4448133542       -2.2354273039        0.2519759047
 H          7.8300353377       -1.5639282936        0.2929461325
 H          9.0049825538        1.3404231058       -1.2676505449
 H          6.9094108154        1.8179448554       -2.1412895624
 H          4.5528371212        1.1237612473       -2.2123383575
 H          0.6505036659       -0.8306272718        0.2685808187
 H          0.1583128296       -1.8510341930        2.8878623197
 H          1.2001717211       -3.7782899765        3.8939182006
 H          1.5567574904       -4.4789091528        2.3164861543
 H         -0.5092734301       -5.5592992407        2.3976358298
 H         -1.0057310200       -4.6542353373        3.8285469623
 H         -2.0055573610       -2.9373022132        2.5639158588
 H         -2.0880484013       -4.1727477774        1.2824875699
 H         -0.5639690874       -2.3600507772       -1.8513456202
 H         -0.6137660633       -4.5648390370       -2.4765743277
 H         -2.2179678188       -3.8901388548       -2.7475689879
 H         -1.5587925289       -5.6716455604       -0.3621433929
 H         -2.5585549491       -6.4497894470       -3.1348542960
 H         -2.4411207735       -7.5436812482       -1.7556127159
 H         -0.9804453706       -6.8488488223       -2.4553695174
 H         -3.7497837417       -4.5132144750       -0.1128158165
 H         -4.0398022859       -6.1853469249       -0.5568902623
 H         -4.1672552433       -4.9282567895       -1.7814888802
 H         -3.1021994534       -2.6306178096       -0.4599075286
  111
 Etot=        -158.1740516848
 C         -5.5985577557        0.0616228611        1.9810161888
 C         -5.3355747512       -1.0673114950        0.9681682204
 C         -6.6385247975       -1.7218664478        0.5196360458
 C         -4.5735709744       -0.5245047411       -0.2486585112
 C         -3.1588292536       -0.0706332495        0.1349745196
 N         -2.8864156115        1.3158002116       -0.2094638047
 C         -2.7932222468        1.6953829597       -1.5062864996
 O         -3.3877982306        1.1388022693       -2.4179406843
 C         -1.8627540813        2.8857166938       -1.7670002568
 C         -2.6172818470        4.2189404629       -1.8892876568
 C         -3.7491334836        4.4871054558       -0.8901063232
 C         -4.4885165098        5.7491255319       -1.3380928154
 C         -3.2320478956        4.6835525380        0.5307279717
 N         -0.7716134666        2.8364291488       -0.7943666880
 C          0.0420642121        3.8276074021       -0.3926204909
 O         -0.1737884318        5.0257086330       -0.4961131851
 C          1.3763120905        3.3636287897        0.2249774220
 C          1.7451012935        4.1828851623        1.4662914476
 C          1.0906356502        3.7379551089        2.7808369265
 C         -0.4299601138        3.7144938112        2.6735206821
 C          1.5324230392        4.6873989733        3.8924762306
 N          1.5072249348        1.9375675692        0.4532223996
 C          2.1613078808        1.1701036016       -0.4416776793
 O          2.3375919817        1.5377323726       -1.5925341758
 C          2.6618565384       -0.1668467981        0.1046031834
 C          3.3735433933       -0.9801438833       -0.9966219425
 C          4.8318516225       -0.6166147846       -1.0114154469
 C          5.7569009027       -1.3606539525       -0.2887438764
 C          7.0857573017       -0.9857144805       -0.2427715301
 C          7.5131824688        0.1586588261       -0.9110828894
 O          8.8275610048        0.4924936164       -0.8266768659
 C          6.5916120502        0.9155391342       -1.6248878282
 C          5.2664956397        0.5238927560       -1.6748708118
 N          1.5665495805       -0.8678938955        0.7506786554
 C          1.8395648373       -1.8902884234        1.6000627842
 O          2.9654335917       -2.1496608614        1.9931137952
 C          0.6034809146       -2.5652979968        2.1717781189
 C          0.8095969482       -3.9078921082        2.8764949165
 C         -0.5921490480       -4.5477665362        2.8178813158
 C         -1.4278615339       -3.6045648954        1.9206242728
 N         -0.4292474918       -2.8428855945        1.1799138009
 C         -0.0395425468       -3.1947633926       -0.0803559700
 O          1.1202059833       -3.4308209734       -0.3855689675
 C         -1.1088444990       -2.9969755946       -1.1685755860
 C         -1.5231205728       -4.2298100914       -1.9721867181
 C         -2.1371053117       -5.4352159085       -1.2470833869
 C         -2.0248649120       -6.6424989453       -2.1820203171
 C         -3.6063276884       -5.2265597285       -0.8816499211
 N         -2.2028083612       -2.1968118257       -0.6577874941
 C         -2.0067695003       -0.8945839373       -0.4520175818
 O         -0.9182104464       -0.3511667304       -0.6604475022
 H         -6.6628307736        0.1673108704        2.1719586937
 H         -5.1090701123       -0.1297587255        2.9324738496
 H         -5.2392304936        1.0157185669        1.6029545636
 H         -4.7201389350       -1.8387349350        1.4453556002
 H         -6.4430299408       -2.5504679616       -0.1590531124
 H         -7.2683643032       -1.0005243363        0.0032034492
 H         -7.1850410478       -2.1068069229        1.3770482087
 H         -4.5397804414       -1.2613790933       -1.0512783691
 H         -5.1120405434        0.3332283541       -0.6543556586
 H         -3.0500112399       -0.1420704975        1.2224709403
 H         -2.2757387361        1.8105685385        0.4286824924
 H         -1.4221843763        2.6823646578       -2.7570026157
 H         -1.8885330732        5.0218535142       -1.8190701191
 H         -3.0437457118        4.2414596810       -2.8931182878
 H         -4.4485027093        3.6434994632       -0.9114045252
 H         -3.8018006302        6.5939797777       -1.3512187904
 H         -4.9013769230        5.6255203682       -2.3368244756
 H         -5.3030260280        5.9799918714       -0.6557921427
 H         -4.0310903350        5.0301502010        1.1821922551
 H         -2.8396206726        3.7588305529        0.9405969344
 H         -2.4368667852        5.4252704610        0.5309947579
 H         -0.3786404859        1.9021681146       -0.7149688476
 H          2.0907166712        3.6094192396       -0.5764799505
 H          2.8292090385        4.1640116355        1.5889490594
 H          1.4488005203        5.2116429481        1.2543845736
 H          1.4425564893        2.7340922488        3.0480399104
 H         -0.7964091169        4.6842384041        2.3453149640
 H         -0.7532689240        2.9654974307        1.9549506219
 H         -0.8787237959        3.4852390568        3.6368412903
 H          1.1095562292        4.3827416992        4.8463224526
 H          1.2012575569        5.7000616967        3.6752424388
 H          2.6164563712        4.6918833051        3.9832282355
 H          1.4417795670        1.6228465464        1.4075123637
 H          3.3977530324        0.0379835599        0.8954603267
 H          2.9102483244       -0.7523912832       -1.9571228562
 H          3.2435936178       -2.0434620734       -0.7881034967
 H          5.4260464241       -2.2363056099        0.2515738270
 H          7.8097804707       -1.5624304096        0.3114891630
 H          9.0056294461        1.3114547075       -1.3392705947
 H          6.9026226983        1.8146401248       -2.1373452214
 H          4.5517911690        1.1191942452       -2.2233253958
 H          0.6607485512       -0.8024930693        0.2946107762
 H          0.1645550592       -1.8429226484        2.8748091934
 H          1.1842216659       -3.7864406513        3.8897687129
 H          1.5421816215       -4.4865448142        2.3126938502
 H         -0.5352600556       -5.5443506793        2.3822897280
 H         -1.0334008131       -4.6337960567        3.8082190811
 H         -2.0067272277       -2.9069989701        2.5301586708
 H         -2.0885321460       -4.1458381481        1.2538007948
 H         -0.5720592290       -2.3476500759       -1.8820334254
 H         -0.6095827789       -4.5674992134       -2.4690480097
 H         -2.2115481607       -3.8958073450       -2.7529434746
 H         -1.5549577646       -5.6499824255       -0.3448063845
 H         -2.5573811594       -6.4473485914       -3.1102699978
 H         -2.4517014809       -7.5299457554       -1.7214970852
 H         -0.9845051275       -6.8509231225       -2.4226768151
 H         -3.7446372576       -4.4866425481       -0.0968662841
 H         -4.0336975038       -6.1619858332       -0.5248362556
 H         -4.1696248960       -4.9161200092       -1.7597202523
 H         -3.1030842659       -2.6213630674       -0.4944932915
  111
 Etot=        -158.1750012793
 C         -5.6056419820        0.0456399742        1.9813070137
 C         -5.3459281609       -1.0763532214        0.9597245772
 C         -6.6517125722       -1.7235268408        0.5075002503
 C         -4.5817389256       -0.5269241714       -0.2532179550
 C         -3.1681566162       -0.0723640671        0.1346812840
 N         -2.8969542673        1.3144231349       -0.2075546858
 C         -2.7792819367        1.6855938140       -1.5041855825
 O         -3.3525954609        1.1132676910       -2.4198807304
 C         -1.8531242381        2.8795612386       -1.7582865564
 C         -2.6149911156        4.2083218468       -1.8847926734
 C         -3.7489759762        4.4724611578       -0.8863819750
 C         -4.4974855053        5.7272503280       -1.3390110326
 C         -3.2366931356        4.6768266015        0.5354696916
 N         -0.7676104240        2.8346212068       -0.7780155220
 C          0.0524588523        3.8270246823       -0.3926217762
 O         -0.1605767214        5.0239576835       -0.5157158990
 C          1.3854677415        3.3700944406        0.2297483717
 C          1.7526857451        4.1906686596        1.4716570802
 C          1.1006691636        3.7428807867        2.7865857192
 C         -0.4197001280        3.7051313975        2.6785660392
 C          1.5349896702        4.6949604783        3.8991222359
 N          1.5227061606        1.9455594783        0.4571026930
 C          2.1739335235        1.1788420481       -0.4387973648
 O          2.3542159591        1.5520883967       -1.5871246192
 C          2.6714990224       -0.1585353809        0.1055890581
 C          3.3687754237       -0.9783280816       -0.9995591819
 C          4.8287310250       -0.6204046188       -1.0212257404
 C          5.7498550517       -1.3637327792       -0.2937952335
 C          7.0785740417       -0.9906076115       -0.2435864141
 C          7.5092822777        0.1517505429       -0.9122148234
 O          8.8248221289        0.4870288202       -0.8238333396
 C          6.5919107082        0.9068978226       -1.6327562026
 C          5.2667948182        0.5164627406       -1.6868336700
 N          1.5802192468       -0.8511764551        0.7684127970
 C          1.8505188307       -1.8905397203        1.5978639871
 O          2.9766194016       -2.1653461355        1.9793234901
 C          0.6085764803       -2.5642515072        2.1619095446
 C          0.8019465559       -3.9068411615        2.8714268279
 C         -0.6055372484       -4.5353844884        2.8073364429
 C         -1.4272396943       -3.5887551983        1.9005262975
 N         -0.4188882700       -2.8402486389        1.1630787866
 C         -0.0327019360       -3.1734643410       -0.1009066231
 O          1.1403742328       -3.3668149927       -0.4170138213
 C         -1.1087105055       -2.9865755879       -1.1829745697
 C         -1.5203725974       -4.2280935546       -1.9747461178
 C         -2.1361743836       -5.4243488104       -1.2358654283
 C         -2.0287107813       -6.6418580098       -2.1582134163
 C         -3.6042592873       -5.2108295242       -0.8666900264
 N         -2.2049587473       -2.1905594967       -0.6720129576
 C         -2.0115069940       -0.8916954122       -0.4482793247
 O         -0.9207530747       -0.3449607829       -0.6400326052
 H         -6.6691834632        0.1509730111        2.1742484815
 H         -5.1164561475       -0.1538499779        2.9307060201
 H         -5.2456055892        1.0012925959        1.6094773770
 H         -4.7331297048       -1.8536925324        1.4304135789
 H         -6.4606342534       -2.5433820348       -0.1816011894
 H         -7.2828617980       -0.9950931872        0.0037584217
 H         -7.1940096582       -2.1181021406        1.3628907428
 H         -4.5448945006       -1.2608990323       -1.0577775402
 H         -5.1196052880        0.3313223644       -0.6567549953
 H         -3.0625414785       -0.1448832484        1.2225321681
 H         -2.3029817369        1.8180230735        0.4385092022
 H         -1.4062892400        2.6794017870       -2.7457375303
 H         -1.8903574062        5.0154578791       -1.8162600213
 H         -3.0412356572        4.2223325604       -2.8877290165
 H         -4.4424852397        3.6237639614       -0.9064494513
 H         -3.8196300296        6.5785116599       -1.3496533612
 H         -4.9043603040        5.5988961631       -2.3392193778
 H         -5.3170706886        5.9492882077       -0.6602213465
 H         -4.0387680408        5.0304902148        1.1786285956
 H         -2.8496437535        3.7543875400        0.9542871769
 H         -2.4391062713        5.4156865992        0.5350373431
 H         -0.3779106123        1.9003485625       -0.6884577969
 H          2.1015657821        3.6181512208       -0.5692391256
 H          2.8367586741        4.1712182673        1.5937765150
 H          1.4562591480        5.2199209675        1.2589508636
 H          1.4621590438        2.7420355008        3.0527738481
 H         -0.7952744522        4.6703198049        2.3477925443
 H         -0.7346815253        2.9510814402        1.9619385525
 H         -0.8649489751        3.4740629600        3.6429135621
 H          1.1130589398        4.3851133810        4.8515791725
 H          1.1972736153        5.7058428326        3.6840691013
 H          2.6185456293        4.7063505743        3.9910129579
 H          1.4486861551        1.6241800674        1.4090097780
 H          3.4190985870        0.0479095986        0.8854926900
 H          2.9008234457       -0.7506828864       -1.9586580443
 H          3.2353716630       -2.0396988365       -0.7865215728
 H          5.4158333130       -2.2363672647        0.2481595449
 H          7.7994541462       -1.5667102274        0.3147062281
 H          9.0029649301        1.2950166863       -1.3372152188
 H          6.9058829910        1.8032271524       -2.1475224909
 H          4.5557763053        1.1126686377       -2.2383059606
 H          0.6729477045       -0.7843630024        0.3158741880
 H          0.1666997683       -1.8396546181        2.8608497494
 H          1.1710664843       -3.7849936263        3.8858953764
 H          1.5321513776       -4.4945321138        2.3137363927
 H         -0.5552068257       -5.5336576778        2.3754400961
 H         -1.0541922928       -4.6136768472        3.7946979202
 H         -2.0062025657       -2.8847966500        2.5030589651
 H         -2.0877275272       -4.1285447292        1.2321157444
 H         -0.5785577446       -2.3396316334       -1.9015984280
 H         -0.6053382610       -4.5718638829       -2.4635549629
 H         -2.2064166337       -3.9034678579       -2.7610344629
 H         -1.5507829581       -5.6310244425       -0.3333663892
 H         -2.5587972275       -6.4540298550       -3.0889433125
 H         -2.4599031690       -7.5217229655       -1.6884340615
 H         -0.9890593940       -6.8569785475       -2.3949581096
 H         -3.7394509736       -4.4653126609       -0.0868458016
 H         -4.0289989354       -6.1434958237       -0.5008426290
 H         -4.1708017535       -4.9068896787       -1.7445539928
 H         -3.1063699827       -2.6177980851       -0.5229314943
  111
 Etot=        -158.1757370325
 C         -5.6210386993        0.0205319774        1.9858984689
 C         -5.3614829919       -1.0870934090        0.9476533235
 C         -6.6708362051       -1.7246115010        0.4875907566
 C         -4.5951936925       -0.5239384587       -0.2584237594
 C         -3.1803346660       -0.0747991003        0.1328246639
 N         -2.9062994453        1.3099706203       -0.2132062493
 C         -2.7533547650        1.6731143328       -1.5042956941
 O         -3.2912814247        1.0783885407       -2.4280459378
 C         -1.8389006925        2.8763493437       -1.7459215602
 C         -2.6210142333        4.1940636352       -1.8798005152
 C         -3.7542613071        4.4550604789       -0.8791294171
 C         -4.5158980097        5.6989471202       -1.3393689822
 C         -3.2476359383        4.6731634067        0.5431559262
 N         -0.7610487863        2.8383831287       -0.7552307079
 C          0.0672442753        3.8304393826       -0.3903855480
 O         -0.1428760405        5.0243751646       -0.5445134254
 C          1.3986156178        3.3851528574        0.2387172578
 C          1.7618807205        4.2052133333        1.4851629448
 C          1.1134447057        3.7533237657        2.8003608073
 C         -0.4065022182        3.6928880438        2.6942536336
 C          1.5358719653        4.7108864124        3.9140535593
 N          1.5559637879        1.9646568797        0.4613888650
 C          2.1905129533        1.1923803887       -0.4372426021
 O          2.3717909211        1.5652028797       -1.5859215907
 C          2.6882063710       -0.1435165583        0.1078623129
 C          3.3676633708       -0.9730781726       -1.0004716733
 C          4.8298318753       -0.6237047707       -1.0364510190
 C          5.7449831320       -1.3671602194       -0.3026479065
 C          7.0740871776       -0.9995626731       -0.2462788037
 C          7.5116923824        0.1375807168       -0.9174114237
 O          8.8301766334        0.4769262251       -0.8237389712
 C          6.6027626680        0.8874238866       -1.6536523690
 C          5.2763120780        0.5028001598       -1.7109905384
 N          1.6097307108       -0.8331079799        0.7938317754
 C          1.8717519769       -1.8957195844        1.5912317638
 O          2.9961260504       -2.1921116208        1.9620523707
 C          0.6206904904       -2.5662264400        2.1432144382
 C          0.7930051066       -3.9062933085        2.8656905237
 C         -0.6241775334       -4.5146759263        2.7942961956
 C         -1.4239080248       -3.5633749743        1.8708195259
 N         -0.4007287417       -2.8363470299        1.1349037087
 C         -0.0292378798       -3.1510347698       -0.1341569445
 O          1.1205239402       -3.3490720416       -0.4518473682
 C         -1.1093377932       -2.9745792179       -1.2084138986
 C         -1.5180308984       -4.2289920882       -1.9838882621
 C         -2.1357615073       -5.4111411575       -1.2235810281
 C         -2.0350194985       -6.6471157100       -2.1228140803
 C         -3.6026287471       -5.1899610615       -0.8491022467
 N         -2.2088934303       -2.1828766857       -0.7008939382
 C         -2.0170284870       -0.8928365626       -0.4369945944
 O         -0.9210619743       -0.3400091237       -0.5988742840
 H         -6.6840449812        0.1188431887        2.1821276648
 H         -5.1320221544       -0.1920066099        2.9315340410
 H         -5.2648103436        0.9811174503        1.6262656296
 H         -4.7518425525       -1.8732231959        1.4065395225
 H         -6.4845210687       -2.5334890817       -0.2125065930
 H         -7.3003686353       -0.9869091461       -0.0016428186
 H         -7.2097402447       -2.1287385600        1.3398118627
 H         -4.5589852444       -1.2499089425       -1.0692044181
 H         -5.1290058609        0.3397129342       -0.6519722067
 H         -3.0800234697       -0.1404289668        1.2215599531
 H         -2.3384523743        1.8280632902        0.4426512592
 H         -1.3840711807        2.6863637742       -2.7303382874
 H         -1.9055600537        5.0135933675       -1.8275732978
 H         -3.0556976233        4.1811352852       -2.8787517818
 H         -4.4400986843        3.5996430809       -0.8951529493
 H         -3.8509100778        6.5585719411       -1.3488417295
 H         -4.9155166695        5.5628987548       -2.3407630551
 H         -5.3410186140        5.9086142936       -0.6644246326
 H         -4.0560860357        5.0327685787        1.1732189464
 H         -2.8625300289        3.7569692586        0.9737766243
 H         -2.4509031340        5.4126490229        0.5405192717
 H         -0.3741907278        1.9042190979       -0.6596772207
 H          2.1175828254        3.6451217985       -0.5542357062
 H          2.8457952832        4.1797763914        1.6070859565
 H          1.4684383463        5.2362391909        1.2708187424
 H          1.4913829603        2.7580632143        3.0654173138
 H         -0.7962874244        4.6510155422        2.3606216252
 H         -0.7100733918        2.9315583329        1.9815518478
 H         -0.8425764095        3.4591842655        3.6618231184
 H          1.1149663583        4.3925948654        4.8639573861
 H          1.1868789005        5.7184396402        3.7020174789
 H          2.6183430291        4.7342437905        4.0079725891
 H          1.4568062242        1.6251622096        1.4073359073
 H          3.4516687670        0.0713047758        0.8708676631
 H          2.8906730133       -0.7505169460       -1.9583817296
 H          3.2321728215       -2.0303217221       -0.7741980384
 H          5.4054331299       -2.2343853932        0.2424319983
 H          7.7892615382       -1.5750955884        0.3187409801
 H          9.0025632883        1.2753715918       -1.3234035498
 H          6.9256364034        1.7744087622       -2.1780823523
 H          4.5730755975        1.0976058186       -2.2731849796
 H          0.6981754488       -0.7641146889        0.3498337303
 H          0.1721173844       -1.8388083235        2.8348420473
 H          1.1521356501       -3.7746161001        3.8809805082
 H          1.5200184930       -4.5116531519        2.3222735366
 H         -0.5852957594       -5.5167327767        2.3712580273
 H         -1.0835069442       -4.5770770880        3.7772340949
 H         -2.0014135081       -2.8482718650        2.4617137947
 H         -2.0846476907       -4.1027091186        1.2013817568
 H         -0.5827369550       -2.3337049023       -1.9313525071
 H         -0.5996775198       -4.5819142477       -2.4569757089
 H         -2.1994495505       -3.9193421814       -2.7785254422
 H         -1.5438673326       -5.6026336536       -0.3210834823
 H         -2.5635151979       -6.4757409853       -3.0572166037
 H         -2.4701636936       -7.5140466547       -1.6343912472
 H         -0.9966502235       -6.8711890115       -2.3543372760
 H         -3.7319069677       -4.4363286069       -0.0768471945
 H         -4.0225357429       -6.1183516937       -0.4707695772
 H         -4.1723227356       -4.8950371844       -1.7269696416
 H         -3.1096429146       -2.6159660696       -0.5678767996
  111
 Etot=        -158.1767800292
 C         -5.6287914983        0.0028457701        1.9867326014
 C         -5.3704018096       -1.0958175697        0.9383285984
 C         -6.6821028227       -1.7252908468        0.4725213099
 C         -4.6021140719       -0.5246003577       -0.2626065584
 C         -3.1884631142       -0.0759421938        0.1349710528
 N         -2.9147946574        1.3092200642       -0.2110800590
 C         -2.7340308815        1.6602285609       -1.5040403312
 O         -3.2455326313        1.0515535346       -2.4368929469
 C         -1.8284426582        2.8708739303       -1.7358483333
 C         -2.6205576968        4.1826133546       -1.8725829784
 C         -3.7560630292        4.4390298840       -0.8737850801
 C         -4.5268280091        5.6756754566       -1.3397624432
 C         -3.2501681451        4.6684140067        0.5472918927
 N         -0.7598995051        2.8393936324       -0.7346568827
 C          0.0750573676        3.8337318798       -0.3871837656
 O         -0.1308472998        5.0267696217       -0.5568827226
 C          1.4062203711        3.3927848027        0.2446051251
 C          1.7666826690        4.2132890574        1.4917343413
 C          1.1221450269        3.7565561511        2.8067966467
 C         -0.3974406838        3.6835896584        2.7007538546
 C          1.5363460595        4.7184093749        3.9203227344
 N          1.5669325972        1.9731030746        0.4666159890
 C          2.2039980032        1.2022685778       -0.4321416548
 O          2.3910188343        1.5759087522       -1.5805113466
 C          2.6975396655       -0.1364332400        0.1109561467
 C          3.3660534399       -0.9697805469       -1.0018940962
 C          4.8292701735       -0.6276216647       -1.0426472865
 C          5.7408646185       -1.3702434949       -0.3026866403
 C          7.0705011500       -1.0047906030       -0.2428460976
 C          7.5124722569        0.1283235228       -0.9184659069
 O          8.8299724044        0.4691525757       -0.8171376875
 C          6.6082365396        0.8748398661       -1.6642431697
 C          5.2807325879        0.4934655122       -1.7234890295
 N          1.6207125458       -0.8208501073        0.8041026326
 C          1.8810859227       -1.9012287226        1.5807870628
 O          3.0053668944       -2.2161084276        1.9404965986
 C          0.6251251766       -2.5625230337        2.1319464645
 C          0.7856705388       -3.9013587735        2.8590046363
 C         -0.6350920503       -4.5004572681        2.7846322999
 C         -1.4248485659       -3.5493690154        1.8528671165
 N         -0.3924837225       -2.8328036897        1.1206089644
 C         -0.0203667475       -3.1256918284       -0.1529078892
 O          1.1482218204       -3.2753635527       -0.4865572097
 C         -1.1124396730       -2.9659198798       -1.2212226558
 C         -1.5180082715       -4.2291226937       -1.9844729211
 C         -2.1351015127       -5.4035847178       -1.2116635568
 C         -2.0383608700       -6.6487580908       -2.0987183851
 C         -3.6013978741       -5.1764692090       -0.8371286837
 N         -2.2145078844       -2.1789825590       -0.7105099368
 C         -2.0229745189       -0.8920568046       -0.4343337240
 O         -0.9238717741       -0.3405129715       -0.5776247431
 H         -6.6919391727        0.0992323794        2.1849946227
 H         -5.1383985148       -0.2181860735        2.9301114291
 H         -5.2730867188        0.9669783733        1.6352320169
 H         -4.7631073051       -1.8877683858        1.3904364079
 H         -6.4989709543       -2.5240147208       -0.2426647609
 H         -7.3127881067       -0.9777064246       -0.0030033553
 H         -7.2181689890       -2.1424197753        1.3215472460
 H         -4.5640716743       -1.2452423022       -1.0784972704
 H         -5.1353512465        0.3420168330       -0.6515509078
 H         -3.0928364458       -0.1412518492        1.2240920023
 H         -2.3666139372        1.8373157710        0.4562052401
 H         -1.3637343961        2.6872974739       -2.7172695202
 H         -1.9109505025        5.0075865458       -1.8249106987
 H         -3.0550347629        4.1632317317       -2.8728921255
 H         -4.4357500535        3.5786372787       -0.8859720867
 H         -3.8689667310        6.5413238885       -1.3468071038
 H         -4.9195929816        5.5342247229       -2.3436033450
 H         -5.3581296300        5.8796234858       -0.6701424140
 H         -4.0584508300        5.0356486106        1.1738548974
 H         -2.8665485245        3.7554513910        0.9872250375
 H         -2.4525447284        5.4075507200        0.5379524925
 H         -0.3788612354        1.9018829596       -0.6245438661
 H          2.1250241986        3.6562913333       -0.5480412821
 H          2.8511958050        4.1923412427        1.6122662334
 H          1.4689511633        5.2430877338        1.2787897560
 H          1.5087315094        2.7648132108        3.0726121712
 H         -0.7943417582        4.6382734041        2.3653455823
 H         -0.6950193815        2.9184284154        1.9895668256
 H         -0.8318025867        3.4486238475        3.6687975329
 H          1.1183050382        4.3973860584        4.8706398983
 H          1.1786912313        5.7229283555        3.7072279629
 H          2.6188989945        4.7513762554        4.0139835725
 H          1.4587184879        1.6284631248        1.4097632474
 H          3.4673012904        0.0764146649        0.8683000122
 H          2.8844259950       -0.7434926334       -1.9564872468
 H          3.2251194084       -2.0268511683       -0.7764966693
 H          5.3969679629       -2.2346895785        0.2448010223
 H          7.7821085967       -1.5768678722        0.3308473513
 H          9.0092175252        1.2539864789       -1.3507302224
 H          6.9350610642        1.7582257221       -2.1926664522
 H          4.5807984455        1.0841280606       -2.2949134610
 H          0.7062301453       -0.7453608339        0.3665081983
 H          0.1750963669       -1.8317184496        2.8187958326
 H          1.1418401114       -3.7676345998        3.8755174502
 H          1.5110541469       -4.5131212097        2.3207839479
 H         -0.6017376571       -5.5052413791        2.3675742977
 H         -1.0993299904       -4.5532071960        3.7659311816
 H         -2.0001943602       -2.8273934876        2.4376043996
 H         -2.0849747162       -4.0867282588        1.1822680513
 H         -0.5960035247       -2.3258512563       -1.9550289866
 H         -0.5983913852       -4.5852129708       -2.4529724520
 H         -2.1989827456       -3.9289124946       -2.7833330656
 H         -1.5411907149       -5.5872963170       -0.3091845585
 H         -2.5666284007       -6.4849489936       -3.0348369737
 H         -2.4770635080       -7.5092231304       -1.6012517523
 H         -1.0007363921       -6.8791601743       -2.3280717922
 H         -3.7295392862       -4.4160956832       -0.0710798702
 H         -4.0225725294       -6.1008674731       -0.4501359180
 H         -4.1711601444       -4.8883448016       -1.7174679580
 H         -3.1189146289       -2.6120457527       -0.5938196162
  111
 Etot=        -158.1774113915
 C         -5.6399400279       -0.0201159172        1.9882070409
 C         -5.3807219625       -1.1055383916        0.9261114882
 C         -6.6939730885       -1.7256609829        0.4512875781
 C         -4.6095156867       -0.5214398863       -0.2666746708
 C         -3.1960318436       -0.0766696214        0.1374899372
 N         -2.9175973611        1.3070062738       -0.2121366130
 C         -2.7102474948        1.6463316350       -1.5033290157
 O         -3.2000508788        1.0310600381       -2.4391949936
 C         -1.8159108905        2.8661059902       -1.7244324056
 C         -2.6231772080        4.1687163785       -1.8636587254
 C         -3.7590783109        4.4211513116       -0.8651965860
 C         -4.5418098968        5.6479061088       -1.3392778187
 C         -3.2524263324        4.6667244079        0.5531064535
 N         -0.7584931643        2.8418640787       -0.7112444830
 C          0.0822409477        3.8383177788       -0.3812106279
 O         -0.1227659650        5.0285248948       -0.5644295260
 C          1.4147543671        3.4036116258        0.2529247524
 C          1.7702850970        4.2244595692        1.5017334710
 C          1.1305395294        3.7612659179        2.8165395580
 C         -0.3884368695        3.6732877536        2.7117662025
 C          1.5343132933        4.7291553631        3.9291620418
 N          1.5828032148        1.9849148030        0.4731013844
 C          2.2188843888        1.2143344724       -0.4269301686
 O          2.4067879343        1.5854787776       -1.5760887722
 C          2.7103804965       -0.1276801089        0.1137240402
 C          3.3695299349       -0.9635631001       -1.0033886102
 C          4.8337517529       -0.6311377297       -1.0495092115
 C          5.7406511144       -1.3715411519       -0.3002838852
 C          7.0717148970       -1.0109981761       -0.2395244714
 C          7.5196407911        0.1148033396       -0.9242108568
 O          8.8367208785        0.4536633834       -0.8203298494
 C          6.6213443511        0.8563364667       -1.6824513820
 C          5.2922604717        0.4800063230       -1.7428307246
 N          1.6352791438       -0.8096589594        0.8105799341
 C          1.8911000585       -1.9059606485        1.5659946164
 O          3.0128230164       -2.2391319627        1.9159980869
 C          0.6302721402       -2.5570690628        2.1155117316
 C          0.7774875461       -3.8926395464        2.8505878438
 C         -0.6469010382       -4.4808533153        2.7755033643
 C         -1.4260484382       -3.5316513419        1.8338955322
 N         -0.3849047169       -2.8275947479        1.1028348698
 C         -0.0174208574       -3.1034094262       -0.1732656262
 O          1.1568287582       -3.2247981207       -0.5179667984
 C         -1.1180709798       -2.9581288316       -1.2370145253
 C         -1.5197251185       -4.2314878556       -1.9857214427
 C         -2.1360233285       -5.3970274620       -1.1989902796
 C         -2.0420151669       -6.6532061872       -2.0702573633
 C         -3.6020776059       -5.1640372162       -0.8265633945
 N         -2.2223395503       -2.1751051872       -0.7231865275
 C         -2.0285263862       -0.8932421821       -0.4292255648
 O         -0.9249494971       -0.3457419852       -0.5503172582
 H         -6.7033442830        0.0707905264        2.1899852327
 H         -5.1463253627       -0.2514846407        2.9278985471
 H         -5.2879058109        0.9498954467        1.6480584630
 H         -4.7758831363       -1.9040517639        1.3698229078
 H         -6.5129440651       -2.5147865323       -0.2751711479
 H         -7.3225468080       -0.9703919112       -0.0140449723
 H         -7.2318522159       -2.1536333421        1.2935468672
 H         -4.5714047306       -1.2324902328       -1.0915833989
 H         -5.1422154402        0.3505705848       -0.6462833259
 H         -3.1053879401       -0.1395823346        1.2269939544
 H         -2.3893758532        1.8439547082        0.4634935513
 H         -1.3389943971        2.6941208635       -2.7026430340
 H         -1.9221886954        5.0021308413       -1.8273667070
 H         -3.0609897223        4.1377506494       -2.8637953636
 H         -4.4315326674        3.5551920137       -0.8700922440
 H         -3.8930953608        6.5209622617       -1.3462057120
 H         -4.9281506059        5.4986577333       -2.3448558655
 H         -5.3792208760        5.8460444187       -0.6752792309
 H         -4.0602276682        5.0386598952        1.1775925100
 H         -2.8652178295        3.7597890837        1.0030573449
 H         -2.4572019817        5.4087153137        0.5345594146
 H         -0.3803956927        1.9041396340       -0.5925699826
 H          2.1328751450        3.6736301319       -0.5388031885
 H          2.8554711534        4.2106054826        1.6211859945
 H          1.4663049863        5.2526798924        1.2914674438
 H          1.5274556167        2.7741478180        3.0836067593
 H         -0.7943060107        4.6238621853        2.3750452703
 H         -0.6799673586        2.9038709145        2.0026256608
 H         -0.8201764630        3.4364965978        3.6806200445
 H          1.1207106710        4.4054008570        4.8805710039
 H          1.1650405774        5.7292943182        3.7141670581
 H          2.6168028269        4.7751090798        4.0222614973
 H          1.4627389741        1.6329472973        1.4124444514
 H          3.4841968762        0.0833559106        0.8669372180
 H          2.8835629875       -0.7340800991       -1.9544165425
 H          3.2231841833       -2.0204015254       -0.7792980024
 H          5.3907230479       -2.2307618442        0.2528408925
 H          7.7791417126       -1.5806858680        0.3421336835
 H          9.0248953927        1.2273504050       -1.3744027058
 H          6.9540253586        1.7335128933       -2.2181460461
 H          4.5950987926        1.0693398874       -2.3196513905
 H          0.7170886102       -0.7259001567        0.3812804358
 H          0.1807532237       -1.8204958724        2.7963783877
 H          1.1307572905       -3.7543243650        3.8681507338
 H          1.5007520504       -4.5130990137        2.3199665175
 H         -0.6205622420       -5.4895205872        2.3671536701
 H         -1.1152129682       -4.5208731667        3.7555145628
 H         -1.9977973958       -2.8006204643        2.4107020192
 H         -2.0861749856       -4.0681433809        1.1640567741
 H         -0.6107101623       -2.3208473734       -1.9818753217
 H         -0.5986739562       -4.5906051312       -2.4496329580
 H         -2.2002226303       -3.9422080119       -2.7891506904
 H         -1.5408412119       -5.5713289170       -0.2961702112
 H         -2.5717329211       -6.5013155053       -3.0078494503
 H         -2.4819889862       -7.5062377408       -1.5605675900
 H         -1.0051795098       -6.8891462292       -2.2977659697
 H         -3.7302238803       -4.3958215905       -0.0683126333
 H         -4.0258579368       -6.0834036764       -0.4300948846
 H         -4.1707283699       -4.8839946036       -1.7104937925
 H         -3.1304847836       -2.6064057645       -0.6240627244
  111
 Etot=        -158.1781676182
 C         -5.6534813155       -0.0504904154        1.9901555483
 C         -5.3914497268       -1.1174313498        0.9099710043
 C         -6.7049024088       -1.7260783352        0.4210608452
 C         -4.6170877796       -0.5144992329       -0.2711946783
 C         -3.2036718733       -0.0762418155        0.1409520363
 N         -2.9204586744        1.3060059945       -0.2149589778
 C         -2.6827088898        1.6315735445       -1.5034951049
 O         -3.1265536203        0.9927436899       -2.4535839485
 C         -1.8013216376        2.8631621782       -1.7087188851
 C         -2.6289255010        4.1525837962       -1.8532007525
 C         -3.7627718884        4.4007102627       -0.8527098455
 C         -4.5614272296        5.6139036686       -1.3369955984
 C         -3.2519688189        4.6687820666        0.5601398316
 N         -0.7593896675        2.8479702322       -0.6793349920
 C          0.0874395359        3.8465763475       -0.3685681610
 O         -0.1157994253        5.0337608018       -0.5673153892
 C          1.4237774826        3.4173317547        0.2649232353
 C          1.7720131479        4.2388930747        1.5154057267
 C          1.1385497992        3.7671358783        2.8298226841
 C         -0.3794185136        3.6619612221        2.7270900253
 C          1.5295272811        4.7430352723        3.9403002792
 N          1.6010651487        1.9991853544        0.4820168406
 C          2.2346150777        1.2291869437       -0.4207738034
 O          2.4213886127        1.5965880660       -1.5716946959
 C          2.7257417353       -0.1176143526        0.1161722693
 C          3.3789455902       -0.9525018183       -1.0056825140
 C          4.8440717224       -0.6325835186       -1.0551504926
 C          5.7452650753       -1.3698831223       -0.2945178769
 C          7.0791068257       -1.0184149048       -0.2376028505
 C          7.5355672392        0.0948678731       -0.9386302177
 O          8.8522914403        0.4271296433       -0.8360823138
 C          6.6437983140        0.8311911348       -1.7096634001
 C          5.3117676222        0.4644793689       -1.7662819384
 N          1.6500391996       -0.7996444144        0.8100242372
 C          1.8992271539       -1.9103858824        1.5439735718
 O          3.0188682571       -2.2683644786        1.8793311483
 C          0.6340343758       -2.5479783259        2.0948448948
 C          0.7681276748       -3.8782821649        2.8400941181
 C         -0.6594799449       -4.4550425912        2.7680407736
 C         -1.4294244859       -3.5105879815        1.8159861003
 N         -0.3805576360       -2.8200329283        1.0835132560
 C         -0.0198366860       -3.0818550622       -0.1939530459
 O          1.1528318147       -3.1889789624       -0.5477798299
 C         -1.1283144571       -2.9518359528       -1.2538388272
 C         -1.5255940947       -4.2361810528       -1.9856128274
 C         -2.1399460846       -5.3924167006       -1.1845621048
 C         -2.0460026986       -6.6607122517       -2.0368527105
 C         -3.6064354489       -5.1538971461       -0.8183814599
 N         -2.2338593104       -2.1715020517       -0.7358449188
 C         -2.0345158785       -0.8961699831       -0.4212550916
 O         -0.9256063345       -0.3562673226       -0.5178202712
 H         -6.7170884259        0.0303104688        2.1982267200
 H         -5.1533694913       -0.2931780875        2.9240415364
 H         -5.3098774414        0.9282791302        1.6646287592
 H         -4.7890251979       -1.9237311014        1.3426352754
 H         -6.5242168790       -2.5039401178       -0.3180495091
 H         -7.3296015309       -0.9612993382       -0.0339245258
 H         -7.2478685592       -2.1666805516        1.2535906453
 H         -4.5800422098       -1.2100363081       -1.1104547719
 H         -5.1492992653        0.3660097575       -0.6353441409
 H         -3.1198909875       -0.1345274490        1.2309278193
 H         -2.4207832354        1.8567801426        0.4722059326
 H         -1.3061835093        2.7064782441       -2.6814899495
 H         -1.9393040037        4.9971893500       -1.8331975658
 H         -3.0722896095        4.1056611107       -2.8522839297
 H         -4.4259481338        3.5279609106       -0.8450392432
 H         -3.9240873301        6.4958877118       -1.3475575034
 H         -4.9424918986        5.4533273364       -2.3430950284
 H         -5.4041775427        5.8062483469       -0.6781635362
 H         -4.0584275829        5.0417201071        1.1856682360
 H         -2.8536971599        3.7712850566        1.0204360663
 H         -2.4633717722        5.4178430129        0.5278793164
 H         -0.3835612203        1.9102935976       -0.5517834599
 H          2.1395252247        3.6951332882       -0.5267897584
 H          2.8578136259        4.2374749914        1.6337996041
 H          1.4570145125        5.2640795023        1.3090369470
 H          1.5471985374        2.7857990912        3.0986649458
 H         -0.7957398779        4.6079237425        2.3897243455
 H         -0.6652002934        2.8882295338        2.0201675682
 H         -0.8081574059        3.4226267492        3.6968378585
 H          1.1228540106        4.4167939450        4.8939375128
 H          1.1448798707        5.7368638015        3.7221049296
 H          2.6117262778        4.8060594770        4.0316785180
 H          1.4704470975        1.6401026271        1.4171799730
 H          3.5000316463        0.0888792956        0.8691095588
 H          2.8903341215       -0.7164812527       -1.9526532311
 H          3.2257383540       -2.0098323094       -0.7867974451
 H          5.3868600487       -2.2193250896        0.2702281693
 H          7.7814411602       -1.5850222908        0.3536967785
 H          9.0538019009        1.1924623689       -1.3993999326
 H          6.9845707405        1.6983706494       -2.2574659778
 H          4.6175680945        1.0497265477       -2.3516080176
 H          0.7271894826       -0.7028360743        0.3920117601
 H          0.1886398651       -1.8025945719        2.7688092030
 H          1.1208463815       -3.7334869184        3.8579462571
 H          1.4885068495       -4.5080190065        2.3173693397
 H         -0.6413345565       -5.4687201871        2.3713989208
 H         -1.1295626650       -4.4795922757        3.7476763303
 H         -1.9957495656       -2.7688506930        2.3838659222
 H         -2.0903560972       -4.0469237405        1.1486202229
 H         -0.6298593852       -2.3190142555       -2.0104434885
 H         -0.6030438345       -4.5974156616       -2.4459448077
 H         -2.2062897470       -3.9595417751       -2.7935364110
 H         -1.5451632754       -5.5553766086       -0.2804685302
 H         -2.5794205050       -6.5251611990       -2.9752907798
 H         -2.4836679018       -7.5063007117       -1.5124306854
 H         -1.0097712269       -6.8998902163       -2.2634892227
 H         -3.7369524996       -4.3764822338       -0.0700363105
 H         -4.0345538585       -6.0671867724       -0.4119900384
 H         -4.1717991686       -4.8839094845       -1.7079054175
 H         -3.1473620272       -2.5970540764       -0.6584811227
  111
 Etot=        -158.1788192073
 C         -5.6662785493       -0.0818757580        1.9915097350
 C         -5.3989040663       -1.1279697673        0.8925458544
 C         -6.7096063329       -1.7266085691        0.3858915101
 C         -4.6223138849       -0.5019265889       -0.2748543909
 C         -3.2080820067       -0.0743909277        0.1440001151
 N         -2.9103956281        1.3032512751       -0.2220161896
 C         -2.6553764754        1.6194826913       -1.5039769469
 O         -3.0807802014        0.9820734422       -2.4505499806
 C         -1.7879933529        2.8630792137       -1.6972399908
 C         -2.6356953333        4.1389485838       -1.8430676304
 C         -3.7646217400        4.3848060000       -0.8375765828
 C         -4.5807318974        5.5827576288       -1.3316966096
 C         -3.2458883391        4.6770281691        0.5671946555
 N         -0.7601253459        2.8551192899       -0.6546673527
 C          0.0884178271        3.8552759832       -0.3546985608
 O         -0.1163749087        5.0392804553       -0.5616363761
 C          1.4297698458        3.4304194305        0.2775283236
 C          1.7684791422        4.2530329634        1.5295702483
 C          1.1415308394        3.7734296087        2.8440986238
 C         -0.3751212702        3.6538108296        2.7439833719
 C          1.5209882240        4.7572249549        3.9513400604
 N          1.6167591769        2.0121533761        0.4911821529
 C          2.2460232473        1.2430915246       -0.4158360223
 O          2.4276389883        1.6064743428       -1.5692936473
 C          2.7390787422       -0.1087260695        0.1170612608
 C          3.3950982563       -0.9368715481       -1.0082817377
 C          4.8611056940       -0.6290538455       -1.0562254590
 C          5.7565967127       -1.3625362810       -0.2842537328
 C          7.0945809427       -1.0242822064       -0.2375869933
 C          7.5614493478        0.0716506699       -0.9611537508
 O          8.8784540767        0.3920102311       -0.8635762195
 C          6.6750864794        0.8038701007       -1.7418648558
 C          5.3387160630        0.4512526552       -1.7879521588
 N          1.6588764192       -0.7967211583        0.7964446423
 C          1.9005776334       -1.9134448356        1.5178892281
 O          3.0157102546       -2.2874217285        1.8435532918
 C          0.6330520934       -2.5369433283        2.0757133620
 C          0.7607631779       -3.8600167754        2.8320286978
 C         -0.6681114792       -4.4300430216        2.7686671546
 C         -1.4354695990       -3.4940556048        1.8086569754
 N         -0.3844856221       -2.8134486334        1.0698955578
 C         -0.0309732968       -3.0728010911       -0.2071563053
 O          1.1345886690       -3.1876713831       -0.5659786942
 C         -1.1434670523       -2.9523333547       -1.2649388526
 C         -1.5367163947       -4.2437079993       -1.9840281083
 C         -2.1480954197       -5.3937362879       -1.1734689082
 C         -2.0485050033       -6.6715908382       -2.0085958935
 C         -3.6161870197       -5.1530488584       -0.8181104958
 N         -2.2484936974       -2.1718202285       -0.7433247617
 C         -2.0397297719       -0.9027544158       -0.4115616910
 O         -0.9256417299       -0.3735101158       -0.4890056708
 H         -6.7297236783       -0.0170253034        2.2088605834
 H         -5.1556226474       -0.3326096154        2.9176985602
 H         -5.3376788036        0.9072087624        1.6798519314
 H         -4.7975334960       -1.9411184304        1.3133315295
 H         -6.5251135172       -2.4953169123       -0.3616440065
 H         -7.3282849750       -0.9542340529       -0.0642647558
 H         -7.2621697737       -2.1766995195        1.2070503486
 H         -4.5881620201       -1.1774215772       -1.1318176810
 H         -5.1542969968        0.3887877886       -0.6183757199
 H         -3.1300826055       -0.1261573696        1.2341935955
 H         -2.4312554040        1.8616103887        0.4687476951
 H         -1.2789426555        2.7233861149       -2.6655746055
 H         -1.9579886022        4.9949664670       -1.8419116635
 H         -3.0873014702        4.0755334931       -2.8390408640
 H         -4.4185672378        3.5058258908       -0.8133393362
 H         -3.9546645758        6.4729654382       -1.3522893108
 H         -4.9614280656        5.4082956385       -2.3355884622
 H         -5.4248790929        5.7713551090       -0.6742794579
 H         -4.0515123522        5.0426205313        1.1980391873
 H         -2.8264676872        3.7915296276        1.0334045474
 H         -2.4700041333        5.4388242294        0.5193221030
 H         -0.3832175910        1.9189094059       -0.5229274780
 H          2.1422654247        3.7154808136       -0.5142186177
 H          2.8542498828        4.2678137490        1.6480681008
 H          1.4393491914        5.2739222958        1.3267174838
 H          1.5600265311        2.7975351788        3.1147397117
 H         -0.8004042773        4.5960973476        2.4073329205
 H         -0.6574259722        2.8770857790        2.0387295361
 H         -0.8007531024        3.4116903534        3.7146978291
 H          1.1225212278        4.4293770158        4.9079899609
 H          1.1208138986        5.7440295960        3.7298429522
 H          2.6024272046        4.8372883894        4.0397695131
 H          1.4835317207        1.6497610407        1.4239163268
 H          3.5073822521        0.0906644353        0.8768390434
 H          2.9086964871       -0.6912961078       -1.9527737982
 H          3.2350095763       -1.9955585889       -0.7986577378
 H          5.3888964339       -2.1980334010        0.2973824850
 H          7.7920460158       -1.5876693554        0.3627498033
 H          9.0941257826        1.1571596394       -1.4202305025
 H          7.0247873238        1.6580429276       -2.3054576041
 H          4.6469349541        1.0307497438       -2.3823525343
 H          0.7330729136       -0.6865915489        0.3876174964
 H          0.1951544006       -1.7808176385        2.7430655893
 H          1.1172925065       -3.7073758315        3.8483249089
 H          1.4781405506       -4.4963714193        2.3142777913
 H         -0.6562356452       -5.4486366547        2.3844827694
 H         -1.1354455605       -4.4405002355        3.7496672229
 H         -1.9962318197       -2.7433012111        2.3692361221
 H         -2.0986402241       -4.0321225750        1.1460249791
 H         -0.6499107864       -2.3238124167       -2.0280140779
 H         -0.6126532423       -4.6045829153       -2.4429941288
 H         -2.2183956452       -3.9771378712       -2.7945685947
 H         -1.5566025516       -5.5456026355       -0.2663121424
 H         -2.5877761114       -6.5537308662       -2.9465135024
 H         -2.4780300146       -7.5129151406       -1.4707345369
 H         -1.0119484648       -6.9076363644       -2.2362983221
 H         -3.7520093741       -4.3676713764       -0.0793800834
 H         -4.0489923528       -6.0613068857       -0.4051268219
 H         -4.1759448790       -4.8926826387       -1.7143191327
 H         -3.1680522884       -2.5865193442       -0.6867958658
  111
 Etot=        -158.1794996707
 C         -5.6770768778       -0.1163355767        1.9904621678
 C         -5.4098045656       -1.1433069277        0.8728519937
 C         -6.7197873056       -1.7299954742        0.3508974395
 C         -4.6310537729       -0.4961995817       -0.2822775296
 C         -3.2189349395       -0.0731463328        0.1452285003
 N         -2.9168410992        1.3029773671       -0.2225992363
 C         -2.6271642088        1.6038963878       -1.5043248257
 O         -3.0091312869        0.9398591944       -2.4587678533
 C         -1.7726613504        2.8590599222       -1.6836041456
 C         -2.6347551647        4.1241338421       -1.8334481017
 C         -3.7618641311        4.3645333667       -0.8239860420
 C         -4.5987113354        5.5454299287       -1.3261546354
 C         -3.2395431727        4.6784596864        0.5751506799
 N         -0.7581166479        2.8574062641       -0.6269082269
 C          0.0964907333        3.8598180073       -0.3455361398
 O         -0.1070678208        5.0420895582       -0.5707962461
 C          1.4391313060        3.4421643519        0.2896852307
 C          1.7701657168        4.2675617529        1.5415593659
 C          1.1491896156        3.7812043986        2.8568565466
 C         -0.3664645403        3.6420708603        2.7566122069
 C          1.5166474102        4.7710700810        3.9625388380
 N          1.6341097341        2.0243094435        0.5013426928
 C          2.2627136510        1.2599062765       -0.4095984612
 O          2.4432860955        1.6303550145       -1.5605640717
 C          2.7532326001       -0.0955840245        0.1168133399
 C          3.4017347314       -0.9221631308       -1.0146339885
 C          4.8708350541       -0.6262052575       -1.0636001522
 C          5.7589094634       -1.3555304949       -0.2794949379
 C          7.0997776596       -1.0285831793       -0.2377027910
 C          7.5772189069        0.0520110119       -0.9778043877
 O          8.8964184893        0.3620961820       -0.8795943126
 C          6.6972991472        0.7807872224       -1.7692075740
 C          5.3576829666        0.4396531473       -1.8096728191
 N          1.6694602926       -0.7789398219        0.7984628979
 C          1.9077642077       -1.9151163949        1.4976637445
 O          3.0221946530       -2.3119078022        1.8032538509
 C          0.6345953884       -2.5278219392        2.0597797876
 C          0.7507919592       -3.8467990216        2.8251225170
 C         -0.6844204261       -4.4046960404        2.7648630019
 C         -1.4411501581       -3.4700948315        1.7936624603
 N         -0.3812343428       -2.8063757616        1.0525108121
 C         -0.0343321651       -3.0500556454       -0.2276722678
 O          1.1285702457       -3.1512319295       -0.5939780670
 C         -1.1540591075       -2.9449892621       -1.2794861760
 C         -1.5459867297       -4.2464463102       -1.9816483562
 C         -2.1565344267       -5.3878048025       -1.1570930437
 C         -2.0526327199       -6.6775555408       -1.9746672781
 C         -3.6255881828       -5.1453831510       -0.8078043827
 N         -2.2589265987       -2.1668231249       -0.7535501644
 C         -2.0467655453       -0.9021054328       -0.4018924802
 O         -0.9290017092       -0.3753035649       -0.4599614169
 H         -6.7389076076       -0.0649066350        2.2184321767
 H         -5.1563648762       -0.3757893034        2.9085831246
 H         -5.3613978009        0.8803713994        1.6901865302
 H         -4.8104341852       -1.9653905743        1.2801303134
 H         -6.5345239341       -2.4854300591       -0.4106124716
 H         -7.3360595739       -0.9474120478       -0.0866267430
 H         -7.2754136182       -2.1944476731        1.1626687729
 H         -4.5941255475       -1.1557347029       -1.1513731416
 H         -5.1636268191        0.3996034938       -0.6107516095
 H         -3.1475306780       -0.1231451551        1.2357596836
 H         -2.4709146374        1.8788108539        0.4816127839
 H         -1.2502542169        2.7294333593       -2.6459818411
 H         -1.9665671474        4.9878527383       -1.8391707460
 H         -3.0885709304        4.0480658554       -2.8266215168
 H         -4.4035983050        3.4763743006       -0.7866636219
 H         -3.9875710647        6.4461766875       -1.3550425636
 H         -4.9777526746        5.3560619640       -2.3280028930
 H         -5.4452328355        5.7243356096       -0.6688567966
 H         -4.0473506574        5.0408768754        1.2052289891
 H         -2.8062438131        3.8034389302        1.0492554442
 H         -2.4728377869        5.4483688024        0.5162446679
 H         -0.3828716693        1.9221667245       -0.4813194336
 H          2.1507630172        3.7299493262       -0.5006840128
 H          2.8553269961        4.2946352553        1.6598732520
 H          1.4295773613        5.2850287585        1.3385162195
 H          1.5809261148        2.8104435638        3.1270051939
 H         -0.8039013783        4.5788923509        2.4184696289
 H         -0.6393887104        2.8597523723        2.0530359117
 H         -0.7881439566        3.3964039824        3.7283128405
 H          1.1246283147        4.4373606612        4.9199418138
 H          1.1017414793        5.7520872865        3.7420725322
 H          2.5970140753        4.8665837370        4.0488277015
 H          1.5042286268        1.6596754805        1.4337821233
 H          3.5261409397        0.0971232744        0.8749228551
 H          2.9170728558       -0.6665265904       -1.9578707459
 H          3.2322808984       -1.9807136453       -0.8113813557
 H          5.3830778197       -2.1780639361        0.3151739516
 H          7.7919768086       -1.5891509410        0.3711656152
 H          9.1220813907        1.1175786506       -1.4451027842
 H          7.0544322083        1.6234823584       -2.3453701244
 H          4.6701673631        1.0180866775       -2.4092927333
 H          0.7431084681       -0.6607586966        0.3943284980
 H          0.2007512995       -1.7621389421        2.7197972308
 H          1.1086591127       -3.6919983151        3.8402018200
 H          1.4632311357       -4.4925717937        2.3107613972
 H         -0.6806005022       -5.4273221352        2.3907453777
 H         -1.1540374857       -4.4024173101        3.7452829748
 H         -1.9991334950       -2.7100272861        2.3458199542
 H         -2.1075230970       -4.0081699740        1.1336703044
 H         -0.6685541625       -2.3220872643       -2.0504724894
 H         -0.6206050978       -4.6119151961       -2.4353691199
 H         -2.2272014070       -3.9918914007       -2.7972340769
 H         -1.5664868153       -5.5264843369       -0.2460795041
 H         -2.5931008857       -6.5750848167       -2.9138523332
 H         -2.4777071303       -7.5132315468       -1.4239533695
 H         -1.0153519590       -6.9123737128       -2.2006821849
 H         -3.7642917720       -4.3511695975       -0.0787599624
 H         -4.0574992469       -6.0499587678       -0.3852553118
 H         -4.1838658257       -4.8968238693       -1.7085170449
 H         -3.1847016553       -2.5739644283       -0.7254455797
  111
 Etot=        -158.1801440397
 C         -5.6865978408       -0.1513773938        1.9865115869
 C         -5.4174359231       -1.1576968795        0.8510351229
 C         -6.7253612954       -1.7343013469        0.3139402745
 C         -4.6372976557       -0.4881703856       -0.2904547671
 C         -3.2269446537       -0.0703318199        0.1434746062
 N         -2.9197771260        1.3044230881       -0.2229897941
 C         -2.6086183545        1.5985001464       -1.5004455043
 O         -2.9518261943        0.9070349983       -2.4582405660
 C         -1.7605600043        2.8580884806       -1.6737538155
 C         -2.6317007661        4.1149811062       -1.8257941562
 C         -3.7552697471        4.3503731930       -0.8096561495
 C         -4.6133568094        5.5130912241       -1.3164045973
 C         -3.2273492688        4.6840977649        0.5824210709
 N         -0.7530167998        2.8595294307       -0.6112543712
 C          0.1040745425        3.8616776017       -0.3385344729
 O         -0.1024028754        5.0416561871       -0.5706392040
 C          1.4462053261        3.4515249342        0.3009431848
 C          1.7684962853        4.2801551104        1.5525646648
 C          1.1524395355        3.7894979761        2.8691163409
 C         -0.3617124697        3.6334803085        2.7692630696
 C          1.5099938014        4.7834237811        3.9738148309
 N          1.6468531118        2.0335983827        0.5105630544
 C          2.2758083929        1.2750709193       -0.4047175128
 O          2.4564424595        1.6571748460       -1.5518889121
 C          2.7629897774       -0.0836334386        0.1129308773
 C          3.4115177295       -0.9039185881       -1.0226629781
 C          4.8838869438       -0.6167579311       -1.0683233321
 C          5.7642779399       -1.3424598270       -0.2736144961
 C          7.1083785584       -1.0296273197       -0.2390818007
 C          7.5977609627        0.0331458677       -0.9959116890
 O          8.9218961696        0.3270937214       -0.9020626446
 C          6.7242546168        0.7597867490       -1.7961993600
 C          5.3807358253        0.4329221475       -1.8282677781
 N          1.6747855160       -0.7680728097        0.7902432164
 C          1.9078678455       -1.9106684599        1.4805731174
 O          3.0187261660       -2.3149613441        1.7735272936
 C          0.6316625145       -2.5173283695        2.0484275853
 C          0.7435235882       -3.8315272964        2.8226295692
 C         -0.6963370916       -4.3825994852        2.7694816847
 C         -1.4482930253       -3.4514887428        1.7901696910
 N         -0.3848638696       -2.8019315630        1.0425789313
 C         -0.0448363122       -3.0395408099       -0.2397076033
 O          1.1190353467       -3.1305900210       -0.6124148996
 C         -1.1691239578       -2.9436382310       -1.2851000851
 C         -1.5606540962       -4.2503843946       -1.9768257048
 C         -2.1701281173       -5.3866533102       -1.1440832579
 C         -2.0558325695       -6.6841695423       -1.9484954697
 C         -3.6414316938       -5.1474201147       -0.8022723441
 N         -2.2719851353       -2.1652273773       -0.7564490070
 C         -2.0565259288       -0.9031654268       -0.3985316487
 O         -0.9359891001       -0.3810326150       -0.4452335068
 H         -6.7457761222       -0.1213093164        2.2294652060
 H         -5.1500757587       -0.4150331598        2.8937321786
 H         -5.3915314299        0.8534141075        1.6949812425
 H         -4.8187985368       -1.9869645846        1.2444214439
 H         -6.5360687042       -2.4792754045       -0.4548468145
 H         -7.3373959002       -0.9463369786       -0.1174678419
 H         -7.2870362693       -2.2076520089        1.1153085036
 H         -4.5979980904       -1.1301627576       -1.1710897192
 H         -5.1711665017        0.4117189163       -0.6011813786
 H         -3.1599927946       -0.1204607720        1.2342304105
 H         -2.4974698765        1.8905714374        0.4844460588
 H         -1.2325174666        2.7340531691       -2.6316372729
 H         -1.9700827854        4.9823354337       -1.8343672626
 H         -3.0873212982        4.0298679632       -2.8150906211
 H         -4.3845107249        3.4539349682       -0.7583864564
 H         -4.0169370598        6.4224290145       -1.3603843063
 H         -4.9975273023        5.3070078592       -2.3125624212
 H         -5.4561810098        5.6837396297       -0.6526805281
 H         -4.0383310303        5.0346522949        1.2151263590
 H         -2.7724454227        3.8211895540        1.0578970958
 H         -2.4755053543        5.4670273298        0.5130234398
 H         -0.3774670065        1.9266965471       -0.4564074470
 H          2.1580760607        3.7416281518       -0.4869443948
 H          2.8522155320        4.3189573795        1.6717603417
 H          1.4171659913        5.2936635661        1.3469428648
 H          1.5951447380        2.8231679805        3.1385600147
 H         -0.8089511876        4.5653083809        2.4303274187
 H         -0.6255163401        2.8471873214        2.0665187140
 H         -0.7791558753        3.3842327943        3.7418319058
 H          1.1239701431        4.4437053634        4.9314409281
 H          1.0823636922        5.7590037098        3.7559275959
 H          2.5885575453        4.8921521634        4.0574311443
 H          1.5309107626        1.6714471427        1.4457919112
 H          3.5354618380        0.1020621802        0.8739662134
 H          2.9337484523       -0.6370539985       -1.9670947523
 H          3.2344525501       -1.9622448389       -0.8279924504
 H          5.3813707139       -2.1510613745        0.3331697334
 H          7.7960990807       -1.5881759731        0.3758045387
 H          9.1541936106        1.0781525877       -1.4683694337
 H          7.0897427592        1.5877263965       -2.3877492507
 H          4.6987976708        1.0106584420       -2.4339945338
 H          0.7517023315       -0.6480280012        0.3829175825
 H          0.2006808189       -1.7441660457        2.7015134495
 H          1.1051797111       -3.6742239910        3.8348348925
 H          1.4497113389       -4.4848633386        2.3079875093
 H         -0.6986383736       -5.4080594822        2.4041925133
 H         -1.1648304132       -4.3694740831        3.7503563996
 H         -2.0039395039       -2.6847681409        2.3363030554
 H         -2.1198342752       -3.9915652076        1.1354328053
 H         -0.6896846513       -2.3256506385       -2.0614978948
 H         -0.6347377738       -4.6184065187       -2.4269131303
 H         -2.2418973996       -4.0032846965       -2.7943314180
 H         -1.5828962045       -5.5134024743       -0.2285423729
 H         -2.5976240052       -6.5956584858       -2.8876324186
 H         -2.4722383234       -7.5175176306       -1.3884746371
 H         -1.0163883082       -6.9111770158       -2.1732295881
 H         -3.7841865044       -4.3466467861       -0.0815751640
 H         -4.0693952956       -6.0503918550       -0.3731904677
 H         -4.1981440954       -4.9098282434       -1.7064188831
 H         -3.2001836190       -2.5602275175       -0.7490374206
  111
 Etot=        -158.1807176710
 C         -5.6956769582       -0.1914483394        1.9799888713
 C         -5.4249946367       -1.1746227813        0.8249412819
 C         -6.7308321835       -1.7407060354        0.2721798632
 C         -4.6447490641       -0.4805198042       -0.3018873762
 C         -3.2368589278       -0.0668905462        0.1407979031
 N         -2.9227715705        1.3058186395       -0.2222663240
 C         -2.5886756938        1.5925971566       -1.4960504453
 O         -2.9133703318        0.8907011027       -2.4452680276
 C         -1.7468152196        2.8549371202       -1.6670717464
 C         -2.6236857608        4.1068863804       -1.8171003918
 C         -3.7450450352        4.3353542007       -0.7949405368
 C         -4.6266865928        5.4779681631       -1.3048118235
 C         -3.2113169149        4.6892093842        0.5895931303
 N         -0.7436860488        2.8593810973       -0.6009868346
 C          0.1136631597        3.8620382288       -0.3333931205
 O         -0.0930066445        5.0412857964       -0.5773712820
 C          1.4534178654        3.4602479025        0.3121781031
 C          1.7661129526        4.2931347331        1.5630468747
 C          1.1549178927        3.7979606298        2.8806845710
 C         -0.3572891781        3.6245848754        2.7807383802
 C          1.5023083812        4.7952694770        3.9851603877
 N          1.6573877679        2.0422938132        0.5214084027
 C          2.2916227905        1.2916485850       -0.3972625154
 O          2.4750527999        1.6885058003       -1.5391094809
 C          2.7724647371       -0.0707140512        0.1087487899
 C          3.4200825543       -0.8832741513       -1.0324195169
 C          4.8959365214       -0.6039652391       -1.0735089806
 C          5.7678106703       -1.3264388923       -0.2676601095
 C          7.1150708550       -1.0284303617       -0.2389920303
 C          7.6175040294        0.0150109792       -1.0125871017
 O          8.9483902876        0.2889205222       -0.9272253554
 C          6.7515951093        0.7403178050       -1.8220304530
 C          5.4040337655        0.4287935833       -1.8467424717
 N          1.6788660247       -0.7527161860        0.7844451404
 C          1.9074667670       -1.9046903627        1.4653183512
 O          3.0244589859       -2.3379700995        1.7276312118
 C          0.6279900121       -2.5045103272        2.0397967162
 C          0.7367676454       -3.8150242173        2.8207170900
 C         -0.7079603096       -4.3588810948        2.7761293053
 C         -1.4561384977       -3.4305303348        1.7901814986
 N         -0.3903653494       -2.7945878046        1.0362448848
 C         -0.0566569283       -3.0281974792       -0.2476761378
 O          1.1086366581       -3.1089104486       -0.6247399578
 C         -1.1850067241       -2.9422730135       -1.2866745867
 C         -1.5776000892       -4.2538169366       -1.9689150555
 C         -2.1854332226       -5.3862623657       -1.1294242135
 C         -2.0586774358       -6.6898604910       -1.9225891226
 C         -3.6595533418       -5.1524023699       -0.7949584146
 N         -2.2855235229       -2.1638552871       -0.7547606494
 C         -2.0683310534       -0.9030268297       -0.3958226356
 O         -0.9461815361       -0.3847081940       -0.4352904364
 H         -6.7509077657       -0.1893037493        2.2429513305
 H         -5.1372351702       -0.4566797998        2.8732521280
 H         -5.4282333191        0.8231652796        1.6969622116
 H         -4.8265668931       -2.0115934972        1.2019523559
 H         -6.5375227728       -2.4714001750       -0.5107888718
 H         -7.3412146190       -0.9432971133       -0.1472834209
 H         -7.2954531632       -2.2288328247        1.0634631754
 H         -4.6007087486       -1.1040182156       -1.1941928357
 H         -5.1806759754        0.4228617019       -0.5939028538
 H         -3.1754165191       -0.1189828382        1.2320215504
 H         -2.5250864053        1.9025264397        0.4892987215
 H         -1.2172657975        2.7344803583       -2.6225351320
 H         -1.9671601653        4.9760542309       -1.8225882265
 H         -3.0795503935        4.0187841843       -2.8034297136
 H         -4.3598008745        3.4299505304       -0.7303260992
 H         -4.0468355692        6.3964619093       -1.3667447382
 H         -5.0189476776        5.2532249765       -2.2936759104
 H         -5.4637686640        5.6405092002       -0.6318315580
 H         -4.0253376003        5.0245720275        1.2269847265
 H         -2.7312282236        3.8398066514        1.0646114295
 H         -2.4776497022        5.4881878983        0.5088202119
 H         -0.3695734067        1.9277786284       -0.4316450824
 H          2.1671413865        3.7517304316       -0.4727807856
 H          2.8485079280        4.3442405467        1.6830661294
 H          1.4033664421        5.3022097608        1.3538976387
 H          1.6085341407        2.8362274448        3.1495578128
 H         -0.8141498233        4.5510698327        2.4410843202
 H         -0.6105029355        2.8347809565        2.0783176506
 H         -0.7709061527        3.3713696441        3.7536896441
 H          1.1225753020        4.4484409774        4.9426448864
 H          1.0611037169        5.7652960042        3.7706291713
 H          2.5790102717        4.9180401821        4.0660514882
 H          1.5605693579        1.6855549026        1.4608313666
 H          3.5455626924        0.1059254072        0.8721943994
 H          2.9496796191       -0.6034630079       -1.9778327783
 H          3.2357370831       -1.9416172224       -0.8489009389
 H          5.3775019690       -2.1203281713        0.3511658863
 H          7.7980618163       -1.5848069199        0.3826012779
 H          9.1857387978        1.0345758583       -1.4976576411
 H          7.1260550063        1.5524268665       -2.4289230479
 H          4.7296429712        1.0059667500       -2.4611230595
 H          0.7577062074       -0.6260013552        0.3756064387
 H          0.2007838744       -1.7260603239        2.6879926847
 H          1.1033668758       -3.6565995456        3.8298205178
 H          1.4349265221       -4.4759133809        2.3040441382
 H         -0.7168995399       -5.3867701692        2.4190700906
 H         -1.1739812226       -4.3349971245        3.7578325413
 H         -2.0088096675       -2.6579713342        2.3315811970
 H         -2.1337389679       -3.9726266788        1.1415645590
 H         -0.7125405040       -2.3289034811       -2.0700984057
 H         -0.6521908878       -4.6242968403       -2.4165953311
 H         -2.2596691429       -4.0126957735       -2.7869157096
 H         -1.6016245943       -5.5016767307       -0.2095914674
 H         -2.6006739853       -6.6143842083       -2.8617908711
 H         -2.4660845957       -7.5219613393       -1.3551493177
 H         -1.0163691122       -6.9072327262       -2.1451553466
 H         -3.8070931545       -4.3444781738       -0.0834106359
 H         -4.0815802232       -6.0541711803       -0.3580622832
 H         -4.2153978970       -4.9274869495       -1.7024745288
 H         -3.2203385890       -2.5450270773       -0.7777971785
  111
 Etot=        -158.1812177715
 C         -5.7052683130       -0.2304708695        1.9739290287
 C         -5.4319943024       -1.1901630644        0.7993306312
 C         -6.7361474423       -1.7467457300        0.2324248479
 C         -4.6526827525       -0.4720113786       -0.3135068273
 C         -3.2464402360       -0.0632198144        0.1393819398
 N         -2.9252935604        1.3068284710       -0.2234825463
 C         -2.5661570123        1.5841285071       -1.4951758040
 O         -2.8739419144        0.8750394527       -2.4383858041
 C         -1.7342486729        2.8529302445       -1.6617218799
 C         -2.6174486818        4.1016569698       -1.8078394595
 C         -3.7366126692        4.3229203007       -0.7808755095
 C         -4.6394766394        5.4475133546       -1.2930618999
 C         -3.1964770208        4.6955660390        0.5963566225
 N         -0.7334936879        2.8607631320       -0.5932232763
 C          0.1230252407        3.8648776099       -0.3283822946
 O         -0.0832697000        5.0433269180       -0.5827989746
 C          1.4602335293        3.4694678448        0.3228167379
 C          1.7639494107        4.3050938370        1.5742802765
 C          1.1572417380        3.8045896205        2.8920677153
 C         -0.3529654860        3.6164912003        2.7927190112
 C          1.4948950676        4.8055566956        3.9965627817
 N          1.6668870226        2.0514191318        0.5316455438
 C          2.3058024162        1.3061581046       -0.3896171226
 O          2.4932016594        1.7126652224       -1.5276374476
 C          2.7812960072       -0.0599899046        0.1056857518
 C          3.4292434034       -0.8636824402       -1.0408520650
 C          4.9072039434       -0.5913534239       -1.0788414061
 C          5.7710017046       -1.3117349030       -0.2619078603
 C          7.1215332473       -1.0279313362       -0.2376559091
 C          7.6361940235       -0.0031424510       -1.0285064434
 O          8.9731922346        0.2517081114       -0.9544289474
 C          6.7786206974        0.7210590424       -1.8478114161
 C          5.4270404631        0.4245760290       -1.8671013983
 N          1.6856096505       -0.7475572884        0.7729409331
 C          1.9090266529       -1.9035216714        1.4481960841
 O          3.0147292454       -2.3257954653        1.7171940143
 C          0.6268839687       -2.4940134506        2.0282744609
 C          0.7326400149       -3.7985995416        2.8196493909
 C         -0.7147514398       -4.3367537232        2.7837007530
 C         -1.4608548289       -3.4138268548        1.7910369277
 N         -0.3946902796       -2.7894912068        1.0299154503
 C         -0.0679630568       -3.0228739593       -0.2552150050
 O          1.0975680047       -3.0987657409       -0.6364051968
 C         -1.2007287560       -2.9424272837       -1.2878248677
 C         -1.5946645144       -4.2577241100       -1.9628702876
 C         -2.1993037239       -5.3873109840       -1.1170078170
 C         -2.0623846797       -6.6960842870       -1.9001423477
 C         -3.6758503026       -5.1582149801       -0.7885011772
 N         -2.2994185229       -2.1639453930       -0.7517996599
 C         -2.0787955410       -0.9036903826       -0.3909215435
 O         -0.9542040151       -0.3903710560       -0.4236647919
 H         -6.7559988438       -0.2597407925        2.2586791888
 H         -5.1217127009       -0.4944770308        2.8522553092
 H         -5.4697911419        0.7958751283        1.6998773155
 H         -4.8332900525       -2.0339175142        1.1605056824
 H         -6.5398633822       -2.4645981743       -0.5632987132
 H         -7.3449913147       -0.9409269287       -0.1760300770
 H         -7.3036264162       -2.2485104872        1.0140837681
 H         -4.6048172847       -1.0770334174       -1.2188956590
 H         -5.1903047556        0.4367397622       -0.5866528336
 H         -3.1920517455       -0.1151921843        1.2313397468
 H         -2.5548614345        1.9168648247        0.4958298113
 H         -1.2020160968        2.7380962622       -2.6168232001
 H         -1.9657227607        4.9742956048       -1.8130596712
 H         -3.0758843308        4.0120757122       -2.7928172085
 H         -4.3379040162        3.4097499112       -0.7044443804
 H         -4.0744061315        6.3739821697       -1.3723882354
 H         -5.0409399583        5.2057087238       -2.2746041294
 H         -5.4703739312        5.6053378082       -0.6111128550
 H         -4.0114584746        5.0142305797        1.2414733982
 H         -2.6898348363        3.8597876720        1.0697176022
 H         -2.4824139605        5.5123863778        0.5040898625
 H         -0.3609230556        1.9303701659       -0.4143285217
 H          2.1766586934        3.7647591135       -0.4590716380
 H          2.8459410318        4.3668271599        1.6947368178
 H          1.3917701112        5.3105238977        1.3638507479
 H          1.6202029054        2.8474764167        3.1614407335
 H         -0.8182863545        4.5385416968        2.4534740512
 H         -0.5978417653        2.8243800883        2.0906043669
 H         -0.7634685771        3.3594640003        3.7658291252
 H          1.1215952614        4.4527627071        4.9544517274
 H          1.0402664626        5.7702829653        3.7838953342
 H          2.5703616050        4.9426807019        4.0752544057
 H          1.5815136652        1.6975264714        1.4730310747
 H          3.5523310141        0.1086842623        0.8725855092
 H          2.9628509644       -0.5741628863       -1.9855648287
 H          3.2405497209       -1.9227187442       -0.8677855530
 H          5.3722705829       -2.0923187102        0.3686721124
 H          7.7992665079       -1.5823808694        0.3920384990
 H          9.2134101830        0.9936716059       -1.5300830901
 H          7.1622036735        1.5189578184       -2.4678089341
 H          4.7605397747        1.0011004794       -2.4915906316
 H          0.7669216905       -0.6196579176        0.3587706204
 H          0.2006926557       -1.7096088312        2.6696609550
 H          1.1028875534       -3.6348349132        3.8264649648
 H          1.4247589057       -4.4667255960        2.3045663094
 H         -0.7295117625       -5.3677984374        2.4360181082
 H         -1.1779862253       -4.3007869687        3.7665145466
 H         -2.0091630874       -2.6346841175        2.3278638596
 H         -2.1437090173       -3.9583716116        1.1494542011
 H         -0.7338672824       -2.3320695507       -2.0780379457
 H         -0.6701799344       -4.6294278899       -2.4102015829
 H         -2.2788161112       -4.0210368664       -2.7800707640
 H         -1.6185719081       -5.4932707172       -0.1944697113
 H         -2.6049427149       -6.6330798228       -2.8398778804
 H         -2.4623803703       -7.5270001508       -1.3256376118
 H         -1.0178171170       -6.9058224400       -2.1206672488
 H         -3.8281230360       -4.3425800884       -0.0864138127
 H         -4.0935589867       -6.0578514732       -0.3426179517
 H         -4.2310064672       -4.9460384060       -1.6997330329
 H         -3.2405161942       -2.5331661075       -0.8031324347
  111
 Etot=        -158.1817089319
 C         -5.7174937797       -0.2687059501        1.9675331951
 C         -5.4398517221       -1.2046833179        0.7742879575
 C         -6.7427885306       -1.7520230345        0.1941556220
 C         -4.6598982592       -0.4622865818       -0.3230316508
 C         -3.2538181628       -0.0587807739        0.1383973914
 N         -2.9250562623        1.3088394954       -0.2270106960
 C         -2.5466677667        1.5784193125       -1.4924080096
 O         -2.8250595254        0.8524928710       -2.4372944632
 C         -1.7238344808        2.8531165319       -1.6547909034
 C         -2.6161992361        4.0973619872       -1.7984923021
 C         -3.7321853482        4.3120719697       -0.7676511714
 C         -4.6538774518        5.4203821138       -1.2827683258
 C         -3.1860126209        4.7025723951        0.6026548227
 N         -0.7250631713        2.8651880146       -0.5844164883
 C          0.1318032196        3.8705048867       -0.3241533363
 O         -0.0778053880        5.0454405602       -0.5797351779
 C          1.4675454166        3.4809410303        0.3333633286
 C          1.7621377802        4.3172785467        1.5874942457
 C          1.1599884226        3.8103425861        2.9044998207
 C         -0.3483399395        3.6083593917        2.8061766455
 C          1.4868988250        4.8160265021        4.0088946162
 N          1.6799362959        2.0633271502        0.5407774583
 C          2.3210216223        1.3206546695       -0.3820602023
 O          2.5112142789        1.7288594471       -1.5188259501
 C          2.7919789524       -0.0506769164        0.1047883859
 C          3.4388269588       -0.8470531143       -1.0475151124
 C          4.9177932416       -0.5829083061       -1.0855433683
 C          5.7744475894       -1.3003662645       -0.2565476723
 C          7.1282249379       -1.0301495140       -0.2358996028
 C          7.6537598206       -0.0231308741       -1.0444930456
 O          8.9943210997        0.2169659620       -0.9800573467
 C          6.8042979572        0.6991278743       -1.8741277275
 C          5.4491000525        0.4166731730       -1.8896580689
 N          1.6949365838       -0.7415209331        0.7651393911
 C          1.9113446930       -1.9034172892        1.4312373197
 O          3.0157260509       -2.3421748108        1.6908106836
 C          0.6274737015       -2.4831074528        2.0156843145
 C          0.7288857383       -3.7825049224        2.8161770254
 C         -0.7200100123       -4.3138129660        2.7891387814
 C         -1.4645605733       -3.3973980875        1.7902299706
 N         -0.3983011208       -2.7815149496        1.0234304617
 C         -0.0779462921       -3.0144215912       -0.2629526702
 O          1.0859357867       -3.0890789934       -0.6488488821
 C         -1.2162956812       -2.9418379278       -1.2909889821
 C         -1.6095511513       -4.2621731621       -1.9581353972
 C         -2.2098439349       -5.3884013226       -1.1047241464
 C         -2.0663000730       -6.7032366078       -1.8764704257
 C         -3.6881289079       -5.1617863625       -0.7815402497
 N         -2.3145804535       -2.1638537070       -0.7518333171
 C         -2.0882140861       -0.9047942765       -0.3886825792
 O         -0.9597990008       -0.3989239552       -0.4118868608
 H         -6.7630729139       -0.3299419027        2.2721491016
 H         -5.1093664186       -0.5289918068        2.8312452513
 H         -5.5149849645        0.7691379485        1.7027958711
 H         -4.8411166201       -2.0539167068        1.1216115423
 H         -6.5440802709       -2.4610356373       -0.6056193530
 H         -7.3472114508       -0.9436957008       -0.2095787072
 H         -7.3166051380       -2.2610123636        0.9646404175
 H         -4.6105795708       -1.0484871044       -1.2428764597
 H         -5.1994286155        0.4528214361       -0.5775208277
 H         -3.2056438489       -0.1097535518        1.2306193772
 H         -2.5727534200        1.9239837409        0.4916789287
 H         -1.1869618665        2.7465086570       -2.6102695572
 H         -1.9691700246        4.9751023237       -1.8103425805
 H         -3.0795807942        4.0038440615       -2.7832322184
 H         -4.3214365881        3.3923006575       -0.6800716734
 H         -4.1013408850        6.3532239328       -1.3776621439
 H         -5.0629746428        5.1632869233       -2.2577631927
 H         -5.4797878338        5.5761013118       -0.5944201411
 H         -3.9998558898        5.0049117712        1.2570179568
 H         -2.6536122626        3.8800879172        1.0734118259
 H         -2.4910899524        5.5361130383        0.4997982913
 H         -0.3540671680        1.9365194069       -0.4034914528
 H          2.1864703982        3.7836162343       -0.4449177771
 H          2.8442148298        4.3887665408        1.7085746502
 H          1.3819305444        5.3197337066        1.3788183124
 H          1.6319356450        2.8582811801        3.1753551168
 H         -0.8218663023        4.5266573219        2.4682138113
 H         -0.5868438952        2.8142840027        2.1045205546
 H         -0.7560156419        3.3475228963        3.7795168417
 H          1.1199190876        4.4593416815        4.9678132786
 H          1.0196975084        5.7751938547        3.7957472785
 H          2.5612066514        4.9673931319        4.0862104279
 H          1.5936417231        1.7074633269        1.4805431178
 H          3.5621124019        0.1104543080        0.8736462340
 H          2.9719597176       -0.5499981286       -1.9890419556
 H          3.2468528522       -1.9072037701       -0.8829435737
 H          5.3665540580       -2.0688884348        0.3855355343
 H          7.8000452858       -1.5824127672        0.4031667041
 H          9.2371904838        0.9561618838       -1.5595993806
 H          7.1971734136        1.4846751144       -2.5051681166
 H          4.7892353096        0.9922029759       -2.5231050386
 H          0.7739818785       -0.6039013345        0.3554282046
 H          0.2046662119       -1.6937977618        2.6530571783
 H          1.1024119062       -3.6108639537        3.8213569576
 H          1.4167710934       -4.4575249864        2.3056164267
 H         -0.7409926627       -5.3485771457        2.4518888925
 H         -1.1801072895       -4.2648810408        3.7730670499
 H         -2.0075751268       -2.6113435239        2.3221777520
 H         -2.1504616136       -3.9436692839        1.1541839688
 H         -0.7543265997       -2.3343967024       -2.0884578601
 H         -0.6855046234       -4.6338125784       -2.4061169327
 H         -2.2964576194       -4.0309776486       -2.7747098319
 H         -1.6311661952       -5.4852746070       -0.1808055250
 H         -2.6099987311       -6.6529487825       -2.8171720024
 H         -2.4614336180       -7.5315422096       -1.2939137778
 H         -1.0207356184       -6.9094257063       -2.0952252826
 H         -3.8447976915       -4.3380199553       -0.0895589483
 H         -4.1043950580       -6.0574897954       -0.3259627258
 H         -4.2420074664       -4.9622389100       -1.6969213073
 H         -3.2531291801       -2.5236164042       -0.8145142836
  111
 Etot=        -158.1821647016
 C         -5.7289073670       -0.3089670805        1.9553950193
 C         -5.4473979274       -1.2207479227        0.7469865928
 C         -6.7493202639       -1.7590119488        0.1553275311
 C         -4.6668462121       -0.4559130307       -0.3331709287
 C         -3.2614821995       -0.0535710702        0.1352395210
 N         -2.9269168548        1.3124591799       -0.2306793546
 C         -2.5330891100        1.5774902046       -1.4880634412
 O         -2.7897060477        0.8396854920       -2.4321027919
 C         -1.7151638754        2.8535030423       -1.6517026050
 C         -2.6113448660        4.0971817816       -1.7901028783
 C         -3.7248852084        4.3052412854       -0.7571117521
 C         -4.6627286189        5.3987975709       -1.2699602256
 C         -3.1760945968        4.7065171185        0.6076416311
 N         -0.7141404051        2.8680981529       -0.5824808473
 C          0.1415895757        3.8752230079       -0.3227278544
 O         -0.0649838125        5.0492360445       -0.5867820121
 C          1.4746414779        3.4894365470        0.3426350022
 C          1.7613908814        4.3267566493        1.5990721489
 C          1.1628213516        3.8146878739        2.9148016410
 C         -0.3433647033        3.6007425532        2.8159930998
 C          1.4797272811        4.8232692309        4.0200744604
 N          1.6901305837        2.0724620865        0.5493878947
 C          2.3357397674        1.3332794072       -0.3734032217
 O          2.5353901008        1.7460430154       -1.5071982394
 C          2.8013396110       -0.0438314871        0.1039738323
 C          3.4447325246       -0.8328166346       -1.0559899956
 C          4.9240178850       -0.5752806719       -1.0955415401
 C          5.7749347483       -1.2891550978       -0.2567975674
 C          7.1307036788       -1.0313377210       -0.2368876853
 C          7.6638075201       -0.0401118198       -1.0571243821
 O          9.0071937403        0.1862757299       -1.0040900940
 C          6.8209595574        0.6815270997       -1.8927247103
 C          5.4636527383        0.4113011568       -1.9077698629
 N          1.7037346603       -0.7354922036        0.7603079718
 C          1.9134941955       -1.9004290802        1.4206636822
 O          3.0170652015       -2.3523542700        1.6751103793
 C          0.6299777817       -2.4722725367        2.0078679370
 C          0.7278701098       -3.7676756383        2.8155849388
 C         -0.7223612956       -4.2920247841        2.7965578021
 C         -1.4667662574       -3.3813499917        1.7928473219
 N         -0.3999359244       -2.7727493639        1.0213810630
 C         -0.0846756975       -3.0069190318       -0.2659413209
 O          1.0772420059       -3.0807071719       -0.6562055369
 C         -1.2287248934       -2.9409318972       -1.2891113164
 C         -1.6236665470       -4.2640195418       -1.9512841065
 C         -2.2185777534       -5.3886504404       -1.0916516249
 C         -2.0704952638       -6.7066678153       -1.8559052032
 C         -3.6976715394       -5.1666308748       -0.7692040489
 N         -2.3258711341       -2.1632514200       -0.7461782958
 C         -2.0960243779       -0.9031781299       -0.3871388668
 O         -0.9653302614       -0.4030779840       -0.4043434212
 H         -6.7644569495       -0.4084733707        2.2806895463
 H         -5.0916543161       -0.5537039491        2.8019768920
 H         -5.5675750516        0.7368164121        1.6955024705
 H         -4.8480791239       -2.0740263990        1.0803236205
 H         -6.5488121916       -2.4541235852       -0.6576242131
 H         -7.3543297660       -0.9433877846       -0.2344439995
 H         -7.3234237537       -2.2826865180        0.9160540144
 H         -4.6137171377       -1.0259195714       -1.2623510739
 H         -5.2107491494        0.4600603548       -0.5736921452
 H         -3.2209379896       -0.1046711416        1.2274704693
 H         -2.5928021447        1.9326579902        0.4884656388
 H         -1.1802328167        2.7499665103       -2.6099971381
 H         -1.9641388243        4.9749148095       -1.8020008176
 H         -3.0763040812        4.0090234333       -2.7763235176
 H         -4.3029688196        3.3811336535       -0.6627172305
 H         -4.1206207187        6.3344900498       -1.3816449324
 H         -5.0822815315        5.1280037243       -2.2364154810
 H         -5.4809890844        5.5549487905       -0.5723684839
 H         -3.9872120347        4.9888074325        1.2742153016
 H         -2.6196975101        3.8960675341        1.0677314637
 H         -2.5015606729        5.5542452953        0.5003980356
 H         -0.3491667409        1.9377988315       -0.3945257215
 H          2.1978716001        3.7970799928       -0.4312845418
 H          2.8432330382        4.4048419581        1.7209759293
 H          1.3757638713        5.3268425208        1.3920159874
 H          1.6420399259        2.8673029539        3.1872930515
 H         -0.8234877123        4.5161859018        2.4803108235
 H         -0.5755009602        2.8060571497        2.1131574033
 H         -0.7495065729        3.3351911206        3.7887284855
 H          1.1169007046        4.4641187176        4.9791840669
 H          1.0048402177        5.7776604353        3.8063563967
 H          2.5520127592        4.9842442366        4.0975470681
 H          1.5999985743        1.7142434676        1.4871934410
 H          3.5732750153        0.1086795682        0.8725263065
 H          2.9746800317       -0.5278207970       -1.9927010048
 H          3.2507319556       -1.8943167685       -0.8996159455
 H          5.3598024234       -2.0487708370        0.3903744026
 H          7.7969951301       -1.5823400236        0.4088227843
 H          9.2476477167        0.9219769850       -1.5887611715
 H          7.2212673330        1.4565684166       -2.5302459328
 H          4.8100413920        0.9860699491       -2.5481515597
 H          0.7820102951       -0.5927179306        0.3531419734
 H          0.2099749474       -1.6798629222        2.6427547633
 H          1.1049241495       -3.5886126444        3.8189431186
 H          1.4125326658       -4.4479569364        2.3096073904
 H         -0.7489269120       -5.3293978563        2.4685000450
 H         -1.1791347864       -4.2324797297        3.7809623823
 H         -2.0048692165       -2.5894092860        2.3204491908
 H         -2.1548992866       -3.9284163573        1.1611496419
 H         -0.7700267427       -2.3351357852       -2.0909875065
 H         -0.7015786811       -4.6349843040       -2.4037648851
 H         -2.3155001059       -4.0350515037       -2.7643413476
 H         -1.6401521751       -5.4787348394       -0.1682046927
 H         -2.6127042415       -6.6631972427       -2.7974917970
 H         -2.4651238493       -7.5327919766       -1.2701355902
 H         -1.0245146380       -6.9120668008       -2.0722059660
 H         -3.8575852225       -4.3363125255       -0.0867645087
 H         -4.1106206593       -6.0584147229       -0.3034203664
 H         -4.2531154804       -4.9798305220       -1.6858966867
 H         -3.2677190389       -2.5141975467       -0.8314660527
  111
 Etot=        -158.1826058082
 C         -5.7433387675       -0.3587034797        1.9404679746
 C         -5.4564431854       -1.2400186840        0.7121353483
 C         -6.7569210082       -1.7662708273        0.1060177230
 C         -4.6760559315       -0.4494125042       -0.3485198671
 C         -3.2734719025       -0.0475324565        0.1303498320
 N         -2.9330673230        1.3166772344       -0.2374788839
 C         -2.5096477105        1.5714794023       -1.4894992803
 O         -2.7430453464        0.8254080041       -2.4321392866
 C         -1.7026397438        2.8553009081       -1.6485618635
 C         -2.6049925652        4.0966148960       -1.7792764054
 C         -3.7166689588        4.2953625909       -0.7435167297
 C         -4.6741221598        5.3717165416       -1.2560624131
 C         -3.1641742896        4.7103364986        0.6152647292
 N         -0.6998466693        2.8711077472       -0.5796831063
 C          0.1537032197        3.8797090953       -0.3194673800
 O         -0.0514997808        5.0515044354       -0.5914925077
 C          1.4846252040        3.4989969428        0.3544250646
 C          1.7622468935        4.3370792418        1.6134006523
 C          1.1678903401        3.8187052816        2.9280031743
 C         -0.3360278614        3.5890802809        2.8276899843
 C          1.4724812374        4.8313467513        4.0334647114
 N          1.7050781435        2.0828114810        0.5589948665
 C          2.3545542322        1.3487670363       -0.3645826141
 O          2.5655274968        1.7693282313       -1.4936326484
 C          2.8132220948       -0.0352789204        0.1027674731
 C          3.4486898852       -0.8180806342       -1.0662512898
 C          4.9285620817       -0.5681589152       -1.1077114391
 C          5.7725169089       -1.2780730677       -0.2584863799
 C          7.1305838833       -1.0342744904       -0.2393444710
 C          7.6729465586       -0.0612087239       -1.0734405577
 O          9.0189185366        0.1506748562       -1.0301820500
 C          6.8374361167        0.6592827555       -1.9169647382
 C          5.4774122532        0.4034535643       -1.9302094733
 N          1.7147259466       -0.7250191547        0.7578994074
 C          1.9184823470       -1.8967599508        1.4088026603
 O          3.0204719517       -2.3604988396        1.6590213405
 C          0.6340597537       -2.4602420914        1.9989349634
 C          0.7264615149       -3.7506208156        2.8160099058
 C         -0.7265360098       -4.2656115610        2.8053266785
 C         -1.4682477715       -3.3607017975        1.7941471307
 N         -0.3989775959       -2.7632396986        1.0170029710
 C         -0.0914950830       -2.9966547487       -0.2716811804
 O          1.0686177477       -3.0645503093       -0.6696031851
 C         -1.2415483400       -2.9374261864       -1.2888117256
 C         -1.6389234888       -4.2642951104       -1.9430909858
 C         -2.2268851815       -5.3861735749       -1.0744602109
 C         -2.0756733824       -6.7093190445       -1.8289799319
 C         -3.7059131203       -5.1678870254       -0.7505292629
 N         -2.3378349378       -2.1614483343       -0.7403723500
 C         -2.1054967487       -0.9001400590       -0.3828915944
 O         -0.9730646905       -0.4047579486       -0.3922008322
 H         -6.7642638474       -0.5096318358        2.2952215047
 H         -5.0688267456       -0.5837842319        2.7646276140
 H         -5.6378684490        0.6976226730        1.6880291052
 H         -4.8574085700       -2.1007917061        1.0271725884
 H         -6.5551059015       -2.4438352955       -0.7214023441
 H         -7.3632517115       -0.9434742433       -0.2658518353
 H         -7.3307588208       -2.3077945118        0.8542921654
 H         -4.6159452625       -0.9996836631       -1.2887757895
 H         -5.2245293376        0.4677785097       -0.5722248422
 H         -3.2432714348       -0.0965368078        1.2226423721
 H         -2.6323052579        1.9513841708        0.4923968312
 H         -1.1694066079        2.7580206105       -2.6091805046
 H         -1.9589904037        4.9752827742       -1.7895501207
 H         -3.0708482361        4.0137187968       -2.7661029878
 H         -4.2802361810        3.3635434513       -0.6403825570
 H         -4.1459237149        6.3130703792       -1.3881236027
 H         -5.1061294025        5.0836325507       -2.2121141658
 H         -5.4835181996        5.5276103736       -0.5475048658
 H         -3.9743489832        4.9671728352        1.2938067131
 H         -2.5770275307        3.9157024391        1.0649855787
 H         -2.5168191295        5.5780977868        0.5019313326
 H         -0.3398868243        1.9412036865       -0.3873012866
 H          2.2119125984        3.8114683706       -0.4141992872
 H          2.8436345840        4.4231469128        1.7359916251
 H          1.3693637610        5.3347676899        1.4076242026
 H          1.6575965372        2.8769534799        3.2013539255
 H         -0.8250743454        4.5011813019        2.4949329258
 H         -0.5602177555        2.7938228676        2.1225215960
 H         -0.7402870546        3.3168367757        3.7995526276
 H          1.1140878419        4.4674835307        4.9924388216
 H          0.9857534996        5.7798392419        3.8197431165
 H          2.5428113284        5.0054542188        4.1110169651
 H          1.6057289650        1.7183072470        1.4936381788
 H          3.5897205610        0.1069257193        0.8688058137
 H          2.9760599834       -0.5033428207       -1.9980454484
 H          3.2504113290       -1.8804936651       -0.9172276313
 H          5.3483188069       -2.0256857275        0.3969665601
 H          7.7896342350       -1.5839748795        0.4143993979
 H          9.2575690140        0.8799498356       -1.6231054340
 H          7.2466568150        1.4214784567       -2.5638646036
 H          4.8306077718        0.9768501546       -2.5781616447
 H          0.7927449382       -0.5788824820        0.3540765777
 H          0.2182343144       -1.6621687769        2.6302064907
 H          1.1073291628       -3.5642605881        3.8169861818
 H          1.4070316785       -4.4388035785        2.3153689383
 H         -0.7605474916       -5.3061616024        2.4882905392
 H         -1.1808912563       -4.1932166628        3.7898128958
 H         -2.0022191916       -2.5612976174        2.3147977710
 H         -2.1586206705       -3.9090889948        1.1668578017
 H         -0.7876863571       -2.3338940143       -2.0953133744
 H         -0.7194690733       -4.6358754503       -2.4012857604
 H         -2.3367879466       -4.0389366083       -2.7524760428
 H         -1.6465737721       -5.4663751953       -0.1514556664
 H         -2.6152252062       -6.6729198596       -2.7722660010
 H         -2.4720191181       -7.5314987956       -1.2386767508
 H         -1.0293775111       -6.9164101584       -2.0413278430
 H         -3.8682952473       -4.3273444277       -0.0811928629
 H         -4.1126773787       -6.0547451707       -0.2692047669
 H         -4.2655294306       -4.9993305123       -1.6685415522
 H         -3.2781421404       -2.5041781929       -0.8458795984
  111
 Etot=        -158.1828846904
 C         -5.7433688636       -0.3640314830        1.9377645315
 C         -5.4557407071       -1.2407034208        0.7070431169
 C         -6.7554387318       -1.7653748341        0.0990667610
 C         -4.6755980408       -0.4477332764       -0.3515583804
 C         -3.2741248271       -0.0464332072        0.1286392619
 N         -2.9334105378        1.3180761287       -0.2390464742
 C         -2.5116362587        1.5749365327       -1.4905732326
 O         -2.7431452357        0.8292566647       -2.4328659976
 C         -1.7029475501        2.8582914628       -1.6485348613
 C         -2.6053191489        4.0982501407       -1.7793584809
 C         -3.7173749386        4.2965997458       -0.7431831695
 C         -4.6736747777        5.3742412874       -1.2558041426
 C         -3.1645571914        4.7101129605        0.6165421965
 N         -0.7006686813        2.8718171204       -0.5790621359
 C          0.1528926010        3.8803374691       -0.3177400220
 O         -0.0520660296        5.0529220575       -0.5891559383
 C          1.4846676552        3.4979629569        0.3548030481
 C          1.7627629848        4.3350830271        1.6137136497
 C          1.1683094562        3.8168579504        2.9287727690
 C         -0.3355900575        3.5874943871        2.8280820709
 C          1.4726409022        4.8295833637        4.0336432202
 N          1.7052258006        2.0815591551        0.5575095018
 C          2.3549048911        1.3488321970       -0.3662374579
 O          2.5679982357        1.7718004098       -1.4934282193
 C          2.8128754144       -0.0353985529        0.1017248054
 C          3.4464263117       -0.8197970255       -1.0667488265
 C          4.9267197155       -0.5711043790       -1.1087959478
 C          5.7706083745       -1.2802737549       -0.2596159148
 C          7.1285148849       -1.0352846703       -0.2407527722
 C          7.6710466068       -0.0619092416       -1.0752286193
 O          9.0159428959        0.1532496308       -1.0265069481
 C          6.8348820364        0.6563612661       -1.9206944563
 C          5.4748998004        0.4002143215       -1.9326990993
 N          1.7137227021       -0.7247863746        0.7567373339
 C          1.9191169691       -1.8948008187        1.4106319141
 O          3.0215608145       -2.3502829256        1.6681993740
 C          0.6342234655       -2.4597503530        2.0009575246
 C          0.7274864302       -3.7493266391        2.8187665719
 C         -0.7257094287       -4.2652549769        2.8076026596
 C         -1.4668506564       -3.3607639695        1.7955246499
 N         -0.3976450221       -2.7635645196        1.0178383566
 C         -0.0901829558       -2.9968517406       -0.2705610685
 O          1.0697696580       -3.0631419718       -0.6692170426
 C         -1.2400979860       -2.9368803438       -1.2876257946
 C         -1.6381306008       -4.2632676660       -1.9411812738
 C         -2.2250591349       -5.3848934691       -1.0720292372
 C         -2.0755424782       -6.7079848329       -1.8271801786
 C         -3.7033524211       -5.1656690415       -0.7458532139
 N         -2.3363939247       -2.1600951689       -0.7407355259
 C         -2.1051907658       -0.8990166657       -0.3816426005
 O         -0.9735972589       -0.4026875441       -0.3888259886
 H         -6.7537762096       -0.5346024054        2.3019341643
 H         -5.0603181221       -0.5796494293        2.7550119717
 H         -5.6591516383        0.6922017507        1.6908721209
 H         -4.8562562821       -2.1020341865        1.0196005719
 H         -6.5534432016       -2.4333876356       -0.7352388780
 H         -7.3644126086       -0.9407261917       -0.2631776944
 H         -7.3264479218       -2.3150146526        0.8430517098
 H         -4.6138906613       -0.9953327162       -1.2927424769
 H         -5.2240746221        0.4697800159       -0.5727484127
 H         -3.2442702423       -0.0946615061        1.2208331356
 H         -2.6329936815        1.9505982079        0.4888005958
 H         -1.1690575544        2.7620264945       -2.6076778520
 H         -1.9602799950        4.9772473203       -1.7872435870
 H         -3.0698203416        4.0141477623       -2.7653651986
 H         -4.2825864466        3.3651147572       -0.6413613553
 H         -4.1443133156        6.3148291311       -1.3884972688
 H         -5.1057454479        5.0854215618       -2.2112123777
 H         -5.4824729619        5.5309493612       -0.5468475905
 H         -3.9753780650        4.9626293033        1.2953271994
 H         -2.5741220437        3.9173982302        1.0643843325
 H         -2.5211357486        5.5803853215        0.5037521508
 H         -0.3397677642        1.9412195649       -0.3882219751
 H          2.2105765578        3.8092158798       -0.4141701706
 H          2.8437509913        4.4217493634        1.7363998467
 H          1.3694743258        5.3328561350        1.4076252477
 H          1.6582293222        2.8749063336        3.2011839534
 H         -0.8242859072        4.5004341933        2.4968987885
 H         -0.5607183520        2.7937850027        2.1211266651
 H         -0.7394220872        3.3135074974        3.7995900111
 H          1.1132622238        4.4657678165        4.9924827654
 H          0.9857316213        5.7779620710        3.8197650004
 H          2.5429087714        5.0037203595        4.1116197067
 H          1.6007866929        1.7135517953        1.4911530576
 H          3.5893086153        0.1063987266        0.8676819211
 H          2.9753080520       -0.5048822339       -1.9994352235
 H          3.2460476149       -1.8813062099       -0.9158319878
 H          5.3466434295       -2.0262661268        0.3974734315
 H          7.7874036941       -1.5841733912        0.4135049689
 H          9.2601343712        0.8723641737       -1.6291228203
 H          7.2436452769        1.4187913584       -2.5680478869
 H          4.8270130113        0.9730602393       -2.5797865525
 H          0.7921972111       -0.5810716918        0.3525574196
 H          0.2185292009       -1.6605994922        2.6313197584
 H          1.1086323964       -3.5639654783        3.8192765538
 H          1.4080825034       -4.4374007332        2.3170760129
 H         -0.7597078905       -5.3057346601        2.4908921904
 H         -1.1805152974       -4.1927128620        3.7919452617
 H         -2.0024862391       -2.5618826327        2.3153360288
 H         -2.1568610637       -3.9102640157        1.1680940632
 H         -0.7871124927       -2.3336284612       -2.0937747810
 H         -0.7193822410       -4.6353507323       -2.4006522077
 H         -2.3368026693       -4.0379656735       -2.7498590960
 H         -1.6425570624       -5.4652359854       -0.1497567663
 H         -2.6148854212       -6.6698530050       -2.7707001472
 H         -2.4732330871       -7.5296878587       -1.2372210295
 H         -1.0293054086       -6.9163498752       -2.0388969889
 H         -3.8648017993       -4.3235947008       -0.0787903375
 H         -4.1079480700       -6.0512194775       -0.2614892931
 H         -4.2649994737       -4.9998573845       -1.6627417378
 H         -3.2781598203       -2.5041121050       -0.8463276744
  111
 Etot=        -158.1833648673
 C         -5.7446236059       -0.3839078670        1.9311757958
 C         -5.4539494142       -1.2451904511        0.6918805869
 C         -6.7527527708       -1.7627655299        0.0776766041
 C         -4.6742234024       -0.4423659467       -0.3590313375
 C         -3.2754710718       -0.0422061788        0.1250215105
 N         -2.9330069482        1.3222922935       -0.2431687923
 C         -2.5135722444        1.5816264555       -1.4939968478
 O         -2.7441763011        0.8383146120       -2.4370333542
 C         -1.7036254563        2.8657358763       -1.6489165103
 C         -2.6057139285        4.1039137591       -1.7785992880
 C         -3.7192461555        4.3007523838       -0.7423421625
 C         -4.6727076896        5.3817767380       -1.2544170426
 C         -3.1667951789        4.7101909140        0.6196410175
 N         -0.7024196901        2.8737353633       -0.5781199565
 C          0.1511971010        3.8815953497       -0.3140562941
 O         -0.0539250701        5.0556997172       -0.5816325137
 C          1.4845665204        3.4959579013        0.3556509213
 C          1.7643397939        4.3304884998        1.6145947024
 C          1.1695128856        3.8114211929        2.9300046085
 C         -0.3344049699        3.5827988647        2.8291873471
 C          1.4731104001        4.8236783794        4.0344129577
 N          1.7048301141        2.0789741282        0.5536499494
 C          2.3566658926        1.3492413381       -0.3699434100
 O          2.5756624158        1.7769238994       -1.4935149520
 C          2.8110860460       -0.0361312593        0.0983155698
 C          3.4401753048       -0.8247404012       -1.0688319041
 C          4.9214760456       -0.5795085759       -1.1124882560
 C          5.7653109340       -1.2859184077       -0.2622856196
 C          7.1228094586       -1.0380900844       -0.2442993728
 C          7.6651556440       -0.0643126563       -1.0796689464
 O          9.0076946529        0.1565946045       -1.0205289897
 C          6.8275739412        0.6488083111       -1.9291706033
 C          5.4681391656        0.3906478246       -1.9397585383
 N          1.7107421617       -0.7225994099        0.7551654515
 C          1.9208746723       -1.8857986966        1.4209263274
 O          3.0252683139       -2.3248057394        1.6919192917
 C          0.6349011077       -2.4572932654        2.0076441911
 C          0.7302365773       -3.7459866833        2.8252343546
 C         -0.7232641775       -4.2635257170        2.8135146627
 C         -1.4638010688       -3.3605333498        1.7995731763
 N         -0.3943324705       -2.7630944306        1.0220626835
 C         -0.0866567181       -2.9946255547       -0.2659229231
 O          1.0732151966       -3.0598943359       -0.6652546985
 C         -1.2357837941       -2.9340998630       -1.2839049665
 C         -1.6356323423       -4.2597507854       -1.9358177618
 C         -2.2197530208       -5.3808795677       -1.0649034675
 C         -2.0753128694       -6.7038711425       -1.8215375031
 C         -3.6960373715       -5.1603936859       -0.7312031635
 N         -2.3324090827       -2.1550905521       -0.7409873468
 C         -2.1039675589       -0.8944641029       -0.3788996595
 O         -0.9736561339       -0.3964154192       -0.3800689599
 H         -6.7292627309       -0.6122574562        2.3273205020
 H         -5.0256984367       -0.5671351854        2.7250330071
 H         -5.7235834913        0.6739062834        1.6870003435
 H         -4.8539983678       -2.1088934097        0.9971792997
 H         -6.5502593298       -2.4033327787       -0.7774515479
 H         -7.3698089709       -0.9319544085       -0.2561768022
 H         -7.3152656212       -2.3377265254        0.8089155837
 H         -4.6087883173       -0.9818057679       -1.3039713405
 H         -5.2237815088        0.4759240900       -0.5728342760
 H         -3.2474890940       -0.0872635460        1.2171832351
 H         -2.6330157461        1.9517351589        0.4815432819
 H         -1.1683847327        2.7716521440       -2.6055115423
 H         -1.9633773388        4.9843851427       -1.7820542654
 H         -3.0686034343        4.0185408474       -2.7630517880
 H         -4.2877106452        3.3701026578       -0.6438224307
 H         -4.1401083005        6.3202153203       -1.3887392455
 H         -5.1057786340        5.0921563325       -2.2084915185
 H         -5.4798035190        5.5414661065       -0.5443818985
 H         -3.9793109095        4.9493331204        1.3005683614
 H         -2.5667123588        3.9215940617        1.0604207737
 H         -2.5338699149        5.5879381356        0.5097098751
 H         -0.3395464594        1.9419263270       -0.3914836122
 H          2.2079979204        3.8052338036       -0.4141143146
 H          2.8447203933        4.4175160683        1.7376810841
 H          1.3706402646        5.3287602587        1.4090361179
 H          1.6598699788        2.8689784512        3.2001265522
 H         -0.8226726626        4.4979522586        2.5030677564
 H         -0.5614575164        2.7933366176        2.1175718264
 H         -0.7372264452        3.3035430148        3.7995399949
 H          1.1116902160        4.4602188554        4.9929895438
 H          0.9862954460        5.7720573866        3.8200728620
 H          2.5431769377        4.9977604157        4.1137929717
 H          1.5850788257        1.7018652061        1.4833533876
 H          3.5877970858        0.1044926340        0.8636896631
 H          2.9714442981       -0.5096428968       -2.0028903698
 H          3.2354921363       -1.8845271217       -0.9145557060
 H          5.3425108439       -2.0300283089        0.3971432708
 H          7.7817400158       -1.5844833266        0.4115480023
 H          9.2651680147        0.8518329878       -1.6459503301
 H          7.2353473237        1.4100108727       -2.5792368472
 H          4.8180824567        0.9601506912       -2.5871753879
 H          0.7897284460       -0.5854179234        0.3498821559
 H          0.2185219874       -1.6572390428        2.6368494052
 H          1.1117252996       -3.5626764949        3.8250676340
 H          1.4107887726       -4.4338294433        2.3215665679
 H         -0.7564237322       -5.3041821265        2.4982258330
 H         -1.1787982320       -4.1900871938        3.7975725235
 H         -2.0028899804       -2.5625710576        2.3172144207
 H         -2.1524648554       -3.9125197040        1.1716890927
 H         -0.7827633884       -2.3324194746       -2.0895678268
 H         -0.7187129463       -4.6327612646       -2.3987544297
 H         -2.3367517618       -4.0347681025       -2.7425022726
 H         -1.6316793944       -5.4621942857       -0.1451794517
 H         -2.6137964769       -6.6613206630       -2.7655553365
 H         -2.4770153101       -7.5244699865       -1.2329578992
 H         -1.0295820867       -6.9161239791       -2.0322044363
 H         -3.8543455866       -4.3133179507       -0.0704978993
 H         -4.0955885973       -6.0423231537       -0.2375910812
 H         -4.2632010558       -5.0022828183       -1.6455914050
 H         -3.2760615918       -2.5016650139       -0.8464547019
  111
 Etot=        -158.1839219463
 C         -5.7462396846       -0.4219994103        1.9202254809
 C         -5.4514342252       -1.2562104480        0.6650799270
 C         -6.7499964345       -1.7590523240        0.0392304724
 C         -4.6710910218       -0.4336519566       -0.3699967968
 C         -3.2762691714       -0.0339626812        0.1205361254
 N         -2.9321417086        1.3302121450       -0.2496127553
 C         -2.5158706960        1.5917501111       -1.5001421678
 O         -2.7452999584        0.8512438953       -2.4448303715
 C         -1.7045629482        2.8770579948       -1.6503419916
 C         -2.6062358977        4.1140119365       -1.7768836531
 C         -3.7219615298        4.3082573491       -0.7411609580
 C         -4.6712482799        5.3942985646       -1.2517000103
 C         -3.1713932998        4.7109176855        0.6242160904
 N         -0.7048383490        2.8776344648       -0.5776014725
 C          0.1487886741        3.8842048116       -0.3087899234
 O         -0.0567762811        5.0601348359       -0.5692675529
 C          1.4839887668        3.4937220472        0.3564775736
 C          1.7666526431        4.3238965180        1.6162210378
 C          1.1715000945        3.8023835484        2.9313469415
 C         -0.3324898121        3.5746613476        2.8307309396
 C          1.4743485384        4.8130490908        4.0364289379
 N          1.7029900778        2.0759037272        0.5479945617
 C          2.3598665545        1.3498532022       -0.3742152849
 O          2.5902517853        1.7834732008       -1.4929333257
 C          2.8077768459       -0.0375014992        0.0937769933
 C          3.4298208694       -0.8321913539       -1.0723170966
 C          4.9124366723       -0.5924514717       -1.1190065611
 C          5.7564336326       -1.2946324222       -0.2666373221
 C          7.1134728627       -1.0434510530       -0.2502864570
 C          7.6552352478       -0.0704302728       -1.0878445625
 O          8.9948925389        0.1562617279       -1.0179476278
 C          6.8161638805        0.6356688723       -1.9425535902
 C          5.4576503863        0.3744240356       -1.9519665338
 N          1.7059723351       -0.7186569276        0.7538821874
 C          1.9227672375       -1.8703979288        1.4386432627
 O          3.0302108055       -2.2872129855        1.7290671543
 C          0.6363144514       -2.4517255255        2.0189501663
 C          0.7345759115       -3.7399026077        2.8353234970
 C         -0.7190876803       -4.2591172309        2.8235766218
 C         -1.4590945871       -3.3587742465        1.8068890022
 N         -0.3891740659       -2.7606524340        1.0302322190
 C         -0.0811529075       -2.9903526178       -0.2573427278
 O          1.0786474003       -3.0564341414       -0.6571050377
 C         -1.2288830303       -2.9285401801       -1.2773043050
 C         -1.6319013203       -4.2536942829       -1.9266968981
 C         -2.2108229115       -5.3745026768       -1.0525380564
 C         -2.0747406102       -6.6969638434       -1.8119280734
 C         -3.6839431531       -5.1525479640       -0.7061580767
 N         -2.3260559291       -2.1461648723       -0.7398501086
 C         -2.1010263815       -0.8863540782       -0.3741365763
 O         -0.9718761281       -0.3862145685       -0.3682302251
 H         -6.6843767481       -0.7521119262        2.3792188958
 H         -4.9577838212       -0.5371378531        2.6702518431
 H         -5.8441638244        0.6388858297        1.6732117040
 H         -4.8523234203       -2.1254092917        0.9570095955
 H         -6.5485435525       -2.3540185317       -0.8506711207
 H         -7.3798460255       -0.9177585349       -0.2466927325
 H         -7.2989575703       -2.3764777066        0.7480634761
 H         -4.6001281570       -0.9580679687       -1.3228150880
 H         -5.2238980570        0.4857078784       -0.5705245245
 H         -3.2525009450       -0.0735534243        1.2128179595
 H         -2.6326431901        1.9582751944        0.4727524826
 H         -1.1674614982        2.7863108665       -2.6047408499
 H         -1.9665227277        4.9960506872       -1.7748380536
 H         -3.0677331152        4.0295783813       -2.7604952998
 H         -4.2939141230        3.3786585864       -0.6479369863
 H         -4.1337046643        6.3295315436       -1.3882330866
 H         -5.1072771236        5.1051102031       -2.2040907794
 H         -5.4754252688        5.5589654505       -0.5396679379
 H         -3.9862131329        4.9268539009        1.3102344072
 H         -2.5548280524        3.9283922696        1.0523092417
 H         -2.5554067342        5.6014414734        0.5211294250
 H         -0.3398971715        1.9445711664       -0.3970471703
 H          2.2051017016        3.8013130015       -0.4144015227
 H          2.8466699023        4.4098385394        1.7396920783
 H          1.3734316079        5.3232976779        1.4130306873
 H          1.6623720048        2.8591669275        3.1979397177
 H         -0.8208535420        4.4930601733        2.5134075898
 H         -0.5619407088        2.7917905788        2.1121684533
 H         -0.7335937366        3.2867385817        3.7992377014
 H          1.1103200387        4.4497863748        4.9943939689
 H          0.9883091629        5.7618420609        3.8217120492
 H          2.5442214719        4.9865925693        4.1181049275
 H          1.5588080742        1.6858299732        1.4703849388
 H          3.5858900485        0.1005084725        0.8577603084
 H          2.9626448810       -0.5170767382       -2.0072844377
 H          3.2195832949       -1.8900532079       -0.9142473362
 H          5.3354934788       -2.0364546605        0.3961710078
 H          7.7728535283       -1.5855015416        0.4084870491
 H          9.2692347950        0.8210624949       -1.6707002506
 H          7.2225313478        1.3945716218       -2.5966396404
 H          4.8051179744        0.9388616333       -2.6009576258
 H          0.7855095042       -0.5909648022        0.3456994703
 H          0.2171745847       -1.6521879049        2.6474560785
 H          1.1168483994       -3.5592054461        3.8346510986
 H          1.4146142857       -4.4273644780        2.3291938745
 H         -0.7509654892       -5.3003888273        2.5108682473
 H         -1.1752858476       -4.1837190522        3.8072558143
 H         -2.0026724366       -2.5619020147        2.3214341996
 H         -2.1450400146       -3.9142884415        1.1783873789
 H         -0.7737296102       -2.3297488058       -2.0827594100
 H         -0.7178283745       -4.6276725992       -2.3950132757
 H         -2.3372645847       -4.0290072249       -2.7298889043
 H         -1.6141893049       -5.4576890231       -0.1375906064
 H         -2.6120637717       -6.6479290289       -2.7564130113
 H         -2.4828107246       -7.5159223752       -1.2256276445
 H         -1.0301523484       -6.9157086943       -2.0218066575
 H         -3.8372822019       -4.2968979076       -0.0557353783
 H         -4.0757263890       -6.0285904923       -0.1966057962
 H         -4.2606307435       -5.0075885404       -1.6166794239
 H         -3.2707505237       -2.4952005886       -0.8450826768
  111
 Etot=        -158.1843571872
 C         -5.7474043243       -0.4501423649        1.9127796136
 C         -5.4508560704       -1.2670476566        0.6481705025
 C         -6.7506232305       -1.7560887281        0.0132323924
 C         -4.6678149047       -0.4302028936       -0.3742130412
 C         -3.2748647010       -0.0288149341        0.1197900004
 N         -2.9312859356        1.3349021583       -0.2524855728
 C         -2.5155823361        1.5960095092       -1.5034417214
 O         -2.7455052904        0.8566053544       -2.4495598727
 C         -1.7054582842        2.8826276976       -1.6516718983
 C         -2.6065991020        4.1208347450       -1.7751318286
 C         -3.7234211016        4.3132009760       -0.7404608949
 C         -4.6709607728        5.4015192387       -1.2492405010
 C         -3.1749297769        4.7118946847        0.6264713599
 N         -0.7058617758        2.8806626854       -0.5786554837
 C          0.1477527475        3.8863343282       -0.3070502295
 O         -0.0583953604        5.0627618423       -0.5624446690
 C          1.4829567130        3.4935731448        0.3563456164
 C          1.7675867625        4.3210907646        1.6173843278
 C          1.1726040162        3.7969777164        2.9314700288
 C         -0.3314795871        3.5694107320        2.8315327577
 C          1.4754930403        4.8058391413        4.0383935343
 N          1.7006009399        2.0754266649        0.5453579712
 C          2.3620353758        1.3505587433       -0.3749101055
 O          2.5999000426        1.7858051992       -1.4918708205
 C          2.8056641614       -0.0381102126        0.0920245867
 C          3.4238791538       -0.8355754236       -1.0745054289
 C          4.9067999161       -0.5986723514       -1.1236254016
 C          5.7511223255       -1.2985994196       -0.2694693521
 C          7.1081712509       -1.0472659167       -0.2545973412
 C          7.6494344674       -0.0763626648       -1.0945117512
 O          8.9887482540        0.1497809156       -1.0255597856
 C          6.8101724665        0.6275488337       -1.9504084452
 C          5.4520653381        0.3652293350       -1.9597373458
 N          1.7038639283       -0.7157283426        0.7548321221
 C          1.9230222896       -1.8606505827        1.4497978468
 O          3.0316569295       -2.2707892438        1.7468532044
 C          0.6376205470       -2.4468657463        2.0258910828
 C          0.7371722717       -3.7357227242        2.8407488568
 C         -0.7163001542       -4.2548580132        2.8299026334
 C         -1.4566733722       -3.3562376313        1.8119936499
 N         -0.3865644352       -2.7572085908        1.0363874428
 C         -0.0781295569       -2.9871670521       -0.2511431881
 O          1.0817540231       -3.0564734735       -0.6501931396
 C         -1.2248947367       -2.9247092246       -1.2726611166
 C         -1.6298209419       -4.2501173656       -1.9210475519
 C         -2.2053569984       -5.3711115768       -1.0447100936
 C         -2.0739733017       -6.6930060861       -1.8057570706
 C         -3.6767022060       -5.1491784264       -0.6905918353
 N         -2.3223241619       -2.1407053783       -0.7375422239
 C         -2.0981153164       -0.8811239277       -0.3718216237
 O         -0.9687752858       -0.3805889446       -0.3640906962
 H         -6.6578919658       -0.8187921863        2.3986601164
 H         -4.9326456511       -0.5254432601        2.6413189267
 H         -5.8998893394        0.6055492786        1.6655896473
 H         -4.8559804101       -2.1419339662        0.9321321886
 H         -6.5514338116       -2.3271150283       -0.8932438790
 H         -7.3847155132       -0.9096535327       -0.2479153897
 H         -7.2947950103       -2.3945111827        0.7074397009
 H         -4.5940271658       -0.9439898148       -1.3332162121
 H         -5.2237046097        0.4896077859       -0.5660038030
 H         -3.2541147806       -0.0654452739        1.2122302160
 H         -2.6323498993        1.9654400803        0.4708628944
 H         -1.1680148567        2.7937181971       -2.6067715610
 H         -1.9666482389        5.0029443933       -1.7714889843
 H         -3.0683792786        4.0398606627       -2.7597787957
 H         -4.2955934968        3.3838199720       -0.6501602708
 H         -4.1311113428        6.3353224982       -1.3865528366
 H         -5.1097437277        5.1141871907       -2.2011668453
 H         -5.4734317368        5.5687931700       -0.5358681103
 H         -3.9904708901        4.9135982151        1.3165638726
 H         -2.5486261541        3.9324504013        1.0466630475
 H         -2.5683277984        5.6099075794        0.5293417843
 H         -0.3409371501        1.9474989674       -0.4007655783
 H          2.2044691622        3.8017170097       -0.4147568652
 H          2.8479958184        4.4049126185        1.7406355862
 H          1.3756651008        5.3214154204        1.4169930480
 H          1.6636199923        2.8533547213        3.1962226058
 H         -0.8206531119        4.4891722889        2.5194519750
 H         -0.5614996054        2.7898383263        2.1097879960
 H         -0.7315343527        3.2766750507        3.7990655691
 H          1.1107905191        4.4420315556        4.9957773864
 H          0.9904722894        5.7553074861        3.8241558513
 H          2.5454086161        4.9785687750        4.1211675674
 H          1.5450113451        1.6806246916        1.4631223271
 H          3.5855845430        0.0979049632        0.8546209009
 H          2.9551710699       -0.5207801173       -2.0086610186
 H          3.2119909956       -1.8931289078       -0.9155667026
 H          5.3310343798       -2.0395050472        0.3951285091
 H          7.7681258056       -1.5868848353        0.4058757767
 H          9.2666166331        0.8076849929       -1.6817310835
 H          7.2158615277        1.3847174724       -2.6065954803
 H          4.7993073974        0.9269735702       -2.6109233381
 H          0.7834169972       -0.5921330732        0.3442466372
 H          0.2155027078       -1.6495846659        2.6552295524
 H          1.1201357407       -3.5555317798        3.8402298863
 H          1.4167243134       -4.4228227981        2.3339798799
 H         -0.7475735542       -5.2967825482        2.5189640775
 H         -1.1723481677       -4.1779005024        3.8134739875
 H         -2.0016181614       -2.5596097638        2.3253154869
 H         -2.1407143086       -3.9131991023        1.1832776929
 H         -0.7669355838       -2.3277046574       -2.0785067540
 H         -0.7172681229       -4.6240248571       -2.3922713045
 H         -2.3379575939       -4.0254230741       -2.7218702835
 H         -1.6044377425       -5.4554561955       -0.1330148955
 H         -2.6111386493       -6.6410865642       -2.7500303879
 H         -2.4850330488       -7.5113082151       -1.2206370276
 H         -1.0303324485       -6.9152234599       -2.0163628045
 H         -3.8274066701       -4.2884666624       -0.0458918987
 H         -4.0643904693       -6.0219046715       -0.1714465709
 H         -4.2592010299       -5.0120298811       -1.5989259233
 H         -3.2658824251       -2.4894176375       -0.8428980559
  111
 Etot=        -158.1848359647
 C         -5.7504038742       -0.4936958040        1.9012158335
 C         -5.4508186814       -1.2868900746        0.6251468001
 C         -6.7539538274       -1.7509950419       -0.0247497230
 C         -4.6614180507       -0.4287254401       -0.3761852402
 C         -3.2698661229       -0.0222934956        0.1222747117
 N         -2.9307156515        1.3406390655       -0.2541371868
 C         -2.5134470833        1.5990574518       -1.5064221159
 O         -2.7437866080        0.8587216941       -2.4542434342
 C         -1.7075067910        2.8875116726       -1.6541510861
 C         -2.6073818512        4.1307785070       -1.7716968530
 C         -3.7249072739        4.3202573644       -0.7395190340
 C         -4.6717351293        5.4099742671       -1.2444490276
 C         -3.1805099029        4.7141189727        0.6285267769
 N         -0.7062016853        2.8862803830       -0.5829409847
 C          0.1472111981        3.8908044810       -0.3073389388
 O         -0.0599238041        5.0669492960       -0.5553914325
 C          1.4802961727        3.4956509295        0.3548659842
 C          1.7676914156        4.3195464170        1.6193998922
 C          1.1738359398        3.7900894957        2.9306109347
 C         -0.3304591949        3.5618713133        2.8322831566
 C          1.4779683882        4.7949321038        4.0426165723
 N          1.6949435004        2.0774151673        0.5433320537
 C          2.3654331089        1.3523368367       -0.3719410989
 O          2.6149623760        1.7865827397       -1.4881671509
 C          2.8031666062       -0.0380714510        0.0923492300
 C          3.4167795665       -0.8371175013       -1.0772007436
 C          4.8990816862       -0.6028472154       -1.1309490995
 C          5.7438806804       -1.3004528220       -0.2732636745
 C          7.1014459118       -1.0526602610       -0.2603903614
 C          7.6424926847       -0.0884452464       -1.1060168024
 O          8.9843206845        0.1296473960       -1.0516188168
 C          6.8050452517        0.6153633160       -1.9617327177
 C          5.4466993338        0.3545187103       -1.9712754512
 N          1.7030966473       -0.7113398268        0.7593225746
 C          1.9213213116       -1.8490229016        1.4624202763
 O          3.0300250972       -2.2638277545        1.7587873589
 C          0.6400186424       -2.4374094581        2.0347574099
 C          0.7404388144       -3.7287802714        2.8469883149
 C         -0.7122664491       -4.2458241756        2.8391542549
 C         -1.4543308543       -3.3494715496        1.8204016104
 N         -0.3846054637       -2.7483207641        1.0464041272
 C         -0.0750694081       -2.9832845736       -0.2411788107
 O          1.0850459044       -3.0614100291       -0.6376184622
 C         -1.2204624492       -2.9193127133       -1.2649044975
 C         -1.6277736571       -4.2458576418       -1.9131998866
 C         -2.1982262641       -5.3679605893       -1.0338229824
 C         -2.0719775597       -6.6885174730       -1.7972132479
 C         -3.6675651552       -5.1474966494       -0.6703064194
 N         -2.3179224771       -2.1342902680       -0.7306488400
 C         -2.0923809700       -0.8743102084       -0.3692241306
 O         -0.9615337340       -0.3742761819       -0.3656888987
 H         -6.6277583995       -0.8775027227        2.3980097441
 H         -4.9319881166       -0.5279706511        2.6097504461
 H         -5.9405115717        0.5440481715        1.6603394154
 H         -4.8668426771       -2.1731192791        0.8966878206
 H         -6.5596527698       -2.2991076834       -0.9426391480
 H         -7.3853979379       -0.9002818866       -0.2639321232
 H         -7.2999282457       -2.4050955815        0.6490201210
 H         -4.5845047986       -0.9258170544       -1.3454388658
 H         -5.2237136034        0.4909850472       -0.5545866831
 H         -3.2539763454       -0.0566925615        1.2150020366
 H         -2.6340021863        1.9798970254        0.4741627079
 H         -1.1716005253        2.8007350735       -2.6139759416
 H         -1.9627552257        5.0105161588       -1.7682416371
 H         -3.0706186838        4.0599012816       -2.7607054480
 H         -4.2940518725        3.3903147972       -0.6526986030
 H         -4.1304842641        6.3431111752       -1.3816467202
 H         -5.1157526322        5.1278443767       -2.1967130291
 H         -5.4721543445        5.5792210900       -0.5289992697
 H         -3.9955079423        4.8980165384        1.3250749562
 H         -2.5424218983        3.9380887396        1.0390411616
 H         -2.5842818640        5.6208285306        0.5420831175
 H         -0.3437814757        1.9539873095       -0.4063247165
 H          2.2057046787        3.8072210044       -0.4154095414
 H          2.8496819903        4.3980346485        1.7411429647
 H          1.3792978158        5.3214589861        1.4249805054
 H          1.6647842783        2.8460316678        3.1933713476
 H         -0.8219422790        4.4821874136        2.5264273754
 H         -0.5596753955        2.7850782286        2.1084548750
 H         -0.7289786690        3.2641312794        3.7990037447
 H          1.1140349636        4.4286127823        4.9986486030
 H          0.9952064965        5.7461038254        3.8308184169
 H          2.5483302382        4.9654987503        4.1259415394
 H          1.5318658694        1.6826876734        1.4553513458
 H          3.5875948691        0.0941997569        0.8518907530
 H          2.9415153749       -0.5233217212       -2.0078767727
 H          3.2057421048       -1.8957394095       -0.9190220427
 H          5.3237032335       -2.0397407549        0.3941116195
 H          7.7623495680       -1.5900993372        0.4018363369
 H          9.2536062050        0.7986123188       -1.6927464776
 H          7.2106020712        1.3696695022       -2.6199010059
 H          4.7962986585        0.9149528941       -2.6265274181
 H          0.7822142796       -0.5886893711        0.3448476037
 H          0.2118614038       -1.6464375353        2.6675618664
 H          1.1252041112       -3.5472414820        3.8472403188
 H          1.4189665253       -4.4150622271        2.3405979391
 H         -0.7437401150       -5.2890359458        2.5307941091
 H         -1.1670402255       -4.1661761536        3.8228567374
 H         -1.9988235455       -2.5526698877        2.3335857765
 H         -2.1354174646       -3.9072238974        1.1917576364
 H         -0.7568539306       -2.3241702295       -2.0719742227
 H         -0.7169103916       -4.6184478235       -2.3876670621
 H         -2.3399608871       -4.0205563552       -2.7102402006
 H         -1.5933167441       -5.4535692621       -0.1269268487
 H         -2.6105002194       -6.6348889454       -2.7401137234
 H         -2.4846279235       -7.5066934206       -1.2129016914
 H         -1.0299466990       -6.9139257520       -2.0112312794
 H         -3.8160650356       -4.2810394561       -0.0317992101
 H         -4.0507530774       -6.0166181337       -0.1396895842
 H         -4.2575567336       -5.0198297605       -1.5758324843
 H         -3.2572679479       -2.4790783761       -0.8371503798
  111
 Etot=        -158.1852923248
 C         -5.7543981641       -0.5355441045        1.8878345899
 C         -5.4479468178       -1.3010556044        0.5975242072
 C         -6.7515461894       -1.7475042490       -0.0652325545
 C         -4.6576148153       -0.4223042164       -0.3854894064
 C         -3.2686652445       -0.0148944957        0.1202448697
 N         -2.9316671023        1.3479111114       -0.2580026059
 C         -2.5147924426        1.6077788733       -1.5099378273
 O         -2.7413478585        0.8666552989       -2.4577920916
 C         -1.7094887702        2.8967139823       -1.6562858481
 C         -2.6080424434        4.1417128951       -1.7695692121
 C         -3.7267077595        4.3280520283       -0.7384882166
 C         -4.6715964197        5.4207744878       -1.2401183382
 C         -3.1847208864        4.7157458499        0.6321150983
 N         -0.7070235199        2.8924719224       -0.5862507854
 C          0.1461443130        3.8960986877       -0.3052712816
 O         -0.0612184576        5.0736114037       -0.5468135360
 C          1.4786955888        3.4960633437        0.3543447634
 C          1.7686738413        4.3152614447        1.6218500998
 C          1.1755613380        3.7815163655        2.9314620726
 C         -0.3288869346        3.5532330753        2.8335871489
 C          1.4806178050        4.7827758649        4.0467648628
 N          1.6910615987        2.0773647834        0.5393223524
 C          2.3694980339        1.3545085248       -0.3717795624
 O          2.6320591993        1.7922963056       -1.4838772850
 C          2.8011876175       -0.0376819678        0.0916928360
 C          3.4077566320       -0.8403130830       -1.0795945780
 C          4.8902264764       -0.6100551869       -1.1381762060
 C          5.7346323854       -1.3047082015       -0.2773396850
 C          7.0924847420       -1.0589561810       -0.2662429666
 C          7.6345756835       -0.1005784231       -1.1178713643
 O          8.9770877116        0.1157543967       -1.0660196216
 C          6.7981861335        0.5994366350       -1.9776988044
 C          5.4391915588        0.3410844684       -1.9845212479
 N          1.7014158987       -0.7072875955        0.7616462101
 C          1.9207223577       -1.8381352813        1.4737527047
 O          3.0301835904       -2.2462023187        1.7787188338
 C          0.6414779197       -2.4285803851        2.0452650487
 C          0.7439781827       -3.7205337029        2.8569025475
 C         -0.7086436696       -4.2371072798        2.8509076325
 C         -1.4512478240       -3.3428055166        1.8302692452
 N         -0.3822733077       -2.7403230310        1.0561370845
 C         -0.0714898674       -2.9809095768       -0.2306451159
 O          1.0885806966       -3.0639566444       -0.6257961413
 C         -1.2154576785       -2.9143172253       -1.2558056442
 C         -1.6253705916       -4.2407192113       -1.9033018371
 C         -2.1901783760       -5.3635924779       -1.0211983417
 C         -2.0700980330       -6.6830144600       -1.7874733556
 C         -3.6568974736       -5.1432897242       -0.6472860338
 N         -2.3129479564       -2.1272202982       -0.7249766597
 C         -2.0885434770       -0.8665851240       -0.3656227110
 O         -0.9581519196       -0.3651302766       -0.3624797884
 H         -6.5844014513       -1.0067996303        2.4298708945
 H         -4.8890381544       -0.5089438416        2.5557140537
 H         -6.0465403752        0.4971343978        1.6523852631
 H         -4.8664648827       -2.1944457507        0.8518496842
 H         -6.5588088695       -2.2604107706       -1.0058777833
 H         -7.3860364971       -0.8885836063       -0.2700503495
 H         -7.2938343638       -2.4285762162        0.5864918483
 H         -4.5748117688       -0.9019748247       -1.3637328918
 H         -5.2249730084        0.4976774490       -0.5481246368
 H         -3.2572849699       -0.0474046276        1.2130117388
 H         -2.6380108657        1.9891888287        0.4701251670
 H         -1.1746249361        2.8127658774       -2.6173486007
 H         -1.9608842704        5.0196908420       -1.7613027357
 H         -3.0694964862        4.0768413698       -2.7603289399
 H         -4.2963473475        3.3980173136       -0.6567467938
 H         -4.1278958388        6.3525317997       -1.3778577476
 H         -5.1193006802        5.1413369662       -2.1915913251
 H         -5.4696360102        5.5918243649       -0.5223642222
 H         -4.0005482446        4.8799300689        1.3331886795
 H         -2.5329074331        3.9454534664        1.0328433373
 H         -2.6024477031        5.6326905949        0.5541237835
 H         -0.3451308106        1.9593840766       -0.4129308722
 H          2.2049936455        3.8081151874       -0.4152419556
 H          2.8510945439        4.3908206681        1.7424259603
 H          1.3822169804        5.3185634582        1.4315929070
 H          1.6668162489        2.8366522555        3.1907079068
 H         -0.8213697802        4.4752699119        2.5344677183
 H         -0.5590277520        2.7808105487        2.1053475262
 H         -0.7255334611        3.2492535906        3.7992519803
 H          1.1157595921        4.4137871080        5.0013273544
 H          0.9993510139        5.7352695283        3.8375516197
 H          2.5513053501        4.9513715741        4.1308350876
 H          1.5140251513        1.6770949139        1.4463324015
 H          3.5892414636        0.0906737482        0.8485030879
 H          2.9298896431       -0.5268136787       -2.0090448276
 H          3.1939457008       -1.8981786616       -0.9184120572
 H          5.3138114967       -2.0388964945        0.3954623853
 H          7.7532420022       -1.5939613605        0.3981347318
 H          9.2475223888        0.7776639883       -1.7149869656
 H          7.2038614728        1.3506899295       -2.6391834683
 H          4.7895186780        0.9000316621       -2.6417448259
 H          0.7807669663       -0.5873578024        0.3450062236
 H          0.2099156405       -1.6403396073        2.6794841503
 H          1.1310702528       -3.5395342350        3.8565767315
 H          1.4216594554       -4.4060485660        2.3486531363
 H         -0.7408965718       -5.2811024545        2.5450441680
 H         -1.1628727114       -4.1550360732        3.8346352736
 H         -1.9980429876       -2.5468325695        2.3422848461
 H         -2.1298050426       -3.9029171752        1.2014426140
 H         -0.7494763224       -2.3207711828       -2.0629107951
 H         -0.7169729672       -4.6129477109       -2.3825693719
 H         -2.3420080718       -4.0149549846       -2.6961619271
 H         -1.5785704484       -5.4501776973       -0.1189531244
 H         -2.6102018499       -6.6255203950       -2.7293320150
 H         -2.4849324846       -7.5006812333       -1.2039454223
 H         -1.0293009281       -6.9120517918       -2.0037666886
 H         -3.8025884410       -4.2706941122       -0.0165509893
 H         -4.0329278408       -6.0081122540       -0.1042241423
 H         -4.2554351327       -5.0265320044       -1.5488304968
 H         -3.2521042092       -2.4711764948       -0.8331883089
  111
 Etot=        -158.1855568464
 C         -5.7564969172       -0.5440022776        1.8847559433
 C         -5.4483262179       -1.3034909284        0.5912545790
 C         -6.7503508039       -1.7484386201       -0.0746205075
 C         -4.6581530603       -0.4211567997       -0.3878123608
 C         -3.2694049838       -0.0140737187        0.1193016266
 N         -2.9325957312        1.3490954608       -0.2575679415
 C         -2.5148886690        1.6098231510       -1.5089342397
 O         -2.7397111005        0.8676271229       -2.4559079709
 C         -1.7101810420        2.8987603450       -1.6563727128
 C         -2.6081455138        4.1440191718       -1.7691404259
 C         -3.7269073012        4.3293528274       -0.7379580438
 C         -4.6723563582        5.4221269770       -1.2385054342
 C         -3.1846645863        4.7162021215        0.6330731088
 N         -0.7063909276        2.8943737142       -0.5877811911
 C          0.1465038415        3.8979936834       -0.3054614329
 O         -0.0606662446        5.0760213526       -0.5464806108
 C          1.4786279161        3.4970010292        0.3544565786
 C          1.7685203935        4.3150346621        1.6228971183
 C          1.1758221280        3.7797926612        2.9320834305
 C         -0.3286628970        3.5514726639        2.8341733507
 C          1.4814769667        4.7795219206        4.0484671504
 N          1.6903976981        2.0781257354        0.5386785296
 C          2.3708036073        1.3562186082       -0.3712268933
 O          2.6355304027        1.7952308448       -1.4818907083
 C          2.8017937474       -0.0362316417        0.0922772524
 C          3.4067137770       -0.8390593889       -1.0796647549
 C          4.8890953324       -0.6093163957       -1.1396884014
 C          5.7327484496       -1.3035490996       -0.2778996493
 C          7.0910020772       -1.0604479818       -0.2677738204
 C          7.6343152545       -0.1049748770       -1.1222006206
 O          8.9777135317        0.1096070836       -1.0721799184
 C          6.7986757500        0.5949405450       -1.9831068364
 C          5.4388444949        0.3397579157       -1.9878459674
 N          1.7023877422       -0.7058490689        0.7629767036
 C          1.9206750906       -1.8381791982        1.4728585467
 O          3.0298804961       -2.2494490107        1.7748139153
 C          0.6412893789       -2.4258848110        2.0472604528
 C          0.7440745583       -3.7177295070        2.8593562890
 C         -0.7086791875       -4.2340090263        2.8542641268
 C         -1.4517638828       -3.3396514776        1.8337218308
 N         -0.3835597658       -2.7366546405        1.0587060520
 C         -0.0719310853       -2.9810630475       -0.2274182474
 O          1.0882037078       -3.0657476039       -0.6215852358
 C         -1.2154052444       -2.9141973959       -1.2526781064
 C         -1.6251630228       -4.2402234322       -1.9006433927
 C         -2.1889918679       -5.3634907365       -1.0185564901
 C         -2.0687347182       -6.6827773767       -1.7850935385
 C         -3.6554863071       -5.1440772828       -0.6438947284
 N         -2.3129039913       -2.1270056354       -0.7226350074
 C         -2.0888665472       -0.8651316936       -0.3662093658
 O         -0.9589158764       -0.3633135109       -0.3637470794
 H         -6.5836687256       -1.0156953767        2.4203439235
 H         -4.8965362474       -0.5190705826        2.5522571178
 H         -6.0458321714        0.4846291712        1.6555179314
 H         -4.8655771556       -2.1966959759        0.8414290389
 H         -6.5551303967       -2.2570988669       -1.0172590372
 H         -7.3836973562       -0.8874170965       -0.2762798471
 H         -7.2939970005       -2.4313358313        0.5743568530
 H         -4.5735444836       -0.8974375401       -1.3668120383
 H         -5.2255490084        0.4987678341       -0.5476158038
 H         -3.2580773388       -0.0481892148        1.2119306960
 H         -2.6403293495        1.9893008444        0.4697838406
 H         -1.1768406135        2.8145714106       -2.6176770941
 H         -1.9602891509        5.0213167126       -1.7586695948
 H         -3.0684594617        4.0801301013       -2.7597080021
 H         -4.2966882405        3.3989869373       -0.6571690478
 H         -4.1292545107        6.3543502125       -1.3755415432
 H         -5.1196733422        5.1428969098       -2.1899800464
 H         -5.4704210227        5.5917296654       -0.5204558336
 H         -4.0005031428        4.8799511401        1.3333454688
 H         -2.5327397276        3.9466424251        1.0339488370
 H         -2.6031301720        5.6330443132        0.5551293343
 H         -0.3446337457        1.9607923781       -0.4146954525
 H          2.2051556834        3.8090096336       -0.4142187986
 H          2.8507881353        4.3908807554        1.7430337816
 H          1.3817502268        5.3184275021        1.4334408624
 H          1.6672559925        2.8346215921        3.1900236912
 H         -0.8210352726        4.4735551719        2.5350608510
 H         -0.5589712293        2.7792391621        2.1055668083
 H         -0.7250881063        3.2473127822        3.7998477850
 H          1.1168681484        4.4088528463        5.0025556981
 H          1.0002264315        5.7323819435        3.8411927458
 H          2.5522757752        4.9476217605        4.1319971264
 H          1.5133866283        1.6778813123        1.4466091987
 H          3.5906585966        0.0916199192        0.8482537646
 H          2.9282703195       -0.5254631350       -2.0088545456
 H          3.1926537897       -1.8966256891       -0.9172898986
 H          5.3104958390       -2.0349609088        0.3969027631
 H          7.7508691528       -1.5952593327        0.3974115931
 H          9.2448529667        0.7745387446       -1.7226714381
 H          7.2056470728        1.3435796462       -2.6470616641
 H          4.7900674450        0.8988196694       -2.6457970861
 H          0.7814929736       -0.5838013410        0.3481419983
 H          0.2110593204       -1.6370734821        2.6815942163
 H          1.1320940261       -3.5365412765        3.8583608795
 H          1.4215771582       -4.4032202523        2.3503739864
 H         -0.7418085124       -5.2779935244        2.5487643923
 H         -1.1623497819       -4.1514544552        3.8382558979
 H         -1.9987965647       -2.5440014455        2.3460390051
 H         -2.1305573663       -3.9000748687        1.2050423869
 H         -0.7499977035       -2.3203271314       -2.0593297650
 H         -0.7171079928       -4.6120683718       -2.3808600879
 H         -2.3424749588       -4.0143574520       -2.6927446862
 H         -1.5765219467       -5.4495861647       -0.1165429671
 H         -2.6106630883       -6.6254505727       -2.7260454609
 H         -2.4816043314       -7.5009505895       -1.2008750442
 H         -1.0279938214       -6.9106151750       -2.0030862833
 H         -3.8014366540       -4.2720565327       -0.0129248411
 H         -4.0302324755       -6.0092504652       -0.1013718052
 H         -4.2544135333       -5.0272873625       -1.5447381414
 H         -3.2530614499       -2.4707423087       -0.8323800358
  111
 Etot=        -158.1860319900
 C         -5.7634946476       -0.5899771177        1.8683678811
 C         -5.4469428918       -1.3181571516        0.5590929351
 C         -6.7452854463       -1.7504136940       -0.1209931433
 C         -4.6580695108       -0.4133721680       -0.3993263584
 C         -3.2713432488       -0.0074178030        0.1155183586
 N         -2.9351979505        1.3566352729       -0.2579578563
 C         -2.5152347237        1.6194941737       -1.5079635483
 O         -2.7344134475        0.8740334317       -2.4529908440
 C         -1.7127506000        2.9090669903       -1.6576257691
 C         -2.6085211065        4.1560278442       -1.7663967772
 C         -3.7283557749        4.3368025918       -0.7355718083
 C         -4.6747816138        5.4309198944       -1.2315860205
 C         -3.1866913600        4.7186950269        0.6377189144
 N         -0.7047721006        2.9026036028       -0.5934157012
 C          0.1468845793        3.9055213825       -0.3046338459
 O         -0.0596357271        5.0852489682       -0.5414044325
 C          1.4776603653        3.5000635019        0.3549159672
 C          1.7684960577        4.3128048838        1.6270228901
 C          1.1774918904        3.7707188338        2.9341389937
 C         -0.3271854260        3.5426185867        2.8365745622
 C          1.4852241890        4.7638293909        4.0556395697
 N          1.6859980479        2.0802628670        0.5350331887
 C          2.3766178075        1.3624169853       -0.3695069021
 O          2.6543768841        1.8067174215       -1.4741612240
 C          2.8026956765       -0.0316773957        0.0933068288
 C          3.3998814870       -0.8367432499       -1.0810846998
 C          4.8824035284       -0.6113147732       -1.1476688565
 C          5.7238010055       -1.3025431472       -0.2813974804
 C          7.0836212856       -1.0689813487       -0.2764836641
 C          7.6306082014       -0.1250665831       -1.1421698706
 O          8.9768106643        0.0824759206       -1.1004150451
 C          6.7971413598        0.5734272373       -2.0066653795
 C          5.4349423890        0.3281350456       -2.0046414417
 N          1.7042788589       -0.6987716533        0.7682523764
 C          1.9205349920       -1.8323498794        1.4761335557
 O          3.0292358280       -2.2499976990        1.7718033178
 C          0.6413220949       -2.4135430106        2.0580766427
 C          0.7453985640       -3.7055275495        2.8704973648
 C         -0.7076375790       -4.2207072514        2.8693833055
 C         -1.4525884259       -3.3270889089        1.8487875873
 N         -0.3869648928       -2.7215840512        1.0714566949
 C         -0.0723617869       -2.9794616139       -0.2124299869
 O          1.0880843609       -3.0721257756       -0.6027908727
 C         -1.2133581009       -2.9111389518       -1.2394192999
 C         -1.6236959145       -4.2361202905       -1.8884082159
 C         -2.1818997179       -5.3609777882       -1.0050219309
 C         -2.0633872275       -6.6794687242       -1.7733064034
 C         -3.6467387853       -5.1447794108       -0.6234786337
 N         -2.3111438542       -2.1226962552       -0.7131364716
 C         -2.0886174417       -0.8570918949       -0.3660139809
 O         -0.9599491298       -0.3539725925       -0.3651719773
 H         -6.5551637764       -1.1066997411        2.4082641063
 H         -4.8945662539       -0.5327190223        2.5159968929
 H         -6.1033388268        0.4235756752        1.6595110067
 H         -4.8612943530       -2.2134695175        0.7912294443
 H         -6.5449891009       -2.2364727383       -1.0726878273
 H         -7.3762813012       -0.8846626006       -0.3054945357
 H         -7.2931397915       -2.4452424820        0.5103109835
 H         -4.5661713921       -0.8706732596       -1.3856602516
 H         -5.2284371874        0.5067688750       -0.5424969764
 H         -3.2628074346       -0.0449465315        1.2078823620
 H         -2.6482587140        1.9954777618        0.4679580591
 H         -1.1840403522        2.8250515240       -2.6202842005
 H         -1.9584181960        5.0312615326       -1.7474942764
 H         -3.0655883209        4.0982773298       -2.7571786470
 H         -4.2983979031        3.4055027510       -0.6595020940
 H         -4.1324837314        6.3639651561       -1.3663878770
 H         -5.1224506290        5.1537536695       -2.1830137191
 H         -5.4719976779        5.5971541253       -0.5118420589
 H         -4.0030685140        4.8710851828        1.3386210638
 H         -2.5275679105        3.9533296103        1.0332092680
 H         -2.6138891738        5.6404862000        0.5638730208
 H         -0.3435207635        1.9676397066       -0.4223780554
 H          2.2052627229        3.8120955963       -0.4111934683
 H          2.8505619576        4.3885269674        1.7457303860
 H          1.3811056130        5.3169717718        1.4421897428
 H          1.6695587418        2.8241713823        3.1862539388
 H         -0.8196076095        4.4657066172        2.5406847111
 H         -0.5584698826        2.7729867782        2.1050573323
 H         -0.7224246652        3.2350616291        3.8015945954
 H          1.1213102515        4.3871462974        5.0078245191
 H          1.0045567498        5.7183527746        3.8553280521
 H          2.5563715626        4.9299871441        4.1381466724
 H          1.5042590434        1.6783907410        1.4429182258
 H          3.5953884939        0.0934410776        0.8456123521
 H          2.9186095366       -0.5227996012       -2.0088020993
 H          3.1838359953       -1.8931517883       -0.9148679351
 H          5.2972734849       -2.0239264712        0.4014089576
 H          7.7409745945       -1.6017320076        0.3923571197
 H          9.2332017620        0.7586545668       -1.7484910813
 H          7.2079287650        1.3128120883       -2.6792920095
 H          4.7887530492        0.8871602820       -2.6649715321
 H          0.7825497465       -0.5723166621        0.3577782659
 H          0.2145393913       -1.6237835092        2.6932881968
 H          1.1369630519       -3.5243783706        3.8675425515
 H          1.4215660198       -4.3909750779        2.3586754267
 H         -0.7433417099       -5.2650961338        2.5662104480
 H         -1.1590772455       -4.1354665528        3.8542971944
 H         -2.0010760382       -2.5327402519        2.3615239268
 H         -2.1310856325       -3.8891781280        1.2205318347
 H         -0.7470581998       -2.3174089023       -2.0446099023
 H         -0.7175887085       -4.6065544668       -2.3733432191
 H         -2.3448549871       -4.0099344619       -2.6766865048
 H         -1.5644213471       -5.4458266239       -0.1055686718
 H         -2.6115207858       -6.6215777015       -2.7108988785
 H         -2.4709790708       -7.4990451746       -1.1873316606
 H         -1.0234291912       -6.9049546566       -1.9977784340
 H         -3.7920305679       -4.2711621763        0.0044748081
 H         -4.0145797540       -6.0090173611       -0.0762327755
 H         -4.2506832556       -5.0332114092       -1.5208767185
 H         -3.2534112429       -2.4648499664       -0.8286510141
  111
 Etot=        -158.1863700989
 C         -5.7715598753       -0.6451739757        1.8474743560
 C         -5.4448926134       -1.3353949225        0.5201926982
 C         -6.7390141780       -1.7537101267       -0.1766912162
 C         -4.6577018198       -0.4021882731       -0.4130482995
 C         -3.2737988495        0.0017423769        0.1110599187
 N         -2.9371886020        1.3664716692       -0.2592626312
 C         -2.5154761200        1.6306218195       -1.5084433630
 O         -2.7294535338        0.8824262035       -2.4525822154
 C         -1.7148838388        2.9212812328       -1.6589152238
 C         -2.6088103413        4.1699568194       -1.7622651018
 C         -3.7302391308        4.3455284034       -0.7320804488
 C         -4.6774713345        5.4411174627       -1.2236945038
 C         -3.1897691777        4.7220278807        0.6435502301
 N         -0.7032146234        2.9116820367       -0.5983190646
 C          0.1469112205        3.9134253371       -0.3027032518
 O         -0.0591123273        5.0946186029       -0.5338727644
 C          1.4765667092        3.5035209120        0.3561561613
 C          1.7682124271        4.3103185774        1.6319431808
 C          1.1793285551        3.7599361970        2.9366565328
 C         -0.3255386213        3.5325265733        2.8395824264
 C          1.4892276322        4.7451218278        4.0643859893
 N          1.6806616502        2.0824241004        0.5311270677
 C          2.3837032367        1.3693829792       -0.3676197578
 O          2.6770122553        1.8194610151       -1.4658384764
 C          2.8034443402       -0.0269111731        0.0935443228
 C          3.3916909309       -0.8348588953       -1.0833940142
 C          4.8749997429       -0.6162987957       -1.1576499055
 C          5.7146387130       -1.3037828416       -0.2867206090
 C          7.0760466204       -1.0796306611       -0.2884486659
 C          7.6259769740       -0.1482907801       -1.1661683450
 O          8.9744065985        0.0513331547       -1.1335075580
 C          6.7942025447        0.5470083187       -2.0348229048
 C          5.4301666472        0.3112775631       -2.0258737880
 N          1.7054692884       -0.6895226065        0.7739198137
 C          1.9207839261       -1.8235126587        1.4817717032
 O          3.0291754915       -2.2450194138        1.7725581601
 C          0.6415863374       -2.3989153662        2.0708256691
 C          0.7465757203       -3.6909392469        2.8830408414
 C         -0.7067992901       -4.2047752824        2.8867894582
 C         -1.4537649310       -3.3123628370        1.8663734896
 N         -0.3905733648       -2.7044949052        1.0868663105
 C         -0.0732795442       -2.9756955082       -0.1947153271
 O          1.0876045295       -3.0772957900       -0.5809478618
 C         -1.2110399735       -2.9064911735       -1.2248896776
 C         -1.6218410322       -4.2310917839       -1.8739317797
 C         -2.1731450778       -5.3576422253       -0.9884203562
 C         -2.0561332175       -6.6754574883       -1.7581142926
 C         -3.6363513716       -5.1454200300       -0.5988568925
 N         -2.3097046709       -2.1162790732       -0.7033893966
 C         -2.0886808196       -0.8475829673       -0.3645910359
 O         -0.9608594227       -0.3436254718       -0.3641761030
 H         -6.5161267557       -1.2212858982        2.4000842890
 H         -4.8881037094       -0.5431117164        2.4713422613
 H         -6.1806832952        0.3505238399        1.6625649651
 H         -4.8562018291       -2.2336596394        0.7325706286
 H         -6.5334348497       -2.2109272865       -1.1421147188
 H         -7.3712391044       -0.8836534350       -0.3386182547
 H         -7.2884067801       -2.4676923704        0.4329413995
 H         -4.5590825921       -0.8358269957       -1.4098000515
 H         -5.2330712073        0.5181678463       -0.5352110404
 H         -3.2700847744       -0.0379503045        1.2033767464
 H         -2.6559673428        2.0057438527        0.4669712687
 H         -1.1898318792        2.8380178130       -2.6231281752
 H         -1.9574016479        5.0438644870       -1.7349775422
 H         -3.0635403313        4.1197536803       -2.7537998008
 H         -4.2999829466        3.4134512653       -0.6608133205
 H         -4.1357997902        6.3749262155       -1.3556075847
 H         -5.1256492092        5.1668193831       -2.1755361018
 H         -5.4739405144        5.6042809510       -0.5024659922
 H         -4.0066637138        4.8591265937        1.3471822213
 H         -2.5206608199        3.9610146173        1.0307038987
 H         -2.6278125253        5.6509751329        0.5754417966
 H         -0.3421605839        1.9759120173       -0.4298557627
 H          2.2053845737        3.8160220573       -0.4079208678
 H          2.8502028526        4.3865118235        1.7497216563
 H          1.3794308401        5.3151347169        1.4528899791
 H          1.6720010235        2.8117064010        3.1816534081
 H         -0.8179962331        4.4571694530        2.5484428224
 H         -0.5580675073        2.7664166422        2.1045340020
 H         -0.7197229160        3.2204326542        3.8035211626
 H          1.1264408065        4.3619732850        5.0145423149
 H          1.0089277057        5.7013854735        3.8716524718
 H          2.5606026154        4.9098234792        4.1463833991
 H          1.4935401095        1.6785842152        1.4374290296
 H          3.6002965013        0.0953080587        0.8418622649
 H          2.9074573419       -0.5198670503       -2.0092118512
 H          3.1725737329       -1.8901047229       -0.9146050671
 H          5.2845048940       -2.0145025158        0.4051035274
 H          7.7315253615       -1.6098726507        0.3840225077
 H          9.2223743109        0.7377203897       -1.7749989893
 H          7.2084434971        1.2766148111       -2.7163181535
 H          4.7858526413        0.8693635557       -2.6886875647
 H          0.7827101242       -0.5603440799        0.3671506323
 H          0.2194143453       -1.6073994053        2.7066092752
 H          1.1417880074       -3.5104654844        3.8785215526
 H          1.4204466427       -4.3769411934        2.3684313501
 H         -0.7447654084       -5.2498247044        2.5865120547
 H         -1.1554389083       -4.1163052076        3.8727975649
 H         -2.0034428777       -2.5190940102        2.3792736385
 H         -2.1319007115       -3.8759215389        1.2387306003
 H         -0.7414082234       -2.3139084934       -2.0287221617
 H         -0.7176574257       -4.5998797309       -2.3636799417
 H         -2.3472533363       -4.0052370848       -2.6583718906
 H         -1.5505716420       -5.4406957312       -0.0918675788
 H         -2.6108509911       -6.6179784006       -2.6919343101
 H         -2.4578200573       -7.4964529979       -1.1700651022
 H         -1.0171388413       -6.8982059311       -1.9898210612
 H         -3.7807303223       -4.2686763094        0.0247363383
 H         -3.9965269402       -6.0081074416       -0.0442178598
 H         -4.2465813856       -5.0413503771       -1.4928866832
 H         -3.2527413661       -2.4560752075       -0.8255755632
  111
 Etot=        -158.1866400780
 C         -5.7795721412       -0.6900465708        1.8250948613
 C         -5.4431917469       -1.3481890655        0.4851717821
 C         -6.7313267361       -1.7615214092       -0.2246142909
 C         -4.6596133329       -0.3905030612       -0.4263681899
 C         -3.2784431674        0.0100437833        0.1062178178
 N         -2.9390192475        1.3753857559       -0.2600172808
 C         -2.5154506143        1.6402418746       -1.5084493801
 O         -2.7251826392        0.8903088328       -2.4525111730
 C         -1.7158075645        2.9320200709       -1.6586962544
 C         -2.6088200126        4.1813207151       -1.7571415304
 C         -3.7317270624        4.3523252683       -0.7272042310
 C         -4.6805984527        5.4480358256       -1.2159570074
 C         -3.1916647155        4.7256742703        0.6497298013
 N         -0.7013901165        2.9194533533       -0.6005687230
 C          0.1470762610        3.9201017471       -0.2999222545
 O         -0.0583673964        5.1022036025       -0.5271188273
 C          1.4762200203        3.5074531479        0.3589078818
 C          1.7669048890        4.3092919375        1.6375085094
 C          1.1803898972        3.7506458168        2.9400963982
 C         -0.3246133411        3.5244456176        2.8432956853
 C          1.4923526509        4.7277252500        4.0739329465
 N          1.6766253183        2.0848741835        0.5288005087
 C          2.3907545413        1.3766884553       -0.3653845807
 O          2.6964415673        1.8319451341       -1.4579277441
 C          2.8053832996       -0.0216835135        0.0934718545
 C          3.3857945734       -0.8315674113       -1.0856329981
 C          4.8704437458       -0.6210532985       -1.1668318867
 C          5.7089695563       -1.3053347988       -0.2925500805
 C          7.0718904222       -1.0899683017       -0.3017630651
 C          7.6239252414       -0.1704175528       -1.1903470208
 O          8.9736871272        0.0216066465       -1.1656129850
 C          6.7929158372        0.5210046284       -2.0627277830
 C          5.4276072637        0.2944106800       -2.0467715404
 N          1.7071094017       -0.6796076628        0.7789396037
 C          1.9215987032       -1.8170934416        1.4834328604
 O          3.0293644636       -2.2431688392        1.7671410302
 C          0.6413407937       -2.3851633899        2.0809107122
 C          0.7458637421       -3.6765202600        2.8933918766
 C         -0.7081667814       -4.1887261895        2.9021278763
 C         -1.4567906707       -3.2968945012        1.8828216159
 N         -0.3956302866       -2.6879736396        1.1007265867
 C         -0.0765209476       -2.9704749788       -0.1786188686
 O          1.0848944326       -3.0790094283       -0.5610759723
 C         -1.2109393242       -2.9022870243       -1.2125679014
 C         -1.6204505810       -4.2274099279       -1.8607635281
 C         -2.1658349639       -5.3553918865       -0.9734617937
 C         -2.0465459180       -6.6732898264       -1.7426352147
 C         -3.6287188272       -5.1481120407       -0.5801340004
 N         -2.3112672284       -2.1108158734       -0.6960187325
 C         -2.0914804583       -0.8399088462       -0.3633993926
 O         -0.9640796817       -0.3359177940       -0.3618693209
 H         -6.4862352873       -1.3064896539        2.3783112654
 H         -4.8935104860       -0.5570565525        2.4388307259
 H         -6.2349794358        0.2873106278        1.6628852735
 H         -4.8481917966       -2.2453341219        0.6833239020
 H         -6.5186433283       -2.2060080413       -1.1906475730
 H         -7.3652770046       -0.8950674910       -0.3824412885
 H         -7.2838438190       -2.4819710103        0.3708494023
 H         -4.5569611682       -0.8033089293       -1.4317623373
 H         -5.2400571195        0.5291839189       -0.5298815961
 H         -3.2799617415       -0.0317843189        1.1986650647
 H         -2.6632542199        2.0150238186        0.4679439649
 H         -1.1930035778        2.8494758990       -2.6239228162
 H         -1.9578319907        5.0550718800       -1.7232296046
 H         -3.0622951274        4.1371584595       -2.7491138234
 H         -4.3005353374        3.4195754221       -0.6587838995
 H         -4.1407552979        6.3834137388       -1.3437674966
 H         -5.1272833920        5.1761003926       -2.1691141104
 H         -5.4778310292        5.6068673890       -0.4946731337
 H         -4.0083707292        4.8537060679        1.3554096035
 H         -2.5167296951        3.9669857327        1.0311205041
 H         -2.6359025613        5.6585808103        0.5849967633
 H         -0.3399606545        1.9835709451       -0.4337872399
 H          2.2059312501        3.8208475376       -0.4036323333
 H          2.8486383239        4.3884829924        1.7552751501
 H          1.3747130080        5.3138829559        1.4636444785
 H          1.6735303411        2.8006900158        3.1777365657
 H         -0.8164974306        4.4504772593        2.5553961634
 H         -0.5583459828        2.7609579244        2.1058534521
 H         -0.7186221960        3.2094619577        3.8062551196
 H          1.1316279817        4.3379863623        5.0223103753
 H          1.0113684344        5.6852586685        3.8890666358
 H          2.5637629843        4.8922333122        4.1552852942
 H          1.4898965192        1.6808155087        1.4346645920
 H          3.6054012578        0.0985588121        0.8385386018
 H          2.8999012329       -0.5141704953       -2.0097189240
 H          3.1630065941       -1.8858103369       -0.9164804001
 H          5.2761841049       -2.0063564968        0.4073486405
 H          7.7261028016       -1.6183687418        0.3733190218
 H          9.2164477874        0.7169345549       -1.7976427647
 H          7.2102115898        1.2412436555       -2.7522899936
 H          4.7842002572        0.8509189209       -2.7116388380
 H          0.7831638334       -0.5477926796        0.3762580205
 H          0.2269688471       -1.5893645730        2.7161635708
 H          1.1441268290       -3.4970694941        3.8877094752
 H          1.4167937945       -4.3640750679        2.3767131838
 H         -0.7482838736       -5.2342749013        2.6041633893
 H         -1.1536014229       -4.0975779092        3.8894277974
 H         -2.0062251016       -2.5039719485        2.3962245228
 H         -2.1359271905       -3.8606040106        1.2561268431
 H         -0.7374392575       -2.3109998355       -2.0151399449
 H         -0.7169978986       -4.5943615290       -2.3532249370
 H         -2.3486000540       -4.0031641409       -2.6431902518
 H         -1.5411171962       -5.4350496328       -0.0778630750
 H         -2.6080563589       -6.6195572629       -2.6725662461
 H         -2.4396940482       -7.4960774618       -1.1512917129
 H         -1.0079808019       -6.8904584378       -1.9814810565
 H         -3.7739220548       -4.2701027963        0.0415719888
 H         -3.9835170940       -6.0108378206       -0.0220221143
 H         -4.2422834772       -5.0485496256       -1.4725184325
 H         -3.2542403062       -2.4480426993       -0.8258685303
  111
 Etot=        -158.1868560574
 C         -5.7892019084       -0.7349687554        1.8031251756
 C         -5.4417259687       -1.3602220241        0.4512483489
 C         -6.7224443839       -1.7715264887       -0.2731461528
 C         -4.6620331778       -0.3782305975       -0.4383738918
 C         -3.2836003265        0.0191983214        0.1016934073
 N         -2.9402605018        1.3843886468       -0.2622197857
 C         -2.5150148779        1.6496069662       -1.5097603469
 O         -2.7219865923        0.9001225834       -2.4549837445
 C         -1.7161752403        2.9428108809       -1.6577765805
 C         -2.6090408045        4.1922770778       -1.7511879824
 C         -3.7332390247        4.3591097868       -0.7215559551
 C         -4.6833651138        5.4546892785       -1.2082385421
 C         -3.1938323295        4.7297402886        0.6562980088
 N         -0.7004022797        2.9268392720       -0.6007588002
 C          0.1471507355        3.9263885314       -0.2962961754
 O         -0.0582188410        5.1094297252       -0.5183310932
 C          1.4762382043        3.5111713039        0.3620971840
 C          1.7652496060        4.3081173459        1.6436143303
 C          1.1808966566        3.7414190493        2.9439402249
 C         -0.3242885839        3.5166231705        2.8475204964
 C          1.4947759291        4.7108444645        4.0835775631
 N          1.6742271015        2.0872664006        0.5265825423
 C          2.3984916122        1.3834816134       -0.3635136392
 O          2.7157566374        1.8432708339       -1.4508860045
 C          2.8071433166       -0.0174539992        0.0924032817
 C          3.3793936718       -0.8296682376       -1.0888083624
 C          4.8654387693       -0.6281149667       -1.1762078826
 C          5.7036562000       -1.3090324972       -0.2991179385
 C          7.0675478869       -1.0997733882       -0.3147768695
 C          7.6208402651       -0.1907530550       -1.2127980793
 O          8.9708136745       -0.0040428488       -1.1925586968
 C          6.7901458357        0.4947696163       -2.0902718144
 C          5.4241452977        0.2753672531       -2.0677008556
 N          1.7081666441       -0.6696814512        0.7828096802
 C          1.9223193776       -1.8087255176        1.4872001465
 O          3.0297427246       -2.2365747430        1.7674154038
 C          0.6413788056       -2.3714996808        2.0904001812
 C          0.7450840979       -3.6619405875        2.9035180698
 C         -0.7099081936       -4.1718520245        2.9166619867
 C         -1.4593961485       -3.2807744510        1.8978928618
 N         -0.3992027657       -2.6726471811        1.1135075878
 C         -0.0793918767       -2.9624486402       -0.1641104058
 O          1.0824915440       -3.0755648528       -0.5438757393
 C         -1.2109045940       -2.8966837742       -1.2017008365
 C         -1.6183804250       -4.2236057988       -1.8474188599
 C         -2.1579273796       -5.3523142522       -0.9573687069
 C         -2.0353163381       -6.6708866988       -1.7247980875
 C         -3.6208647710       -5.1500916745       -0.5614304070
 N         -2.3134571148       -2.1037848657       -0.6913298431
 C         -2.0948190595       -0.8318849227       -0.3616543404
 O         -0.9671798144       -0.3284305282       -0.3565313849
 H         -6.4576855067       -1.3909993897        2.3580654195
 H         -4.9013187748       -0.5711261920        2.4085218867
 H         -6.2892287512        0.2226874261        1.6611025776
 H         -4.8398984735       -2.2563387204        0.6345343230
 H         -6.5004852138       -2.1918335172       -1.2531383201
 H         -7.3654669640       -0.9042636959       -0.4128239466
 H         -7.2698029921       -2.5138280131        0.3057225336
 H         -4.5562414359       -0.7698548101       -1.4524311979
 H         -5.2482852359        0.5400158659       -0.5230976566
 H         -3.2914456667       -0.0228395940        1.1943043426
 H         -2.6689518209        2.0247844499        0.4681922735
 H         -1.1939367277        2.8627173501       -2.6238299892
 H         -1.9587389040        5.0662988132       -1.7130625351
 H         -3.0620841202        4.1530096830       -2.7439347421
 H         -4.3008038881        3.4257791309       -0.6555277702
 H         -4.1450554680        6.3914375952       -1.3323164848
 H         -5.1284021866        5.1850378020       -2.1629427208
 H         -5.4818788522        5.6098678736       -0.4875648559
 H         -4.0098827132        4.8495921657        1.3643982751
 H         -2.5131906929        3.9734478782        1.0325942376
 H         -2.6436558846        5.6664048068        0.5953306537
 H         -0.3386685508        1.9910119522       -0.4359040858
 H          2.2068923797        3.8265495686       -0.3991233922
 H          2.8468216322        4.3907727039        1.7617224239
 H          1.3695356358        5.3122364461        1.4748212366
 H          1.6742537459        2.7898519748        3.1745912623
 H         -0.8156119775        4.4443574473        2.5638635818
 H         -0.5592314341        2.7563518088        2.1071937377
 H         -0.7180420511        3.1981084614        3.8094557319
 H          1.1361805640        4.3147072053        5.0301229457
 H          1.0129996069        5.6694359974        3.9060546193
 H          2.5662461654        4.8754254953        4.1643463176
 H          1.4845367402        1.6807923607        1.4306870523
 H          3.6103367656        0.0996111262        0.8346239060
 H          2.8925303963       -0.5089778465       -2.0112206205
 H          3.1514883976       -1.8830014507       -0.9201351653
 H          5.2701318577       -2.0021799626        0.4078935233
 H          7.7215070310       -1.6258486673        0.3625488624
 H          9.2170233164        0.6858614438       -1.8277397950
 H          7.2093039379        1.2057514865       -2.7881953313
 H          4.7810794460        0.8272151744       -2.7368453024
 H          0.7835131170       -0.5377714202        0.3816845455
 H          0.2334293957       -1.5719658234        2.7249617571
 H          1.1459955908       -3.4832630947        3.8970766194
 H          1.4130666026       -4.3512911702        2.3856006327
 H         -0.7520565991       -5.2180139601        2.6210499849
 H         -1.1524654185       -4.0781119598        3.9050240838
 H         -2.0076831001       -2.4871611843        2.4113439378
 H         -2.1396585754       -3.8442010377        1.2721966191
 H         -0.7338088857       -2.3075187138       -2.0040701403
 H         -0.7152019173       -4.5887512124       -2.3416930998
 H         -2.3490954080       -4.0023617114       -2.6284124790
 H         -1.5316568493       -5.4278802367       -0.0625736458
 H         -2.6024207106       -6.6221892531       -2.6515297180
 H         -2.4203775962       -7.4949715646       -1.1298876840
 H         -0.9969682853       -6.8825697276       -1.9692943544
 H         -3.7677798051       -4.2705472262        0.0579304702
 H         -3.9712460295       -6.0126006113        0.0001974482
 H         -4.2370292597       -5.0555118721       -1.4527922416
 H         -3.2553947365       -2.4388281747       -0.8289376898
  111
 Etot=        -158.1870636023
 C         -5.8012787452       -0.7678749201        1.7806392157
 C         -5.4394788356       -1.3669353898        0.4229095983
 C         -6.7109257232       -1.7871752907       -0.3116334903
 C         -4.6660496281       -0.3666011135       -0.4493620358
 C         -3.2901073518        0.0276637527        0.0971628279
 N         -2.9414305653        1.3921171394       -0.2651752997
 C         -2.5140016032        1.6577230812       -1.5113490511
 O         -2.7192688830        0.9106739854       -2.4588307264
 C         -1.7151805878        2.9520848485       -1.6549416674
 C         -2.6091384702        4.2007029509       -1.7443780374
 C         -3.7338120901        4.3643698946       -0.7145238775
 C         -4.6858700107        5.4584615128       -1.2004008110
 C         -3.1945850468        4.7343439102        0.6632763102
 N         -0.6999303361        2.9329904266       -0.5972777436
 C          0.1476744300        3.9316036363       -0.2912484166
 O         -0.0575842800        5.1152288466       -0.5094407778
 C          1.4772424176        3.5149625394        0.3667489271
 C          1.7628708046        4.3078769264        1.6510756679
 C          1.1802849280        3.7338166951        2.9490554141
 C         -0.3251261005        3.5106250320        2.8528721820
 C          1.4958352317        4.6962837616        4.0939128204
 N          1.6750144094        2.0901301502        0.5260108477
 C          2.4062838343        1.3898865121       -0.3614580878
 O          2.7315344205        1.8531822876       -1.4447117244
 C          2.8097956457       -0.0136865481        0.0909521337
 C          3.3745720557       -0.8274385091       -1.0925045157
 C          4.8619076213       -0.6353571288       -1.1849339124
 C          5.7004245598       -1.3133040592       -0.3059663490
 C          7.0649645853       -1.1085048610       -0.3274736985
 C          7.6190322484       -0.2086232327       -1.2333224107
 O          8.9683676443       -0.0257484869       -1.2147309282
 C          6.7881381017        0.4703376088       -2.1160361126
 C          5.4218579266        0.2565772226       -2.0872292526
 N          1.7097606984       -0.6603922961        0.7851864254
 C          1.9228574644       -1.8016251421        1.4888163784
 O          3.0297004292       -2.2315919591        1.7662844893
 C          0.6410976044       -2.3591850613        2.0962561479
 C          0.7426596129       -3.6481280232        2.9112405732
 C         -0.7137512168       -4.1547425854        2.9277659539
 C         -1.4628143681       -3.2637561137        1.9092504427
 N         -0.4022161398       -2.6594981544        1.1223765059
 C         -0.0831426464       -2.9517329725       -0.1541980544
 O          1.0791680512       -3.0653670696       -0.5328577930
 C         -1.2125503370       -2.8906626716       -1.1946028051
 C         -1.6160427727       -4.2210152901       -1.8359714939
 C         -2.1510558880       -5.3493109041       -0.9425562911
 C         -2.0211948902       -6.6698568856       -1.7053836668
 C         -3.6153733261       -5.1526250455       -0.5491008520
 N         -2.3179063854       -2.0971175138       -0.6906267116
 C         -2.1000889382       -0.8254722603       -0.3600166498
 O         -0.9717092470       -0.3232477743       -0.3491952450
 H         -6.4408106185       -1.4523618218        2.3282904170
 H         -4.9207607551       -0.5839118599        2.3888279770
 H         -6.3313288099        0.1710852937        1.6545114931
 H         -4.8277420891       -2.2574962456        0.5979923831
 H         -6.4783275838       -2.2044789064       -1.2877597013
 H         -7.3622807615       -0.9285585443       -0.4559938905
 H         -7.2547375325       -2.5338324297        0.2605355467
 H         -4.5588843346       -0.7411359278       -1.4690148378
 H         -5.2577064105        0.5489376101       -0.5187144451
 H         -3.3047410580       -0.0136523223        1.1899068586
 H         -2.6729779500        2.0322607990        0.4681097304
 H         -1.1916794184        2.8757277885       -2.6211445286
 H         -1.9601513580        5.0756423399       -1.7052236715
 H         -3.0627610558        4.1635055227       -2.7375876253
 H         -4.2995966021        3.4303195087       -0.6492953819
 H         -4.1500726626        6.3971697495       -1.3204657610
 H         -5.1277148575        5.1903148874       -2.1572055884
 H         -5.4870235650        5.6092127916       -0.4816376790
 H         -4.0095543217        4.8530512408        1.3722725855
 H         -2.5129214095        3.9787599523        1.0385069463
 H         -2.6450397342        5.6712530030        0.6037869200
 H         -0.3381502892        1.9973237943       -0.4335500261
 H          2.2086882382        3.8335218392       -0.3930620578
 H          2.8441668251        4.3952923832        1.7702135171
 H          1.3628672579        5.3109180069        1.4863990502
 H          1.6734867798        2.7808132764        3.1734821633
 H         -0.8156298324        4.4398869511        2.5727286520
 H         -0.5611058914        2.7531212071        2.1102054805
 H         -0.7189344743        3.1894722642        3.8139795053
 H          1.1398736061        4.2938210629        5.0387096937
 H          1.0126855875        5.6554607478        3.9234355700
 H          2.5673365250        4.8616154769        4.1736386152
 H          1.4834016996        1.6805384657        1.4283991453
 H          3.6156198438        0.0993444604        0.8311005955
 H          2.8878028297       -0.5022492395       -2.0134183106
 H          3.1404094752       -1.8799302155       -0.9255591192
 H          5.2677408816       -2.0004415791        0.4069470737
 H          7.7194363742       -1.6322012370        0.3514955433
 H          9.2253132307        0.6474078665       -1.8630035788
 H          7.2081327883        1.1723859355       -2.8221717233
 H          4.7784418306        0.8027858329       -2.7607661591
 H          0.7849686380       -0.5294562077        0.3837698166
 H          0.2390288359       -1.5556619910        2.7294653959
 H          1.1453242008       -3.4694020149        3.9043419646
 H          1.4078553447       -4.3400433658        2.3935951369
 H         -0.7582825767       -5.2013943996        2.6339660797
 H         -1.1539224278       -4.0587917639        3.9169243692
 H         -2.0079818797       -2.4678143335        2.4225346237
 H         -2.1455092676       -3.8257065681        1.2849601427
 H         -0.7334446900       -2.3040524831       -1.9979904697
 H         -0.7118115482       -4.5843861062       -2.3295131861
 H         -2.3478654586       -4.0048483773       -2.6173883879
 H         -1.5259400343       -5.4187818064       -0.0467560555
 H         -2.5926130828       -6.6296203163       -2.6297860097
 H         -2.3969807231       -7.4948521309       -1.1057194626
 H         -0.9823157907       -6.8742138843       -1.9534999341
 H         -3.7663753433       -4.2734377507        0.0698995310
 H         -3.9640533632       -6.0162215411        0.0118920742
 H         -4.2304751151       -5.0602908545       -1.4413695782
 H         -3.2582554075       -2.4305157062       -0.8368302660
  111
 Etot=        -158.1871855432
 C         -5.8188261863       -0.8184189687        1.7534302880
 C         -5.4353310646       -1.3802726040        0.3851932504
 C         -6.6954757985       -1.8070625107       -0.3661923400
 C         -4.6698257534       -0.3518956877       -0.4621679021
 C         -3.2965679178        0.0394897786        0.0926111445
 N         -2.9433477915        1.4028448217       -0.2694054662
 C         -2.5130255866        1.6696350449       -1.5137573055
 O         -2.7150326828        0.9249485587       -2.4636391271
 C         -1.7144611425        2.9649924374       -1.6517593321
 C         -2.6093781230        4.2134035842       -1.7364000308
 C         -3.7342379011        4.3729421599       -0.7063253522
 C         -4.6883801069        5.4659734155       -1.1898698920
 C         -3.1959647287        4.7405951788        0.6722038494
 N         -0.6999977300        2.9418598002       -0.5934257996
 C          0.1484877247        3.9390917088       -0.2845862158
 O         -0.0563203447        5.1236121615       -0.4978247939
 C          1.4781515572        3.5193597306        0.3719653156
 C          1.7608928236        4.3063535438        1.6608904315
 C          1.1799367493        3.7230949024        2.9553750778
 C         -0.3258594674        3.5014932945        2.8596586006
 C          1.4975157022        4.6770782715        4.1069807095
 N          1.6760676756        2.0938811763        0.5244755425
 C          2.4163660204        1.3977895058       -0.3590208481
 O          2.7547416545        1.8662081250       -1.4364401088
 C          2.8123020689       -0.0093047792        0.0893336558
 C          3.3663193343       -0.8257679908       -1.0976927577
 C          4.8545871743       -0.6450362728       -1.1972849673
 C          5.6926999210       -1.3183066203       -0.3141667358
 C          7.0582967663       -1.1203950058       -0.3428507404
 C          7.6145550116       -0.2335162390       -1.2604939721
 O          8.9640256923       -0.0564913846       -1.2450713634
 C          6.7843346330        0.4382339482       -2.1496695074
 C          5.4170908444        0.2317971599       -2.1131317434
 N          1.7115989263       -0.6493421553        0.7881797814
 C          1.9227116805       -1.7898577276        1.4943903293
 O          3.0290254553       -2.2216158037        1.7719048536
 C          0.6409515110       -2.3426095216        2.1047171419
 C          0.7402798755       -3.6300427792        2.9225192190
 C         -0.7177423934       -4.1321843616        2.9425016915
 C         -1.4656059660       -3.2417513747        1.9226418837
 N         -0.4040153060       -2.6430647850        1.1329415230
 C         -0.0856708019       -2.9380004918       -0.1427828561
 O          1.0770756987       -3.0524902030       -0.5207260997
 C         -1.2130358233       -2.8817179962       -1.1854246119
 C         -1.6123180527       -4.2164994933       -1.8208132788
 C         -2.1408238507       -5.3436539440       -0.9218504393
 C         -2.0035024085       -6.6670070389       -1.6785680799
 C         -3.6061945281       -5.1532304883       -0.5296953935
 N         -2.3212820322       -2.0874745104       -0.6887590080
 C         -2.1047866717       -0.8158083742       -0.3569921839
 O         -0.9759372208       -0.3143556414       -0.3401892723
 H         -6.4145156224       -1.5536049044        2.2987746287
 H         -4.9383336964       -0.5922610096        2.3558850459
 H         -6.4092722229        0.0958534414        1.6450535915
 H         -4.8123211691       -2.2655190910        0.5473653948
 H         -6.4494837745       -2.2120880499       -1.3429082243
 H         -7.3559436285       -0.9567090190       -0.5089211209
 H         -7.2352135327       -2.5655544634        0.1921777782
 H         -4.5586041633       -0.7012860069       -1.4910545799
 H         -5.2682527499        0.5612682260       -0.5088409990
 H         -3.3190157316       -0.0004980053        1.1852735034
 H         -2.6773225566        2.0422877210        0.4658041605
 H         -1.1900284654        2.8938353277       -2.6182526194
 H         -1.9605764810        5.0886258874       -1.6953794201
 H         -3.0631534228        4.1790119954       -2.7301935084
 H         -4.2982091767        3.4377433959       -0.6434951064
 H         -4.1550810404        6.4066311804       -1.3060193981
 H         -5.1278906905        5.1999239530       -2.1484766970
 H         -5.4915409763        5.6120523239       -0.4722602066
 H         -4.0107177848        4.8533570029        1.3825028941
 H         -2.5102411252        3.9870858344        1.0446317797
 H         -2.6504645418        5.6802393067        0.6160400142
 H         -0.3391370820        2.0055926585       -0.4316080923
 H          2.2108457162        3.8419300004       -0.3853429215
 H          2.8419599816        4.3969530916        1.7807546734
 H          1.3576458105        5.3089088701        1.5017753027
 H          1.6728886027        2.7682845662        3.1723373239
 H         -0.8160063948        4.4328375799        2.5857144995
 H         -0.5632466985        2.7485426014        2.1128187797
 H         -0.7187702263        3.1751338006        3.8195302514
 H          1.1440540486        4.2668380782        5.0493368136
 H          1.0135833102        5.6373405496        3.9450126345
 H          2.5692069940        4.8422602809        4.1853985184
 H          1.4757111261        1.6779745823        1.4226533861
 H          3.6224658718        0.0969911270        0.8261137175
 H          2.8783022091       -0.4960555280       -2.0164167388
 H          3.1243821669       -1.8768567019       -0.9308314454
 H          5.2602179352       -1.9967045048        0.4076148865
 H          7.7128131449       -1.6397056229        0.3397529199
 H          9.2328491328        0.5932610548       -1.9145943345
 H          7.2053608292        1.1287735500       -2.8666846120
 H          4.7740525779        0.7724286104       -2.7915638488
 H          0.7871411810       -0.5200207445        0.3849746899
 H          0.2417201292       -1.5369111219        2.7368753368
 H          1.1451469809       -3.4501236647        3.9147044910
 H          1.4027301093       -4.3248490963        2.4055318567
 H         -0.7657574183       -5.1796144119        2.6516226799
 H         -1.1558998088       -4.0324876190        3.9321524688
 H         -2.0073040106       -2.4425560108        2.4347634174
 H         -2.1506896141       -3.8028573403        1.3003013813
 H         -0.7327432444       -2.2986999389       -1.9908443976
 H         -0.7072804355       -4.5779474504       -2.3141678936
 H         -2.3463909198       -4.0068196062       -2.6018643524
 H         -1.5153820848       -5.4053129610       -0.0258310634
 H         -2.5790488657       -6.6361166177       -2.6008478023
 H         -2.3701347453       -7.4921027301       -1.0732620859
 H         -0.9640299876       -6.8643460536       -1.9298400138
 H         -3.7616967357       -4.2727913286        0.0864193909
 H         -3.9511130407       -6.0168742961        0.0337402356
 H         -4.2214814512       -5.0666637361       -1.4224422786
 H         -3.2602986404       -2.4192589308       -0.8456499149
  111
 Etot=        -158.1873560901
 C         -5.8299040138       -0.8314505780        1.7433906290
 C         -5.4335511043       -1.3845779252        0.3761438914
 C         -6.6854820401       -1.8234374575       -0.3837081809
 C         -4.6740619967       -0.3467614788       -0.4640979968
 C         -3.3007287389        0.0435273735        0.0920217692
 N         -2.9452873339        1.4060246510       -0.2712111892
 C         -2.5127717115        1.6739605020       -1.5143527725
 O         -2.7132884746        0.9314162571       -2.4659956629
 C         -1.7128608584        2.9688466820       -1.6478409072
 C         -2.6091421134        4.2164919880       -1.7327180179
 C         -3.7329265891        4.3758126073       -0.7018259756
 C         -4.6886857086        5.4673519432       -1.1852312680
 C         -3.1946312995        4.7444007035        0.6764076456
 N         -0.7010119228        2.9444119547       -0.5871590578
 C          0.1494405039        3.9410863125       -0.2797574938
 O         -0.0546439311        5.1253700009       -0.4941262130
 C          1.4793994550        3.5211469932        0.3759334164
 C          1.7599410865        4.3062027736        1.6670587641
 C          1.1787139469        3.7199800222        2.9597373104
 C         -0.3272896456        3.4989960784        2.8639100543
 C          1.4965899615        4.6712458981        4.1136254585
 N          1.6801315380        2.0962258048        0.5257079181
 C          2.4205073752        1.4011109083       -0.3578943540
 O          2.7616624609        1.8713467444       -1.4336324157
 C          2.8141562893       -0.0074339477        0.0883983091
 C          3.3636140451       -0.8245193444       -1.1006821635
 C          4.8518467112       -0.6490494537       -1.2029888677
 C          5.6897737208       -1.3203457177       -0.3181585798
 C          7.0559099377       -1.1260558727       -0.3506069971
 C          7.6135299654       -0.2448531648       -1.2735020528
 O          8.9630285902       -0.0709041305       -1.2585953774
 C          6.7833426113        0.4252343300       -2.1637339550
 C          5.4156210002        0.2213726008       -2.1238225296
 N          1.7130940128       -0.6454122081        0.7877252749
 C          1.9222218964       -1.7848765236        1.4954561515
 O          3.0279922626       -2.2168044045        1.7760023608
 C          0.6403260335       -2.3362748494        2.1044156915
 C          0.7369088346       -3.6221415564        2.9257682022
 C         -0.7221529605       -4.1212397298        2.9452827660
 C         -1.4671999793       -3.2306906627        1.9230804270
 N         -0.4031751004       -2.6388347073        1.1319817587
 C         -0.0865984480       -2.9293223913       -0.1444805346
 O          1.0762518290       -3.0395732413       -0.5244749292
 C         -1.2144024678       -2.8769405822       -1.1861918594
 C         -1.6099052939       -4.2155844708       -1.8161899753
 C         -2.1367205767       -5.3401034745       -0.9129451889
 C         -1.9918786029       -6.6669332087       -1.6624149345
 C         -3.6039143634       -5.1524874352       -0.5267748927
 N         -2.3241596921       -2.0837971491       -0.6916069681
 C         -2.1086168421       -0.8131704779       -0.3548709733
 O         -0.9797178420       -0.3119448914       -0.3338988286
 H         -6.4180950348       -1.5694252500        2.2783817973
 H         -4.9582772858       -0.5972719008        2.3538081685
 H         -6.4264432190        0.0713616473        1.6333474436
 H         -4.8023455091       -2.2635406940        0.5386983206
 H         -6.4288469719       -2.2257350354       -1.3613958789
 H         -7.3529651815       -0.9780503042       -0.5303946154
 H         -7.2205473644       -2.5895766228        0.1718044163
 H         -4.5617164668       -0.6874118184       -1.4954013324
 H         -5.2742947399        0.5651624989       -0.5029733822
 H         -3.3254086336        0.0050166822        1.1844471271
 H         -2.6772063045        2.0434231887        0.4637859887
 H         -1.1863188519        2.9007604423       -2.6132302146
 H         -1.9608057806        5.0923136033       -1.6936295158
 H         -3.0636848328        4.1797198636       -2.7259506002
 H         -4.2960903129        3.4399386091       -0.6386054841
 H         -4.1573606976        6.4092809466       -1.2999133818
 H         -5.1263604490        5.2011367591       -2.1445959606
 H         -5.4931932048        5.6109377648       -0.4686171176
 H         -4.0102276716        4.8601370466        1.3855632766
 H         -2.5111531604        3.9897530995        1.0511281044
 H         -2.6468842303        5.6828197184        0.6189102704
 H         -0.3412325976        2.0075403143       -0.4252609919
 H          2.2122403792        3.8463119917       -0.3797866227
 H          2.8407188440        4.3977037104        1.7879581306
 H          1.3557110159        5.3084921772        1.5092424094
 H          1.6712148055        2.7645469059        3.1744483508
 H         -0.8173775504        4.4310891369        2.5926193808
 H         -0.5652044607        2.7480470944        2.1152183784
 H         -0.7197083847        3.1702686665        3.8231994522
 H          1.1441205668        4.2581785935        5.0550030491
 H          1.0120574517        5.6315333222        3.9545949964
 H          2.5682896189        4.8367279876        4.1912527542
 H          1.4748429637        1.6759689636        1.4209181311
 H          3.6259393467        0.0947451889        0.8239634542
 H          2.8752720909       -0.4924762481       -2.0184474012
 H          3.1175203388       -1.8746509556       -0.9338127552
 H          5.2578587852       -1.9950418104        0.4078494274
 H          7.7105819889       -1.6426022617        0.3339732846
 H          9.2400675009        0.5618703118       -1.9411938380
 H          7.2038205608        1.1113598872       -2.8849344614
 H          4.7724047431        0.7609305661       -2.8026179064
 H          0.7895668849       -0.5176511662        0.3818337401
 H          0.2392207249       -1.5301862945        2.7349234655
 H          1.1412502883       -3.4399129361        3.9176392300
 H          1.3988051296       -4.3194024006        2.4113430596
 H         -0.7723208431       -5.1689339637        2.6556360219
 H         -1.1610166601       -4.0193432188        3.9343556310
 H         -2.0055168008       -2.4278658903        2.4333402410
 H         -2.1547723801       -3.7908845186        1.3025614425
 H         -0.7362360865       -2.2962522664       -1.9942693356
 H         -0.7030779705       -4.5766705148       -2.3064986534
 H         -2.3433602938       -4.0114622685       -2.5991815164
 H         -1.5136054916       -5.3950456256       -0.0147901507
 H         -2.5664696187       -6.6440113234       -2.5855261691
 H         -2.3548406737       -7.4905275771       -1.0530624414
 H         -0.9511351661       -6.8603084406       -1.9112568922
 H         -3.7635940221       -4.2723078699        0.0886802242
 H         -3.9492195961       -6.0168505324        0.0354324948
 H         -4.2158012825       -5.0674364071       -1.4220574606
 H         -3.2625316423       -2.4160090803       -0.8542627349
  111
 Etot=        -158.1874800829
 C         -5.8458595281       -0.8527389127        1.7279617991
 C         -5.4311109117       -1.3915052942        0.3601209164
 C         -6.6712186332       -1.8447705281       -0.4113542456
 C         -4.6782965181       -0.3405439318       -0.4683231702
 C         -3.3053984154        0.0486813264        0.0910440393
 N         -2.9483594143        1.4106145263       -0.2723560833
 C         -2.5115087624        1.6796818951       -1.5139122240
 O         -2.7098943714        0.9388920622       -2.4672825843
 C         -1.7112442117        2.9744166171       -1.6430516602
 C         -2.6085926575        4.2218397567       -1.7278475170
 C         -3.7315722426        4.3806212290       -0.6963023236
 C         -4.6890171598        5.4710867398       -1.1788490464
 C         -3.1930177261        4.7496767516        0.6818228378
 N         -0.7016343953        2.9484412024       -0.5804675205
 C          0.1512883518        3.9441934364       -0.2747467624
 O         -0.0519889408        5.1282947144       -0.4906506872
 C          1.4805872729        3.5238856613        0.3810165930
 C          1.7592462192        4.3056610375        1.6752646694
 C          1.1776188216        3.7150548846        2.9654796119
 C         -0.3285556977        3.4946624660        2.8694293304
 C          1.4959653578        4.6621833108        4.1228475777
 N          1.6838199820        2.0995083477        0.5273000771
 C          2.4266951993        1.4066809059       -0.3556284458
 O          2.7723754009        1.8795945269       -1.4286302945
 C          2.8165654461       -0.0039191111        0.0874925696
 C          3.3594362855       -0.8218223249       -1.1045467438
 C          4.8476014865       -0.6528750802       -1.2113330757
 C          5.6846722457       -1.3219985469       -0.3239191424
 C          7.0516730093       -1.1353114622       -0.3619543507
 C          7.6116467026       -0.2636095747       -1.2931921145
 O          8.9625380739       -0.0976484982       -1.2837768455
 C          6.7823248786        0.4060773827       -2.1839938053
 C          5.4133407346        0.2089663989       -2.1384445610
 N          1.7153865428       -0.6393481755        0.7882649990
 C          1.9218367846       -1.7773696416        1.4978430028
 O          3.0267394441       -2.2109841588        1.7805668851
 C          0.6391746172       -2.3267200553        2.1051290599
 C          0.7319816881       -3.6104303924        2.9311699634
 C         -0.7283002640       -4.1055255250        2.9499711692
 C         -1.4696542743       -3.2156290102        1.9239425709
 N         -0.4026348610       -2.6317709191        1.1315542473
 C         -0.0873645327       -2.9188467789       -0.1455203413
 O          1.0756335579       -3.0263830897       -0.5269575444
 C         -1.2153748509       -2.8706443143       -1.1863398017
 C         -1.6065761485       -4.2137892898       -1.8097659671
 C         -2.1306904490       -5.3347052078       -0.9005305437
 C         -1.9766438841       -6.6662897630       -1.6399074962
 C         -3.5999205612       -5.1510465144       -0.5205674309
 N         -2.3267255095       -2.0786136991       -0.6939521714
 C         -2.1125644072       -0.8084757584       -0.3534570265
 O         -0.9837010169       -0.3076537672       -0.3267004609
 H         -6.4179511871       -1.6097834710        2.2572652827
 H         -4.9859468483       -0.6067746356        2.3424146487
 H         -6.4600025335        0.0347064635        1.6220481551
 H         -4.7892714569       -2.2621026000        0.5233670064
 H         -6.4010962256       -2.2451306717       -1.3863576124
 H         -7.3460398833       -1.0059971210       -0.5640137495
 H         -7.2025866159       -2.6158137711        0.1403519410
 H         -4.5643886821       -0.6685441126       -1.5030803253
 H         -5.2819415800        0.5692811336       -0.4952896018
 H         -3.3327422033        0.0109177375        1.1833354164
 H         -2.6784973678        2.0462203015        0.4625185945
 H         -1.1831976908        2.9089958191       -2.6074049152
 H         -1.9605070506        5.0979762463       -1.6897034947
 H         -3.0635158371        4.1836121549       -2.7205120121
 H         -4.2942739424        3.4442453930       -0.6328021460
 H         -4.1597109529        6.4143441360       -1.2917991866
 H         -5.1254620844        5.2051593342       -2.1387621305
 H         -5.4941984486        5.6118076894       -0.4624660198
 H         -4.0091930827        4.8689279543        1.3894759872
 H         -2.5124489869        3.9937188212        1.0588938711
 H         -2.6427263129        5.6862719726        0.6231341635
 H         -0.3435557777        2.0107021386       -0.4184830626
 H          2.2140195062        3.8521985387       -0.3722126288
 H          2.8397838849        4.3968924874        1.7971089735
 H          1.3547773711        5.3082133067        1.5198310257
 H          1.6697987869        2.7587104140        3.1768179427
 H         -0.8187871032        4.4277540638        2.6020465023
 H         -0.5670509526        2.7466287783        2.1179664452
 H         -0.7202329780        3.1621587195        3.8276691792
 H          1.1443229298        4.2453526274        5.0628282357
 H          1.0110732265        5.6228642424        3.9678882006
 H          2.5676739987        4.8275519630        4.2000246004
 H          1.4715785041        1.6741770483        1.4183407032
 H          3.6309359886        0.0934956037        0.8205907621
 H          2.8693530336       -0.4871583919       -2.0204377766
 H          3.1092185142       -1.8707638108       -0.9373243243
 H          5.2517694568       -1.9897093829        0.4083255524
 H          7.7058164263       -1.6494451521        0.3246652255
 H          9.2416694289        0.5250416053       -1.9714720551
 H          7.2032480259        1.0855350014       -2.9111280104
 H          4.7712572318        0.7470922479       -2.8194285804
 H          0.7924655498       -0.5116878428        0.3811285679
 H          0.2354952648       -1.5198538795        2.7331517833
 H          1.1354979996       -3.4250035574        3.9226030068
 H          1.3932217030       -4.3109936063        2.4201705321
 H         -0.7811765165       -5.1536961217        2.6626834472
 H         -1.1685793509       -3.9998914369        3.9380325161
 H         -2.0043601353       -2.4084214876        2.4311660814
 H         -2.1599738037       -3.7752898507        1.3058907174
 H         -0.7393262299       -2.2928518611       -1.9975010825
 H         -0.6978083128       -4.5744918597       -2.2968188783
 H         -2.3396456306       -4.0166088690       -2.5947740004
 H         -1.5100539515       -5.3804200909        0.0000232364
 H         -2.5495737320       -6.6534833841       -2.5642972867
 H         -2.3357695476       -7.4873917228       -1.0250431663
 H         -0.9342155989       -6.8552167968       -1.8852108003
 H         -3.7646627048       -4.2701627511        0.0924866941
 H         -3.9448198437       -6.0153833477        0.0418956408
 H         -4.2083937880       -5.0695181246       -1.4185155083
 H         -3.2644686375       -2.4104365001       -0.8645106809
  111
 Etot=        -158.1876294636
 C         -5.8672879675       -0.8813325463        1.7064944337
 C         -5.4273032728       -1.4050804692        0.3410110732
 C         -6.6502964091       -1.8768645517       -0.4474010264
 C         -4.6835126735       -0.3359562072       -0.4717935977
 C         -3.3113725049        0.0538787183        0.0907309569
 N         -2.9539520157        1.4158131438       -0.2722405306
 C         -2.5102737296        1.6864772721       -1.5116185756
 O         -2.7050877686        0.9473202107       -2.4669813404
 C         -1.7095152651        2.9809356419       -1.6355273451
 C         -2.6077474420        4.2284405597       -1.7208547694
 C         -3.7298178562        4.3874183389       -0.6886540413
 C         -4.6886015269        5.4773117747       -1.1701776886
 C         -3.1905015570        4.7570275382        0.6892517421
 N         -0.7026891858        2.9534563426       -0.5704666622
 C          0.1538576978        3.9480020514       -0.2679314025
 O         -0.0481686805        5.1317044098       -0.4874001005
 C          1.4819329092        3.5275685353        0.3883768949
 C          1.7586820814        4.3045851630        1.6867929569
 C          1.1762127034        3.7083915897        2.9738156301
 C         -0.3300532162        3.4884786037        2.8772218967
 C          1.4948260853        4.6502568556        4.1356340190
 N          1.6880618709        2.1038120015        0.5300234732
 C          2.4346327026        1.4145868510       -0.3523003260
 O          2.7872258004        1.8918580534       -1.4212035422
 C          2.8195677074        0.0013412313        0.0861853254
 C          3.3535498235       -0.8172137365       -1.1099919322
 C          4.8416354552       -0.6567511139       -1.2231281961
 C          5.6770805231       -1.3233372217       -0.3319248437
 C          7.0449072564       -1.1474449853       -0.3762681714
 C          7.6081597633       -0.2891120099       -1.3185185226
 O          8.9614005599       -0.1356568279       -1.3175645959
 C          6.7810539254        0.3796961669       -2.2115709362
 C          5.4102494625        0.1932963411       -2.1586837367
 N          1.7183364099       -0.6312426788        0.7886795157
 C          1.9214806294       -1.7666805940        1.5014798020
 O          3.0251406627       -2.2017703091        1.7881179218
 C          0.6371623427       -2.3139245385        2.1052564638
 C          0.7241753287       -3.5941418454        2.9382980833
 C         -0.7377181494       -4.0838393017        2.9550351873
 C         -1.4730715907       -3.1956717095        1.9224384494
 N         -0.4013581564       -2.6230126477        1.1291336271
 C         -0.0874289662       -2.9051715520       -0.1487525115
 O          1.0756524488       -3.0096301956       -0.5317979326
 C         -1.2158432083       -2.8620958200       -1.1883255747
 C         -1.6016269451       -4.2112872800       -1.8024694749
 C         -2.1222500024       -5.3264683045       -0.8842846570
 C         -1.9556236305       -6.6651688958       -1.6082979351
 C         -3.5942759301       -5.1478222296       -0.5128678954
 N         -2.3290920465       -2.0716711387       -0.6979521816
 C         -2.1170500602       -0.8023693746       -0.3519068182
 O         -0.9885322389       -0.3014865288       -0.3175008193
 H         -6.4182450928       -1.6560367249        2.2288634261
 H         -5.0174089851       -0.6031690225        2.3265351266
 H         -6.5134838666       -0.0158110320        1.5953788220
 H         -4.7711221809       -2.2634753929        0.5087229479
 H         -6.3616059041       -2.2755871295       -1.4170876835
 H         -7.3336550508       -1.0472256155       -0.6104269769
 H         -7.1785579796       -2.6524741408        0.0990576815
 H         -4.5676420378       -0.6466538788       -1.5113843553
 H         -5.2925860973        0.5704423359       -0.4829659848
 H         -3.3412519958        0.0164824961        1.1829433074
 H         -2.6817024994        2.0496866501        0.4626158462
 H         -1.1795034481        2.9183089021       -2.5985347219
 H         -1.9596174437        5.1046086642       -1.6837803621
 H         -3.0628449436        4.1886547200       -2.7129894910
 H         -4.2925822952        3.4509139610       -0.6244656064
 H         -4.1609839354        6.4216604510       -1.2816533040
 H         -5.1245166660        5.2118626807       -2.1303314813
 H         -5.4938291835        5.6154888523       -0.4534591646
 H         -4.0071973619        4.8816307405        1.3951623537
 H         -2.5142103987        3.9987879557        1.0692549217
 H         -2.6362264149        5.6908693331        0.6288344837
 H         -0.3470472587        2.0146310082       -0.4080680592
 H          2.2163113056        3.8601197041       -0.3614624141
 H          2.8390582101        4.3941254573        1.8097624835
 H          1.3550426259        5.3079967803        1.5347998249
 H          1.6681758221        2.7509566208        3.1808805765
 H         -0.8207177769        4.4229727062        2.6156896165
 H         -0.5690926724        2.7448078576        2.1215246636
 H         -0.7207060533        3.1500903369        3.8337581741
 H          1.1434780189        4.2289769317        5.0737132374
 H          1.0098569396        5.6115860497        3.9853922486
 H          2.5665288557        4.8151657398        4.2130551032
 H          1.4648151666        1.6712482272        1.4146769844
 H          3.6373208026        0.0926947685        0.8158693975
 H          2.8605634059       -0.4792381847       -2.0230772994
 H          3.0986142597       -1.8647124723       -0.9423063134
 H          5.2419534513       -1.9812775399        0.4078774213
 H          7.6980266138       -1.6598869795        0.3120711333
 H          9.2409899575        0.4715328760       -2.0169955765
 H          7.2029913584        1.0508304643       -2.9456312781
 H          4.7703276023        0.7310881416       -2.8420053321
 H          0.7959002881       -0.5028256981        0.3810188304
 H          0.2290041844       -1.5056354420        2.7289164672
 H          1.1256655686       -3.4040068660        3.9294752876
 H          1.3848705086       -4.2994730875        2.4328650323
 H         -0.7938655661       -5.1328268764        2.6716393137
 H         -1.1810665086       -3.9724164027        3.9411230827
 H         -2.0035657600       -2.3823416473        2.4243873364
 H         -2.1664897161       -3.7551477025        1.3076875677
 H         -0.7427073476       -2.2880536668       -2.0036632219
 H         -0.6902880202       -4.5719462278       -2.2849177216
 H         -2.3340790665       -4.0237626093       -2.5903310825
 H         -1.5051509141       -5.3587902945        0.0195213250
 H         -2.5242257065       -6.6665032246       -2.5355540397
 H         -2.3117585556       -7.4816751494       -0.9857514563
 H         -0.9106166193       -6.8493856101       -1.8464261413
 H         -3.7660719434       -4.2647466798        0.0950559061
 H         -3.9384564181       -6.0109762777        0.0517920173
 H         -4.1983525506       -5.0729161168       -1.4144565845
 H         -3.2658438434       -2.4024229148       -0.8790645298
  111
 Etot=        -158.1877685075
 C         -5.8900282964       -0.9054121843        1.6859199976
 C         -5.4231930394       -1.4184747841        0.3248815411
 C         -6.6270863667       -1.9100208367       -0.4802161359
 C         -4.6875822796       -0.3338454612       -0.4746145865
 C         -3.3165964786        0.0565003470        0.0907142692
 N         -2.9608355084        1.4197355221       -0.2694928073
 C         -2.5095976095        1.6915283536       -1.5067373065
 O         -2.6998007253        0.9523254612       -2.4632234187
 C         -1.7083391593        2.9856384575       -1.6269517277
 C         -2.6066752388        4.2333975602       -1.7136196179
 C         -3.7281368580        4.3940119292       -0.6809982756
 C         -4.6867565907        5.4844768700       -1.1621712261
 C         -3.1872746554        4.7644057323        0.6963345778
 N         -0.7038044210        2.9577210813       -0.5595512603
 C          0.1560864251        3.9512730889       -0.2611242739
 O         -0.0440687260        5.1342520285       -0.4867375565
 C          1.4828823201        3.5315083557        0.3963546277
 C          1.7582059249        4.3037351278        1.6982924981
 C          1.1748286843        3.7023964620        2.9826010145
 C         -0.3312898858        3.4824734089        2.8850744925
 C          1.4929970300        4.6395450780        4.1483542866
 N          1.6907483786        2.1079258706        0.5336457724
 C          2.4414709343        1.4230307026       -0.3485478029
 O          2.8018646303        1.9057922922       -1.4127350801
 C          2.8222204873        0.0074792060        0.0848882092
 C          3.3480245015       -0.8105137656       -1.1153198736
 C          4.8362693115       -0.6579478668       -1.2346263842
 C          5.6694551494       -1.3232076431       -0.3399081639
 C          7.0380809861       -1.1595581101       -0.3900657849
 C          7.6044707597       -0.3150175497       -1.3426580039
 O          8.9603239974       -0.1760955341       -1.3515807874
 C          6.7804416112        0.3536661573       -2.2383632875
 C          5.4079206351        0.1800739478       -2.1788570802
 N          1.7208852686       -0.6231137766        0.7888060158
 C          1.9214790515       -1.7565764308        1.5043490886
 O          3.0238009229       -2.1928415084        1.7942683249
 C          0.6341826946       -2.3013757585        2.1043350002
 C          0.7142669973       -3.5770379856        2.9450623845
 C         -0.7492035512       -4.0617478102        2.9585144101
 C         -1.4774004577       -3.1765322287        1.9179692875
 N         -0.4003112831       -2.6148681781        1.1249884234
 C         -0.0865678316       -2.8931758886       -0.1532218878
 O          1.0765881889       -2.9961654377       -0.5365953162
 C         -1.2151079603       -2.8546683429       -1.1923503609
 C         -1.5963826771       -4.2093266097       -1.7972941155
 C         -2.1140683278       -5.3179163261       -0.8695933824
 C         -1.9346481656       -6.6643279433       -1.5761095375
 C         -3.5890110164       -5.1439177184       -0.5072824452
 N         -2.3299724485       -2.0656152961       -0.7031237380
 C         -2.1201562613       -0.7973170387       -0.3514294332
 O         -0.9923688678       -0.2955765746       -0.3102563057
 H         -6.4220867025       -1.6957036192        2.2077637301
 H         -5.0531129470       -0.5998266941        2.3100136733
 H         -6.5632588359       -0.0603755506        1.5680329840
 H         -4.7535686361       -2.2647926607        0.5014455586
 H         -6.3175487680       -2.3072481341       -1.4439035927
 H         -7.3192622713       -1.0907799497       -0.6566341427
 H         -7.1536400162       -2.6918947416        0.0603636668
 H         -4.5705314676       -0.6290019006       -1.5185442415
 H         -5.3020829112        0.5687756683       -0.4718945304
 H         -3.3480377649        0.0173913807        1.1830593519
 H         -2.6872575162        2.0527945756        0.4661588880
 H         -1.1764943216        2.9238987030       -2.5888112083
 H         -1.9582831048        5.1092568535       -1.6772893675
 H         -3.0617123326        4.1926558203       -2.7055436448
 H         -4.2918222573        3.4582005019       -0.6154299297
 H         -4.1591117331        6.4287755471       -1.2735011413
 H         -5.1232793284        5.2193810786       -2.1220444126
 H         -5.4912747317        5.6223867086       -0.4447226005
 H         -4.0040275386        4.8956983417        1.4013087900
 H         -2.5159653717        4.0026671424        1.0786520426
 H         -2.6275545018        5.6949106289        0.6334642941
 H         -0.3503950504        2.0182380158       -0.3959483585
 H          2.2183727348        3.8677773457       -0.3504992799
 H          2.8386193117        4.3909337365        1.8223047817
 H          1.3560714720        5.3083392962        1.5500229029
 H          1.6670653329        2.7441805372        3.1857595918
 H         -0.8225733990        4.4182604560        2.6293886904
 H         -0.5703719062        2.7433162897        2.1249439860
 H         -0.7213356092        3.1378822350        3.8395777439
 H          1.1408589475        4.2148314683        5.0846335804
 H          1.0084171004        5.6016466492        4.0016031191
 H          2.5646423649        4.8037858508        4.2273019412
 H          1.4570510455        1.6690419384        1.4119820971
 H          3.6427367676        0.0939771633        0.8115806701
 H          2.8521915584       -0.4691187074       -2.0254994755
 H          3.0896098027       -1.8570723041       -0.9481398769
 H          5.2306505698       -1.9710048235        0.4062318198
 H          7.6895601078       -1.6717932327        0.2997229771
 H          9.2365884052        0.4160655692       -2.0666524923
 H          7.2046364611        1.0164988569       -2.9786621183
 H          4.7707944051        0.7193866514       -2.8636801669
 H          0.7981931462       -0.4922445722        0.3829497444
 H          0.2223835279       -1.4898044779        2.7217740991
 H          1.1123361282       -3.3820102183        3.9366035883
 H          1.3747304720       -4.2875959419        2.4464971593
 H         -0.8077623659       -5.1118647318        2.6800680773
 H         -1.1967836254       -3.9436667006        3.9419570942
 H         -2.0050672020       -2.3572281870        2.4131877150
 H         -2.1727005284       -3.7364662316        1.3059580544
 H         -0.7441994033       -2.2838871320       -2.0112626706
 H         -0.6827535750       -4.5706566038       -2.2751559427
 H         -2.3280609605       -4.0309446635       -2.5880029033
 H         -1.5011163102       -5.3360446430        0.0374905000
 H         -2.4962861591       -6.6804617090       -2.5075208826
 H         -2.2905536980       -7.4748450780       -0.9456968009
 H         -0.8866812699       -6.8452952668       -1.8040851147
 H         -3.7681180920       -4.2569650034        0.0929880928
 H         -3.9322690481       -6.0044201859        0.0620462528
 H         -4.1887775426       -5.0781835140       -1.4126721910
 H         -3.2654700415       -2.3941826970       -0.8942858962
  111
 Etot=        -158.1878922956
 C         -5.9111052710       -0.9143192643        1.6692317146
 C         -5.4193812084       -1.4305788738        0.3190726068
 C         -6.6030223545       -1.9435078270       -0.5004166667
 C         -4.6896115152       -0.3384482964       -0.4744355315
 C         -3.3201190402        0.0539932352        0.0919778321
 N         -2.9682892402        1.4199831777       -0.2629287032
 C         -2.5097477045        1.6923201828       -1.4981478932
 O         -2.6951871957        0.9515343210       -2.4545472360
 C         -1.7084831609        2.9862501447       -1.6173014366
 C         -2.6057680502        4.2343778477       -1.7068546980
 C         -3.7265904329        4.3990709045       -0.6739579917
 C         -4.6825456212        5.4915415917       -1.1563648036
 C         -3.1829465978        4.7706289399        0.7021266653
 N         -0.7053402982        2.9598446726       -0.5481499443
 C          0.1573386848        3.9530849052       -0.2554392743
 O         -0.0407938799        5.1351469461       -0.4890032407
 C          1.4829550787        3.5352788354        0.4044335988
 C          1.7572588374        4.3036917994        1.7085595707
 C          1.1730621616        3.6988816164        2.9912072679
 C         -0.3326374244        3.4780408402        2.8922338691
 C          1.4897216585        4.6332517712        4.1593210418
 N          1.6923192079        2.1116429927        0.5388155140
 C          2.4465199551        1.4311619867       -0.3439007509
 O          2.8118359267        1.9189601400       -1.4038203227
 C          2.8241480771        0.0136020613        0.0840293141
 C          3.3441219409       -0.8016736013       -1.1198408369
 C          4.8326744109       -0.6548917254       -1.2433281082
 C          5.6633979144       -1.3217257321       -0.3473701919
 C          7.0332350153       -1.1720422400       -0.4040274522
 C          7.6022866105       -0.3399442818       -1.3649864997
 O          8.9606432572       -0.2169780513       -1.3859150442
 C          6.7807879593        0.3335271521       -2.2588763346
 C          5.4068016948        0.1741431238       -2.1933377007
 N          1.7225393065       -0.6167096761        0.7880820130
 C          1.9213529043       -1.7495705963        1.5047305526
 O          3.0222645089       -2.1868179934        1.7969354531
 C          0.6300282868       -2.2913264299        2.1011287549
 C          0.7023158525       -3.5614035398        2.9500136328
 C         -0.7626311077       -4.0421313074        2.9583783564
 C         -1.4826052957       -3.1611100360        1.9087828872
 N         -0.3994892189       -2.6092838152        1.1178692884
 C         -0.0842369814       -2.8851531460       -0.1599872070
 O          1.0791333105       -2.9878167377       -0.5422041516
 C         -1.2126433018       -2.8501079505       -1.1995766051
 C         -1.5911399498       -4.2087795827       -1.7967085322
 C         -2.1076821707       -5.3104304564       -0.8602939585
 C         -1.9162621053       -6.6643525091       -1.5484079133
 C         -3.5855284572       -5.1398409006       -0.5079475581
 N         -2.3286788729       -2.0619668001       -0.7107791003
 C         -2.1210950672       -0.7948847618       -0.3532688968
 O         -0.9944296747       -0.2912776804       -0.3062853550
 H         -6.4344918234       -1.7064349662        2.1955110437
 H         -5.0876287122       -0.5845546504        2.2984756689
 H         -6.5983800778       -0.0851105376        1.5339126366
 H         -4.7391189327       -2.2649715448        0.5125288164
 H         -6.2738069779       -2.3446317958       -1.4551035217
 H         -7.3023887643       -1.1345445334       -0.6952668620
 H         -7.1293549129       -2.7262230455        0.0385393718
 H         -4.5723870206       -0.6252583496       -1.5199437543
 H         -5.3084241635        0.5602484912       -0.4649003517
 H         -3.3510010099        0.0101785168        1.1845504496
 H         -2.6950263722        2.0526519221        0.4742307214
 H         -1.1749712207        2.9229875413       -2.5782609913
 H         -1.9565492242        5.1094661135       -1.6721206176
 H         -3.0607801473        4.1923638809       -2.6987365341
 H         -4.2926245942        3.4650624753       -0.6060126672
 H         -4.1521891455        6.4340242022       -1.2698661044
 H         -5.1209726491        5.2261070949       -2.1152307188
 H         -5.4856682236        5.6329554273       -0.4381020450
 H         -3.9986436416        4.9125757315        1.4064722774
 H         -2.5189177997        4.0039973518        1.0876066115
 H         -2.6145999846        5.6957721204        0.6354036067
 H         -0.3535130696        2.0202847174       -0.3822598121
 H          2.2194985438        3.8741104138       -0.3403161604
 H          2.8378587303        4.3886562757        1.8334729676
 H          1.3569619392        5.3094496024        1.5633715772
 H          1.6662017676        2.7405795852        3.1919359730
 H         -0.8247998959        4.4146339076        2.6413632670
 H         -0.5709829275        2.7427848336        2.1282022045
 H         -0.7225888213        3.1279668574        3.8446977564
 H          1.1352379647        4.2071489960        5.0941587694
 H          1.0061876731        5.5961029628        4.0135372063
 H          2.5612959220        4.7965484071        4.2411909371
 H          1.4510050543        1.6686599783        1.4121956963
 H          3.6462835345        0.0966534967        0.8089750755
 H          2.8465777998       -0.4561988243       -2.0274459263
 H          3.0837058656       -1.8481620759       -0.9553079692
 H          5.2197709793       -1.9598042997        0.4038297479
 H          7.6825342921       -1.6857191090        0.2868546227
 H          9.2276128994        0.3722661241       -2.1051167291
 H          7.2085195385        0.9887446002       -3.0041332949
 H          4.7727680108        0.7155665787       -2.8796048971
 H          0.7990867009       -0.4819125473        0.3855874007
 H          0.2158969294       -1.4746382983        2.7106020949
 H          1.0951914557       -3.3614708705        3.9427221345
 H          1.3633079442       -4.2771331113        2.4596446808
 H         -0.8223646004       -5.0936106912        2.6855220691
 H         -1.2156639462       -3.9171899192        3.9384683591
 H         -2.0095335968       -2.3365831860        2.3960597111
 H         -2.1778000445       -3.7222210917        1.2980570442
 H         -0.7432792427       -2.2815172919       -2.0208956915
 H         -0.6759792004       -4.5718028114       -2.2705813459
 H         -2.3218657568       -4.0374234966       -2.5898057774
 H         -1.4997105716       -5.3150327713        0.0499747063
 H         -2.4675436099       -6.6944174097       -2.4855340641
 H         -2.2761472793       -7.4677361891       -0.9111775526
 H         -0.8650467184       -6.8443961972       -1.7625671957
 H         -3.7720507021       -4.2474477252        0.0819980634
 H         -3.9283209830       -5.9959071592        0.0682578289
 H         -4.1806315961       -5.0855632319       -1.4172421760
 H         -3.2629559267       -2.3875422637       -0.9101467970
  111
 Etot=        -158.1880028908
 C         -5.9357646778       -0.9300621955        1.6478948244
 C         -5.4138984191       -1.4436215821        0.3066958974
 C         -6.5752696624       -1.9807173219       -0.5294206965
 C         -4.6906430017       -0.3391097161       -0.4778360944
 C         -3.3238033606        0.0538106142        0.0923324495
 N         -2.9740103751        1.4223321794       -0.2562578725
 C         -2.5101832518        1.6950471217       -1.4894094748
 O         -2.6906313997        0.9529304097       -2.4458592550
 C         -1.7093194553        2.9894312945       -1.6074644731
 C         -2.6056957328        4.2373652650       -1.6983436639
 C         -3.7255839340        4.4056013407       -0.6648294494
 C         -4.6782725260        5.5002373764       -1.1486152576
 C         -3.1791170598        4.7773177830        0.7099398577
 N         -0.7069846163        2.9639236553       -0.5370525273
 C          0.1573417550        3.9569537838       -0.2484210815
 O         -0.0388794890        5.1384675554       -0.4865759169
 C          1.4826897565        3.5403295458        0.4131974137
 C          1.7544426875        4.3044172175        1.7198275888
 C          1.1708414602        3.6938091041        3.0004333596
 C         -0.3345704699        3.4722529425        2.9003765656
 C          1.4865247945        4.6236954972        4.1722249433
 N          1.6932483221        2.1161452995        0.5431203846
 C          2.4535654106        1.4408309012       -0.3385318869
 O          2.8277633426        1.9350932063       -1.3924921691
 C          2.8262005589        0.0201743854        0.0829684794
 C          3.3389735016       -0.7923107626       -1.1251312874
 C          4.8285793557       -0.6546948563       -1.2534221917
 C          5.6569914420       -1.3219819466       -0.3556488202
 C          7.0282990849       -1.1861528808       -0.4204420281
 C          7.6002750496       -0.3687736104       -1.3922644640
 O          8.9597200434       -0.2607327771       -1.4240702283
 C          6.7806305274        0.3067864276       -2.2864721242
 C          5.4056061322        0.1619297673       -2.2131944146
 N          1.7236338263       -0.6078777251        0.7879303943
 C          1.9205347095       -1.7418326179        1.5045531691
 O          3.0200578341       -2.1810354099        1.7970160782
 C          0.6254859303       -2.2776394071        2.1006668040
 C          0.6899280155       -3.5418779112        2.9575814452
 C         -0.7768818267       -4.0183373505        2.9624998914
 C         -1.4892936803       -3.1416436657        1.9048765068
 N         -0.4006321029       -2.5988644668        1.1154357603
 C         -0.0830698460       -2.8758413583       -0.1609732846
 O          1.0810083230       -2.9791269121       -0.5406337736
 C         -1.2097476661       -2.8450469941       -1.2032129549
 C         -1.5855529696       -4.2076121094       -1.7931423892
 C         -2.0997640027       -5.3036285941       -0.8486702066
 C         -1.8959719475       -6.6641916916       -1.5196492820
 C         -3.5804958396       -5.1376926940       -0.5061154084
 N         -2.3277070746       -2.0566550577       -0.7181140363
 C         -2.1220424810       -0.7909420856       -0.3547578423
 O         -0.9962909813       -0.2856186623       -0.3016970010
 H         -6.4426690723       -1.7342082932        2.1772039348
 H         -5.1276703539       -0.5697989683        2.2818470928
 H         -6.6475234874       -0.1197030860        1.5000676620
 H         -4.7215087917       -2.2658226149        0.5136325829
 H         -6.2229640570       -2.3816531261       -1.4772458710
 H         -7.2853251786       -1.1840678186       -0.7410305032
 H         -7.0990662612       -2.7698072523        0.0045072074
 H         -4.5719411092       -0.6142145736       -1.5270817489
 H         -5.3148010525        0.5562322846       -0.4584019734
 H         -3.3563619335        0.0041354110        1.1849642555
 H         -2.7043285392        2.0542232740        0.4836364990
 H         -1.1742518717        2.9253761070       -2.5680032831
 H         -1.9558767409        5.1120157496       -1.6656946929
 H         -3.0615683182        4.1944592262       -2.6901064727
 H         -4.2938592910        3.4733320511       -0.5952225901
 H         -4.1446193775        6.4406744589       -1.2640354942
 H         -5.1178093506        5.2346329888       -2.1070351723
 H         -5.4809928728        5.6457396338       -0.4305899514
 H         -3.9930746664        4.9285467421        1.4144912255
 H         -2.5212598145        4.0064417250        1.0975678351
 H         -2.6027894612        5.6975609236        0.6402643219
 H         -0.3558705697        2.0245934649       -0.3693234349
 H          2.2202530035        3.8819496010       -0.3297319008
 H          2.8350145929        4.3907076729        1.8458535688
 H          1.3530094980        5.3102446894        1.5787808866
 H          1.6650796281        2.7351786647        3.1969409506
 H         -0.8274172381        4.4100002675        2.6549787392
 H         -0.5724606888        2.7413747621        2.1321096364
 H         -0.7243481367        3.1165215951        3.8508908030
 H          1.1303525593        4.1945889330        5.1051725264
 H          1.0039161333        5.5875685164        4.0291426016
 H          2.5581185921        4.7860367475        4.2565523771
 H          1.4452576793        1.6690192496        1.4125276380
 H          3.6503574781        0.0980345979        0.8065770353
 H          2.8413501386       -0.4403947787       -2.0302831969
 H          3.0734577817       -1.8386419024       -0.9650733633
 H          5.2098535254       -1.9501149508        0.4019909343
 H          7.6757034235       -1.7012334337        0.2715535445
 H          9.2254273386        0.3181431305       -2.1553781246
 H          7.2122602902        0.9519009585       -3.0388299611
 H          4.7733929467        0.7047182530       -2.8998733237
 H          0.7998085725       -0.4705976046        0.3870615443
 H          0.2130028696       -1.4542650397        2.7022438191
 H          1.0783578925       -3.3375482102        3.9513307337
 H          1.3505922437       -4.2630100755        2.4749769702
 H         -0.8382590232       -5.0714040927        2.6957641069
 H         -1.2336651542       -3.8862910625        3.9398527064
 H         -2.0155759547       -2.3122015027        2.3847403189
 H         -2.1839757933       -3.7036937582        1.2945885289
 H         -0.7397812258       -2.2791499908       -2.0260931360
 H         -0.6696344908       -4.5718758157       -2.2645962596
 H         -2.3165398704       -4.0426529573       -2.5874155116
 H         -1.4965143517       -5.2948352139        0.0644214943
 H         -2.4387497827       -6.7085680830       -2.4612191472
 H         -2.2575139794       -7.4618952248       -0.8759523969
 H         -0.8418286623       -6.8414688527       -1.7219898502
 H         -3.7752830065       -4.2389553459        0.0717614536
 H         -3.9215482308       -5.9887206271        0.0786713554
 H         -4.1712920202       -5.0976620395       -1.4191138956
 H         -3.2607594004       -2.3784821082       -0.9274443569
  111
 Etot=        -158.1881220770
 C         -5.9548837057       -0.9225321069        1.6349709281
 C         -5.4100080671       -1.4496197301        0.3084771348
 C         -6.5519690278       -2.0112980418       -0.5364717981
 C         -4.6882074526       -0.3465424081       -0.4789831810
 C         -3.3239697884        0.0485568285        0.0937244492
 N         -2.9771073330        1.4199902497       -0.2475982791
 C         -2.5111041285        1.6929830706       -1.4793510533
 O         -2.6878833856        0.9489441114       -2.4350350127
 C         -1.7111308839        2.9879815901       -1.5987987998
 C         -2.6063143138        4.2354486857       -1.6923449269
 C         -3.7245651525        4.4093802924       -0.6578528663
 C         -4.6718372971        5.5073915210       -1.1441718583
 C         -3.1747793911        4.7812154026        0.7152654695
 N         -0.7087987640        2.9651021018       -0.5279029845
 C          0.1554525894        3.9589529777       -0.2429006701
 O         -0.0395555561        5.1399006696       -0.4844777259
 C          1.4813235743        3.5443322268        0.4204451692
 C          1.7502583161        4.3068177102        1.7277284002
 C          1.1677143379        3.6930172336        3.0075793609
 C         -0.3373037879        3.4696375719        2.9066340366
 C          1.4816804451        4.6214233329        4.1807604608
 N          1.6932017781        2.1196521336        0.5480242108
 C          2.4574382964        1.4479914893       -0.3330167663
 O          2.8371410801        1.9471657235       -1.3825510271
 C          2.8271766515        0.0248980586        0.0828244890
 C          3.3367780440       -0.7828712466       -1.1288598453
 C          4.8274330012       -0.6522014665       -1.2591742407
 C          5.6544561467       -1.3225128164       -0.3627451508
 C          7.0265554631       -1.1972387300       -0.4336027480
 C          7.6000949805       -0.3891731037       -1.4111994582
 O          8.9594380112       -0.2939915325       -1.4527955916
 C          6.7810342207        0.2909357755       -2.3032287522
 C          5.4059286509        0.1577544491       -2.2237854486
 N          1.7233491590       -0.6025286145        0.7867475254
 C          1.9186374994       -1.7390392176        1.5015150973
 O          3.0169770502       -2.1807384873        1.7926713838
 C          0.6203499645       -2.2687766852        2.0983388010
 C          0.6779710473       -3.5275584252        2.9623042986
 C         -0.7901905508       -4.0016088138        2.9630832617
 C         -1.4960734715       -3.1296463797        1.8983346262
 N         -0.4025945017       -2.5925663406        1.1115381550
 C         -0.0812206863       -2.8728871216       -0.1627706464
 O          1.0839356659       -2.9772799888       -0.5386724047
 C         -1.2053694969       -2.8446087649       -1.2086637654
 C         -1.5809009041       -4.2085796535       -1.7951199558
 C         -2.0952801020       -5.3005942929       -0.8459820283
 C         -1.8823946187       -6.6652064493       -1.5041761989
 C         -3.5783223803       -5.1374856495       -0.5125645577
 N         -2.3243305770       -2.0552959953       -0.7266283872
 C         -2.1197963378       -0.7911415905       -0.3579039765
 O         -0.9951800161       -0.2835904369       -0.3017319113
 H         -6.4609108964       -1.7208024207        2.1725086164
 H         -5.1598375799       -0.5457408736        2.2728037327
 H         -6.6695754575       -0.1213014276        1.4643771972
 H         -4.7115283359       -2.2611074464        0.5371220407
 H         -6.1815409265       -2.4204962595       -1.4735230364
 H         -7.2682920149       -1.2261825489       -0.7703378229
 H         -7.0737597052       -2.7998569771       -0.0003654367
 H         -4.5682638306       -0.6234227898       -1.5269267088
 H         -5.3145083863        0.5465052721       -0.4626970609
 H         -3.3564349150       -0.0085949988        1.1862176601
 H         -2.7137596192        2.0511033704        0.4955783819
 H         -1.1751468583        2.9213678494       -2.5591982099
 H         -1.9557333961        5.1097358550       -1.6638991236
 H         -3.0639793979        4.1901273379       -2.6835598050
 H         -4.2963559238        3.4795588670       -0.5860304304
 H         -4.1325369994        6.4441855883       -1.2638285810
 H         -5.1136283779        5.2408079596       -2.1014458229
 H         -5.4735294333        5.6607214876       -0.4264264641
 H         -3.9867086045        4.9436390878        1.4199615701
 H         -2.5244183271        4.0053199693        1.1057272762
 H         -2.5888145501        5.6955458878        0.6419684709
 H         -0.3570946476        2.0265476863       -0.3578391762
 H          2.2191991792        3.8874185863       -0.3219568038
 H          2.8306751077        4.3962051184        1.8546662436
 H          1.3464322848        5.3118374222        1.5886823445
 H          1.6635120669        2.7349468834        3.2023629362
 H         -0.8311836932        4.4076040159        2.6642797064
 H         -0.5740085636        2.7412220765        2.1359273516
 H         -0.7270314422        3.1104944273        3.8559108598
 H          1.1228213762        4.1919780738        5.1125314275
 H          1.0004546765        5.5859848714        4.0373178746
 H          2.5532812763        4.7826749252        4.2679717898
 H          1.4440334368        1.6715372999        1.4165282250
 H          3.6516068083        0.0987493802        0.8070307666
 H          2.8409972645       -0.4240110221       -2.0324119796
 H          3.0669997399       -1.8295153212       -0.9752879546
 H          5.2057373173       -1.9454070085        0.3977259206
 H          7.6725492679       -1.7168292772        0.2565438790
 H          9.2248977241        0.2845994135       -2.1857262561
 H          7.2157067171        0.9300337635       -3.0584963824
 H          4.7741009611        0.7039030830       -2.9077201448
 H          0.7996839353       -0.4636866941        0.3857838918
 H          0.2106204873       -1.4390154744        2.6926488962
 H          1.0612486663       -3.3191758853        3.9573903708
 H          1.3392644129       -4.2528306268        2.4872867190
 H         -0.8519075784       -5.0560951084        2.7018104535
 H         -1.2505883829       -3.8637527772        3.9377691932
 H         -2.0235764185       -2.2970264163        2.3713416622
 H         -2.1884139693       -3.6931278597        1.2867121350
 H         -0.7333212728       -2.2802485049       -2.0313842714
 H         -0.6654502684       -4.5746464542       -2.2658625518
 H         -2.3122089909       -4.0458070878       -2.5893964873
 H         -1.4969649458       -5.2825965435        0.0695171424
 H         -2.4153242047       -6.7188684155       -2.4504100645
 H         -2.2491441252       -7.4583009619       -0.8577423991
 H         -0.8259318667       -6.8419783385       -1.6941691306
 H         -3.7801857290       -4.2316515002        0.0516380008
 H         -3.9183800054       -5.9820274000        0.0822094353
 H         -4.1648155089       -5.1126721782       -1.4288046666
 H         -3.2567308321       -2.3736644901       -0.9415591069
  111
 Etot=        -158.1882429398
 C         -5.9780038141       -0.9169927670        1.6164134069
 C         -5.4049710730       -1.4564549819        0.3064464842
 C         -6.5252587967       -2.0470573300       -0.5486836009
 C         -4.6853316624       -0.3524015588       -0.4831805988
 C         -3.3240665579        0.0453406388        0.0939560584
 N         -2.9784506590        1.4187856813       -0.2406405621
 C         -2.5117755291        1.6933321596       -1.4709727871
 O         -2.6851470026        0.9486691241       -2.4267973037
 C         -1.7128199423        2.9891236440       -1.5905887099
 C         -2.6076670255        4.2358568051       -1.6857232700
 C         -3.7233677842        4.4148178146       -0.6494174470
 C         -4.6654987137        5.5163975809       -1.1370551562
 C         -3.1704870135        4.7855009136        0.7224692412
 N         -0.7104580689        2.9679012916       -0.5196292125
 C          0.1526129918        3.9627184378       -0.2356539372
 O         -0.0422566531        5.1435717645       -0.4767330785
 C          1.4794625340        3.5492501105        0.4283912696
 C          1.7439257432        4.3101843656        1.7371941554
 C          1.1635268926        3.6913145907        3.0155646596
 C         -0.3412641690        3.4659113477        2.9145431877
 C          1.4764652320        4.6168460610        4.1913906615
 N          1.6935137695        2.1243180095        0.5526483759
 C          2.4641556789        1.4567404329       -0.3259274389
 O          2.8510356500        1.9607033769       -1.3703828292
 C          2.8290421820        0.0301590016        0.0833934854
 C          3.3332694314       -0.7733775486       -1.1332145463
 C          4.8248475850       -0.6524924832       -1.2663202138
 C          5.6513050318       -1.3263562349       -0.3726363709
 C          7.0245720517       -1.2131568573       -0.4528674293
 C          7.5999659674       -0.4152796196       -1.4376149341
 O          8.9588908779       -0.3345082922       -1.4898849321
 C          6.7803810698        0.2701430165       -2.3257696625
 C          5.4049848822        0.1496683377       -2.2367176743
 N          1.7235257562       -0.5950189683        0.7866626821
 C          1.9154928082       -1.7347403116        1.4989857926
 O          3.0124021899       -2.1812611054        1.7877497594
 C          0.6148473159       -2.2565720856        2.0982659831
 C          0.6661019829       -3.5102094007        2.9697981133
 C         -0.8034530972       -3.9813403056        2.9680114923
 C         -1.5037509135       -3.1141844716        1.8964460005
 N         -0.4061599697       -2.5827317076        1.1110996783
 C         -0.0806541326       -2.8689545053       -0.1605591712
 O          1.0860394702       -2.9745845933       -0.5319848658
 C         -1.2008466066       -2.8436346255       -1.2109884654
 C         -1.5758839465       -4.2089780488       -1.7947551546
 C         -2.0892650133       -5.2984289184       -0.8417042879
 C         -1.8662202439       -6.6662243482       -1.4892317367
 C         -3.5747133155       -5.1397163588       -0.5175238357
 N         -2.3210218749       -2.0532776896       -0.7336815096
 C         -2.1175569405       -0.7903066258       -0.3606037992
 O         -0.9939950133       -0.2809018834       -0.3016488088
 H         -6.4786328571       -1.7154127263        2.1596428594
 H         -5.1964604331       -0.5140714608        2.2585000930
 H         -6.7018732992       -0.1290329991        1.4207407841
 H         -4.6979640190       -2.2544286271        0.5569875401
 H         -6.1337502385       -2.4640389270       -1.4743573540
 H         -7.2491182406       -1.2758153717       -0.8057890662
 H         -7.0431466435       -2.8363120092       -0.0105513915
 H         -4.5614917563       -0.6308154847       -1.5304409344
 H         -5.3141141302        0.5390717447       -0.4704950760
 H         -3.3581268648       -0.0184197121        1.1859527131
 H         -2.7238839904        2.0484745559        0.5063255733
 H         -1.1764056463        2.9215571000       -2.5509379202
 H         -1.9566442248        5.1102099687       -1.6624615278
 H         -3.0681395711        4.1873358675       -2.6757378789
 H         -4.2988310159        3.4872550620       -0.5761440617
 H         -4.1209232224        6.4497838477       -1.2601702835
 H         -5.1095670015        5.2495477321       -2.0933429936
 H         -5.4660100134        5.6767934286       -0.4194127446
 H         -3.9807396487        4.9578359069        1.4267885962
 H         -2.5274690248        4.0048262734        1.1156217861
 H         -2.5757125782        5.6941357981        0.6466412388
 H         -0.3576623994        2.0299849023       -0.3481864076
 H          2.2174986544        3.8949642475       -0.3128009772
 H          2.8238003911        4.4054869332        1.8652208537
 H          1.3349265828        5.3133482269        1.6000713468
 H          1.6610036876        2.7335624215        3.2072992731
 H         -0.8364893787        4.4041030502        2.6757377283
 H         -0.5770693643        2.7399870775        2.1413332160
 H         -0.7301172411        3.1030657529        3.8628549701
 H          1.1159048604        4.1854627738        5.1215844795
 H          0.9962589885        5.5821542198        4.0494413050
 H          2.5480950832        4.7770442543        4.2804483525
 H          1.4443993485        1.6748699374        1.4209684744
 H          3.6548026703        0.0974766172        0.8072627036
 H          2.8397816447       -0.4055131701       -2.0346582426
 H          3.0564366224       -1.8194953175       -0.9866235660
 H          5.2026706861       -1.9427583783        0.3938248687
 H          7.6694635768       -1.7357496145        0.2363283081
 H          9.2294089334        0.2484405474       -2.2144652836
 H          7.2173844681        0.9006420467       -3.0871180927
 H          4.7731261076        0.6961670061       -2.9204259178
 H          0.8010724111       -0.4565943305        0.3823568477
 H          0.2081543330       -1.4211713604        2.6862927054
 H          1.0452852394       -3.2969380643        3.9654797577
 H          1.3276525799       -4.2398021413        2.5020446715
 H         -0.8664081168       -5.0372553158        2.7126191926
 H         -1.2663637827       -3.8370768034        3.9405128977
 H         -2.0316291892       -2.2781381211        2.3630706617
 H         -2.1943963879       -3.6791587641        1.2839938522
 H         -0.7256918458       -2.2815448983       -2.0334204117
 H         -0.6611056988       -4.5760327019       -2.2657095907
 H         -2.3083010964       -4.0479041821       -2.5883242808
 H         -1.4959248460       -5.2711926700        0.0766437868
 H         -2.3912925023       -6.7287122079       -2.4391200143
 H         -2.2353890534       -7.4565307065       -0.8406661429
 H         -0.8077265296       -6.8402876061       -1.6692867076
 H         -3.7847575293       -4.2262019079        0.0310316512
 H         -3.9125406044       -5.9770532366        0.0886445445
 H         -4.1568056418       -5.1329501891       -1.4368756232
 H         -3.2529217833       -2.3690155876       -0.9543307652
  111
 Etot=        -158.1883496312
 C         -5.9962901311       -0.8999995617        1.6018496323
 C         -5.4008342319       -1.4573161256        0.3095078165
 C         -6.5033382211       -2.0759272979       -0.5490208177
 C         -4.6810257262       -0.3593883349       -0.4888799686
 C         -3.3222501330        0.0421935434        0.0925894867
 N         -2.9769570831        1.4163695877       -0.2375691006
 C         -2.5117092332        1.6936281579       -1.4670804232
 O         -2.6841306979        0.9501912593       -2.4240354079
 C         -1.7136187219        2.9900150783       -1.5857241968
 C         -2.6093348145        4.2358877876       -1.6819418172
 C         -3.7219051443        4.4190123666       -0.6432461404
 C         -4.6596319844        5.5243504441       -1.1305521567
 C         -3.1665813077        4.7875471870        0.7280909421
 N         -0.7114967403        2.9694837327       -0.5149486391
 C          0.1490383261        3.9655596179       -0.2288771391
 O         -0.0476223645        5.1467275247       -0.4658219276
 C          1.4770492287        3.5530137573        0.4349309426
 C          1.7365382872        4.3143600646        1.7448811431
 C          1.1584781801        3.6917588221        3.0220157962
 C         -0.3461485072        3.4637929965        2.9217459645
 C          1.4705784047        4.6157624858        4.1995303882
 N          1.6938377953        2.1283523914        0.5568228199
 C          2.4699383428        1.4635846979       -0.3189758689
 O          2.8619316722        1.9704955613       -1.3599308920
 C          2.8309528172        0.0339932722        0.0849812701
 C          3.3307339805       -0.7664384737       -1.1362146739
 C          4.8226679478       -0.6549080016       -1.2721306947
 C          5.6495496294       -1.3322435254       -0.3818321146
 C          7.0228552126       -1.2261076308       -0.4684532150
 C          7.5991206250       -0.4333861615       -1.4566936189
 O          8.9565900695       -0.3617972374       -1.5135402086
 C          6.7789600515        0.2547136348       -2.3431273451
 C          5.4039238300        0.1421878449       -2.2462991526
 N          1.7238471066       -0.5891886817        0.7871743746
 C          1.9117204646       -1.7314612322        1.4976464194
 O          3.0073115271       -2.1833402780        1.7844766173
 C          0.6101152926       -2.2471358627        2.0987886746
 C          0.6575310837       -3.4972119039        2.9765121296
 C         -0.8125983837       -3.9667235696        2.9733440426
 C         -1.5097752303       -3.1039682641        1.8963535425
 N         -0.4097782822       -2.5758827015        1.1117000324
 C         -0.0803958184       -2.8681182706       -0.1575494599
 O          1.0879571935       -2.9743899722       -0.5246752341
 C         -1.1964136473       -2.8446246717       -1.2118457599
 C         -1.5717011738       -4.2099807655       -1.7958100188
 C         -2.0848195342       -5.2992356580       -0.8420418903
 C         -1.8540755779       -6.6676804083       -1.4851575463
 C         -3.5720661778       -5.1446529722       -0.5249123833
 N         -2.3171401077       -2.0535456266       -0.7384041912
 C         -2.1143308850       -0.7909379148       -0.3637565644
 O         -0.9915498889       -0.2803577720       -0.3043396037
 H         -6.5001324368       -1.6901911372        2.1501140083
 H         -5.2273163765       -0.4845314580        2.2469903619
 H         -6.7199023313       -0.1185329253        1.3811018773
 H         -4.6885263266       -2.2425470186        0.5835112823
 H         -6.0960340827       -2.5048538577       -1.4620486846
 H         -7.2324333152       -1.3178591156       -0.8285436963
 H         -7.0162322652       -2.8619982678       -0.0033690157
 H         -4.5520418023       -0.6476801468       -1.5328302162
 H         -5.3099361966        0.5322487914       -0.4879970929
 H         -3.3581893005       -0.0254258845        1.1839184824
 H         -2.7312899596        2.0446141605        0.5126226681
 H         -1.1772763718        2.9227592424       -2.5459501228
 H         -1.9585906244        5.1109133928       -1.6647032396
 H         -3.0733802676        4.1829177010       -2.6700825495
 H         -4.3010805951        3.4934727554       -0.5691877879
 H         -4.1104547925        6.4546731746       -1.2563791780
 H         -5.1066499850        5.2580778851       -2.0856756760
 H         -5.4580735535        5.6905653980       -0.4120232853
 H         -3.9760588073        4.9678298123        1.4312502177
 H         -2.5305405823        4.0023580460        1.1237034480
 H         -2.5644521652        5.6911039245        0.6509625385
 H         -0.3570420268        2.0320475416       -0.3435083119
 H          2.2147700655        3.9016554262       -0.3049160994
 H          2.8155519342        4.4167164120        1.8740120452
 H          1.3211288395        5.3149435739        1.6075376047
 H          1.6576199819        2.7345788263        3.2119087859
 H         -0.8431945174        4.4015254970        2.6849950985
 H         -0.5810621404        2.7387752168        2.1474269039
 H         -0.7334671671        3.0986725743        3.8698283029
 H          1.1091454270        4.1831165471        5.1286551840
 H          0.9907589140        5.5812781055        4.0584662782
 H          2.5421553721        4.7754802623        4.2893571080
 H          1.4476831966        1.6782594058        1.4263547666
 H          3.6578880574        0.0947389991        0.8080617725
 H          2.8393166812       -0.3907183654       -2.0356424886
 H          3.0467619049       -1.8112086493       -0.9947147025
 H          5.2038766046       -1.9473123916        0.3872412716
 H          7.6676923699       -1.7522010243        0.2180515297
 H          9.2391820560        0.2181639643       -2.2383220253
 H          7.2154302451        0.8810952300       -3.1072252939
 H          4.7710067641        0.6908437491       -2.9273771998
 H          0.8034427530       -0.4533992021        0.3767764247
 H          0.2041042421       -1.4089955499        2.6828492253
 H          1.0339468387       -3.2788771049        3.9720292331
 H          1.3197660722       -4.2296748048        2.5143664014
 H         -0.8764338831       -5.0236741562        2.7227996397
 H         -1.2772586344       -3.8172301393        3.9442381248
 H         -2.0379621630       -2.2655662446        2.3582722973
 H         -2.1991364141       -3.6708477880        1.2837569802
 H         -0.7180872878       -2.2842866886       -2.0335533085
 H         -0.6577803863       -4.5773102056       -2.2679240931
 H         -2.3051613237       -4.0480998586       -2.5882511131
 H         -1.4957704623       -5.2670058543        0.0789743169
 H         -2.3735220083       -6.7337747990       -2.4376611408
 H         -2.2247724486       -7.4578015429       -0.8373148049
 H         -0.7943192397       -6.8388751932       -1.6588424146
 H         -3.7889826954       -4.2244442266        0.0088538752
 H         -3.9075571223       -5.9749262017        0.0919983630
 H         -4.1504418480       -5.1548257003       -1.4463354007
 H         -3.2488407119       -2.3695094657       -0.9594098054
  111
 Etot=        -158.1884018450
 C         -5.9974642150       -0.8973277778        1.5998260086
 C         -5.4006693075       -1.4562601930        0.3091664713
 C         -6.5019643172       -2.0777576160       -0.5482181154
 C         -4.6808067531       -0.3597737280       -0.4914790211
 C         -3.3222269971        0.0434355698        0.0900975410
 N         -2.9771977015        1.4172537570       -0.2411576599
 C         -2.5112556297        1.6955845395       -1.4705401490
 O         -2.6841294914        0.9531315885       -2.4282576932
 C         -1.7126704945        2.9915722163       -1.5872941753
 C         -2.6090522982        4.2375404048       -1.6826851978
 C         -3.7215921920        4.4194493132       -0.6437405115
 C         -4.6601622042        5.5251675417       -1.1290097769
 C         -3.1663989956        4.7869451049        0.7281547760
 N         -0.7109752264        2.9696873471       -0.5163836188
 C          0.1491607015        3.9655314357       -0.2280239691
 O         -0.0484491761        5.1468732086       -0.4640727347
 C          1.4767504017        3.5528510726        0.4355882401
 C          1.7360355015        4.3142786502        1.7459394710
 C          1.1579330145        3.6915241618        3.0228506478
 C         -0.3466192791        3.4631548857        2.9228383088
 C          1.4700836999        4.6153100872        4.2005229998
 N          1.6937224974        2.1284079678        0.5571213648
 C          2.4705025495        1.4640263126       -0.3183613441
 O          2.8631775681        1.9712215392       -1.3591163777
 C          2.8315803041        0.0345508726        0.0857375019
 C          3.3296953528       -0.7668468087       -1.1357306044
 C          4.8211156084       -0.6564567452       -1.2736233140
 C          5.6481382452       -1.3342485174       -0.3835422945
 C          7.0213495434       -1.2287515907       -0.4706060614
 C          7.5977399448       -0.4344047627       -1.4580391537
 O          8.9559222829       -0.3620166306       -1.5133514636
 C          6.7778971146        0.2535327606       -2.3444199628
 C          5.4025431767        0.1403484504       -2.2478824961
 N          1.7247300086       -0.5886074574        0.7883308032
 C          1.9119915599       -1.7298304272        1.4998133805
 O          3.0073344902       -2.1816315999        1.7878278537
 C          0.6104511517       -2.2466325231        2.0998689706
 C          0.6588633424       -3.4970520544        2.9776139932
 C         -0.8108737377       -3.9668694823        2.9749755342
 C         -1.5087961040       -3.1044527039        1.8976053000
 N         -0.4093426414       -2.5763654163        1.1123892456
 C         -0.0801199528       -2.8680948319       -0.1571383347
 O          1.0881482046       -2.9743938993       -0.5242606680
 C         -1.1963554310       -2.8444450969       -1.2106963804
 C         -1.5712466341       -4.2097353359       -1.7950865327
 C         -2.0839215157       -5.2996233065       -0.8418900804
 C         -1.8531669953       -6.6676279169       -1.4869801483
 C         -3.5711244410       -5.1458688398       -0.5240064303
 N         -2.3169920469       -2.0538755599       -0.7365406822
 C         -2.1143849374       -0.7903865957       -0.3642871601
 O         -0.9915624197       -0.2798135238       -0.3064269564
 H         -6.5024051801       -1.6868006144        2.1497986456
 H         -5.2296749681       -0.4771540389        2.2436668146
 H         -6.7225191698       -0.1185979464        1.3767713390
 H         -4.6873701091       -2.2392637545        0.5851318672
 H         -6.0938325477       -2.5075628208       -1.4601783686
 H         -7.2315261070       -1.3215102554       -0.8284339875
 H         -7.0155805406       -2.8626207923       -0.0001012263
 H         -4.5504010369       -0.6519251059       -1.5346161066
 H         -5.3096731286        0.5324830859       -0.4948673317
 H         -3.3588424178       -0.0222218211        1.1815373153
 H         -2.7306563036        2.0457856565        0.5084486576
 H         -1.1763758870        2.9256356489       -2.5473214962
 H         -1.9586982992        5.1126344307       -1.6645021551
 H         -3.0729191436        4.1848355032       -2.6706465217
 H         -4.3007175058        3.4938238704       -0.5704181559
 H         -4.1117112876        6.4560156614       -1.2535218026
 H         -5.1077767260        5.2602392685       -2.0840615144
 H         -5.4578044737        5.6893677896       -0.4093040642
 H         -3.9763127904        4.9657642600        1.4309449933
 H         -2.5301515009        4.0017089587        1.1230564817
 H         -2.5651675007        5.6908060177        0.6520871917
 H         -0.3567345569        2.0319598815       -0.3460682987
 H          2.2145774723        3.9022857365       -0.3034371301
 H          2.8149149925        4.4164004656        1.8750683864
 H          1.3206306012        5.3148940781        1.6081331434
 H          1.6572427878        2.7343303199        3.2125455358
 H         -0.8441211075        4.4006528238        2.6861606720
 H         -0.5815485392        2.7379208571        2.1485495084
 H         -0.7334518234        3.0977293094        3.8709307919
 H          1.1093746981        4.1821077177        5.1296773741
 H          0.9895597180        5.5805375895        4.0600959201
 H          2.5415862412        4.7756450911        4.2898946332
 H          1.4468431997        1.6773174927        1.4257233035
 H          3.6592055470        0.0946466955        0.8073706478
 H          2.8368647006       -0.3916104881       -2.0343918259
 H          3.0453735747       -1.8109382732       -0.9922967439
 H          5.2023214445       -1.9491204781        0.3857287163
 H          7.6664790749       -1.7542117423        0.2159222969
 H          9.2376129056        0.2153359313       -2.2395888782
 H          7.2134548698        0.8811252626       -3.1083766903
 H          4.7701800509        0.6907530956       -2.9282236351
 H          0.8043005184       -0.4527021185        0.3782619202
 H          0.2021309283       -1.4095293839        2.6842763568
 H          1.0359495652       -3.2781774431        3.9726373484
 H          1.3213061951       -4.2291514220        2.5149350104
 H         -0.8746929659       -5.0238037766        2.7247655674
 H         -1.2757565461       -3.8170423014        3.9457907448
 H         -2.0369759489       -2.2660794726        2.3595428088
 H         -2.1986240816       -3.6720123487        1.2862228404
 H         -0.7187790467       -2.2838103868       -2.0326081797
 H         -0.6569888316       -4.5764803199       -2.2671303374
 H         -2.3044792939       -4.0479093352       -2.5878136160
 H         -1.4945309522       -5.2683550272        0.0792767581
 H         -2.3737116267       -6.7320526090       -2.4394317408
 H         -2.2227277188       -7.4587553155       -0.8396118584
 H         -0.7934014343       -6.8382514177       -1.6621823793
 H         -3.7886814122       -4.2254546866        0.0087350603
 H         -3.9052995291       -5.9756246201        0.0939071310
 H         -4.1499112401       -5.1577119396       -1.4448830968
 H         -3.2491699148       -2.3722547032       -0.9542464505
  111
 Etot=        -158.1884818269
 C         -6.0016959797       -0.8852889297        1.5924581370
 C         -5.3999025574       -1.4526442472        0.3084137217
 C         -6.4974933279       -2.0837996021       -0.5458386463
 C         -4.6798247803       -0.3614614050       -0.5000412573
 C         -3.3224403866        0.0471605699        0.0822109380
 N         -2.9780723861        1.4199294229       -0.2523523313
 C         -2.5101948475        1.7011662205       -1.4812266401
 O         -2.6846491437        0.9621619609       -2.4413934150
 C         -1.7105906119        2.9965560660       -1.5923153193
 C         -2.6084211065        4.2429999824       -1.6844618112
 C         -3.7207914947        4.4207602367       -0.6446726554
 C         -4.6615517925        5.5276656834       -1.1240287001
 C         -3.1658568138        4.7844290079        0.7288159227
 N         -0.7099198864        2.9705053159       -0.5210417684
 C          0.1490412942        3.9657229615       -0.2259390621
 O         -0.0513755667        5.1476487040       -0.4580976994
 C          1.4754101420        3.5526662110        0.4375805662
 C          1.7341513392        4.3138210244        1.7492124405
 C          1.1562169307        3.6903175476        3.0255357109
 C         -0.3481588997        3.4608173064        2.9261965957
 C          1.4682188923        4.6134982067        4.2037813203
 N          1.6930494308        2.1287714745        0.5581723958
 C          2.4722476546        1.4654326915       -0.3159785639
 O          2.8677401401        1.9735185924       -1.3554770738
 C          2.8327369117        0.0359231571        0.0878633893
 C          3.3257999214       -0.7681575314       -1.1347768327
 C          4.8161670376       -0.6602804107       -1.2773659702
 C          5.6436756589       -1.3403798889       -0.3887274242
 C          7.0165046970       -1.2363475361       -0.4768032232
 C          7.5929255125       -0.4385105461       -1.4624584598
 O          8.9526625011       -0.3645736357       -1.5142839258
 C          6.7739471645        0.2501540003       -2.3477566203
 C          5.3978474441        0.1367052898       -2.2508859574
 N          1.7265444721       -0.5867484730        0.7918216738
 C          1.9127689629       -1.7249492760        1.5065233247
 O          3.0077509350       -2.1757447802        1.7983175700
 C          0.6115843386       -2.2448486584        2.1036500225
 C          0.6630232626       -3.4958872381        2.9813471056
 C         -0.8055433456       -3.9670704748        2.9803578618
 C         -1.5055883588       -3.1061929588        1.9018093054
 N         -0.4077183887       -2.5774599727        1.1152944537
 C         -0.0787035866       -2.8679975657       -0.1548820096
 O          1.0894295615       -2.9739960790       -0.5219780839
 C         -1.1956177088       -2.8438698991       -1.2067156286
 C         -1.5693471660       -4.2088482005       -1.7927236100
 C         -2.0806004651       -5.3011056932       -0.8418237678
 C         -1.8502913395       -6.6671934346       -1.4928819431
 C         -3.5675440233       -5.1501992546       -0.5209937438
 N         -2.3161812415       -2.0543789945       -0.7314664640
 C         -2.1144337109       -0.7883754068       -0.3664786222
 O         -0.9914416459       -0.2778342737       -0.3127371674
 H         -6.5056004145       -1.6727166639        2.1487187693
 H         -5.2380764043       -0.4526034956        2.2333036117
 H         -6.7319491486       -0.1143799363        1.3613518146
 H         -4.6840832704       -2.2298025948        0.5920028233
 H         -6.0870064233       -2.5189844879       -1.4535698235
 H         -7.2292450814       -1.3329160215       -0.8309094675
 H         -7.0108637660       -2.8655508152        0.0091756619
 H         -4.5456969620       -0.6646461293       -1.5403213964
 H         -5.3088662470        0.5314342689       -0.5157758086
 H         -3.3614731501       -0.0132023705        1.1739491785
 H         -2.7283360117        2.0490901053        0.4956787289
 H         -1.1741527267        2.9350011149       -2.5520563562
 H         -1.9588915266        5.1183320239       -1.6635784765
 H         -3.0720373614        4.1916811079       -2.6721612033
 H         -4.2995294476        3.4947069650       -0.5741572350
 H         -4.1150244176        6.4600810433       -1.2443466713
 H         -5.1104120568        5.2669179281       -2.0793706163
 H         -5.4576392992        5.6861631048       -0.4015199515
 H         -3.9767042750        4.9586196396        1.4313875862
 H         -2.5283287658        3.9990395600        1.1209007633
 H         -2.5670341545        5.6895453322        0.6558794790
 H         -0.3562473995        2.0318945418       -0.3543300055
 H          2.2138049803        3.9038342069       -0.2995080855
 H          2.8127823548        4.4156848585        1.8783695737
 H          1.3185360369        5.3143905557        1.6108346889
 H          1.6561276512        2.7331697907        3.2144563192
 H         -0.8468944892        4.3977471212        2.6900138459
 H         -0.5830455414        2.7353602410        2.1517809914
 H         -0.7338528690        3.0944684545        3.8742955901
 H          1.1099062847        4.1785143607        5.1330623994
 H          0.9854137906        5.5778347654        4.0652869151
 H          2.5394891956        4.7759770525        4.2916743097
 H          1.4435205567        1.6747721055        1.4242306447
 H          3.6622901098        0.0943077648        0.8062224659
 H          2.8294146823       -0.3941407047       -2.0316898937
 H          3.0406480039       -1.8109496657       -0.9868984134
 H          5.1975418760       -1.9558978836        0.3800467009
 H          7.6626513268       -1.7620801252        0.2082252622
 H          9.2321846020        0.2071076866       -2.2442453013
 H          7.2070372732        0.8797823495       -3.1118881813
 H          4.7669307187        0.6879993786       -2.9320776053
 H          0.8060471700       -0.4508618491        0.3823674607
 H          0.1976051111       -1.4105020768        2.6887803918
 H          1.0421084043       -3.2759038267        3.9751743500
 H          1.3259506636       -4.2267759415        2.5170692825
 H         -0.8688859624       -5.0241429689        2.7312662164
 H         -1.2707054743       -3.8163476046        3.9510300294
 H         -2.0343804410       -2.2682136585        2.3637436720
 H         -2.1958843211       -3.6761082370        1.2931564962
 H         -0.7198170192       -2.2819939574       -2.0287765975
 H         -0.6542896752       -4.5736796965       -2.2649476823
 H         -2.3023489224       -4.0470176306       -2.5857518368
 H         -1.4898408230       -5.2729345548        0.0790855447
 H         -2.3740632360       -6.7271930962       -2.4444387066
 H         -2.2166510629       -7.4614170785       -0.8475025622
 H         -0.7907784156       -6.8359014588       -1.6727307712
 H         -3.7866193771       -4.2290062265        0.0092508732
 H         -3.8975743055       -5.9788524753        0.1001227209
 H         -4.1480591060       -5.1667570946       -1.4403751794
 H         -3.2490440638       -2.3798907815       -0.9389738567
  111
 Etot=        -158.1885254453
 C         -6.0054508596       -0.8734910895        1.5859022128
 C         -5.3992883658       -1.4490119561        0.3076354983
 C         -6.4937151002       -2.0890224113       -0.5440842300
 C         -4.6785011663       -0.3627589712       -0.5072213802
 C         -3.3225128441        0.0497804985        0.0760541247
 N         -2.9786349294        1.4219572110       -0.2605704668
 C         -2.5098536771        1.7050688481       -1.4890344446
 O         -2.6850227115        0.9686906186       -2.4510154503
 C         -1.7097187561        3.0004750072       -1.5960675828
 C         -2.6082342434        4.2471947242       -1.6852008838
 C         -3.7205063547        4.4217399272       -0.6448303507
 C         -4.6623227831        5.5296399438       -1.1201064546
 C         -3.1656215787        4.7818611781        0.7297352371
 N         -0.7096690303        2.9714093176       -0.5243701205
 C          0.1482133966        3.9663158296       -0.2243254803
 O         -0.0537285371        5.1486988844       -0.4531460049
 C          1.4739693767        3.5527615160        0.4391718473
 C          1.7322998756        4.3133825567        1.7515996767
 C          1.1548444107        3.6888470452        3.0275514673
 C         -0.3494056323        3.4583851130        2.9285171894
 C          1.4664369327        4.6116027021        4.2062953722
 N          1.6919965246        2.1290573962        0.5588931431
 C          2.4733182150        1.4665376288       -0.3140609382
 O          2.8717602775        1.9755802125       -1.3519654551
 C          2.8325699888        0.0366341426        0.0890836971
 C          3.3221964288       -0.7689039030       -1.1344326977
 C          4.8122114542       -0.6630961440       -1.2800157513
 C          5.6399949037       -1.3453291294       -0.3928456346
 C          7.0125799064       -1.2422092194       -0.4816442744
 C          7.5888249736       -0.4426062377       -1.4662582199
 O          8.9490869160       -0.3684124733       -1.5169643732
 C          6.7702702510        0.2468427851       -2.3507035922
 C          5.3938522566        0.1336701476       -2.2533507902
 N          1.7267940550       -0.5852236303        0.7942961657
 C          1.9131986179       -1.7214069814        1.5114539024
 O          3.0083092804       -2.1705607485        1.8058283006
 C          0.6124677870       -2.2432710340        2.1071068206
 C          0.6661597405       -3.4944606741        2.9845892384
 C         -0.8016715116       -3.9669994189        2.9847258316
 C         -1.5031669917       -3.1077398512        1.9053327278
 N         -0.4063392994       -2.5777207028        1.1184096837
 C         -0.0771762016       -2.8679881547       -0.1519416755
 O          1.0909427794       -2.9738412380       -0.5188901028
 C         -1.1943014017       -2.8436396900       -1.2033439704
 C         -1.5674479333       -4.2081366811       -1.7909100499
 C         -2.0773057292       -5.3024973441       -0.8418450476
 C         -1.8476439957       -6.6666991685       -1.4973775261
 C         -3.5639245159       -5.1535724609       -0.5183765000
 N         -2.3149438541       -2.0544169461       -0.7282348999
 C         -2.1139476806       -0.7868882410       -0.3681231047
 O         -0.9909054047       -0.2761309820       -0.3172528276
 H         -6.5063964613       -1.6587639701        2.1481304784
 H         -5.2451506584       -0.4316035715        2.2243928142
 H         -6.7393716014       -0.1082296801        1.3471109143
 H         -4.6824788683       -2.2225303092        0.5988297191
 H         -6.0809445008       -2.5296189113       -1.4480813877
 H         -7.2271727981       -1.3421087041       -0.8352326402
 H         -7.0058411494       -2.8683967135        0.0157154191
 H         -4.5418917315       -0.6733965396       -1.5450790948
 H         -5.3078590702        0.5297286706       -0.5311180068
 H         -3.3638487974       -0.0074088110        1.1679124599
 H         -2.7262723711        2.0511532204        0.4866676826
 H         -1.1729533895        2.9421804990       -2.5558017978
 H         -1.9590119373        5.1226608998       -1.6622326222
 H         -3.0718193242        4.1977797019       -2.6729751149
 H         -4.2988754298        3.4952908970       -0.5769382671
 H         -4.1168137956        6.4630729340       -1.2370227050
 H         -5.1113888336        5.2720887562       -2.0761764323
 H         -5.4581504180        5.6844496392       -0.3964918644
 H         -3.9766761789        4.9524089129        1.4329538756
 H         -2.5266904542        3.9963103805        1.1191565210
 H         -2.5683262191        5.6881402714        0.6594237584
 H         -0.3561710446        2.0322421891       -0.3603730494
 H          2.2128565018        3.9046497684       -0.2970624136
 H          2.8108744232        4.4154904496        1.8807028010
 H          1.3162329896        5.3138138057        1.6136351218
 H          1.6554008313        2.7318881028        3.2158129011
 H         -0.8489671406        4.3950427511        2.6930541632
 H         -0.5841078248        2.7331680780        2.1537520827
 H         -0.7344985709        3.0911852125        3.8765315401
 H          1.1099841204        4.1751548573        5.1356185452
 H          0.9816674734        5.5751624688        4.0692059696
 H          2.5374981550        4.7760302901        4.2931564682
 H          1.4400928780        1.6731213916        1.4232640648
 H          3.6634942881        0.0936417470        0.8058129589
 H          2.8238763206       -0.3953089559       -2.0303909306
 H          3.0362044882       -1.8111303338       -0.9844649480
 H          5.1937002613       -1.9615597435        0.3752933244
 H          7.6594083623       -1.7693164055        0.2016297668
 H          9.2276404877        0.2014004557       -2.2485657432
 H          7.2021694774        0.8775000654       -3.1146396508
 H          4.7635366411        0.6869731653       -2.9334793859
 H          0.8062787135       -0.4499146556        0.3848319864
 H          0.1959118670       -1.4103259548        2.6924568933
 H          1.0464389957       -3.2741441426        3.9778717540
 H          1.3294386826       -4.2244017121        2.5192741402
 H         -0.8641697264       -5.0243622911        2.7367173792
 H         -1.2667473658       -3.8156663714        3.9553547779
 H         -2.0332675312       -2.2704071693        2.3669644989
 H         -2.1926557783       -3.6796219008        1.2975447289
 H         -0.7189460501       -2.2807539595       -2.0249838535
 H         -0.6520876321       -4.5714849547       -2.2637302442
 H         -2.3006698875       -4.0459071041       -2.5836567179
 H         -1.4852993702       -5.2766168232        0.0783966995
 H         -2.3736839516       -6.7239684129       -2.4478735505
 H         -2.2119697658       -7.4631036252       -0.8536512147
 H         -0.7884849536       -6.8341339156       -1.6804392543
 H         -3.7839447053       -4.2318798652        0.0106371212
 H         -3.8909583820       -5.9817966875        0.1049207886
 H         -4.1461419979       -5.1731351079       -1.4366323782
 H         -3.2477865303       -2.3845564437       -0.9285611725
