compound_id,smiles,n_confs,temperature_K,aq_psa3d,mem_psa3d,delta_psa3d,psa3d_std,psa3d_spread,bw_psa3d,norm_delta_psa,tpsa_2d,ensemble_energy,pop_lowest_pct,unique_confs,error
meA.L.bHph.P.L.F,CC(C)C[C@@H]1NC(=O)[C@H](C)N(C)C(=O)[C@H](Cc2ccccc2)NC(=O)[C@H](CC(C)C)NC(=O)[C@@H]2CCCN2C(=O)C[C@H](Cc2ccccc2)NC1=O,1774.0,298.15,91.4925,37.1453,54.3472,9.8861,54.3472,69.2052,0.056532,157.02,0.404,42.658,1774.0,
Me_Tza.3Pal.dP.PhPr_Gly.Nva(Ph).Me_dF,CN1C(=O)[C@H](CCCc2ccccc2)NC(=O)CN(CCCc2ccccc2)C(=O)[C@H]2CCCN2C(=O)[C@H](Cc2cccnc2)NC(=O)[C@H](Cc2cscn2)N(C)C(=O)[C@H]1Cc1ccccc1,5743.0,298.15,164.4337,114.6035,49.8302,10.4136,49.8302,130.451,0.046353,165.22000000000003,0.912,10.73,5743.0,
meA.Bn_Gly.Bn_Gly.P.Bn_Gly.F,C[C@H]1C(=O)N(Cc2ccccc2)CC(=O)N(Cc2ccccc2)CC(=O)N2CCC[C@H]2C(=O)N(Cc2ccccc2)CC(=O)N[C@@H](Cc2ccccc2)C(=O)N1C,345.0,298.15,101.8672,58.4506,43.4166,9.2845,43.4166,81.667,0.04582,130.65,0.467,15.657,345.0,
dP.Me_dA.Me_dL.Bn_Gly.dP.L.F,CC(C)C[C@@H]1NC(=O)[C@H]2CCCN2C(=O)CN(Cc2ccccc2)C(=O)[C@@H](CC(C)C)N(C)C(=O)[C@@H](C)N(C)C(=O)[C@H]2CCCN2C(=O)[C@H](Cc2ccccc2)NC1=O,1279.0,298.15,91.6388,39.9022,51.7366,11.0772,51.7366,69.2961,0.054181,159.75,0.285,50.678,1279.0,
dP.meA.meL.L.P.L.F,CC(C)C[C@@H]1NC(=O)[C@@H]2CCCN2C(=O)[C@H](CC(C)C)NC(=O)[C@H](CC(C)C)N(C)C(=O)[C@H](C)N(C)C(=O)[C@H]2CCCN2C(=O)[C@H](Cc2ccccc2)NC1=O,4337.0,298.15,106.0073,47.4329,58.5744,10.0848,58.5744,70.4068,0.0595,168.54,1.024,21.573,4337.0,
dA.Bn_Gly.bHph.P.Bn_Gly.F,C[C@H]1NC(=O)[C@H](Cc2ccccc2)NC(=O)CN(Cc2ccccc2)C(=O)[C@@H]2CCCN2C(=O)C[C@H](Cc2ccccc2)NC(=O)CN(Cc2ccccc2)C1=O,220.0,298.15,88.2997,66.2088,22.0909,3.7848,22.0909,76.3825,0.02317,148.23,0.746,26.408,220.0,
dP.Pr_Gly.Me_dL.bHph.dP.dL.F,CCCN1CC(=O)N(C)[C@H](CC(C)C)C(=O)N[C@@H](Cc2ccccc2)CC(=O)N2CCC[C@@H]2C(=O)N[C@H](CC(C)C)C(=O)N[C@@H](Cc2ccccc2)C(=O)N2CCC[C@@H]2C1=O,4441.0,298.15,95.1214,39.6367,55.4847,8.8759,55.4847,65.4459,0.056344,168.54,0.628,38.053,4441.0,
dP.bHph.Me_dL.Me_dL.P.Bn_Gly.F,CC(C)C[C@@H]1C(=O)N(C)[C@H](CC(C)C)C(=O)N2CCC[C@H]2C(=O)N(Cc2ccccc2)CC(=O)N[C@@H](Cc2ccccc2)C(=O)N2CCC[C@@H]2C(=O)N[C@@H](Cc2ccccc2)CC(=O)N1C,1206.0,298.15,94.6232,54.3706,40.2526,8.9745,40.2526,68.4393,0.03912,159.75,0.287,57.04,1206.0,
dP.A.dL.Me_dL.P.Bn_Gly.F,CC(C)C[C@@H]1C(=O)N2CCC[C@H]2C(=O)N(Cc2ccccc2)CC(=O)N[C@@H](Cc2ccccc2)C(=O)N2CCC[C@@H]2C(=O)N[C@@H](C)C(=O)N[C@H](CC(C)C)C(=O)N1C,2570.0,298.15,98.5772,42.1601,56.4171,10.3667,56.4171,68.1786,0.057394,168.54,0.324,40.607,2570.0,
dP.dA.meL.Bn_Gly.P.Me_dL.F,CC(C)C[C@@H]1C(=O)N[C@@H](Cc2ccccc2)C(=O)N2CCC[C@@H]2C(=O)N[C@H](C)C(=O)N(C)[C@@H](CC(C)C)C(=O)N(Cc2ccccc2)CC(=O)N2CCC[C@H]2C(=O)N1C,2973.0,298.15,92.6838,41.3424,51.3414,11.5119,51.3414,65.6373,0.053556,159.75000000000003,0.223,55.342,2973.0,
P.Pr_Gly.dL.bHph.dP.Me_dL.F,CCCN1CC(=O)N[C@H](CC(C)C)C(=O)N[C@@H](Cc2ccccc2)CC(=O)N2CCC[C@@H]2C(=O)N(C)[C@H](CC(C)C)C(=O)N[C@@H](Cc2ccccc2)C(=O)N2CCC[C@H]2C1=O,1940.0,298.15,97.1465,50.0707,47.0758,10.9788,47.0758,64.3578,0.045165,168.54,0.275,67.684,1940.0,
dA.Me_dL.meL.dP.meL.F,CC(C)C[C@@H]1C(=O)N(C)[C@@H](CC(C)C)C(=O)N2CCC[C@@H]2C(=O)N(C)[C@@H](CC(C)C)C(=O)N[C@@H](Cc2ccccc2)C(=O)N[C@H](C)C(=O)N1C,3005.0,298.15,73.8265,33.944,39.8825,8.032,39.8825,59.1752,0.042863,139.44,0.619,39.47,3005.0,
meA.Me_dL.meL.P.meL.F,CC(C)C[C@@H]1C(=O)N(C)[C@@H](CC(C)C)C(=O)N2CCC[C@H]2C(=O)N(C)[C@@H](CC(C)C)C(=O)N[C@@H](Cc2ccccc2)C(=O)N(C)[C@@H](C)C(=O)N1C,1566.0,298.15,71.4873,46.2815,25.2058,5.5747,25.2058,67.0527,0.027039,130.65,0.387,51.498,1566.0,
A.L.Me_dL.P.Me_dL.F,CC(C)C[C@@H]1NC(=O)[C@H](C)NC(=O)[C@H](Cc2ccccc2)NC(=O)[C@@H](CC(C)C)N(C)C(=O)[C@@H]2CCCN2C(=O)[C@@H](CC(C)C)N(C)C1=O,433.0,298.15,80.0128,43.7951,36.2177,6.8073,36.2177,52.2557,0.040487,148.23000000000002,0.548,40.372,433.0,
A.meL.Bn_Gly.dP.L.F,CC(C)C[C@@H]1NC(=O)[C@H]2CCCN2C(=O)CN(Cc2ccccc2)C(=O)[C@H](CC(C)C)N(C)C(=O)[C@H](C)NC(=O)[C@H](Cc2ccccc2)NC1=O,1956.0,298.15,100.5675,41.4958,59.0717,13.8074,59.0717,51.1773,0.065651,148.23,0.553,49.161,1956.0,
dP.A.Me_dL.bHph.dP.Me_dL.F,CC(C)C[C@@H]1C(=O)N[C@@H](Cc2ccccc2)CC(=O)N2CCC[C@@H]2C(=O)N(C)[C@H](CC(C)C)C(=O)N[C@@H](Cc2ccccc2)C(=O)N2CCC[C@@H]2C(=O)N[C@@H](C)C(=O)N1C,1876.0,298.15,95.9552,45.2708,50.6844,8.6839,50.6844,75.3769,0.051897,168.54,0.486,46.767,1876.0,
dP.dA.Me_dL.dL.dP.meL.F,CC(C)C[C@@H]1C(=O)N[C@H](CC(C)C)C(=O)N2CCC[C@@H]2C(=O)N(C)[C@@H](CC(C)C)C(=O)N[C@@H](Cc2ccccc2)C(=O)N2CCC[C@@H]2C(=O)N[C@H](C)C(=O)N1C,1617.0,298.15,88.3894,40.9987,47.3907,8.5429,47.3907,61.9472,0.047636,168.54,0.771,23.938,1617.0,
dP.dA.L.L.dP.meL.F,CC(C)C[C@@H]1NC(=O)[C@@H](C)NC(=O)[C@H]2CCCN2C(=O)[C@H](Cc2ccccc2)NC(=O)[C@H](CC(C)C)N(C)C(=O)[C@H]2CCCN2C(=O)[C@H](CC(C)C)NC1=O,2495.0,298.15,101.2954,38.437,62.8584,13.818,62.8584,52.288,0.066923,177.33,0.194,79.198,2495.0,
P.bHph.dL.bHph.P.Me_dL.F,CC(C)C[C@@H]1C(=O)N[C@@H](Cc2ccccc2)C(=O)N2CCC[C@H]2C(=O)N[C@@H](Cc2ccccc2)CC(=O)N[C@H](CC(C)C)C(=O)N[C@@H](Cc2ccccc2)CC(=O)N2CCC[C@H]2C(=O)N1C,3388.0,298.15,107.2218,48.7509,58.4709,10.3898,58.4709,81.4759,0.052041,177.33,0.495,27.375,3388.0,
dA.dL.meL.P.Me_dL.F,CC(C)C[C@@H]1C(=O)N[C@@H](Cc2ccccc2)C(=O)N[C@H](C)C(=O)N[C@H](CC(C)C)C(=O)N(C)[C@@H](CC(C)C)C(=O)N2CCC[C@H]2C(=O)N1C,3732.0,298.15,89.7886,40.5966,49.192,8.9874,49.192,65.8187,0.053197,148.23000000000002,0.424,43.103,3732.0,
dP.dL.Pye.dL.Hph.L,CC(C)C[C@@H]1NC(=O)[C@H](CCc2ccccc2)NC(=O)[C@@H](CC(C)C)NC(=O)[C@H](CCC(=O)N2CCCC2)NC(=O)[C@@H](CC(C)C)NC(=O)[C@H]2CCCN2C1=O,1727.0,298.15,91.7559,48.9748,42.7811,6.6925,42.7811,70.086,0.042668,186.12,0.308,68.797,1727.0,
dA.L.L.P.dL.F,CC(C)C[C@@H]1NC(=O)[C@@H](C)NC(=O)[C@H](Cc2ccccc2)NC(=O)[C@@H](CC(C)C)NC(=O)[C@@H]2CCCN2C(=O)[C@H](CC(C)C)NC1=O,3234.0,298.15,122.9107,55.3957,67.515,12.5658,67.515,78.7477,0.072259,165.81,0.216,72.582,3234.0,
Me_dA.Me_dL.bHph.P.Bn_Gly.F,CC(C)C[C@@H]1C(=O)N[C@@H](Cc2ccccc2)CC(=O)N2CCC[C@H]2C(=O)N(Cc2ccccc2)CC(=O)N[C@@H](Cc2ccccc2)C(=O)N(C)[C@H](C)C(=O)N1C,550.0,298.15,80.5668,46.4438,34.123,6.8493,34.123,61.683,0.036082,139.44,0.473,25.939,550.0,
P.Me_dA.L.meL.P.meL.F,CC(C)C[C@@H]1NC(=O)[C@@H](C)N(C)C(=O)[C@@H]2CCCN2C(=O)[C@H](Cc2ccccc2)NC(=O)[C@H](CC(C)C)N(C)C(=O)[C@@H]2CCCN2C(=O)[C@H](CC(C)C)N(C)C1=O,2716.0,298.15,90.6135,46.2728,44.3407,10.4591,44.3407,65.1743,0.04428,159.75,0.552,27.719,2716.0,
Pr_Gly.meL.L.P.Bn_Gly.F,CCCN1CC(=O)N(C)[C@@H](CC(C)C)C(=O)N[C@@H](CC(C)C)C(=O)N2CCC[C@H]2C(=O)N(Cc2ccccc2)CC(=O)N[C@@H](Cc2ccccc2)C1=O,3100.0,298.15,81.5783,50.0146,31.5637,6.6329,31.5637,65.3681,0.032393,139.44,1.036,8.98,3100.0,
Tyr(Me).P.dP.dL.L.L,COc1ccc(C[C@@H]2NC(=O)[C@H](CC(C)C)NC(=O)[C@H](CC(C)C)NC(=O)[C@@H](CC(C)C)NC(=O)[C@H]3CCCN3C(=O)[C@@H]3CCCN3C2=O)cc1,4065.0,298.15,119.9336,67.8219,52.1117,9.1138,52.1117,98.9978,0.054313,166.25,0.492,39.364,4065.0,
dP.meA.Me_dL.meL.dP.Bn_Gly.F,CC(C)C[C@@H]1C(=O)N(C)[C@@H](CC(C)C)C(=O)N2CCC[C@@H]2C(=O)N(Cc2ccccc2)CC(=O)N[C@@H](Cc2ccccc2)C(=O)N2CCC[C@@H]2C(=O)N(C)[C@@H](C)C(=O)N1C,2510.0,298.15,77.3075,41.235,36.0725,7.0967,36.0725,62.0138,0.035795,150.96,0.247,75.479,2510.0,
Pr_Gly.L.dL.P.Me_dL.F,CCCN1CC(=O)N[C@@H](CC(C)C)C(=O)N[C@H](CC(C)C)C(=O)N2CCC[C@H]2C(=O)N(C)[C@H](CC(C)C)C(=O)N[C@@H](Cc2ccccc2)C1=O,3906.0,298.15,78.0494,42.3645,35.6849,7.0053,35.6849,59.1145,0.038872,148.23,0.75,26.113,3906.0,
dA.meL.meL.dP.dL.F,CC(C)C[C@H]1NC(=O)[C@H]2CCCN2C(=O)[C@H](CC(C)C)N(C)C(=O)[C@H](CC(C)C)N(C)C(=O)[C@@H](C)NC(=O)[C@H](Cc2ccccc2)NC1=O,1812.0,298.15,91.8812,48.8703,43.0109,7.398,43.0109,58.9489,0.04784,148.23,0.569,31.556,1812.0,
Me_dA.meL.dL.dP.dL.F,CC(C)C[C@H]1NC(=O)[C@H]2CCCN2C(=O)[C@@H](CC(C)C)NC(=O)[C@H](CC(C)C)N(C)C(=O)[C@@H](C)N(C)C(=O)[C@H](Cc2ccccc2)NC1=O,5233.0,298.15,90.363,40.174,50.189,10.1593,50.189,69.15,0.055683,148.23,0.504,47.775,5233.0,
meA.Me_dL.bHph.P.dL.F,CC(C)C[C@@H]1C(=O)N[C@@H](Cc2ccccc2)CC(=O)N2CCC[C@H]2C(=O)N[C@H](CC(C)C)C(=O)N[C@@H](Cc2ccccc2)C(=O)N(C)[C@@H](C)C(=O)N1C,2063.0,298.15,83.2739,44.4381,38.8358,8.5169,38.8358,57.7637,0.040766,148.23000000000002,0.383,61.88,2063.0,
dP.A.dL.dL.dP.Me_dL.F,CC(C)C[C@@H]1C(=O)N[C@@H](Cc2ccccc2)C(=O)N2CCC[C@@H]2C(=O)N[C@@H](C)C(=O)N[C@H](CC(C)C)C(=O)N[C@H](CC(C)C)C(=O)N2CCC[C@@H]2C(=O)N1C,2397.0,298.15,84.8912,52.1394,32.7518,6.2612,32.7518,68.0369,0.034486,177.33,0.151,70.133,2397.0,
dP.dA.meL.meL.dP.meL.F,CC(C)C[C@H]1C(=O)N[C@@H](Cc2ccccc2)C(=O)N2CCC[C@@H]2C(=O)N[C@H](C)C(=O)N(C)[C@@H](CC(C)C)C(=O)N(C)[C@@H](CC(C)C)C(=O)N2CCC[C@@H]2C(=O)N1C,4094.0,298.15,86.4946,36.1371,50.3575,8.3068,50.3575,56.8714,0.05053,159.75000000000003,0.427,46.763,4094.0,
dP.bHph.Me_dL.meL.P.Me_dL.F,CC(C)C[C@@H]1C(=O)N(C)[C@@H](CC(C)C)C(=O)N2CCC[C@H]2C(=O)N(C)[C@H](CC(C)C)C(=O)N[C@@H](Cc2ccccc2)C(=O)N2CCC[C@@H]2C(=O)N[C@@H](Cc2ccccc2)CC(=O)N1C,4654.0,298.15,77.7794,39.4394,38.34,7.4302,38.34,56.9389,0.036269,159.75,0.392,61.344,4654.0,
Pr_Gly.Me_dL.dL.dP.Me_dL.F,CCCN1CC(=O)N(C)[C@H](CC(C)C)C(=O)N[C@H](CC(C)C)C(=O)N2CCC[C@@H]2C(=O)N(C)[C@H](CC(C)C)C(=O)N[C@@H](Cc2ccccc2)C1=O,2382.0,298.15,82.9668,33.0119,49.9549,13.0963,49.9549,72.2145,0.051823,139.44,0.759,20.094,2382.0,
dA.dL.bHph.P.meL.F,CC(C)C[C@H]1NC(=O)[C@@H](C)NC(=O)[C@H](Cc2ccccc2)NC(=O)[C@H](CC(C)C)N(C)C(=O)[C@@H]2CCCN2C(=O)C[C@H](Cc2ccccc2)NC1=O,1250.0,298.15,95.59,37.6165,57.9735,12.0319,57.9735,54.8404,0.061478,157.02,0.192,66.773,1250.0,
meA.dL.dL.P.Me_dL.F,CC(C)C[C@@H]1C(=O)N[C@@H](Cc2ccccc2)C(=O)N(C)[C@@H](C)C(=O)N[C@H](CC(C)C)C(=O)N[C@H](CC(C)C)C(=O)N2CCC[C@H]2C(=O)N1C,1880.0,298.15,74.8913,51.2682,23.6231,5.8405,23.6231,54.8791,0.026261,148.23000000000002,0.459,56.925,1880.0,
dA.cHexCH2_Gly.dL.Nle.dP.Mono34,CCCC[C@@H]1NC(=O)[C@@H](CC(C)C)NC(=O)CN(CC2CCCCC2)C(=O)[C@@H](C)NC(=O)CN(CCCOC(C)C)C(=O)[C@H]2CCCN2C1=O,5368.0,298.15,104.5084,58.7277,45.7807,7.0743,45.7807,82.3627,0.047341,157.46,0.202,56.143,5368.0,
P.A.L.Me_dL.dP.L.F,CC(C)C[C@@H]1NC(=O)[C@H]2CCCN2C(=O)[C@@H](CC(C)C)N(C)C(=O)[C@H](CC(C)C)NC(=O)[C@H](C)NC(=O)[C@@H]2CCCN2C(=O)[C@H](Cc2ccccc2)NC1=O,1786.0,298.15,107.2579,58.6426,48.6153,8.6415,48.6153,77.7227,0.052554,177.32999999999998,0.145,78.789,1786.0,
P.Me_dA.dL.bHph.P.Bn_Gly.F,CC(C)C[C@H]1NC(=O)[C@@H](C)N(C)C(=O)[C@@H]2CCCN2C(=O)[C@H](Cc2ccccc2)NC(=O)CN(Cc2ccccc2)C(=O)[C@@H]2CCCN2C(=O)C[C@H](Cc2ccccc2)NC1=O,494.0,298.15,103.5022,62.6312,40.871,8.2532,40.871,82.2723,0.042687,168.54,0.388,35.306,494.0,
P.bHph.dL.Me_dL.dP.Me_dL.F,CC(C)C[C@@H]1C(=O)N[C@@H](Cc2ccccc2)C(=O)N2CCC[C@H]2C(=O)N[C@@H](Cc2ccccc2)CC(=O)N[C@H](CC(C)C)C(=O)N(C)[C@H](CC(C)C)C(=O)N2CCC[C@@H]2C(=O)N1C,2095.0,298.15,83.1371,35.2572,47.8799,7.8347,47.8799,51.706,0.045985,168.54000000000002,0.504,13.651,2095.0,
dP.A.dL.dL.P.meL.F,CC(C)C[C@H]1NC(=O)[C@H](C)NC(=O)[C@H]2CCCN2C(=O)[C@H](Cc2ccccc2)NC(=O)[C@H](CC(C)C)N(C)C(=O)[C@@H]2CCCN2C(=O)[C@@H](CC(C)C)NC1=O,2143.0,298.15,94.7627,36.6558,58.1069,8.2303,58.1069,66.6654,0.059305,177.33,0.162,80.366,2143.0,
dA.meL.meL.P.Me_dL.F,CC(C)C[C@@H]1C(=O)N[C@@H](Cc2ccccc2)C(=O)N[C@H](C)C(=O)N(C)[C@@H](CC(C)C)C(=O)N(C)[C@@H](CC(C)C)C(=O)N2CCC[C@H]2C(=O)N1C,3089.0,298.15,84.7441,43.9666,40.7775,7.4823,40.7775,65.7902,0.044364,139.44000000000003,0.625,28.737,3089.0,
dP.meA.L.dL.dP.Me_dL.F,CC(C)C[C@@H]1NC(=O)[C@H](C)N(C)C(=O)[C@H]2CCCN2C(=O)[C@H](Cc2ccccc2)NC(=O)[C@@H](CC(C)C)N(C)C(=O)[C@H]2CCCN2C(=O)[C@@H](CC(C)C)NC1=O,2259.0,298.15,99.347,51.6135,47.7335,10.9074,47.7335,62.0919,0.049573,168.54,0.158,77.276,2259.0,
dP.dA.L.meL.P.meL.F,CC(C)C[C@@H]1NC(=O)[C@@H](C)NC(=O)[C@H]2CCCN2C(=O)[C@H](Cc2ccccc2)NC(=O)[C@H](CC(C)C)N(C)C(=O)[C@@H]2CCCN2C(=O)[C@H](CC(C)C)N(C)C1=O,3370.0,298.15,86.5733,50.4212,36.1521,9.0661,36.1521,52.0469,0.038031,168.54000000000002,0.363,62.616,3370.0,
Pr_Gly.meL.Me_dL.dP.Bn_Gly.F,CCCN1CC(=O)N(C)[C@@H](CC(C)C)C(=O)N(C)[C@H](CC(C)C)C(=O)N2CCC[C@@H]2C(=O)N(Cc2ccccc2)CC(=O)N[C@@H](Cc2ccccc2)C1=O,4982.0,298.15,78.6157,34.0202,44.5955,9.817,44.5955,61.8387,0.044806,130.65,1.143,11.388,4982.0,
F.3-pyridylethyl_Gly.meL.Nle.dP.Pr_Gly,CCCC[C@@H]1NC(=O)[C@H](CC(C)C)N(C)C(=O)CN(CCc2cccnc2)C(=O)[C@H](Cc2ccccc2)NC(=O)CN(CCC)C(=O)[C@H]2CCCN2C1=O,4330.0,298.15,106.9582,58.7584,48.1998,6.9903,48.1998,78.7268,0.048341,152.33,0.476,48.849,4330.0,
meA.meL.L.dP.Bn_Gly.F,CC(C)C[C@@H]1NC(=O)[C@H](CC(C)C)N(C)C(=O)[C@H](C)N(C)C(=O)[C@H](Cc2ccccc2)NC(=O)CN(Cc2ccccc2)C(=O)[C@H]2CCCN2C1=O,1335.0,298.15,84.0242,45.8682,38.156,8.2862,38.156,55.9967,0.04117,139.44,0.589,33.845,1335.0,
dP.dA.meL.Bn_Gly.P.dL.F,CC(C)C[C@H]1NC(=O)[C@@H]2CCCN2C(=O)CN(Cc2ccccc2)C(=O)[C@H](CC(C)C)N(C)C(=O)[C@@H](C)NC(=O)[C@H]2CCCN2C(=O)[C@H](Cc2ccccc2)NC1=O,1285.0,298.15,98.0374,51.8922,46.1452,8.1295,46.1452,67.8824,0.049372,168.54,0.331,57.62,1285.0,
Nal.MeOEt_Gly.meL.Nle.dP.Et_Gly,CCCC[C@@H]1NC(=O)[C@H](CC(C)C)N(C)C(=O)CN(CCOC)C(=O)[C@H](Cc2ccc3ccccc3c2)NC(=O)CN(CC)C(=O)[C@H]2CCCN2C1=O,6980.0,298.15,87.9695,53.858,34.1115,7.0905,34.1115,68.6515,0.035193,148.67000000000002,1.045,18.046,6980.0,
dP.dA.dL.Me_dL.dP.Bn_Gly.F,CC(C)C[C@@H]1C(=O)N2CCC[C@@H]2C(=O)N(Cc2ccccc2)CC(=O)N[C@@H](Cc2ccccc2)C(=O)N2CCC[C@@H]2C(=O)N[C@H](C)C(=O)N[C@H](CC(C)C)C(=O)N1C,1730.0,298.15,76.9382,48.6101,28.3281,5.4988,28.3281,67.6578,0.030445,168.54,0.809,28.568,1730.0,
dA.Me_dL.dL.P.Me_dL.F,CC(C)C[C@@H]1C(=O)N[C@H](CC(C)C)C(=O)N2CCC[C@H]2C(=O)N(C)[C@H](CC(C)C)C(=O)N[C@@H](Cc2ccccc2)C(=O)N[C@H](C)C(=O)N1C,6220.0,298.15,103.8619,44.6924,59.1695,12.2156,59.1695,87.2168,0.064732,148.23,0.701,25.74,6220.0,
dP.bHph.meL.L.P.Me_dL.F,CC(C)C[C@@H]1NC(=O)[C@H](CC(C)C)N(C)C(=O)C[C@H](Cc2ccccc2)NC(=O)[C@H]2CCCN2C(=O)[C@H](Cc2ccccc2)NC(=O)[C@@H](CC(C)C)N(C)C(=O)[C@@H]2CCCN2C1=O,3295.0,298.15,88.3456,42.3409,46.0047,10.3868,46.0047,49.0647,0.043656,168.54,0.212,64.525,3295.0,
dP.A.Me_dL.L.P.Me_dL.F,CC(C)C[C@@H]1NC(=O)[C@@H](CC(C)C)N(C)C(=O)[C@H](C)NC(=O)[C@H]2CCCN2C(=O)[C@H](Cc2ccccc2)NC(=O)[C@@H](CC(C)C)N(C)C(=O)[C@@H]2CCCN2C1=O,5009.0,298.15,84.8517,47.1813,37.6704,6.8939,37.6704,66.5432,0.038467,168.54,0.745,34.235,5009.0,
F.Mono38.meL.Nle.dP.Mono45,CCCC[C@@H]1NC(=O)[C@H](CC(C)C)N(C)C(=O)CN(CC2CCOCC2)C(=O)[C@H](Cc2ccccc2)NC(=O)CN(Cc2ccccc2Cn2cccn2)C(=O)[C@H]2CCCN2C1=O,5024.0,298.15,109.1276,56.4764,52.6512,12.0731,52.6512,61.1032,0.049654,166.49,0.689,26.392,5024.0,
dA.Me_dL.Bn_Gly.dP.L.F,CC(C)C[C@@H]1NC(=O)[C@H]2CCCN2C(=O)CN(Cc2ccccc2)C(=O)[C@@H](CC(C)C)N(C)C(=O)[C@@H](C)NC(=O)[C@H](Cc2ccccc2)NC1=O,1239.0,298.15,83.4728,46.3519,37.1209,7.2379,37.1209,63.5289,0.040616,148.23,0.282,66.483,1239.0,
L.iBu_Gly.iBu_Gly.L.dP.Bn(4-OH)_Gly,CC(C)C[C@@H]1NC(=O)CN(Cc2ccc(O)cc2)C(=O)[C@H]2CCCN2C(=O)[C@H](CC(C)C)NC(=O)CN(CC(C)C)C(=O)CN(CC(C)C)C1=O,2154.0,298.15,127.9098,84.9632,42.9466,6.8753,42.9466,107.1695,0.046075,159.67000000000002,0.152,84.948,2154.0,
Pr_Gly.L.bHph.dP.dL.F,CCCN1CC(=O)N[C@@H](CC(C)C)C(=O)N[C@@H](Cc2ccccc2)CC(=O)N2CCC[C@@H]2C(=O)N[C@H](CC(C)C)C(=O)N[C@@H](Cc2ccccc2)C1=O,1862.0,298.15,83.2037,30.8586,52.3451,9.9886,52.3451,57.7797,0.05302,157.01999999999998,0.354,34.778,1862.0,
dP.Pr_Gly.L.L.dP.Me_dL.F,CCCN1CC(=O)N[C@@H](CC(C)C)C(=O)N[C@@H](CC(C)C)C(=O)N2CCC[C@@H]2C(=O)N(C)[C@H](CC(C)C)C(=O)N[C@@H](Cc2ccccc2)C(=O)N2CCC[C@@H]2C1=O,4797.0,298.15,105.17,52.6325,52.5375,15.5254,52.5375,60.9271,0.053173,168.54,0.762,30.945,4797.0,
P.Pr_Gly.Bn_Gly.Bn_Gly.dP.meL.F,CCCN1CC(=O)N(Cc2ccccc2)CC(=O)N(Cc2ccccc2)CC(=O)N2CCC[C@@H]2C(=O)N(C)[C@@H](CC(C)C)C(=O)N[C@@H](Cc2ccccc2)C(=O)N2CCC[C@H]2C1=O,2720.0,298.15,98.2626,45.0575,53.2051,11.6522,53.2051,83.9149,0.050688,150.96,0.751,22.479,2720.0,
dP.A.meL.Bn_Gly.dP.dL.F,CC(C)C[C@H]1NC(=O)[C@H]2CCCN2C(=O)CN(Cc2ccccc2)C(=O)[C@H](CC(C)C)N(C)C(=O)[C@H](C)NC(=O)[C@H]2CCCN2C(=O)[C@H](Cc2ccccc2)NC1=O,3669.0,298.15,116.1361,59.8807,56.2554,11.2508,56.2554,78.6669,0.058409,168.54,0.417,0.145,3669.0,
P.Me_dA.L.Me_dL.P.dL.F,CC(C)C[C@@H]1NC(=O)[C@@H](C)N(C)C(=O)[C@@H]2CCCN2C(=O)[C@H](Cc2ccccc2)NC(=O)[C@@H](CC(C)C)NC(=O)[C@@H]2CCCN2C(=O)[C@@H](CC(C)C)N(C)C1=O,5170.0,298.15,90.6863,38.0364,52.6499,12.0727,52.6499,83.0954,0.054343,168.54,0.755,37.189,5170.0,
L.Me_dAbu.meL.L.dP.meY,CC[C@@H]1C(=O)N(C)[C@@H](CC(C)C)C(=O)N[C@@H](CC(C)C)C(=O)N2CCC[C@@H]2C(=O)N(C)[C@@H](Cc2ccc(O)cc2)C(=O)N[C@@H](CC(C)C)C(=O)N1C,4642.0,298.15,108.5169,61.8049,46.712,9.8027,46.712,82.477,0.048515,159.67,0.675,32.383,4642.0,
dP.Pr_Gly.meL.Bn_Gly.dP.Me_dL.F,CCCN1CC(=O)N(C)[C@@H](CC(C)C)C(=O)N(Cc2ccccc2)CC(=O)N2CCC[C@@H]2C(=O)N(C)[C@H](CC(C)C)C(=O)N[C@@H](Cc2ccccc2)C(=O)N2CCC[C@@H]2C1=O,969.0,298.15,67.8049,37.2113,30.5936,6.1159,30.5936,59.9575,0.03008,150.96,0.2,78.881,969.0,
dP.dA.L.dL.P.dL.F,CC(C)C[C@@H]1NC(=O)[C@@H](C)NC(=O)[C@H]2CCCN2C(=O)[C@H](Cc2ccccc2)NC(=O)[C@@H](CC(C)C)NC(=O)[C@@H]2CCCN2C(=O)[C@@H](CC(C)C)NC1=O,3506.0,298.15,101.6179,45.035,56.5829,9.4506,56.5829,65.4753,0.057909,186.12,0.222,58.763,3506.0,
F.Mono38.L.Nle.P.Mono1,CCCC[C@@H]1NC(=O)[C@H](CC(C)C)NC(=O)CN(CC2CCOCC2)C(=O)[C@H](Cc2ccccc2)NC(=O)CN(Cc2ccc3c(c2)OCO3)C(=O)[C@@H]2CCCN2C1=O,6801.0,298.15,160.6856,104.4827,56.2029,12.9999,56.2029,143.8176,0.052082,175.92,1.197,3.751,6801.0,
Pr_Gly.L.L.dP.Me_dL.F,CCCN1CC(=O)N[C@@H](CC(C)C)C(=O)N[C@@H](CC(C)C)C(=O)N2CCC[C@@H]2C(=O)N(C)[C@H](CC(C)C)C(=O)N[C@@H](Cc2ccccc2)C1=O,4456.0,298.15,82.9377,39.8938,43.0439,8.543,43.0439,59.6816,0.044829,148.23,0.631,27.455,4456.0,
dP.Me_dA.dL.meL.dP.Bn_Gly.F,CC(C)C[C@H]1NC(=O)[C@@H](C)N(C)C(=O)[C@H]2CCCN2C(=O)[C@H](Cc2ccccc2)NC(=O)CN(Cc2ccccc2)C(=O)[C@H]2CCCN2C(=O)[C@H](CC(C)C)N(C)C1=O,1413.0,298.15,78.6933,44.3905,34.3028,6.7883,34.3028,62.1188,0.034999,159.75,0.21,64.299,1413.0,
L.Me_dL.meA.L.dP.meA,CC(C)C[C@@H]1NC(=O)[C@H](C)N(C)C(=O)[C@H]2CCCN2C(=O)[C@H](CC(C)C)NC(=O)[C@H](C)N(C)C(=O)[C@@H](CC(C)C)N(C)C1=O,1427.0,298.15,89.5499,43.9009,45.649,10.739,45.649,62.4022,0.054876,139.44,0.507,39.191,1427.0,
dA.L.Bn_Gly.dP.meL.F,CC(C)C[C@@H]1NC(=O)[C@@H](C)NC(=O)[C@H](Cc2ccccc2)NC(=O)[C@H](CC(C)C)N(C)C(=O)[C@H]2CCCN2C(=O)CN(Cc2ccccc2)C1=O,983.0,298.15,86.8052,46.9362,39.869,9.4886,39.869,76.0966,0.045976,148.23000000000002,0.511,32.667,983.0,
P.meA.dL.bHph.P.dL.F,CC(C)C[C@H]1NC(=O)[C@H](C)N(C)C(=O)[C@@H]2CCCN2C(=O)[C@H](Cc2ccccc2)NC(=O)[C@@H](CC(C)C)NC(=O)[C@@H]2CCCN2C(=O)C[C@H](Cc2ccccc2)NC1=O,1844.0,298.15,93.1651,38.0661,55.099,14.9706,55.099,73.2567,0.057255,177.32999999999998,0.378,18.819,1844.0,
Pr_Gly.L.L.P.Bn_Gly.F,CCCN1CC(=O)N[C@@H](CC(C)C)C(=O)N[C@@H](CC(C)C)C(=O)N2CCC[C@H]2C(=O)N(Cc2ccccc2)CC(=O)N[C@@H](Cc2ccccc2)C1=O,2547.0,298.15,94.1005,55.3474,38.7531,7.6112,38.7531,82.1279,0.041265,148.23,0.513,19.99,2547.0,
dA.Me_dL.meL.P.Me_dL.F,CC(C)C[C@@H]1C(=O)N(C)[C@@H](CC(C)C)C(=O)N2CCC[C@H]2C(=O)N(C)[C@H](CC(C)C)C(=O)N[C@@H](Cc2ccccc2)C(=O)N[C@H](C)C(=O)N1C,3167.0,298.15,77.9689,37.2466,40.7223,7.71,40.7223,59.7501,0.043612,139.44,0.432,20.23,3167.0,
P.Me_dA.L.dL.dP.Me_dL.F,CC(C)C[C@@H]1NC(=O)[C@@H](C)N(C)C(=O)[C@@H]2CCCN2C(=O)[C@H](Cc2ccccc2)NC(=O)[C@@H](CC(C)C)N(C)C(=O)[C@H]2CCCN2C(=O)[C@@H](CC(C)C)NC1=O,1977.0,298.15,97.668,37.8367,59.8313,8.3876,59.8313,93.1401,0.060525,168.54,0.586,50.159,1977.0,
dP.dGlu(OMe).L.dL.L.L,COC(=O)CC[C@H]1NC(=O)[C@H]2CCCN2C(=O)[C@H](CC(C)C)NC(=O)[C@H](CC(C)C)NC(=O)[C@@H](CC(C)C)NC(=O)[C@H](CC(C)C)NC1=O,1231.0,298.15,116.5773,65.1285,51.4488,10.1945,51.4488,76.2178,0.056244,192.10999999999999,0.141,79.701,1231.0,
meA.Me_dL.Bn_Gly.P.Bn_Gly.F,CC(C)C[C@@H]1C(=O)N(Cc2ccccc2)CC(=O)N2CCC[C@H]2C(=O)N(Cc2ccccc2)CC(=O)N[C@@H](Cc2ccccc2)C(=O)N(C)[C@@H](C)C(=O)N1C,333.0,298.15,81.2889,53.6993,27.5896,7.4665,27.5896,75.5803,0.030116,130.65,0.575,32.609,333.0,
L.dA.L.L.dP.Y,CC(C)C[C@@H]1NC(=O)[C@H](Cc2ccc(O)cc2)NC(=O)[C@H]2CCCN2C(=O)[C@H](CC(C)C)NC(=O)[C@H](CC(C)C)NC(=O)[C@@H](C)NC1=O,3207.0,298.15,130.1198,82.3737,47.7461,9.9953,47.7461,92.7376,0.054699,186.04,0.371,53.134,3207.0,
dP.A.Me_dL.Bn_Gly.dP.Bn_Gly.F,CC(C)C[C@@H]1C(=O)N(Cc2ccccc2)CC(=O)N2CCC[C@@H]2C(=O)N(Cc2ccccc2)CC(=O)N[C@@H](Cc2ccccc2)C(=O)N2CCC[C@@H]2C(=O)N[C@@H](C)C(=O)N1C,662.0,298.15,107.9365,42.1298,65.8067,10.2297,65.8067,57.4523,0.065714,159.75,0.554,17.69,662.0,
bHph.dL.meL.P.L.F,CC(C)C[C@@H]1NC(=O)[C@@H]2CCCN2C(=O)[C@H](CC(C)C)N(C)C(=O)[C@@H](CC(C)C)NC(=O)C[C@H](Cc2ccccc2)NC(=O)[C@H](Cc2ccccc2)NC1=O,2115.0,298.15,86.5497,33.2639,53.2858,10.1562,53.2858,78.9116,0.055685,157.01999999999998,0.222,74.989,2115.0,
Nal.3-pyridylethyl_Gly.meL.Nle.dP.iBu_Gly,CCCC[C@@H]1NC(=O)[C@H](CC(C)C)N(C)C(=O)CN(CCc2cccnc2)C(=O)[C@H](Cc2ccc3ccccc3c2)NC(=O)CN(CC(C)C)C(=O)[C@H]2CCCN2C1=O,6885.0,298.15,93.8402,50.2278,43.6124,7.9838,43.6124,77.7716,0.043565,152.33,0.644,42.999,6885.0,
meA.meL.Bn_Gly.dP.Me_dL.F,CC(C)C[C@@H]1C(=O)N[C@@H](Cc2ccccc2)C(=O)N(C)[C@@H](C)C(=O)N(C)[C@@H](CC(C)C)C(=O)N(Cc2ccccc2)CC(=O)N2CCC[C@@H]2C(=O)N1C,648.0,298.15,84.2932,31.0987,53.1945,9.51,53.1945,76.929,0.056581,130.65,0.429,47.835,648.0,
A.Mono38.dL.Nle.P.Et_Gly,CCCC[C@@H]1NC(=O)[C@@H](CC(C)C)NC(=O)CN(CC2CCOCC2)C(=O)[C@H](C)NC(=O)CN(CC)C(=O)[C@@H]2CCCN2C1=O,3122.0,298.15,114.2886,78.8585,35.4301,5.1762,35.4301,95.2051,0.039382,157.46,0.787,12.59,3122.0,
dP.dA.Me_dL.Bn_Gly.P.Bn_Gly.F,CC(C)C[C@@H]1C(=O)N(Cc2ccccc2)CC(=O)N2CCC[C@H]2C(=O)N(Cc2ccccc2)CC(=O)N[C@@H](Cc2ccccc2)C(=O)N2CCC[C@@H]2C(=O)N[C@H](C)C(=O)N1C,1018.0,298.15,106.992,47.8613,59.1307,12.194,59.1307,70.772,0.057961,159.75,0.632,26.797,1018.0,
P.bHph.meL.L.P.meL.F,CC(C)C[C@@H]1NC(=O)[C@H](CC(C)C)N(C)C(=O)C[C@H](Cc2ccccc2)NC(=O)[C@@H]2CCCN2C(=O)[C@H](Cc2ccccc2)NC(=O)[C@H](CC(C)C)N(C)C(=O)[C@@H]2CCCN2C1=O,6708.0,298.15,102.8544,56.7819,46.0725,8.1377,46.0725,73.5905,0.041914,168.54,0.509,14.952,6708.0,
meA.dL.Bn_Gly.P.Me_dL.F,CC(C)C[C@@H]1C(=O)N[C@@H](Cc2ccccc2)C(=O)N(C)[C@@H](C)C(=O)N[C@H](CC(C)C)C(=O)N(Cc2ccccc2)CC(=O)N2CCC[C@H]2C(=O)N1C,2084.0,298.15,72.6588,35.6611,36.9977,8.2681,36.9977,47.386,0.040553,139.44000000000003,0.653,28.98,2084.0,
F.Bn_Gly.meL.Nle.dP.Mono45,CCCC[C@@H]1NC(=O)[C@H](CC(C)C)N(C)C(=O)CN(Cc2ccccc2)C(=O)[C@H](Cc2ccccc2)NC(=O)CN(Cc2ccccc2Cn2cccn2)C(=O)[C@H]2CCCN2C1=O,4427.0,298.15,83.9132,39.7314,44.1818,10.3104,44.1818,52.4473,0.042812,157.26,0.641,20.785,4427.0,
meA.dL.Bn_Gly.dP.dL.F,CC(C)C[C@H]1NC(=O)[C@H]2CCCN2C(=O)CN(Cc2ccccc2)C(=O)[C@@H](CC(C)C)NC(=O)[C@H](C)N(C)C(=O)[C@H](Cc2ccccc2)NC1=O,2069.0,298.15,77.7581,27.683,50.0751,11.8339,50.0751,55.5136,0.05518,148.23,0.801,22.676,2069.0,
dA.L.Bn_Gly.P.meL.F,CC(C)C[C@@H]1NC(=O)[C@@H](C)NC(=O)[C@H](Cc2ccccc2)NC(=O)[C@H](CC(C)C)N(C)C(=O)[C@@H]2CCCN2C(=O)CN(Cc2ccccc2)C1=O,2185.0,298.15,85.8783,38.8031,47.0752,10.8721,47.0752,62.3303,0.049275,148.23000000000002,0.578,32.616,2185.0,
P.bHph.Me_dL.dL.P.dL.F,CC(C)C[C@@H]1C(=O)N[C@H](CC(C)C)C(=O)N2CCC[C@H]2C(=O)N[C@H](CC(C)C)C(=O)N[C@@H](Cc2ccccc2)C(=O)N2CCC[C@H]2C(=O)N[C@@H](Cc2ccccc2)CC(=O)N1C,6804.0,298.15,99.1732,44.945,54.2282,9.9206,54.2282,60.0533,0.050874,177.33,0.218,85.321,6804.0,
dA.meL.bHph.dP.dL.F,CC(C)C[C@H]1NC(=O)[C@H]2CCCN2C(=O)C[C@H](Cc2ccccc2)NC(=O)[C@H](CC(C)C)N(C)C(=O)[C@@H](C)NC(=O)[C@H](Cc2ccccc2)NC1=O,1258.0,298.15,105.4778,36.2106,69.2672,12.0813,69.2672,63.532,0.074395,157.01999999999998,0.334,68.722,1258.0,
Pr_Gly.meL.Bn_Gly.dP.meL.F,CCCN1CC(=O)N(C)[C@@H](CC(C)C)C(=O)N(Cc2ccccc2)CC(=O)N2CCC[C@@H]2C(=O)N(C)[C@@H](CC(C)C)C(=O)N[C@@H](Cc2ccccc2)C1=O,5050.0,298.15,69.7009,46.5187,23.1822,5.4314,23.1822,64.0541,0.022949,130.65,0.804,19.755,5050.0,
dP.Pr_Gly.Me_dL.Bn_Gly.dP.dL.F,CCCN1CC(=O)N(C)[C@H](CC(C)C)C(=O)N(Cc2ccccc2)CC(=O)N2CCC[C@@H]2C(=O)N[C@H](CC(C)C)C(=O)N[C@@H](Cc2ccccc2)C(=O)N2CCC[C@@H]2C1=O,5454.0,298.15,80.2855,43.2947,36.9908,7.2615,36.9908,57.1551,0.035572,159.75,0.419,56.939,5454.0,
dP.meA.meL.bHph.P.Bn_Gly.F,CC(C)C[C@H]1C(=O)N[C@@H](Cc2ccccc2)CC(=O)N2CCC[C@H]2C(=O)N(Cc2ccccc2)CC(=O)N[C@@H](Cc2ccccc2)C(=O)N2CCC[C@@H]2C(=O)N(C)[C@@H](C)C(=O)N1C,2284.0,298.15,89.5626,33.52,56.0426,8.7935,56.0426,65.1387,0.054001,159.75,0.656,37.749,2284.0,
meA.L.Bn_Gly.dP.Me_dL.F,CC(C)C[C@@H]1NC(=O)[C@H](C)N(C)C(=O)[C@H](Cc2ccccc2)NC(=O)[C@@H](CC(C)C)N(C)C(=O)[C@H]2CCCN2C(=O)CN(Cc2ccccc2)C1=O,1345.0,298.15,88.9192,36.9728,51.9464,11.9188,51.9464,41.1574,0.056767,139.44,0.41,64.71,1345.0,
P.Me_dA.L.meL.P.Me_dL.F,CC(C)C[C@@H]1NC(=O)[C@@H](C)N(C)C(=O)[C@@H]2CCCN2C(=O)[C@H](Cc2ccccc2)NC(=O)[C@@H](CC(C)C)N(C)C(=O)[C@@H]2CCCN2C(=O)[C@H](CC(C)C)N(C)C1=O,2510.0,298.15,82.3179,43.3545,38.9634,8.2728,38.9634,68.3705,0.038708,159.75,0.949,6.996,2510.0,
A.dL.meL.P.meL.F,CC(C)C[C@H]1NC(=O)[C@H](C)NC(=O)[C@H](Cc2ccccc2)NC(=O)[C@H](CC(C)C)N(C)C(=O)[C@@H]2CCCN2C(=O)[C@H](CC(C)C)N(C)C1=O,2099.0,298.15,88.2567,55.1309,33.1258,5.8034,33.1258,71.663,0.035249,148.23000000000002,0.369,52.784,2099.0,
meA.meL.dL.P.dL.F,CC(C)C[C@H]1NC(=O)[C@@H]2CCCN2C(=O)[C@@H](CC(C)C)NC(=O)[C@H](CC(C)C)N(C)C(=O)[C@H](C)N(C)C(=O)[C@H](Cc2ccccc2)NC1=O,2294.0,298.15,78.6976,30.9786,47.719,9.7949,47.719,46.1202,0.051562,148.23,0.325,65.796,2294.0,
P.Me_dA.meL.meL.dP.L.F,CC(C)C[C@@H]1NC(=O)[C@H]2CCCN2C(=O)[C@H](CC(C)C)N(C)C(=O)[C@H](CC(C)C)N(C)C(=O)[C@@H](C)N(C)C(=O)[C@@H]2CCCN2C(=O)[C@H](Cc2ccccc2)NC1=O,4719.0,298.15,85.228,54.1169,31.1111,8.0147,31.1111,77.5204,0.030719,159.75,0.407,55.87,4719.0,
A.L.Bn_Gly.dP.dL.F,CC(C)C[C@@H]1NC(=O)[C@H](C)NC(=O)[C@H](Cc2ccccc2)NC(=O)[C@@H](CC(C)C)NC(=O)[C@H]2CCCN2C(=O)CN(Cc2ccccc2)C1=O,1299.0,298.15,93.3399,46.6443,46.6956,7.2532,46.6956,74.494,0.051534,157.02,0.326,25.041,1299.0,
L.L.Ala(indol-2-yl).Ala(indol-2-yl).dP.Ala(indol-2-yl),CC(C)C[C@@H]1NC(=O)[C@H](CC(C)C)NC(=O)[C@H](Cc2cc3ccccc3[nH]2)NC(=O)[C@H]2CCCN2C(=O)[C@H](Cc2cc3ccccc3[nH]2)NC(=O)[C@H](Cc2cc3ccccc3[nH]2)NC1=O,3154.0,298.15,98.5379,52.2817,46.2562,7.4773,46.2562,72.1459,0.042107,213.17999999999998,0.528,32.769,3154.0,
L.Me_dA.meL.L.dP.meY,CC(C)C[C@@H]1NC(=O)[C@H](Cc2ccc(O)cc2)N(C)C(=O)[C@H]2CCCN2C(=O)[C@H](CC(C)C)NC(=O)[C@H](CC(C)C)N(C)C(=O)[C@@H](C)N(C)C1=O,3913.0,298.15,112.6586,59.3831,53.2755,10.4695,53.2755,77.0435,0.056655,159.67,0.75,11.969,3913.0,
bHph.L.L.P.meL.F,CC(C)C[C@@H]1NC(=O)C[C@H](Cc2ccccc2)NC(=O)[C@H](Cc2ccccc2)NC(=O)[C@H](CC(C)C)N(C)C(=O)[C@@H]2CCCN2C(=O)[C@H](CC(C)C)NC1=O,4316.0,298.15,100.7794,55.0301,45.7493,8.4089,45.7493,69.9294,0.047042,157.02,0.487,52.622,4316.0,
dP.A.Me_dL.dL.P.dL.F,CC(C)C[C@@H]1C(=O)N[C@H](CC(C)C)C(=O)N2CCC[C@H]2C(=O)N[C@H](CC(C)C)C(=O)N[C@@H](Cc2ccccc2)C(=O)N2CCC[C@@H]2C(=O)N[C@@H](C)C(=O)N1C,1483.0,298.15,79.0558,41.1536,37.9022,5.0596,37.9022,54.238,0.040607,177.33,0.068,91.627,1483.0,
Me_dA.L.meL.dP.L.F,CC(C)C[C@@H]1NC(=O)[C@H]2CCCN2C(=O)[C@H](CC(C)C)N(C)C(=O)[C@H](CC(C)C)NC(=O)[C@@H](C)N(C)C(=O)[C@H](Cc2ccccc2)NC1=O,4365.0,298.15,84.8312,35.027,49.8042,7.9351,49.8042,68.8024,0.055096,148.23,0.28,75.412,4365.0,
dP.Me_dA.dL.Bn_Gly.dP.Me_dL.F,CC(C)C[C@@H]1C(=O)N[C@@H](Cc2ccccc2)C(=O)N2CCC[C@@H]2C(=O)N(C)[C@H](C)C(=O)N[C@H](CC(C)C)C(=O)N(Cc2ccccc2)CC(=O)N2CCC[C@@H]2C(=O)N1C,2127.0,298.15,72.2003,31.6596,40.5407,8.9501,40.5407,40.5398,0.041482,159.75,0.673,20.167,2127.0,
P.dA.Bn_Gly.Me_dL.P.Me_dL.F,CC(C)C[C@@H]1C(=O)N2CCC[C@H]2C(=O)N(C)[C@H](CC(C)C)C(=O)N[C@@H](Cc2ccccc2)C(=O)N2CCC[C@H]2C(=O)N[C@H](C)C(=O)N(Cc2ccccc2)CC(=O)N1C,1354.0,298.15,97.539,46.4029,51.1361,10.6444,51.1361,81.3238,0.050328,159.75,0.592,24.294,1354.0,
F.3-pyridylethyl_Gly.meL.Nle.dP.Mono42,CCCC[C@@H]1NC(=O)[C@H](CC(C)C)N(C)C(=O)CN(CCc2cccnc2)C(=O)[C@H](Cc2ccccc2)NC(=O)CN(CCN2CCOCC2)C(=O)[C@H]2CCCN2C1=O,6143.0,298.15,124.9395,74.7497,50.1898,7.4546,50.1898,96.4122,0.049488,164.8,0.651,21.601,6143.0,
P.Me_dA.dL.dL.dP.Me_dL.F,CC(C)C[C@@H]1C(=O)N[C@@H](Cc2ccccc2)C(=O)N2CCC[C@H]2C(=O)N(C)[C@H](C)C(=O)N[C@H](CC(C)C)C(=O)N[C@H](CC(C)C)C(=O)N2CCC[C@@H]2C(=O)N1C,4041.0,298.15,77.0671,32.3044,44.7627,8.8635,44.7627,51.0099,0.047686,168.54,0.312,54.502,4041.0,
dP.meA.L.meL.P.meL.F,CC(C)C[C@@H]1NC(=O)[C@H](C)N(C)C(=O)[C@H]2CCCN2C(=O)[C@H](Cc2ccccc2)NC(=O)[C@H](CC(C)C)N(C)C(=O)[C@@H]2CCCN2C(=O)[C@H](CC(C)C)N(C)C1=O,1039.0,298.15,82.5057,46.0077,36.498,6.4471,36.498,57.1962,0.037697,159.75,0.273,72.171,1039.0,
Me_dA.meL.dL.dP.Me_dL.F,CC(C)C[C@@H]1C(=O)N[C@@H](Cc2ccccc2)C(=O)N(C)[C@H](C)C(=O)N(C)[C@@H](CC(C)C)C(=O)N[C@H](CC(C)C)C(=O)N2CCC[C@@H]2C(=O)N1C,2018.0,298.15,71.3756,28.7403,42.6353,10.8396,42.6353,38.6825,0.046568,139.44,0.287,68.506,2018.0,
A.Bn_Gly.L.dP.L.F,CC(C)C[C@@H]1NC(=O)[C@H]2CCCN2C(=O)[C@H](CC(C)C)NC(=O)CN(Cc2ccccc2)C(=O)[C@H](C)NC(=O)[C@H](Cc2ccccc2)NC1=O,1382.0,298.15,101.3944,57.3929,44.0015,11.2026,44.0015,70.1045,0.047548,157.01999999999998,0.323,54.339,1382.0,
dP.bHph.dL.meL.P.meL.F,CC(C)C[C@H]1NC(=O)C[C@H](Cc2ccccc2)NC(=O)[C@H]2CCCN2C(=O)[C@H](Cc2ccccc2)NC(=O)[C@H](CC(C)C)N(C)C(=O)[C@@H]2CCCN2C(=O)[C@H](CC(C)C)N(C)C1=O,5743.0,298.15,86.7312,48.8765,37.8547,8.8992,37.8547,57.3233,0.036058,168.54000000000002,0.234,77.259,5743.0,
dP.Me_dA.Me_dL.Bn_Gly.dP.Me_dL.F,CC(C)C[C@@H]1C(=O)N(Cc2ccccc2)CC(=O)N2CCC[C@@H]2C(=O)N(C)[C@H](CC(C)C)C(=O)N[C@@H](Cc2ccccc2)C(=O)N2CCC[C@@H]2C(=O)N(C)[C@H](C)C(=O)N1C,779.0,298.15,68.1895,36.8755,31.314,5.5931,31.314,52.4435,0.030562,150.96,0.075,94.078,779.0,
dP.meA.L.L.P.meL.F,CC(C)C[C@@H]1NC(=O)[C@H](C)N(C)C(=O)[C@H]2CCCN2C(=O)[C@H](Cc2ccccc2)NC(=O)[C@H](CC(C)C)N(C)C(=O)[C@@H]2CCCN2C(=O)[C@H](CC(C)C)NC1=O,1937.0,298.15,97.4244,66.0853,31.3391,5.1339,31.3391,80.1638,0.031486,168.54,0.394,47.701,1937.0,
Pr_Gly.meL.bHph.dP.dL.F,CCCN1CC(=O)N(C)[C@@H](CC(C)C)C(=O)N[C@@H](Cc2ccccc2)CC(=O)N2CCC[C@@H]2C(=O)N[C@H](CC(C)C)C(=O)N[C@@H](Cc2ccccc2)C1=O,2407.0,298.15,88.6067,35.4443,53.1624,11.0012,53.1624,61.6202,0.057339,148.23,0.263,48.983,2407.0,
bHph.dL.bHph.dP.Me_dL.F,CC(C)C[C@@H]1C(=O)N[C@@H](Cc2ccccc2)C(=O)N[C@@H](Cc2ccccc2)CC(=O)N[C@H](CC(C)C)C(=O)N[C@@H](Cc2ccccc2)CC(=O)N2CCC[C@@H]2C(=O)N1C,1242.0,298.15,84.9045,37.1995,47.705,11.1026,47.705,38.2123,0.047947,157.02,0.194,67.525,1242.0,
P.dA.meL.meL.P.Bn_Gly.F,CC(C)C[C@H]1C(=O)N(C)[C@@H](CC(C)C)C(=O)N2CCC[C@H]2C(=O)N(Cc2ccccc2)CC(=O)N[C@@H](Cc2ccccc2)C(=O)N2CCC[C@H]2C(=O)N[C@H](C)C(=O)N1C,1267.0,298.15,96.6297,57.0447,39.585,9.7734,39.585,72.5933,0.039069,159.75,0.455,48.787,1267.0,
P.bHph.meL.meL.dP.Me_dL.F,CC(C)C[C@@H]1C(=O)N[C@@H](Cc2ccccc2)C(=O)N2CCC[C@H]2C(=O)N[C@@H](Cc2ccccc2)CC(=O)N(C)[C@@H](CC(C)C)C(=O)N(C)[C@@H](CC(C)C)C(=O)N2CCC[C@@H]2C(=O)N1C,3380.0,298.15,83.0924,41.5652,41.5272,7.9831,41.5272,78.4888,0.037431,159.75000000000003,0.229,79.427,3380.0,
P.Me_dA.meL.bHph.P.dL.F,CC(C)C[C@H]1NC(=O)[C@@H]2CCCN2C(=O)C[C@H](Cc2ccccc2)NC(=O)[C@H](CC(C)C)N(C)C(=O)[C@@H](C)N(C)C(=O)[C@@H]2CCCN2C(=O)[C@H](Cc2ccccc2)NC1=O,4077.0,298.15,87.9912,34.1336,53.8576,10.1263,53.8576,66.9687,0.05362,168.54,0.216,78.357,4077.0,
Me_dA.L.dL.dP.Bn_Gly.F,CC(C)C[C@@H]1NC(=O)[C@@H](C)N(C)C(=O)[C@H](Cc2ccccc2)NC(=O)CN(Cc2ccccc2)C(=O)[C@H]2CCCN2C(=O)[C@@H](CC(C)C)NC1=O,1128.0,298.15,98.3959,43.6413,54.7546,12.4084,54.7546,58.1278,0.061564,148.23,0.687,19.457,1128.0,
d(N->O)Gly(allyl).P.I.meV.meA.Bal,C=CC[C@H]1OC(=O)CCNC(=O)[C@H](C)N(C)C(=O)[C@H](C(C)C)N(C)C(=O)[C@H]([C@@H](C)CC)NC(=O)[C@@H]2CCCN2C1=O,1013.0,298.15,80.0314,42.0406,37.9908,8.7094,37.9908,52.476,0.049803,145.43,0.569,15.839,1013.0,
P.Me_dA.L.L.dP.L.F,CC(C)C[C@@H]1NC(=O)[C@@H](C)N(C)C(=O)[C@@H]2CCCN2C(=O)[C@H](Cc2ccccc2)NC(=O)[C@H](CC(C)C)NC(=O)[C@H]2CCCN2C(=O)[C@H](CC(C)C)NC1=O,4390.0,298.15,102.2477,59.846,42.4017,8.5273,42.4017,91.1188,0.044158,177.32999999999998,0.172,81.417,4390.0,
dP.dA.meL.bHph.dP.dL.F,CC(C)C[C@H]1NC(=O)[C@H]2CCCN2C(=O)C[C@H](Cc2ccccc2)NC(=O)[C@H](CC(C)C)N(C)C(=O)[C@@H](C)NC(=O)[C@H]2CCCN2C(=O)[C@H](Cc2ccccc2)NC1=O,1574.0,298.15,121.6171,41.6731,79.944,15.2167,79.944,71.6117,0.082746,177.32999999999998,0.376,66.827,1574.0,
P.Me_dA.L.Bn_Gly.P.L.F,CC(C)C[C@@H]1NC(=O)[C@@H]2CCCN2C(=O)CN(Cc2ccccc2)C(=O)[C@H](CC(C)C)NC(=O)[C@@H](C)N(C)C(=O)[C@@H]2CCCN2C(=O)[C@H](Cc2ccccc2)NC1=O,3073.0,298.15,105.1425,45.7197,59.4228,11.4407,59.4228,77.0542,0.061474,168.54,0.773,8.69,3073.0,
L.Mono39.meL.Nle.dP.Mono45,CCCC[C@@H]1NC(=O)[C@H](CC(C)C)N(C)C(=O)CN(CCOc2ccccc2)C(=O)[C@H](CC(C)C)NC(=O)CN(Cc2ccccc2Cn2cccn2)C(=O)[C@H]2CCCN2C1=O,5603.0,298.15,96.5794,37.5096,59.0698,15.1815,59.0698,41.9557,0.056084,166.49,0.321,65.441,5603.0,
P.Pr_Gly.L.Me_dL.P.Bn_Gly.F,CCCN1CC(=O)N[C@@H](CC(C)C)C(=O)N(C)[C@H](CC(C)C)C(=O)N2CCC[C@H]2C(=O)N(Cc2ccccc2)CC(=O)N[C@@H](Cc2ccccc2)C(=O)N2CCC[C@H]2C1=O,2309.0,298.15,87.1367,52.787,34.3497,6.7499,34.3497,55.4124,0.034217,159.75,0.464,60.274,2309.0,
dL.L.L.L.dP.Y,CC(C)C[C@@H]1NC(=O)[C@H](CC(C)C)NC(=O)[C@@H](CC(C)C)NC(=O)[C@H](Cc2ccc(O)cc2)NC(=O)[C@H]2CCCN2C(=O)[C@H](CC(C)C)NC1=O,4716.0,298.15,128.2292,79.5299,48.6993,6.5747,48.6993,98.9454,0.049618,186.04000000000002,0.853,8.036,4716.0,
meA.L.bHph.dP.L.F,CC(C)C[C@@H]1NC(=O)[C@H]2CCCN2C(=O)C[C@H](Cc2ccccc2)NC(=O)[C@H](CC(C)C)NC(=O)[C@H](C)N(C)C(=O)[C@H](Cc2ccccc2)NC1=O,965.0,298.15,86.7825,31.4302,55.3523,13.8488,55.3523,38.052,0.057976,157.02,0.139,83.364,965.0,
dP.Me_dA.meL.Me_dL.dP.Me_dL.F,CC(C)C[C@@H]1C(=O)N[C@@H](Cc2ccccc2)C(=O)N2CCC[C@@H]2C(=O)N(C)[C@H](C)C(=O)N(C)[C@@H](CC(C)C)C(=O)N(C)[C@H](CC(C)C)C(=O)N2CCC[C@@H]2C(=O)N1C,4158.0,298.15,85.4993,47.442,38.0573,6.0795,38.0573,66.7046,0.037412,150.96,0.257,79.693,4158.0,
Nal.cHexCH2_Gly.meL.Nle.dP.iBu_Gly,CCCC[C@@H]1NC(=O)[C@H](CC(C)C)N(C)C(=O)CN(CC2CCCCC2)C(=O)[C@H](Cc2ccc3ccccc3c2)NC(=O)CN(CC(C)C)C(=O)[C@H]2CCCN2C1=O,5224.0,298.15,73.1012,40.9023,32.1989,6.4992,32.1989,65.0181,0.030672,139.44,0.686,31.434,5224.0,
P.dA.meL.meL.P.dL.F,CC(C)C[C@H]1NC(=O)[C@@H]2CCCN2C(=O)[C@H](CC(C)C)N(C)C(=O)[C@H](CC(C)C)N(C)C(=O)[C@@H](C)NC(=O)[C@@H]2CCCN2C(=O)[C@H](Cc2ccccc2)NC1=O,3478.0,298.15,99.9733,64.2092,35.7641,6.8372,35.7641,79.5424,0.036443,168.54,0.87,31.003,3478.0,
P.Me_dA.meL.bHph.P.Me_dL.F,CC(C)C[C@@H]1C(=O)N[C@@H](Cc2ccccc2)C(=O)N2CCC[C@H]2C(=O)N(C)[C@H](C)C(=O)N(C)[C@@H](CC(C)C)C(=O)N[C@@H](Cc2ccccc2)CC(=O)N2CCC[C@H]2C(=O)N1C,4330.0,298.15,80.8646,46.5663,34.2983,6.4201,34.2983,64.4285,0.032196,159.75,0.465,47.685,4330.0,
P.dA.Bn_Gly.Bn_Gly.P.Me_dL.F,CC(C)C[C@@H]1C(=O)N[C@@H](Cc2ccccc2)C(=O)N2CCC[C@H]2C(=O)N[C@H](C)C(=O)N(Cc2ccccc2)CC(=O)N(Cc2ccccc2)CC(=O)N2CCC[C@H]2C(=O)N1C,1326.0,298.15,89.104,53.2001,35.9039,7.7632,35.9039,77.7061,0.034882,159.75000000000003,0.809,41.389,1326.0,
meA.L.meL.dP.Bn_Gly.F,CC(C)C[C@@H]1NC(=O)[C@H](C)N(C)C(=O)[C@H](Cc2ccccc2)NC(=O)CN(Cc2ccccc2)C(=O)[C@H]2CCCN2C(=O)[C@H](CC(C)C)N(C)C1=O,3275.0,298.15,97.6524,43.2111,54.4413,9.5221,54.4413,70.2474,0.061056,139.44,0.556,9.344,3275.0,
dP.dL.L.dL.L.Y,CC(C)C[C@@H]1NC(=O)[C@@H](CC(C)C)NC(=O)[C@H](CC(C)C)NC(=O)[C@@H](CC(C)C)NC(=O)[C@H]2CCCN2C(=O)[C@H](Cc2ccc(O)cc2)NC1=O,5836.0,298.15,109.5831,74.8574,34.7257,6.6802,34.7257,92.8826,0.036149,186.04,0.802,26.871,5836.0,
A.meL.dL.P.Me_dL.F,CC(C)C[C@@H]1C(=O)N[C@@H](Cc2ccccc2)C(=O)N[C@@H](C)C(=O)N(C)[C@@H](CC(C)C)C(=O)N[C@H](CC(C)C)C(=O)N2CCC[C@H]2C(=O)N1C,1971.0,298.15,67.3078,32.905,34.4028,8.7395,34.4028,60.4334,0.037076,148.23000000000002,0.527,35.166,1971.0,
dF.Me_Nle.Nle.P.Me_Nle.Mono100,CCCC[C@@H]1NC(=O)[C@H](CCCC)N(C)C(=O)[C@@H](Cc2ccccc2)NC(=O)CSC[C@@H](C(=O)NC)NC(=O)[C@H](CCCC)N(C)C(=O)[C@@H]2CCCN2C1=O,5601.0,298.15,135.2585,74.3737,60.8848,9.7326,60.8848,113.5739,0.058784,177.33,0.455,46.141,5601.0,
A.dL.dL.dP.Me_dL.F,CC(C)C[C@@H]1C(=O)N[C@@H](Cc2ccccc2)C(=O)N[C@@H](C)C(=O)N[C@H](CC(C)C)C(=O)N[C@H](CC(C)C)C(=O)N2CCC[C@@H]2C(=O)N1C,1836.0,298.15,83.775,48.3187,35.4563,6.5558,35.4563,65.7282,0.038845,157.02,0.365,43.203,1836.0,
P.meA.Me_dL.meL.P.Bn_Gly.F,CC(C)C[C@@H]1C(=O)N(C)[C@@H](CC(C)C)C(=O)N2CCC[C@H]2C(=O)N(Cc2ccccc2)CC(=O)N[C@@H](Cc2ccccc2)C(=O)N2CCC[C@H]2C(=O)N(C)[C@@H](C)C(=O)N1C,1459.0,298.15,91.0044,55.0708,35.9336,5.4308,35.9336,73.6043,0.034296,150.96,0.612,12.134,1459.0,
A.L.Bn_Gly.P.dL.F,CC(C)C[C@@H]1NC(=O)[C@H](C)NC(=O)[C@H](Cc2ccccc2)NC(=O)[C@@H](CC(C)C)NC(=O)[C@@H]2CCCN2C(=O)CN(Cc2ccccc2)C1=O,1222.0,298.15,100.5614,58.2682,42.2932,8.8091,42.2932,67.3937,0.046377,157.02,0.371,50.642,1222.0,
P.meA.L.bHph.P.dL.F,CC(C)C[C@@H]1NC(=O)[C@H](C)N(C)C(=O)[C@@H]2CCCN2C(=O)[C@H](Cc2ccccc2)NC(=O)[C@@H](CC(C)C)NC(=O)[C@@H]2CCCN2C(=O)C[C@H](Cc2ccccc2)NC1=O,4823.0,298.15,109.1182,36.4788,72.6394,18.255,72.6394,50.2105,0.071209,177.32999999999998,0.267,55.106,4823.0,
Pr_Gly.L.Bn_Gly.dP.L.F,CCCN1CC(=O)N[C@@H](CC(C)C)C(=O)N(Cc2ccccc2)CC(=O)N2CCC[C@@H]2C(=O)N[C@@H](CC(C)C)C(=O)N[C@@H](Cc2ccccc2)C1=O,1521.0,298.15,75.4303,45.4342,29.9961,5.3249,29.9961,68.4333,0.031941,148.23,0.607,31.774,1521.0,
Me_dA.dL.meL.P.meL.F,CC(C)C[C@H]1NC(=O)[C@@H](C)N(C)C(=O)[C@H](Cc2ccccc2)NC(=O)[C@H](CC(C)C)N(C)C(=O)[C@@H]2CCCN2C(=O)[C@H](CC(C)C)N(C)C1=O,1773.0,298.15,73.5295,40.0122,33.5173,7.0073,33.5173,65.3209,0.036311,139.44,0.34,57.65,1773.0,
P.bHph.dL.Bn_Gly.P.dL.F,CC(C)C[C@H]1NC(=O)[C@@H]2CCCN2C(=O)CN(Cc2ccccc2)C(=O)[C@@H](CC(C)C)NC(=O)C[C@H](Cc2ccccc2)NC(=O)[C@@H]2CCCN2C(=O)[C@H](Cc2ccccc2)NC1=O,2343.0,298.15,99.1773,44.537,54.6403,9.8371,54.6403,66.238,0.051739,177.32999999999998,0.633,24.499,2343.0,
P.bHph.Bn_Gly.Bn_Gly.dP.dL.F,CC(C)C[C@H]1NC(=O)[C@H]2CCCN2C(=O)CN(Cc2ccccc2)C(=O)CN(Cc2ccccc2)C(=O)C[C@H](Cc2ccccc2)NC(=O)[C@@H]2CCCN2C(=O)[C@H](Cc2ccccc2)NC1=O,2684.0,298.15,101.179,49.0821,52.0969,10.8516,52.0969,78.8612,0.04712,168.54,0.679,25.544,2684.0,
Me_dA.Me_dL.bHph.dP.Me_dL.F,CC(C)C[C@@H]1C(=O)N[C@@H](Cc2ccccc2)CC(=O)N2CCC[C@@H]2C(=O)N(C)[C@H](CC(C)C)C(=O)N[C@@H](Cc2ccccc2)C(=O)N(C)[C@H](C)C(=O)N1C,1599.0,298.15,81.4487,29.6368,51.8119,8.7143,51.8119,48.8048,0.057485,139.44,0.604,46.575,1599.0,
dP.dA.dL.meL.P.Me_dL.F,CC(C)C[C@@H]1C(=O)N[C@@H](Cc2ccccc2)C(=O)N2CCC[C@@H]2C(=O)N[C@H](C)C(=O)N[C@H](CC(C)C)C(=O)N(C)[C@@H](CC(C)C)C(=O)N2CCC[C@H]2C(=O)N1C,4025.0,298.15,97.005,38.8801,58.1249,11.056,58.1249,63.8948,0.060455,168.54000000000002,0.519,29.015,4025.0,
Tza.3Pal.dP.PhPr_Gly.Nva(Ph).dF,O=C1CN(CCCc2ccccc2)C(=O)[C@H]2CCCN2C(=O)[C@H](Cc2cccnc2)NC(=O)[C@H](Cc2cscn2)NC(=O)[C@@H](Cc2ccccc2)NC(=O)[C@H](CCCc2ccccc2)N1,2663.0,298.15,158.4104,83.6793,74.7311,18.7588,74.7311,103.5082,0.072539,182.8,0.969,5.749,2663.0,
Pr_Gly.L.meL.dP.dL.F,CCCN1CC(=O)N[C@@H](CC(C)C)C(=O)N(C)[C@@H](CC(C)C)C(=O)N2CCC[C@@H]2C(=O)N[C@H](CC(C)C)C(=O)N[C@@H](Cc2ccccc2)C1=O,2208.0,298.15,91.1607,50.9071,40.2536,6.6146,40.2536,68.3313,0.043006,148.23,0.184,77.266,2208.0,
bHph.L.L.P.Me_dL.F,CC(C)C[C@@H]1NC(=O)C[C@H](Cc2ccccc2)NC(=O)[C@H](Cc2ccccc2)NC(=O)[C@@H](CC(C)C)N(C)C(=O)[C@@H]2CCCN2C(=O)[C@H](CC(C)C)NC1=O,4613.0,298.15,92.6994,46.1981,46.5013,9.3385,46.5013,70.3027,0.047933,157.02,0.283,64.658,4613.0,
A.Me_dL.Bn_Gly.P.dL.F,CC(C)C[C@@H]1C(=O)N(Cc2ccccc2)CC(=O)N2CCC[C@H]2C(=O)N[C@H](CC(C)C)C(=O)N[C@@H](Cc2ccccc2)C(=O)N[C@@H](C)C(=O)N1C,2591.0,298.15,96.1255,54.1492,41.9763,8.2738,41.9763,74.4644,0.044988,148.23,0.416,41.042,2591.0,
dP.meA.Me_dL.L.dP.L.F,CC(C)C[C@@H]1NC(=O)[C@H]2CCCN2C(=O)[C@H](CC(C)C)NC(=O)[C@@H](CC(C)C)N(C)C(=O)[C@H](C)N(C)C(=O)[C@H]2CCCN2C(=O)[C@H](Cc2ccccc2)NC1=O,1839.0,298.15,79.6073,46.5992,33.0081,8.6141,33.0081,70.0889,0.033102,168.54,0.247,64.905,1839.0,
P.meA.meL.Bn_Gly.dP.meL.F,CC(C)C[C@H]1C(=O)N[C@@H](Cc2ccccc2)C(=O)N2CCC[C@H]2C(=O)N(C)[C@@H](C)C(=O)N(C)[C@@H](CC(C)C)C(=O)N(Cc2ccccc2)CC(=O)N2CCC[C@@H]2C(=O)N1C,878.0,298.15,66.2377,37.0547,29.183,5.3575,29.183,48.1754,0.030364,150.96,0.273,75.562,878.0,
P.Me_dA.dL.L.dP.Me_dL.F,CC(C)C[C@@H]1NC(=O)[C@@H](CC(C)C)NC(=O)[C@@H](C)N(C)C(=O)[C@@H]2CCCN2C(=O)[C@H](Cc2ccccc2)NC(=O)[C@@H](CC(C)C)N(C)C(=O)[C@H]2CCCN2C1=O,2652.0,298.15,90.0224,43.2701,46.7523,6.312,46.7523,77.5588,0.048477,168.54,0.37,62.033,2652.0,
meA.meL.bHph.dP.meL.F,CC(C)C[C@H]1C(=O)N[C@@H](Cc2ccccc2)C(=O)N(C)[C@@H](C)C(=O)N(C)[C@@H](CC(C)C)C(=O)N[C@@H](Cc2ccccc2)CC(=O)N2CCC[C@@H]2C(=O)N1C,867.0,298.15,67.9483,26.8543,41.094,9.2468,41.094,40.7209,0.042769,139.44,0.818,29.229,867.0,
P.Me_dA.L.meL.dP.Bn_Gly.F,CC(C)C[C@@H]1NC(=O)[C@@H](C)N(C)C(=O)[C@@H]2CCCN2C(=O)[C@H](Cc2ccccc2)NC(=O)CN(Cc2ccccc2)C(=O)[C@H]2CCCN2C(=O)[C@H](CC(C)C)N(C)C1=O,2499.0,298.15,105.9919,50.5903,55.4016,10.876,55.4016,76.6894,0.054749,159.75,0.668,53.082,2499.0,
dA.meA.(N->O)Val.A.(N->O)Leu.Me_dF,CC(C)C[C@@H]1OC(=O)[C@H](C)NC(=O)[C@H](C(C)C)OC(=O)[C@H](C)N(C)C(=O)[C@@H](C)NC(=O)[C@@H](Cc2ccccc2)N(C)C1=O,661.0,298.15,102.6171,58.5619,44.0552,7.669,44.0552,94.4262,0.051657,151.42,0.312,43.672,661.0,
dP.A.meL.Bn_Gly.dP.meL.F,CC(C)C[C@H]1C(=O)N(Cc2ccccc2)CC(=O)N2CCC[C@@H]2C(=O)N(C)[C@@H](CC(C)C)C(=O)N[C@@H](Cc2ccccc2)C(=O)N2CCC[C@@H]2C(=O)N[C@@H](C)C(=O)N1C,4684.0,298.15,99.5775,49.6099,49.9676,11.6117,49.9676,62.7672,0.053502,159.75,0.863,11.284,4684.0,
dP.Me_dA.dL.L.dP.Bn_Gly.F,CC(C)C[C@@H]1NC(=O)[C@@H](CC(C)C)NC(=O)[C@@H](C)N(C)C(=O)[C@H]2CCCN2C(=O)[C@H](Cc2ccccc2)NC(=O)CN(Cc2ccccc2)C(=O)[C@H]2CCCN2C1=O,1133.0,298.15,106.7404,66.0561,40.6843,8.1327,40.6843,97.0413,0.040983,168.54,0.551,30.433,1133.0,
P.meA.Me_dL.dL.dP.Bn_Gly.F,CC(C)C[C@@H]1C(=O)N[C@H](CC(C)C)C(=O)N2CCC[C@@H]2C(=O)N(Cc2ccccc2)CC(=O)N[C@@H](Cc2ccccc2)C(=O)N2CCC[C@H]2C(=O)N(C)[C@@H](C)C(=O)N1C,856.0,298.15,87.7299,66.1611,21.5688,5.1313,21.5688,84.5711,0.021543,159.75,0.49,53.573,856.0,
A.dL.meL.P.dL.F,CC(C)C[C@H]1NC(=O)[C@@H]2CCCN2C(=O)[C@H](CC(C)C)N(C)C(=O)[C@@H](CC(C)C)NC(=O)[C@H](C)NC(=O)[C@H](Cc2ccccc2)NC1=O,4154.0,298.15,85.4302,47.1359,38.2943,9.6722,38.2943,76.1655,0.040615,157.01999999999998,0.876,10.007,4154.0,
P.meA.dL.Bn_Gly.dP.Me_dL.F,CC(C)C[C@@H]1C(=O)N[C@@H](Cc2ccccc2)C(=O)N2CCC[C@H]2C(=O)N(C)[C@@H](C)C(=O)N[C@H](CC(C)C)C(=O)N(Cc2ccccc2)CC(=O)N2CCC[C@@H]2C(=O)N1C,3005.0,298.15,87.0797,49.9022,37.1775,9.0311,37.1775,76.6705,0.037777,159.75,0.703,33.812,3005.0,
meA.dL.Me_dL.dP.meL.F,CC(C)C[C@@H]1C(=O)N2CCC[C@@H]2C(=O)N(C)[C@@H](CC(C)C)C(=O)N[C@@H](Cc2ccccc2)C(=O)N(C)[C@@H](C)C(=O)N[C@H](CC(C)C)C(=O)N1C,1375.0,298.15,54.2786,27.5998,26.6788,4.8109,26.6788,49.7756,0.028711,139.44,0.475,44.162,1375.0,
P.meA.dL.meL.dP.meL.F,CC(C)C[C@H]1NC(=O)[C@H](C)N(C)C(=O)[C@@H]2CCCN2C(=O)[C@H](Cc2ccccc2)NC(=O)[C@H](CC(C)C)N(C)C(=O)[C@H]2CCCN2C(=O)[C@H](CC(C)C)N(C)C1=O,848.0,298.15,79.1855,41.4048,37.7807,4.6767,37.7807,53.0688,0.038745,159.75,0.197,82.258,848.0,
P.meA.L.dL.dP.Bn_Gly.F,CC(C)C[C@@H]1NC(=O)[C@H](C)N(C)C(=O)[C@@H]2CCCN2C(=O)[C@H](Cc2ccccc2)NC(=O)CN(Cc2ccccc2)C(=O)[C@H]2CCCN2C(=O)[C@@H](CC(C)C)NC1=O,3378.0,298.15,110.0589,58.9136,51.1453,8.947,51.1453,103.3834,0.052545,168.54,0.627,9.514,3378.0,
Pr_Gly.L.Bn_Gly.P.Me_dL.F,CCCN1CC(=O)N[C@@H](CC(C)C)C(=O)N(Cc2ccccc2)CC(=O)N2CCC[C@H]2C(=O)N(C)[C@H](CC(C)C)C(=O)N[C@@H](Cc2ccccc2)C1=O,2962.0,298.15,69.9742,43.5388,26.4354,5.6194,26.4354,56.8949,0.028091,139.44,0.62,45.578,2962.0,
meA.meL.dL.P.Bn_Gly.F,CC(C)C[C@H]1NC(=O)[C@H](CC(C)C)N(C)C(=O)[C@H](C)N(C)C(=O)[C@H](Cc2ccccc2)NC(=O)CN(Cc2ccccc2)C(=O)[C@@H]2CCCN2C1=O,3385.0,298.15,85.1831,45.6202,39.5629,7.7133,39.5629,64.7327,0.04133,139.44,0.722,7.189,3385.0,
P.Pr_Gly.dL.meL.dP.meL.F,CCCN1CC(=O)N[C@H](CC(C)C)C(=O)N(C)[C@@H](CC(C)C)C(=O)N2CCC[C@@H]2C(=O)N(C)[C@@H](CC(C)C)C(=O)N[C@@H](Cc2ccccc2)C(=O)N2CCC[C@H]2C1=O,3132.0,298.15,92.6981,51.8016,40.8965,6.2549,40.8965,70.2429,0.040848,159.75,0.343,67.259,3132.0,
L.Me_dA.meA.L.dP.meY,CC(C)C[C@@H]1NC(=O)[C@H](Cc2ccc(O)cc2)N(C)C(=O)[C@H]2CCCN2C(=O)[C@H](CC(C)C)NC(=O)[C@H](C)N(C)C(=O)[C@@H](C)N(C)C1=O,1985.0,298.15,117.5982,75.9331,41.6651,10.2126,41.6651,85.4234,0.047321,159.67,0.753,5.898,1985.0,
dP.dA.Me_dL.Bn_Gly.P.meL.F,CC(C)C[C@@H]1C(=O)N(Cc2ccccc2)CC(=O)N2CCC[C@H]2C(=O)N(C)[C@@H](CC(C)C)C(=O)N[C@@H](Cc2ccccc2)C(=O)N2CCC[C@@H]2C(=O)N[C@H](C)C(=O)N1C,1374.0,298.15,77.5789,28.3569,49.222,11.7576,49.222,46.8215,0.050038,159.75,0.643,8.074,1374.0,
bHph.Me_dL.Bn_Gly.P.Me_dL.F,CC(C)C[C@@H]1C(=O)N(Cc2ccccc2)CC(=O)N2CCC[C@H]2C(=O)N(C)[C@H](CC(C)C)C(=O)N[C@@H](Cc2ccccc2)C(=O)N[C@@H](Cc2ccccc2)CC(=O)N1C,1602.0,298.15,81.1514,45.9284,35.223,7.2426,35.223,56.5387,0.034088,139.44,0.346,37.244,1602.0,
P.meA.Me_dL.Bn_Gly.P.Bn_Gly.F,CC(C)C[C@@H]1C(=O)N(Cc2ccccc2)CC(=O)N2CCC[C@H]2C(=O)N(Cc2ccccc2)CC(=O)N[C@@H](Cc2ccccc2)C(=O)N2CCC[C@H]2C(=O)N(C)[C@@H](C)C(=O)N1C,568.0,298.15,90.5186,59.1291,31.3895,5.5948,31.3895,73.1197,0.031948,150.96,0.506,26.994,568.0,
dA.cHexCH2_Gly.L.Nle.P.Et_Gly,CCCC[C@@H]1NC(=O)[C@H](CC(C)C)NC(=O)CN(CC2CCCCC2)C(=O)[C@@H](C)NC(=O)CN(CC)C(=O)[C@@H]2CCCN2C1=O,3055.0,298.15,115.9366,78.9877,36.9489,5.4053,36.9489,92.889,0.039934,148.23000000000002,0.815,12.668,3055.0,
Nal.cHexCH2_Gly.meL.Nle.dP.Bn(4-Cl)_Gly,CCCC[C@@H]1NC(=O)[C@H](CC(C)C)N(C)C(=O)CN(CC2CCCCC2)C(=O)[C@H](Cc2ccc3ccccc3c2)NC(=O)CN(Cc2ccc(Cl)cc2)C(=O)[C@H]2CCCN2C1=O,4549.0,298.15,75.8593,38.1857,37.6736,6.841,37.6736,65.0265,0.034164,139.44,0.886,14.378,4549.0,
P.Pr_Gly.dL.L.P.Me_dL.F,CCCN1CC(=O)N[C@H](CC(C)C)C(=O)N[C@@H](CC(C)C)C(=O)N2CCC[C@H]2C(=O)N(C)[C@H](CC(C)C)C(=O)N[C@@H](Cc2ccccc2)C(=O)N2CCC[C@H]2C1=O,2919.0,298.15,99.6506,61.4096,38.241,8.4938,38.241,93.3675,0.038132,168.54,0.092,89.94,2919.0,
meA.Me_dL.meL.P.Me_dL.F,CC(C)C[C@@H]1C(=O)N(C)[C@@H](CC(C)C)C(=O)N2CCC[C@H]2C(=O)N(C)[C@H](CC(C)C)C(=O)N[C@@H](Cc2ccccc2)C(=O)N(C)[C@@H](C)C(=O)N1C,2429.0,298.15,74.4728,39.5796,34.8932,5.1512,34.8932,53.9245,0.037638,130.65,0.587,37.361,2429.0,
P.meA.L.Bn_Gly.P.L.F,CC(C)C[C@@H]1NC(=O)[C@@H]2CCCN2C(=O)CN(Cc2ccccc2)C(=O)[C@H](CC(C)C)NC(=O)[C@H](C)N(C)C(=O)[C@@H]2CCCN2C(=O)[C@H](Cc2ccccc2)NC1=O,3334.0,298.15,98.2201,43.1904,55.0297,13.9064,55.0297,60.8125,0.057145,168.54,0.987,11.527,3334.0,
L.dL.L.L.dP.meY,CC(C)C[C@@H]1NC(=O)[C@@H](CC(C)C)NC(=O)[C@H](CC(C)C)NC(=O)[C@H](Cc2ccc(O)cc2)N(C)C(=O)[C@H]2CCCN2C(=O)[C@H](CC(C)C)NC1=O,6202.0,298.15,125.4235,61.4788,63.9447,10.5224,63.9447,89.9755,0.065273,177.25,0.505,35.91,6202.0,
Me_dA.dL.bHph.P.meL.F,CC(C)C[C@H]1NC(=O)[C@@H](C)N(C)C(=O)[C@H](Cc2ccccc2)NC(=O)[C@H](CC(C)C)N(C)C(=O)[C@@H]2CCCN2C(=O)C[C@H](Cc2ccccc2)NC1=O,1628.0,298.15,77.3734,42.5265,34.8469,7.5435,34.8469,60.5202,0.035755,148.23,0.502,39.446,1628.0,
A.Mono38.Me_dL.Nle.dP.Mono34,CCCC[C@@H]1NC(=O)[C@@H](CC(C)C)N(C)C(=O)CN(CC2CCOCC2)C(=O)[C@H](C)NC(=O)CN(CCCOC(C)C)C(=O)[C@H]2CCCN2C1=O,6043.0,298.15,106.168,75.3544,30.8136,6.1011,30.8136,88.6566,0.032042,157.9,0.249,64.06,6043.0,
dP.Pr_Gly.L.L.P.dL.F,CCCN1CC(=O)N[C@@H](CC(C)C)C(=O)N[C@@H](CC(C)C)C(=O)N2CCC[C@H]2C(=O)N[C@H](CC(C)C)C(=O)N[C@@H](Cc2ccccc2)C(=O)N2CCC[C@@H]2C1=O,4456.0,298.15,109.8435,52.784,57.0595,17.0582,57.0595,68.7389,0.056862,177.32999999999998,0.972,1.713,4456.0,
P.bHph.Me_dL.dL.dP.Me_dL.F,CC(C)C[C@@H]1C(=O)N[C@H](CC(C)C)C(=O)N2CCC[C@@H]2C(=O)N(C)[C@H](CC(C)C)C(=O)N[C@@H](Cc2ccccc2)C(=O)N2CCC[C@H]2C(=O)N[C@@H](Cc2ccccc2)CC(=O)N1C,2685.0,298.15,95.8128,56.4263,39.3865,6.2609,39.3865,77.4531,0.036394,168.54,0.77,29.738,2685.0,
P.A.L.Bn_Gly.P.dL.F,CC(C)C[C@@H]1NC(=O)[C@H](C)NC(=O)[C@@H]2CCCN2C(=O)[C@H](Cc2ccccc2)NC(=O)[C@@H](CC(C)C)NC(=O)[C@@H]2CCCN2C(=O)CN(Cc2ccccc2)C1=O,1239.0,298.15,94.4396,37.0644,57.3752,14.0568,57.3752,51.0209,0.05726,177.33,0.356,50.009,1239.0,
dA.meL.meA.T.Sar.meV.A.meL.L.Mono7,CC(C)C[C@@H]1NC(=O)[C@H](CC(C)C)N(C)C(=O)[C@H](C)NC(=O)[C@H](C(C)C)N(C)C(=O)CN(C)C(=O)[C@H]([C@@H](C)O)NC(=O)[C@H](C)N(C)C(=O)[C@H](CC(C)C)N(C)C(=O)[C@@H](C)NC(=O)C[C@H](C)NC1=O,2936.0,298.15,150.3676,90.9687,59.3989,12.4197,59.3989,111.277,0.055312,267.28,0.417,4.934,2936.0,
Tyr(Me).P.L.L.dP.dL,COc1ccc(C[C@@H]2NC(=O)[C@@H](CC(C)C)NC(=O)[C@H]3CCCN3C(=O)[C@H](CC(C)C)NC(=O)[C@H](CC(C)C)NC(=O)[C@@H]3CCCN3C2=O)cc1,2147.0,298.15,104.1331,64.5003,39.6328,7.668,39.6328,82.0619,0.040241,166.25,0.18,56.735,2147.0,
dP.bHph.L.dL.dP.L.F,CC(C)C[C@@H]1NC(=O)C[C@H](Cc2ccccc2)NC(=O)[C@H]2CCCN2C(=O)[C@H](Cc2ccccc2)NC(=O)[C@H](CC(C)C)NC(=O)[C@H]2CCCN2C(=O)[C@@H](CC(C)C)NC1=O,1148.0,298.15,93.1466,59.0493,34.0973,6.6712,34.0973,80.7712,0.033661,186.12,0.296,58.845,1148.0,
dA.meL.Bn_Gly.dP.Me_dL.F,CC(C)C[C@@H]1C(=O)N[C@@H](Cc2ccccc2)C(=O)N[C@H](C)C(=O)N(C)[C@@H](CC(C)C)C(=O)N(Cc2ccccc2)CC(=O)N2CCC[C@@H]2C(=O)N1C,1655.0,298.15,84.8963,26.3374,58.5589,9.5239,58.5589,72.8667,0.061721,139.44000000000003,0.412,27.208,1655.0,
dP.meA.meL.meL.P.Bn_Gly.F,CC(C)C[C@H]1C(=O)N(C)[C@@H](CC(C)C)C(=O)N2CCC[C@H]2C(=O)N(Cc2ccccc2)CC(=O)N[C@@H](Cc2ccccc2)C(=O)N2CCC[C@@H]2C(=O)N(C)[C@@H](C)C(=O)N1C,2132.0,298.15,92.2017,47.6971,44.5046,7.5319,44.5046,62.5907,0.045093,150.96,0.296,63.558,2132.0,
dP.A.dL.L.P.dL.F,CC(C)C[C@@H]1NC(=O)[C@@H](CC(C)C)NC(=O)[C@H](C)NC(=O)[C@H]2CCCN2C(=O)[C@H](Cc2ccccc2)NC(=O)[C@@H](CC(C)C)NC(=O)[C@@H]2CCCN2C1=O,1938.0,298.15,113.9569,53.5876,60.3693,13.145,60.3693,61.8223,0.063867,186.12,0.134,83.866,1938.0,
P.Me_dA.meL.bHph.dP.L.F,CC(C)C[C@@H]1NC(=O)[C@H]2CCCN2C(=O)C[C@H](Cc2ccccc2)NC(=O)[C@H](CC(C)C)N(C)C(=O)[C@@H](C)N(C)C(=O)[C@@H]2CCCN2C(=O)[C@H](Cc2ccccc2)NC1=O,3010.0,298.15,106.8874,40.7898,66.0976,15.6932,66.0976,69.1062,0.064732,168.54,0.192,84.649,3010.0,
dP.bHph.L.L.P.meL.F,CC(C)C[C@@H]1NC(=O)C[C@H](Cc2ccccc2)NC(=O)[C@H]2CCCN2C(=O)[C@H](Cc2ccccc2)NC(=O)[C@H](CC(C)C)N(C)C(=O)[C@@H]2CCCN2C(=O)[C@H](CC(C)C)NC1=O,3168.0,298.15,105.2548,43.5231,61.7317,12.8708,61.7317,73.7116,0.057279,177.33,0.325,69.155,3168.0,
dA.Me_dL.dL.P.dL.F,CC(C)C[C@@H]1C(=O)N[C@H](CC(C)C)C(=O)N2CCC[C@H]2C(=O)N[C@H](CC(C)C)C(=O)N[C@@H](Cc2ccccc2)C(=O)N[C@H](C)C(=O)N1C,4592.0,298.15,94.5751,52.2633,42.3118,8.8442,42.3118,68.5554,0.044524,157.02,0.213,77.784,4592.0,
dA.L.Me_dL.dP.Me_dL.F,CC(C)C[C@@H]1NC(=O)[C@@H](C)NC(=O)[C@H](Cc2ccccc2)NC(=O)[C@@H](CC(C)C)N(C)C(=O)[C@H]2CCCN2C(=O)[C@@H](CC(C)C)N(C)C1=O,532.0,298.15,59.8756,40.6673,19.2083,5.3608,19.2083,57.0844,0.021563,148.23000000000002,0.361,56.654,532.0,
P.Pr_Gly.meL.Me_dL.dP.Bn_Gly.F,CCCN1CC(=O)N(C)[C@@H](CC(C)C)C(=O)N(C)[C@H](CC(C)C)C(=O)N2CCC[C@@H]2C(=O)N(Cc2ccccc2)CC(=O)N[C@@H](Cc2ccccc2)C(=O)N2CCC[C@H]2C1=O,2444.0,298.15,82.3236,56.2275,26.0961,4.2907,26.0961,73.969,0.025976,150.96,0.878,19.695,2444.0,
dP.dA.L.L.P.Me_dL.F,CC(C)C[C@@H]1NC(=O)[C@@H](C)NC(=O)[C@H]2CCCN2C(=O)[C@H](Cc2ccccc2)NC(=O)[C@@H](CC(C)C)N(C)C(=O)[C@@H]2CCCN2C(=O)[C@H](CC(C)C)NC1=O,3952.0,298.15,111.8955,50.8549,61.0406,11.8412,61.0406,75.0092,0.062942,177.33,0.228,79.103,3952.0,
P.bHph.dL.dL.dP.L.F,CC(C)C[C@@H]1NC(=O)[C@H]2CCCN2C(=O)[C@@H](CC(C)C)NC(=O)[C@@H](CC(C)C)NC(=O)C[C@H](Cc2ccccc2)NC(=O)[C@@H]2CCCN2C(=O)[C@H](Cc2ccccc2)NC1=O,1933.0,298.15,103.576,69.0175,34.5585,6.4503,34.5585,83.4946,0.03199,186.12,0.244,64.956,1933.0,
A.L.Bn_Gly.dP.L.F,CC(C)C[C@@H]1NC(=O)[C@H]2CCCN2C(=O)CN(Cc2ccccc2)C(=O)[C@H](CC(C)C)NC(=O)[C@H](C)NC(=O)[C@H](Cc2ccccc2)NC1=O,1225.0,298.15,95.8087,46.9416,48.8671,7.3791,48.8671,78.1301,0.051526,157.01999999999998,0.597,10.442,1225.0,
P.dA.meL.L.P.Bn_Gly.F,CC(C)C[C@@H]1NC(=O)[C@H](CC(C)C)N(C)C(=O)[C@@H](C)NC(=O)[C@@H]2CCCN2C(=O)[C@H](Cc2ccccc2)NC(=O)CN(Cc2ccccc2)C(=O)[C@@H]2CCCN2C1=O,1351.0,298.15,101.2434,66.3352,34.9082,5.8291,34.9082,78.657,0.034378,168.54,0.701,37.311,1351.0,
dA.Bn_Gly.L.P.L.F,CC(C)C[C@@H]1NC(=O)[C@@H]2CCCN2C(=O)[C@H](CC(C)C)NC(=O)CN(Cc2ccccc2)C(=O)[C@@H](C)NC(=O)[C@H](Cc2ccccc2)NC1=O,1252.0,298.15,119.4519,58.8457,60.6062,17.1565,60.6062,74.689,0.067231,157.01999999999998,0.355,52.258,1252.0,
dP.meA.L.meL.dP.Bn_Gly.F,CC(C)C[C@@H]1NC(=O)[C@H](C)N(C)C(=O)[C@H]2CCCN2C(=O)[C@H](Cc2ccccc2)NC(=O)CN(Cc2ccccc2)C(=O)[C@H]2CCCN2C(=O)[C@H](CC(C)C)N(C)C1=O,544.0,298.15,71.0024,32.756,38.2464,6.6553,38.2464,52.5446,0.037511,159.75,0.502,37.883,544.0,
P.Me_dA.meL.bHph.dP.dL.F,CC(C)C[C@H]1NC(=O)[C@H]2CCCN2C(=O)C[C@H](Cc2ccccc2)NC(=O)[C@H](CC(C)C)N(C)C(=O)[C@@H](C)N(C)C(=O)[C@@H]2CCCN2C(=O)[C@H](Cc2ccccc2)NC1=O,3267.0,298.15,99.7707,52.8764,46.8943,11.2241,46.8943,92.3449,0.045073,168.54,0.357,61.261,3267.0,
P.bHph.meL.meL.P.Me_dL.F,CC(C)C[C@@H]1C(=O)N[C@@H](Cc2ccccc2)C(=O)N2CCC[C@H]2C(=O)N[C@@H](Cc2ccccc2)CC(=O)N(C)[C@@H](CC(C)C)C(=O)N(C)[C@@H](CC(C)C)C(=O)N2CCC[C@H]2C(=O)N1C,1815.0,298.15,88.0193,53.5584,34.4609,7.9577,34.4609,83.4716,0.03118,159.75000000000003,0.58,43.112,1815.0,
P.bHph.meL.Bn_Gly.P.L.F,CC(C)C[C@@H]1NC(=O)[C@@H]2CCCN2C(=O)CN(Cc2ccccc2)C(=O)[C@H](CC(C)C)N(C)C(=O)C[C@H](Cc2ccccc2)NC(=O)[C@@H]2CCCN2C(=O)[C@H](Cc2ccccc2)NC1=O,1338.0,298.15,99.358,51.9758,47.3822,8.415,47.3822,73.6349,0.045936,168.54,0.306,67.966,1338.0,
dP.Me_dA.dL.Me_dL.dP.L.F,CC(C)C[C@@H]1NC(=O)[C@H]2CCCN2C(=O)[C@@H](CC(C)C)N(C)C(=O)[C@@H](CC(C)C)NC(=O)[C@@H](C)N(C)C(=O)[C@H]2CCCN2C(=O)[C@H](Cc2ccccc2)NC1=O,2748.0,298.15,75.853,41.3385,34.5145,7.0275,34.5145,49.3883,0.03554,168.54,0.338,53.372,2748.0,
dP.Me_dA.L.meL.dP.Bn_Gly.F,CC(C)C[C@@H]1NC(=O)[C@@H](C)N(C)C(=O)[C@H]2CCCN2C(=O)[C@H](Cc2ccccc2)NC(=O)CN(Cc2ccccc2)C(=O)[C@H]2CCCN2C(=O)[C@H](CC(C)C)N(C)C1=O,617.0,298.15,78.2198,53.3017,24.9181,5.609,24.9181,68.5883,0.025617,159.75,0.444,38.893,617.0,
P.bHph.Bn_Gly.bHph.dP.meL.F,CC(C)C[C@H]1C(=O)N[C@@H](Cc2ccccc2)C(=O)N2CCC[C@H]2C(=O)N[C@@H](Cc2ccccc2)CC(=O)N(Cc2ccccc2)CC(=O)N[C@@H](Cc2ccccc2)CC(=O)N2CCC[C@@H]2C(=O)N1C,1159.0,298.15,88.2778,34.0581,54.2197,8.8774,54.2197,75.7779,0.046492,168.54000000000002,0.462,60.14,1159.0,
dP.bHph.Bn_Gly.bHph.P.Bn_Gly.F,O=C1CN(Cc2ccccc2)C(=O)C[C@H](Cc2ccccc2)NC(=O)[C@H]2CCCN2C(=O)[C@H](Cc2ccccc2)NC(=O)CN(Cc2ccccc2)C(=O)[C@@H]2CCCN2C(=O)C[C@H](Cc2ccccc2)N1,1226.0,298.15,110.5401,41.9622,68.5779,13.0324,68.5779,54.4775,0.067098,168.54,0.869,15.315,1226.0,
Ala(tBu).Tza.dP.PhPr_Gly.Nva(Ph).dF,CC(C)(C)C[C@@H]1NC(=O)[C@@H](Cc2ccccc2)NC(=O)[C@H](CCCc2ccccc2)NC(=O)CN(CCCc2ccccc2)C(=O)[C@H]2CCCN2C(=O)[C@H](Cc2cscn2)NC1=O,4635.0,298.15,147.1842,82.93,64.2542,11.0327,64.2542,114.2819,0.061736,169.91,0.401,50.504,4635.0,
P.Me_dA.meL.dL.P.L.F,CC(C)C[C@@H]1NC(=O)[C@@H]2CCCN2C(=O)[C@@H](CC(C)C)NC(=O)[C@H](CC(C)C)N(C)C(=O)[C@@H](C)N(C)C(=O)[C@@H]2CCCN2C(=O)[C@H](Cc2ccccc2)NC1=O,4351.0,298.15,91.1597,47.5305,43.6292,11.5499,43.6292,57.7614,0.044151,168.54,0.54,31.114,4351.0,
Me_dA.Bn_Gly.Me_dL.P.Me_dL.F,CC(C)C[C@@H]1C(=O)N2CCC[C@H]2C(=O)N(C)[C@H](CC(C)C)C(=O)N[C@@H](Cc2ccccc2)C(=O)N(C)[C@H](C)C(=O)N(Cc2ccccc2)CC(=O)N1C,1223.0,298.15,80.9511,40.1663,40.7848,9.5267,40.7848,48.6351,0.043648,130.65,0.624,25.903,1223.0,
P.meA.Me_dL.L.dP.L.F,CC(C)C[C@@H]1NC(=O)[C@H]2CCCN2C(=O)[C@H](CC(C)C)NC(=O)[C@@H](CC(C)C)N(C)C(=O)[C@H](C)N(C)C(=O)[C@@H]2CCCN2C(=O)[C@H](Cc2ccccc2)NC1=O,1193.0,298.15,77.4547,37.9015,39.5532,8.7982,39.5532,44.5855,0.042026,168.54,0.065,80.429,1193.0,
Mono16.P.V.meV.meA.Bal,CC(C)[C@@H]1NC(=O)[C@@H]2CCCN2C(=O)[C@@H](C[C@H](O)CCl)OC(=O)CCNC(=O)[C@H](C)N(C)C(=O)[C@H](C(C)C)N(C)C1=O,136.0,298.15,80.9144,54.7573,26.1571,4.5911,26.1571,67.3105,0.034139,165.66,0.448,55.945,136.0,
L.dA.A.L.dP.F,CC(C)C[C@@H]1NC(=O)[C@H](Cc2ccccc2)NC(=O)[C@H]2CCCN2C(=O)[C@H](CC(C)C)NC(=O)[C@H](C)NC(=O)[C@@H](C)NC1=O,1270.0,298.15,106.1328,50.6081,55.5247,9.7082,55.5247,76.5348,0.065309,165.81,0.419,42.593,1270.0,
A.Mono38.Me_dL.Nle.dP.Mono1,CCCC[C@@H]1NC(=O)[C@@H](CC(C)C)N(C)C(=O)CN(CC2CCOCC2)C(=O)[C@H](C)NC(=O)CN(Cc2ccc3c(c2)OCO3)C(=O)[C@H]2CCCN2C1=O,5097.0,298.15,147.5366,107.4132,40.1234,10.546,40.1234,141.3959,0.039634,167.13,0.899,8.899,5097.0,
P.bHph.L.Bn_Gly.dP.dL.F,CC(C)C[C@@H]1NC(=O)C[C@H](Cc2ccccc2)NC(=O)[C@@H]2CCCN2C(=O)[C@H](Cc2ccccc2)NC(=O)[C@@H](CC(C)C)NC(=O)[C@H]2CCCN2C(=O)CN(Cc2ccccc2)C1=O,2769.0,298.15,99.1183,46.8769,52.2414,10.29,52.2414,64.4632,0.049882,177.33,0.455,37.515,2769.0,
meA.meL.bHph.P.meL.F,CC(C)C[C@H]1C(=O)N[C@@H](Cc2ccccc2)CC(=O)N2CCC[C@H]2C(=O)N(C)[C@@H](CC(C)C)C(=O)N[C@@H](Cc2ccccc2)C(=O)N(C)[C@@H](C)C(=O)N1C,1105.0,298.15,80.9516,33.793,47.1586,8.1113,47.1586,48.5063,0.048368,139.44,0.543,24.927,1105.0,
P.F.F.Ala(indol-2-yl).V.meL,CC(C)C[C@H]1C(=O)N2CCC[C@H]2C(=O)N[C@@H](Cc2ccccc2)C(=O)N[C@@H](Cc2ccccc2)C(=O)N[C@@H](Cc2cc3ccccc3[nH]2)C(=O)N[C@@H](C(C)C)C(=O)N1C,1254.0,298.15,96.6816,56.0471,40.6345,6.0983,40.6345,75.8582,0.04039,172.81,0.685,28.212,1254.0,
dP.Me_dA.Me_dL.Bn_Gly.P.Me_dL.F,CC(C)C[C@@H]1C(=O)N(Cc2ccccc2)CC(=O)N2CCC[C@H]2C(=O)N(C)[C@H](CC(C)C)C(=O)N[C@@H](Cc2ccccc2)C(=O)N2CCC[C@@H]2C(=O)N(C)[C@H](C)C(=O)N1C,294.0,298.15,77.0523,49.1046,27.9477,4.1749,27.9477,62.5,0.028032,150.96,0.541,46.573,294.0,
dA.G.F.dL.P.Y,CC(C)C[C@H]1NC(=O)[C@H](Cc2ccccc2)NC(=O)CNC(=O)[C@@H](C)NC(=O)[C@H](Cc2ccc(O)cc2)NC(=O)[C@@H]2CCCN2C1=O,361.0,298.15,133.2861,106.8058,26.4803,6.198,26.4803,117.2402,0.031335,186.04,0.438,25.018,361.0,
P.A.dL.Bn_Gly.P.Me_dL.F,CC(C)C[C@@H]1C(=O)N[C@@H](Cc2ccccc2)C(=O)N2CCC[C@H]2C(=O)N[C@@H](C)C(=O)N[C@H](CC(C)C)C(=O)N(Cc2ccccc2)CC(=O)N2CCC[C@H]2C(=O)N1C,1936.0,298.15,105.3149,61.2399,44.075,8.8209,44.075,99.27,0.043095,168.54000000000002,0.493,32.604,1936.0,
P.meA.Bn_Gly.meL.P.Me_dL.F,CC(C)C[C@@H]1C(=O)N[C@@H](Cc2ccccc2)C(=O)N2CCC[C@H]2C(=O)N(C)[C@@H](C)C(=O)N(Cc2ccccc2)CC(=O)N(C)[C@@H](CC(C)C)C(=O)N2CCC[C@H]2C(=O)N1C,1101.0,298.15,86.3708,51.2664,35.1044,5.666,35.1044,61.2385,0.034266,150.96,0.441,41.285,1101.0,
A.meL.dL.P.dL.F,CC(C)C[C@H]1NC(=O)[C@@H]2CCCN2C(=O)[C@@H](CC(C)C)NC(=O)[C@H](CC(C)C)N(C)C(=O)[C@H](C)NC(=O)[C@H](Cc2ccccc2)NC1=O,2936.0,298.15,94.6818,49.3822,45.2996,9.3916,45.2996,63.2539,0.04824,157.01999999999998,0.641,14.688,2936.0,
dP.Me_dA.dL.L.dP.meL.F,CC(C)C[C@@H]1NC(=O)[C@@H](CC(C)C)NC(=O)[C@@H](C)N(C)C(=O)[C@H]2CCCN2C(=O)[C@H](Cc2ccccc2)NC(=O)[C@H](CC(C)C)N(C)C(=O)[C@H]2CCCN2C1=O,2129.0,298.15,97.4676,50.4113,47.0563,9.5938,47.0563,86.8485,0.049195,168.54,0.43,48.034,2129.0,
P.Me_dA.L.L.dP.meL.F,CC(C)C[C@@H]1NC(=O)[C@@H](C)N(C)C(=O)[C@@H]2CCCN2C(=O)[C@H](Cc2ccccc2)NC(=O)[C@H](CC(C)C)N(C)C(=O)[C@H]2CCCN2C(=O)[C@H](CC(C)C)NC1=O,3953.0,298.15,102.4432,55.9417,46.5015,10.1199,46.5015,70.3474,0.047319,168.54,0.976,9.035,3953.0,
P.bHph.dL.Bn_Gly.dP.Me_dL.F,CC(C)C[C@@H]1C(=O)N[C@@H](Cc2ccccc2)C(=O)N2CCC[C@H]2C(=O)N[C@@H](Cc2ccccc2)CC(=O)N[C@H](CC(C)C)C(=O)N(Cc2ccccc2)CC(=O)N2CCC[C@@H]2C(=O)N1C,1489.0,298.15,106.3981,33.805,72.5931,14.5783,72.5931,64.7959,0.06431,168.54000000000002,0.254,81.442,1489.0,
dP.bHph.L.L.P.L.F,CC(C)C[C@@H]1NC(=O)C[C@H](Cc2ccccc2)NC(=O)[C@H]2CCCN2C(=O)[C@H](Cc2ccccc2)NC(=O)[C@H](CC(C)C)NC(=O)[C@@H]2CCCN2C(=O)[C@H](CC(C)C)NC1=O,1716.0,298.15,97.5375,53.4098,44.1277,10.3982,44.1277,66.6931,0.041865,186.12,0.385,49.19,1716.0,
P.dCha.W.K.Cys(EtO2H)_NH2.1-Nal,NCCCC[C@@H]1NC(=O)[C@H](Cc2c[nH]c3ccccc23)NC(=O)[C@@H](CC2CCCCC2)NC(=O)[C@@H]2CCCN2C(=O)[C@H](Cc2cccc3ccccc23)NC(=O)CSC[C@@H](C(N)=O)NC1=O,852.0,298.15,173.0436,111.9982,61.0454,12.9974,61.0454,132.0872,0.061996,250.70999999999998,0.812,6.429,852.0,
dA.dL.dL.dP.Bn_Gly.F,CC(C)C[C@H]1NC(=O)[C@@H](C)NC(=O)[C@H](Cc2ccccc2)NC(=O)CN(Cc2ccccc2)C(=O)[C@H]2CCCN2C(=O)[C@@H](CC(C)C)NC1=O,1598.0,298.15,109.5545,61.1254,48.4291,10.1143,48.4291,78.2692,0.055176,157.02,0.781,5.899,1598.0,
dP.dA.L.meL.dP.Bn_Gly.F,CC(C)C[C@@H]1NC(=O)[C@@H](C)NC(=O)[C@H]2CCCN2C(=O)[C@H](Cc2ccccc2)NC(=O)CN(Cc2ccccc2)C(=O)[C@H]2CCCN2C(=O)[C@H](CC(C)C)N(C)C1=O,541.0,298.15,82.6989,55.3222,27.3767,5.4861,27.3767,69.9596,0.028037,168.54000000000002,0.331,48.654,541.0,
Me_dA.Me_dL.bHph.P.L.F,CC(C)C[C@@H]1NC(=O)[C@@H]2CCCN2C(=O)C[C@H](Cc2ccccc2)NC(=O)[C@@H](CC(C)C)N(C)C(=O)[C@@H](C)N(C)C(=O)[C@H](Cc2ccccc2)NC1=O,1432.0,298.15,86.8635,40.2381,46.6254,9.4296,46.6254,75.7575,0.049139,148.23,0.361,63.052,1432.0,
P.Me_dA.Me_dL.L.P.Me_dL.F,CC(C)C[C@@H]1NC(=O)[C@@H](CC(C)C)N(C)C(=O)[C@@H](C)N(C)C(=O)[C@@H]2CCCN2C(=O)[C@H](Cc2ccccc2)NC(=O)[C@@H](CC(C)C)N(C)C(=O)[C@@H]2CCCN2C1=O,3829.0,298.15,85.3248,58.0383,27.2865,5.0005,27.2865,78.7116,0.027605,159.75,0.741,35.113,3829.0,
meA.L.L.P.dL.F,CC(C)C[C@@H]1NC(=O)[C@H](C)N(C)C(=O)[C@H](Cc2ccccc2)NC(=O)[C@@H](CC(C)C)NC(=O)[C@@H]2CCCN2C(=O)[C@H](CC(C)C)NC1=O,3017.0,298.15,91.9415,51.8074,40.1341,10.2356,40.1341,79.5098,0.043373,157.02,0.572,26.093,3017.0,
L.dL.dL.dL.P.Ala(indol-2-yl),CC(C)C[C@@H]1NC(=O)[C@H](Cc2cc3ccccc3[nH]2)NC(=O)[C@@H]2CCCN2C(=O)[C@@H](CC(C)C)NC(=O)[C@@H](CC(C)C)NC(=O)[C@@H](CC(C)C)NC1=O,2648.0,298.15,90.5913,52.6549,37.9364,4.6616,37.9364,66.8421,0.037695,181.6,0.149,54.806,2648.0,
A.Bn_Gly.Me_dL.P.Me_dL.F,CC(C)C[C@@H]1C(=O)N2CCC[C@H]2C(=O)N(C)[C@H](CC(C)C)C(=O)N[C@@H](Cc2ccccc2)C(=O)N[C@@H](C)C(=O)N(Cc2ccccc2)CC(=O)N1C,624.0,298.15,70.5684,25.3428,45.2256,10.1659,45.2256,45.0239,0.048556,139.44,0.18,67.159,624.0,
A.dL.L.dP.Me_dL.F,CC(C)C[C@@H]1NC(=O)[C@@H](CC(C)C)NC(=O)[C@H](C)NC(=O)[C@H](Cc2ccccc2)NC(=O)[C@@H](CC(C)C)N(C)C(=O)[C@H]2CCCN2C1=O,1859.0,298.15,84.7966,39.3227,45.4739,6.7987,45.4739,58.9701,0.049707,157.02,0.261,7.484,1859.0,
dF.Mono38.meL.Nle.P.Et_Gly,CCCC[C@@H]1NC(=O)[C@H](CC(C)C)N(C)C(=O)CN(CC2CCOCC2)C(=O)[C@@H](Cc2ccccc2)NC(=O)CN(CC)C(=O)[C@@H]2CCCN2C1=O,2473.0,298.15,107.7032,82.5261,25.1771,4.5076,25.1771,96.742,0.026378,148.67000000000002,0.888,16.903,2473.0,
Me_dA.meL.dL.P.meL.F,CC(C)C[C@H]1NC(=O)[C@H](CC(C)C)N(C)C(=O)[C@@H](C)N(C)C(=O)[C@H](Cc2ccccc2)NC(=O)[C@H](CC(C)C)N(C)C(=O)[C@@H]2CCCN2C1=O,4246.0,298.15,86.6028,48.3846,38.2182,7.4001,38.2182,67.6565,0.040193,139.44,0.697,32.27,4246.0,
meA.Me_dL.bHph.P.meL.F,CC(C)C[C@@H]1C(=O)N[C@@H](Cc2ccccc2)CC(=O)N2CCC[C@H]2C(=O)N(C)[C@@H](CC(C)C)C(=O)N[C@@H](Cc2ccccc2)C(=O)N(C)[C@@H](C)C(=O)N1C,1703.0,298.15,72.9061,29.3933,43.5128,8.3995,43.5128,53.2819,0.046388,139.44,0.392,66.202,1703.0,
P.bHph.Me_dL.L.dP.dL.F,CC(C)C[C@@H]1NC(=O)[C@@H](CC(C)C)N(C)C(=O)C[C@H](Cc2ccccc2)NC(=O)[C@@H]2CCCN2C(=O)[C@H](Cc2ccccc2)NC(=O)[C@@H](CC(C)C)NC(=O)[C@H]2CCCN2C1=O,2748.0,298.15,81.753,41.8982,39.8548,7.9309,39.8548,50.6962,0.037334,177.32999999999998,0.178,82.909,2748.0,
meA.meL.Me_dL.P.Bn_Gly.F,CC(C)C[C@@H]1C(=O)N2CCC[C@H]2C(=O)N(Cc2ccccc2)CC(=O)N[C@@H](Cc2ccccc2)C(=O)N(C)[C@@H](C)C(=O)N(C)[C@@H](CC(C)C)C(=O)N1C,2196.0,298.15,79.3922,32.783,46.6092,10.7617,46.6092,52.9244,0.047206,130.65,0.797,20.126,2196.0,
dP.bHph.Me_dL.bHph.dP.meL.F,CC(C)C[C@@H]1C(=O)N[C@@H](Cc2ccccc2)CC(=O)N2CCC[C@@H]2C(=O)N(C)[C@@H](CC(C)C)C(=O)N[C@@H](Cc2ccccc2)C(=O)N2CCC[C@@H]2C(=O)N[C@@H](Cc2ccccc2)CC(=O)N1C,1940.0,298.15,93.0827,40.232,52.8507,11.3255,52.8507,56.7044,0.049092,168.54,0.271,59.767,1940.0,
Me_dA.dL.Bn_Gly.dP.meL.F,CC(C)C[C@H]1NC(=O)[C@@H](C)N(C)C(=O)[C@H](Cc2ccccc2)NC(=O)[C@H](CC(C)C)N(C)C(=O)[C@H]2CCCN2C(=O)CN(Cc2ccccc2)C1=O,2101.0,298.15,83.0177,45.839,37.1787,7.4899,37.1787,72.4652,0.040764,139.44,0.599,47.964,2101.0,
dP.Me_dA.meL.bHph.dP.L.F,CC(C)C[C@@H]1NC(=O)[C@H]2CCCN2C(=O)C[C@H](Cc2ccccc2)NC(=O)[C@H](CC(C)C)N(C)C(=O)[C@@H](C)N(C)C(=O)[C@H]2CCCN2C(=O)[C@H](Cc2ccccc2)NC1=O,1025.0,298.15,92.6552,36.6656,55.9896,8.1987,55.9896,42.9742,0.057047,168.54,0.386,69.392,1025.0,
Pr_Gly.dL.Bn_Gly.P.L.F,CCCN1CC(=O)N[C@H](CC(C)C)C(=O)N(Cc2ccccc2)CC(=O)N2CCC[C@H]2C(=O)N[C@@H](CC(C)C)C(=O)N[C@@H](Cc2ccccc2)C1=O,2594.0,298.15,96.7826,45.3754,51.4072,9.864,51.4072,56.9189,0.055281,148.23,0.411,20.702,2594.0,
dP.A.dL.meL.P.Bn_Gly.F,CC(C)C[C@H]1NC(=O)[C@H](C)NC(=O)[C@H]2CCCN2C(=O)[C@H](Cc2ccccc2)NC(=O)CN(Cc2ccccc2)C(=O)[C@@H]2CCCN2C(=O)[C@H](CC(C)C)N(C)C1=O,1570.0,298.15,102.2756,52.9112,49.3644,7.3963,49.3644,74.0359,0.04969,168.54000000000002,0.395,64.108,1570.0,
F.Nle.Nle.Nle.P.Mono100,CCCC[C@@H]1NC(=O)[C@H](Cc2ccccc2)NC(=O)CSC[C@@H](C(=O)NC)NC(=O)[C@@H]2CCCN2C(=O)[C@H](CCCC)NC(=O)[C@H](CCCC)NC1=O,3497.0,298.15,154.2795,91.5668,62.7127,13.3263,62.7127,123.1878,0.062777,194.91,0.567,18.934,3497.0,
meA.dA.dA.dA.dA.Me_dA,C[C@@H]1C(=O)N(C)[C@@H](C)C(=O)N[C@H](C)C(=O)N[C@H](C)C(=O)N[C@H](C)C(=O)N[C@H](C)C(=O)N1C,36.0,298.15,119.4261,74.3517,45.0744,12.2061,45.0744,84.4056,0.070584,157.02,0.078,61.781,36.0,
A.pentyl_Gly.dL.Nle.dP.Mono1,CCCCCN1CC(=O)N[C@H](CC(C)C)C(=O)N[C@@H](CCCC)C(=O)N2CCC[C@@H]2C(=O)N(Cc2ccc3c(c2)OCO3)CC(=O)N[C@@H](C)C1=O,7733.0,298.15,140.0751,98.162,41.9131,9.1305,41.9131,124.3879,0.044011,166.69,1.038,13.622,7733.0,
dP.A.Bn_Gly.bHph.P.dL.F,CC(C)C[C@H]1NC(=O)[C@@H]2CCCN2C(=O)C[C@H](Cc2ccccc2)NC(=O)CN(Cc2ccccc2)C(=O)[C@H](C)NC(=O)[C@H]2CCCN2C(=O)[C@H](Cc2ccccc2)NC1=O,376.0,298.15,75.6223,55.3677,20.2546,4.8644,20.2546,67.4876,0.019209,177.32999999999998,0.522,14.599,376.0,
dA.Bn_Gly.bHph.P.L.F,CC(C)C[C@@H]1NC(=O)[C@@H]2CCCN2C(=O)C[C@H](Cc2ccccc2)NC(=O)CN(Cc2ccccc2)C(=O)[C@@H](C)NC(=O)[C@H](Cc2ccccc2)NC1=O,792.0,298.15,106.9463,54.6286,52.3177,11.0549,52.3177,68.0448,0.054062,157.01999999999998,0.363,27.558,792.0,
P.dA.Me_dL.L.P.dL.F,CC(C)C[C@@H]1NC(=O)[C@@H](CC(C)C)N(C)C(=O)[C@@H](C)NC(=O)[C@@H]2CCCN2C(=O)[C@H](Cc2ccccc2)NC(=O)[C@@H](CC(C)C)NC(=O)[C@@H]2CCCN2C1=O,2736.0,298.15,99.2376,62.1421,37.0955,7.9021,37.0955,91.3017,0.037226,177.32999999999998,0.093,86.205,2736.0,
dP.meA.L.bHph.dP.dL.F,CC(C)C[C@@H]1NC(=O)[C@H](C)N(C)C(=O)[C@H]2CCCN2C(=O)[C@H](Cc2ccccc2)NC(=O)[C@@H](CC(C)C)NC(=O)[C@H]2CCCN2C(=O)C[C@H](Cc2ccccc2)NC1=O,1581.0,298.15,100.545,34.036,66.509,13.6274,66.509,68.4583,0.068697,177.32999999999998,0.41,36.094,1581.0,
dP.Me_dA.meL.bHph.P.Bn_Gly.F,CC(C)C[C@H]1C(=O)N[C@@H](Cc2ccccc2)CC(=O)N2CCC[C@H]2C(=O)N(Cc2ccccc2)CC(=O)N[C@@H](Cc2ccccc2)C(=O)N2CCC[C@@H]2C(=O)N(C)[C@H](C)C(=O)N1C,419.0,298.15,82.7425,48.2997,34.4428,7.0572,34.4428,63.3741,0.03517,159.75,0.322,61.587,419.0,
A.meA.A.Sar.P.A.meA.A.Sar.P,C[C@@H]1NC(=O)[C@H](C)N(C)C(=O)[C@H](C)NC(=O)[C@@H]2CCCN2C(=O)CN(C)C(=O)[C@H](C)NC(=O)[C@H](C)N(C)C(=O)[C@H](C)NC(=O)[C@@H]2CCCN2C(=O)CN(C)C1=O,333.0,298.15,156.8602,86.3843,70.4759,10.7975,70.4759,117.7431,0.073832,238.26,0.303,58.053,333.0,
dF.cHexCH2_Gly.L.Nle.dP.Mono1,CCCC[C@@H]1NC(=O)[C@H](CC(C)C)NC(=O)CN(CC2CCCCC2)C(=O)[C@@H](Cc2ccccc2)NC(=O)CN(Cc2ccc3c(c2)OCO3)C(=O)[C@H]2CCCN2C1=O,1540.0,298.15,136.1684,72.8253,63.3431,19.679,63.3431,78.2347,0.064186,166.69,0.565,10.81,1540.0,
A.cHexCH2_Gly.meL.Nle.dP.Bn(4-Cl)_Gly,CCCC[C@@H]1NC(=O)[C@H](CC(C)C)N(C)C(=O)CN(CC2CCCCC2)C(=O)[C@H](C)NC(=O)CN(Cc2ccc(Cl)cc2)C(=O)[C@H]2CCCN2C1=O,3709.0,298.15,88.6298,39.4688,49.161,8.909,49.161,68.0347,0.048826,139.44,0.762,12.67,3709.0,
dF.Nle.Nle.Nle.P.Mono100,CCCC[C@@H]1NC(=O)[C@H](CCCC)NC(=O)[C@@H](Cc2ccccc2)NC(=O)CSC[C@@H](C(=O)NC)NC(=O)[C@@H]2CCCN2C(=O)[C@H](CCCC)NC1=O,3930.0,298.15,139.7609,88.74,51.0209,10.7327,51.0209,108.5107,0.049507,194.91,0.491,14.345,3930.0,
dP.Me_dA.meL.L.dP.meL.F,CC(C)C[C@@H]1NC(=O)[C@H](CC(C)C)N(C)C(=O)[C@@H](C)N(C)C(=O)[C@H]2CCCN2C(=O)[C@H](Cc2ccccc2)NC(=O)[C@H](CC(C)C)N(C)C(=O)[C@H]2CCCN2C1=O,3166.0,298.15,69.7546,42.9082,26.8464,4.5935,26.8464,55.9489,0.028312,159.75,0.371,56.687,3166.0,
Mono14.meA.F.P.I.P,CC[C@@H](C)[C@@H]1NC(=O)[C@@H]2CCCN2C(=O)[C@H]([C@@H](C)CC)NC(=O)[C@@H]2CCCN2C(=O)[C@H](Cc2ccccc2)NC(=O)[C@H](C)N(C)C(=O)c2csc1n2,1243.0,298.15,113.7107,91.8879,21.8228,4.3155,21.8228,106.714,0.025086,161.12,0.72,26.682,1243.0,
dP.dA.meL.meL.dP.dL.F,CC(C)C[C@H]1NC(=O)[C@H]2CCCN2C(=O)[C@H](CC(C)C)N(C)C(=O)[C@H](CC(C)C)N(C)C(=O)[C@@H](C)NC(=O)[C@H]2CCCN2C(=O)[C@H](Cc2ccccc2)NC1=O,2222.0,298.15,110.2813,41.8548,68.4265,12.8584,68.4265,52.2479,0.071976,168.54,0.188,77.891,2222.0,
P.bHph.Bn_Gly.Bn_Gly.P.L.F,CC(C)C[C@@H]1NC(=O)[C@@H]2CCCN2C(=O)CN(Cc2ccccc2)C(=O)CN(Cc2ccccc2)C(=O)C[C@H](Cc2ccccc2)NC(=O)[C@@H]2CCCN2C(=O)[C@H](Cc2ccccc2)NC1=O,1765.0,298.15,96.6674,37.3512,59.3162,9.8891,59.3162,81.4524,0.054205,168.54,0.782,22.631,1765.0,
F.Mono38.dL.Nle.dP.Mono34,CCCC[C@@H]1NC(=O)[C@@H](CC(C)C)NC(=O)CN(CC2CCOCC2)C(=O)[C@H](Cc2ccccc2)NC(=O)CN(CCCOC(C)C)C(=O)[C@H]2CCCN2C1=O,5406.0,298.15,115.9957,79.0386,36.9571,6.2819,36.9571,90.0736,0.037473,166.69,0.468,32.492,5406.0,
P.Me_dA.L.dL.P.dL.F,CC(C)C[C@@H]1NC(=O)[C@@H](C)N(C)C(=O)[C@@H]2CCCN2C(=O)[C@H](Cc2ccccc2)NC(=O)[C@@H](CC(C)C)NC(=O)[C@@H]2CCCN2C(=O)[C@@H](CC(C)C)NC1=O,6256.0,298.15,101.7795,50.3141,51.4654,8.0382,51.4654,91.7067,0.052828,177.32999999999998,1.067,28.26,6256.0,
P.bHph.Me_dL.L.P.L.F,CC(C)C[C@@H]1NC(=O)[C@@H]2CCCN2C(=O)[C@H](CC(C)C)NC(=O)[C@@H](CC(C)C)N(C)C(=O)C[C@H](Cc2ccccc2)NC(=O)[C@@H]2CCCN2C(=O)[C@H](Cc2ccccc2)NC1=O,6620.0,298.15,101.989,39.5304,62.4586,15.4701,62.4586,52.5303,0.062501,177.32999999999998,0.588,40.577,6620.0,
dP.bHph.dL.meL.P.L.F,CC(C)C[C@@H]1NC(=O)[C@@H]2CCCN2C(=O)[C@H](CC(C)C)N(C)C(=O)[C@@H](CC(C)C)NC(=O)C[C@H](Cc2ccccc2)NC(=O)[C@H]2CCCN2C(=O)[C@H](Cc2ccccc2)NC1=O,4917.0,298.15,102.7075,49.35,53.3575,12.4155,53.3575,56.5012,0.051105,177.32999999999998,0.898,15.336,4917.0,
dP.Pr_Gly.L.bHph.dP.Me_dL.F,CCCN1CC(=O)N[C@@H](CC(C)C)C(=O)N[C@@H](Cc2ccccc2)CC(=O)N2CCC[C@@H]2C(=O)N(C)[C@H](CC(C)C)C(=O)N[C@@H](Cc2ccccc2)C(=O)N2CCC[C@@H]2C1=O,6469.0,298.15,97.9654,52.0893,45.8761,8.346,45.8761,80.2809,0.044648,168.54,0.933,4.213,6469.0,
P.A.Bn_Gly.bHph.P.Bn_Gly.F,C[C@@H]1NC(=O)[C@@H]2CCCN2C(=O)[C@H](Cc2ccccc2)NC(=O)CN(Cc2ccccc2)C(=O)[C@@H]2CCCN2C(=O)C[C@H](Cc2ccccc2)NC(=O)CN(Cc2ccccc2)C1=O,509.0,298.15,85.7978,35.2031,50.5947,10.1238,50.5947,61.5037,0.049175,168.54,0.547,23.524,509.0,
P.meA.dL.dL.dP.Me_dL.F,CC(C)C[C@@H]1C(=O)N[C@@H](Cc2ccccc2)C(=O)N2CCC[C@H]2C(=O)N(C)[C@@H](C)C(=O)N[C@H](CC(C)C)C(=O)N[C@H](CC(C)C)C(=O)N2CCC[C@@H]2C(=O)N1C,2065.0,298.15,78.7533,43.7226,35.0307,6.6417,35.0307,69.5546,0.035317,168.54,0.484,54.258,2065.0,
P.bHph.dL.Bn_Gly.P.Me_dL.F,CC(C)C[C@@H]1C(=O)N[C@@H](Cc2ccccc2)C(=O)N2CCC[C@H]2C(=O)N[C@@H](Cc2ccccc2)CC(=O)N[C@H](CC(C)C)C(=O)N(Cc2ccccc2)CC(=O)N2CCC[C@H]2C(=O)N1C,1631.0,298.15,101.4645,58.9519,42.5126,9.3848,42.5126,96.1523,0.038789,168.54000000000002,0.496,46.468,1631.0,
Nal.Mono38.meL.Nle.dP.iBu_Gly,CCCC[C@@H]1NC(=O)[C@H](CC(C)C)N(C)C(=O)CN(CC2CCOCC2)C(=O)[C@H](Cc2ccc3ccccc3c2)NC(=O)CN(CC(C)C)C(=O)[C@H]2CCCN2C1=O,3597.0,298.15,88.7936,61.2189,27.5747,6.727,27.5747,84.7442,0.02689,148.67000000000002,0.571,38.273,3597.0,
meA.dL.dL.P.Bn_Gly.F,CC(C)C[C@H]1NC(=O)[C@H](C)N(C)C(=O)[C@H](Cc2ccccc2)NC(=O)CN(Cc2ccccc2)C(=O)[C@@H]2CCCN2C(=O)[C@@H](CC(C)C)NC1=O,1035.0,298.15,81.2082,48.6618,32.5464,6.4848,32.5464,65.9253,0.036154,148.23,0.521,31.396,1035.0,
A.dL.bHph.dP.meL.F,CC(C)C[C@H]1NC(=O)[C@H](C)NC(=O)[C@H](Cc2ccccc2)NC(=O)[C@H](CC(C)C)N(C)C(=O)[C@H]2CCCN2C(=O)C[C@H](Cc2ccccc2)NC1=O,825.0,298.15,103.9483,35.7869,68.1614,15.2821,68.1614,47.4512,0.073326,157.02,0.182,87.727,825.0,
Mono14.L.F.P.I.P,CC[C@@H](C)[C@@H]1NC(=O)[C@@H]2CCCN2C(=O)[C@H]([C@@H](C)CC)NC(=O)[C@@H]2CCCN2C(=O)[C@H](Cc2ccccc2)NC(=O)[C@H](CC(C)C)NC(=O)c2csc1n2,3131.0,298.15,139.7729,83.5873,56.1856,9.2538,56.1856,113.3117,0.060201,169.90999999999997,0.283,53.659,3131.0,
P.A.dL.meL.dP.meL.F,CC(C)C[C@H]1NC(=O)[C@H](C)NC(=O)[C@@H]2CCCN2C(=O)[C@H](Cc2ccccc2)NC(=O)[C@H](CC(C)C)N(C)C(=O)[C@H]2CCCN2C(=O)[C@H](CC(C)C)N(C)C1=O,2431.0,298.15,99.656,48.2443,51.4117,8.5079,51.4117,77.8047,0.053321,168.54000000000002,0.143,84.869,2431.0,
dP.Pr_Gly.dL.Me_dL.P.dL.F,CCCN1CC(=O)N[C@H](CC(C)C)C(=O)N(C)[C@H](CC(C)C)C(=O)N2CCC[C@H]2C(=O)N[C@H](CC(C)C)C(=O)N[C@@H](Cc2ccccc2)C(=O)N2CCC[C@@H]2C1=O,7867.0,298.15,102.1552,53.5573,48.5979,9.9293,48.5979,83.288,0.048045,168.54,0.67,32.986,7867.0,
bHph.L.meL.P.L.F,CC(C)C[C@@H]1NC(=O)[C@@H]2CCCN2C(=O)[C@H](CC(C)C)N(C)C(=O)[C@H](CC(C)C)NC(=O)C[C@H](Cc2ccccc2)NC(=O)[C@H](Cc2ccccc2)NC1=O,2453.0,298.15,81.7199,42.1813,39.5386,8.5293,39.5386,70.9061,0.03875,157.01999999999998,0.234,64.28,2453.0,
F.pentyl_Gly.L.Nle.P.Mono1,CCCCCN1CC(=O)N[C@@H](CC(C)C)C(=O)N[C@@H](CCCC)C(=O)N2CCC[C@H]2C(=O)N(Cc2ccc3c(c2)OCO3)CC(=O)N[C@@H](Cc2ccccc2)C1=O,11073.0,298.15,140.318,80.2543,60.0637,15.6696,60.0637,126.3928,0.057628,166.69,1.36,3.992,11073.0,
P.meA.L.bHph.dP.dL.F,CC(C)C[C@@H]1NC(=O)[C@H](C)N(C)C(=O)[C@@H]2CCCN2C(=O)[C@H](Cc2ccccc2)NC(=O)[C@@H](CC(C)C)NC(=O)[C@H]2CCCN2C(=O)C[C@H](Cc2ccccc2)NC1=O,1555.0,298.15,91.9937,49.6574,42.3363,8.3863,42.3363,63.5249,0.044048,177.32999999999998,0.258,71.122,1555.0,
dP.Me_dA.L.bHph.P.meL.F,CC(C)C[C@@H]1NC(=O)[C@@H](C)N(C)C(=O)[C@H]2CCCN2C(=O)[C@H](Cc2ccccc2)NC(=O)[C@H](CC(C)C)N(C)C(=O)[C@@H]2CCCN2C(=O)C[C@H](Cc2ccccc2)NC1=O,1279.0,298.15,87.9958,36.2776,51.7182,8.505,51.7182,56.9321,0.050686,168.54,0.78,19.492,1279.0,
dP.meA.meL.L.dP.meL.F,CC(C)C[C@@H]1NC(=O)[C@H](CC(C)C)N(C)C(=O)[C@H](C)N(C)C(=O)[C@H]2CCCN2C(=O)[C@H](Cc2ccccc2)NC(=O)[C@H](CC(C)C)N(C)C(=O)[C@H]2CCCN2C1=O,2735.0,298.15,72.1664,46.3698,25.7966,5.197,25.7966,58.9266,0.026679,159.75,0.665,29.887,2735.0,
P.dA.dL.L.dP.Bn_Gly.F,CC(C)C[C@@H]1NC(=O)[C@@H](CC(C)C)NC(=O)[C@@H](C)NC(=O)[C@@H]2CCCN2C(=O)[C@H](Cc2ccccc2)NC(=O)CN(Cc2ccccc2)C(=O)[C@H]2CCCN2C1=O,970.0,298.15,105.667,78.612,27.055,6.1411,27.055,92.7064,0.027449,177.33,0.512,37.564,970.0,
dA.dL.Me_dL.P.L.F,CC(C)C[C@@H]1NC(=O)[C@@H]2CCCN2C(=O)[C@@H](CC(C)C)N(C)C(=O)[C@@H](CC(C)C)NC(=O)[C@@H](C)NC(=O)[C@H](Cc2ccccc2)NC1=O,2678.0,298.15,90.6845,42.7335,47.951,9.1078,47.951,57.9419,0.054678,157.01999999999998,0.433,42.252,2678.0,
P.Pr_Gly.meL.dL.dP.Bn_Gly.F,CCCN1CC(=O)N(C)[C@@H](CC(C)C)C(=O)N[C@H](CC(C)C)C(=O)N2CCC[C@@H]2C(=O)N(Cc2ccccc2)CC(=O)N[C@@H](Cc2ccccc2)C(=O)N2CCC[C@H]2C1=O,3306.0,298.15,102.5188,57.608,44.9108,8.592,44.9108,97.623,0.04373,159.75,0.598,29.444,3306.0,
dF.cHexCH2_Gly.L.Nle.P.Mono1,CCCC[C@@H]1NC(=O)[C@H](CC(C)C)NC(=O)CN(CC2CCCCC2)C(=O)[C@@H](Cc2ccccc2)NC(=O)CN(Cc2ccc3c(c2)OCO3)C(=O)[C@@H]2CCCN2C1=O,3865.0,298.15,134.208,75.7084,58.4996,10.2652,58.4996,127.1785,0.052889,166.69,0.995,11.219,3865.0,
Nal.MeOEt_Gly.meL.Nle.dP.Bn(4-Cl)_Gly,CCCC[C@@H]1NC(=O)[C@H](CC(C)C)N(C)C(=O)CN(CCOC)C(=O)[C@H](Cc2ccc3ccccc3c2)NC(=O)CN(Cc2ccc(Cl)cc2)C(=O)[C@H]2CCCN2C1=O,7048.0,298.15,92.7749,40.248,52.5269,8.4551,52.5269,69.6643,0.050502,148.67000000000002,1.111,19.512,7048.0,
Me_dA.Bn_Gly.L.P.L.F,CC(C)C[C@@H]1NC(=O)[C@@H]2CCCN2C(=O)[C@H](CC(C)C)NC(=O)CN(Cc2ccccc2)C(=O)[C@@H](C)N(C)C(=O)[C@H](Cc2ccccc2)NC1=O,949.0,298.15,89.1814,60.7639,28.4175,6.4519,28.4175,81.2086,0.031496,148.23,0.648,38.693,949.0,
P.bHph.dL.dL.P.dL.F,CC(C)C[C@H]1NC(=O)C[C@H](Cc2ccccc2)NC(=O)[C@@H]2CCCN2C(=O)[C@H](Cc2ccccc2)NC(=O)[C@@H](CC(C)C)NC(=O)[C@@H]2CCCN2C(=O)[C@@H](CC(C)C)NC1=O,4859.0,298.15,87.0441,44.9292,42.1149,9.5058,42.1149,58.3977,0.041071,186.12,0.381,68.319,4859.0,
Pr_Gly.dL.Bn_Gly.P.Bn_Gly.F,CCCN1CC(=O)N[C@H](CC(C)C)C(=O)N(Cc2ccccc2)CC(=O)N2CCC[C@H]2C(=O)N(Cc2ccccc2)CC(=O)N[C@@H](Cc2ccccc2)C1=O,1154.0,298.15,97.5974,47.2566,50.3408,9.8968,50.3408,70.3165,0.052035,139.44,0.711,18.586,1154.0,
P.Me_dA.meL.Me_dL.dP.dL.F,CC(C)C[C@@H]1C(=O)N2CCC[C@@H]2C(=O)N[C@H](CC(C)C)C(=O)N[C@@H](Cc2ccccc2)C(=O)N2CCC[C@H]2C(=O)N(C)[C@H](C)C(=O)N(C)[C@@H](CC(C)C)C(=O)N1C,4539.0,298.15,86.4616,46.46,40.0016,9.0435,40.0016,74.2483,0.039554,159.75000000000003,0.577,49.103,4539.0,
P.Pr_Gly.Me_dL.bHph.dP.Me_dL.F,CCCN1CC(=O)N(C)[C@H](CC(C)C)C(=O)N[C@@H](Cc2ccccc2)CC(=O)N2CCC[C@@H]2C(=O)N(C)[C@H](CC(C)C)C(=O)N[C@@H](Cc2ccccc2)C(=O)N2CCC[C@H]2C1=O,4822.0,298.15,80.9792,32.6011,48.3781,11.7664,48.3781,58.0555,0.048907,159.75,0.913,8.706,4822.0,
meA.Me_dL.L.P.meL.F,CC(C)C[C@@H]1NC(=O)[C@@H](CC(C)C)N(C)C(=O)[C@H](C)N(C)C(=O)[C@H](Cc2ccccc2)NC(=O)[C@H](CC(C)C)N(C)C(=O)[C@@H]2CCCN2C1=O,1862.0,298.15,73.9539,45.4077,28.5462,5.5621,28.5462,61.8627,0.030032,139.44,0.619,32.52,1862.0,
dP.dPye.dL.dL.L.L,CC(C)C[C@@H]1NC(=O)[C@@H](CC(C)C)NC(=O)[C@@H](CC(C)C)NC(=O)[C@@H](CCC(=O)N2CCCC2)NC(=O)[C@H]2CCCN2C(=O)[C@H](CC(C)C)NC1=O,1648.0,298.15,114.8995,61.2986,53.6009,8.2602,53.6009,70.0729,0.055329,186.12,0.68,7.788,1648.0,
dP.bHph.dL.L.dP.meL.F,CC(C)C[C@@H]1NC(=O)[C@@H](CC(C)C)NC(=O)C[C@H](Cc2ccccc2)NC(=O)[C@H]2CCCN2C(=O)[C@H](Cc2ccccc2)NC(=O)[C@H](CC(C)C)N(C)C(=O)[C@H]2CCCN2C1=O,6939.0,298.15,85.1822,33.6465,51.5357,12.8955,51.5357,41.8495,0.050344,177.33,0.26,69.047,6939.0,
dP.dA.dL.meL.P.Bn_Gly.F,CC(C)C[C@H]1NC(=O)[C@@H](C)NC(=O)[C@H]2CCCN2C(=O)[C@H](Cc2ccccc2)NC(=O)CN(Cc2ccccc2)C(=O)[C@@H]2CCCN2C(=O)[C@H](CC(C)C)N(C)C1=O,1282.0,298.15,85.6278,49.5564,36.0714,6.6666,36.0714,63.8426,0.035287,168.54000000000002,0.552,23.878,1282.0,
meA.Me_dL.Bn_Gly.dP.Bn_Gly.F,CC(C)C[C@@H]1C(=O)N(Cc2ccccc2)CC(=O)N2CCC[C@@H]2C(=O)N(Cc2ccccc2)CC(=O)N[C@@H](Cc2ccccc2)C(=O)N(C)[C@@H](C)C(=O)N1C,1710.0,298.15,87.1429,41.5446,45.5983,10.7439,45.5983,54.8309,0.048436,130.65,0.618,9.193,1710.0,
dP.dA.meL.Me_dL.dP.Bn_Gly.F,CC(C)C[C@@H]1C(=O)N2CCC[C@@H]2C(=O)N(Cc2ccccc2)CC(=O)N[C@@H](Cc2ccccc2)C(=O)N2CCC[C@@H]2C(=O)N[C@H](C)C(=O)N(C)[C@@H](CC(C)C)C(=O)N1C,3197.0,298.15,101.2449,41.9802,59.2647,10.2638,59.2647,59.9267,0.059007,159.75,0.748,15.069,3197.0,
dP.Me_dA.dL.dL.dP.dL.F,CC(C)C[C@H]1NC(=O)[C@@H](C)N(C)C(=O)[C@H]2CCCN2C(=O)[C@H](Cc2ccccc2)NC(=O)[C@@H](CC(C)C)NC(=O)[C@H]2CCCN2C(=O)[C@@H](CC(C)C)NC1=O,1920.0,298.15,90.1001,50.9469,39.1532,10.2894,39.1532,60.9268,0.040428,177.32999999999998,0.25,66.744,1920.0,
A.cHexCH2_Gly.meL.Nle.dP.Mono42,CCCC[C@@H]1NC(=O)[C@H](CC(C)C)N(C)C(=O)CN(CC2CCCCC2)C(=O)[C@H](C)NC(=O)CN(CCN2CCOCC2)C(=O)[C@H]2CCCN2C1=O,6310.0,298.15,94.619,63.1589,31.4601,6.0087,31.4601,82.3192,0.03152,151.91,0.895,28.771,6310.0,
Me_dA.dL.bHph.P.Me_dL.F,CC(C)C[C@@H]1C(=O)N[C@@H](Cc2ccccc2)C(=O)N(C)[C@H](C)C(=O)N[C@H](CC(C)C)C(=O)N[C@@H](Cc2ccccc2)CC(=O)N2CCC[C@H]2C(=O)N1C,2640.0,298.15,79.2151,37.7123,41.5028,8.9416,41.5028,54.6692,0.045277,148.23000000000002,0.559,36.571,2640.0,
dP.Pr_Gly.dL.L.P.L.F,CCCN1CC(=O)N[C@H](CC(C)C)C(=O)N[C@@H](CC(C)C)C(=O)N2CCC[C@H]2C(=O)N[C@@H](CC(C)C)C(=O)N[C@@H](Cc2ccccc2)C(=O)N2CCC[C@@H]2C1=O,5500.0,298.15,103.3972,51.9132,51.484,9.8425,51.484,66.1201,0.052327,177.32999999999998,0.299,60.81,5500.0,
P.A.dL.dL.P.Bn_Gly.F,CC(C)C[C@H]1NC(=O)[C@H](C)NC(=O)[C@@H]2CCCN2C(=O)[C@H](Cc2ccccc2)NC(=O)CN(Cc2ccccc2)C(=O)[C@@H]2CCCN2C(=O)[C@@H](CC(C)C)NC1=O,1680.0,298.15,87.2061,45.7654,41.4407,8.6102,41.4407,54.9501,0.040889,177.33,0.462,66.26,1680.0,
P.meA.L.L.P.Me_dL.F,CC(C)C[C@@H]1NC(=O)[C@H](C)N(C)C(=O)[C@@H]2CCCN2C(=O)[C@H](Cc2ccccc2)NC(=O)[C@@H](CC(C)C)N(C)C(=O)[C@@H]2CCCN2C(=O)[C@H](CC(C)C)NC1=O,1347.0,298.15,101.2626,77.175,24.0876,4.5797,24.0876,95.5972,0.024596,168.54,0.55,43.418,1347.0,
dP.Me_dA.L.Bn_Gly.dP.Me_dL.F,CC(C)C[C@@H]1NC(=O)[C@@H](C)N(C)C(=O)[C@H]2CCCN2C(=O)[C@H](Cc2ccccc2)NC(=O)[C@@H](CC(C)C)N(C)C(=O)[C@H]2CCCN2C(=O)CN(Cc2ccccc2)C1=O,1298.0,298.15,82.2242,40.1494,42.0748,7.9036,42.0748,70.959,0.044619,159.75,0.656,48.754,1298.0,
P.bHph.meL.Bn_Gly.P.Bn_Gly.F,CC(C)C[C@H]1C(=O)N(Cc2ccccc2)CC(=O)N2CCC[C@H]2C(=O)N(Cc2ccccc2)CC(=O)N[C@@H](Cc2ccccc2)C(=O)N2CCC[C@H]2C(=O)N[C@@H](Cc2ccccc2)CC(=O)N1C,2014.0,298.15,96.5858,51.3677,45.2181,9.6996,45.2181,64.42,0.040287,159.75,0.653,12.224,2014.0,
L.cHexCH2_Gly.meL.Nle.dP.Et_Gly,CCCC[C@@H]1NC(=O)[C@H](CC(C)C)N(C)C(=O)CN(CC2CCCCC2)C(=O)[C@H](CC(C)C)NC(=O)CN(CC)C(=O)[C@H]2CCCN2C1=O,6328.0,298.15,86.3966,40.7173,45.6793,7.4498,45.6793,60.3822,0.047881,139.44,0.8,13.125,6328.0,
F.Mono38.Me_dL.Nle.P.Mono1,CCCC[C@@H]1NC(=O)[C@@H](CC(C)C)N(C)C(=O)CN(CC2CCOCC2)C(=O)[C@H](Cc2ccccc2)NC(=O)CN(Cc2ccc3c(c2)OCO3)C(=O)[C@@H]2CCCN2C1=O,5011.0,298.15,149.9736,91.509,58.4646,10.2724,58.4646,113.8033,0.058016,167.13,0.72,8.957,5011.0,
P.A.meL.Bn_Gly.dP.L.F,CC(C)C[C@@H]1NC(=O)[C@H]2CCCN2C(=O)CN(Cc2ccccc2)C(=O)[C@H](CC(C)C)N(C)C(=O)[C@H](C)NC(=O)[C@@H]2CCCN2C(=O)[C@H](Cc2ccccc2)NC1=O,1835.0,298.15,83.4847,45.3238,38.1609,9.5395,38.1609,69.0369,0.038802,168.54,0.265,72.786,1835.0,
A.meL.bHph.P.Me_dL.F,CC(C)C[C@@H]1C(=O)N[C@@H](Cc2ccccc2)C(=O)N[C@@H](C)C(=O)N(C)[C@@H](CC(C)C)C(=O)N[C@@H](Cc2ccccc2)CC(=O)N2CCC[C@H]2C(=O)N1C,2125.0,298.15,89.044,38.7268,50.3172,9.5527,50.3172,72.0626,0.053648,148.23000000000002,0.419,51.777,2125.0,
Nal.3-pyridylethyl_Gly.meL.Nle.dP.Mono44,CCCC[C@@H]1NC(=O)[C@H](CC(C)C)N(C)C(=O)CN(CCc2cccnc2)C(=O)[C@H](Cc2ccc3ccccc3c2)NC(=O)CN(Cc2cc(CC(C)C)on2)C(=O)[C@H]2CCCN2C1=O,3964.0,298.15,129.4354,73.5662,55.8692,10.2842,55.8692,97.4887,0.054986,178.36,0.304,67.382,3964.0,
Me_dA.dL.Me_dL.dP.meL.F,CC(C)C[C@@H]1C(=O)N2CCC[C@@H]2C(=O)N(C)[C@@H](CC(C)C)C(=O)N[C@@H](Cc2ccccc2)C(=O)N(C)[C@H](C)C(=O)N[C@H](CC(C)C)C(=O)N1C,2881.0,298.15,83.7641,48.4614,35.3027,8.6722,35.3027,73.7673,0.03797,139.44,0.572,17.228,2881.0,
Me_dA.L.meL.P.Bn_Gly.F,CC(C)C[C@@H]1NC(=O)[C@@H](C)N(C)C(=O)[C@H](Cc2ccccc2)NC(=O)CN(Cc2ccccc2)C(=O)[C@@H]2CCCN2C(=O)[C@H](CC(C)C)N(C)C1=O,669.0,298.15,73.5712,53.9857,19.5855,4.2362,19.5855,61.1687,0.021774,139.44,0.601,13.674,669.0,
dF.Mono38.dL.Nle.P.Et_Gly,CCCC[C@@H]1NC(=O)[C@@H](CC(C)C)NC(=O)CN(CC2CCOCC2)C(=O)[C@@H](Cc2ccccc2)NC(=O)CN(CC)C(=O)[C@@H]2CCCN2C1=O,5590.0,298.15,118.1721,70.1228,48.0493,7.442,48.0493,95.8644,0.048394,157.46,0.808,32.551,5590.0,
P.Me_dA.dL.Me_dL.P.Bn_Gly.F,CC(C)C[C@@H]1C(=O)N2CCC[C@H]2C(=O)N(Cc2ccccc2)CC(=O)N[C@@H](Cc2ccccc2)C(=O)N2CCC[C@H]2C(=O)N(C)[C@H](C)C(=O)N[C@H](CC(C)C)C(=O)N1C,1673.0,298.15,101.4831,75.9787,25.5044,5.0393,25.5044,88.6734,0.025678,159.75,0.684,4.087,1673.0,
F.Mono38.L.Nle.dP.Mono1,CCCC[C@@H]1NC(=O)[C@H](CC(C)C)NC(=O)CN(CC2CCOCC2)C(=O)[C@H](Cc2ccccc2)NC(=O)CN(Cc2ccc3c(c2)OCO3)C(=O)[C@H]2CCCN2C1=O,5299.0,298.15,148.815,93.2614,55.5536,12.8918,55.5536,134.1037,0.053012,175.92,0.824,4.946,5299.0,
dA.dL.Bn_Gly.dP.L.F,CC(C)C[C@@H]1NC(=O)[C@H]2CCCN2C(=O)CN(Cc2ccccc2)C(=O)[C@@H](CC(C)C)NC(=O)[C@@H](C)NC(=O)[C@H](Cc2ccccc2)NC1=O,1197.0,298.15,77.3553,45.3365,32.0188,7.0364,32.0188,63.7201,0.035275,157.01999999999998,0.31,73.148,1197.0,
P.A.Me_dL.bHph.dP.L.F,CC(C)C[C@@H]1NC(=O)[C@H]2CCCN2C(=O)C[C@H](Cc2ccccc2)NC(=O)[C@@H](CC(C)C)N(C)C(=O)[C@H](C)NC(=O)[C@@H]2CCCN2C(=O)[C@H](Cc2ccccc2)NC1=O,1491.0,298.15,109.864,54.5069,55.3571,13.7178,55.3571,66.0739,0.056075,177.32999999999998,0.883,11.456,1491.0,
L.Me_dL.Me_Cha.Cha.dP.meY,CC(C)C[C@@H]1NC(=O)[C@H](Cc2ccc(O)cc2)N(C)C(=O)[C@H]2CCCN2C(=O)[C@H](CC2CCCCC2)NC(=O)[C@H](CC2CCCCC2)N(C)C(=O)[C@@H](CC(C)C)N(C)C1=O,6696.0,298.15,112.0601,55.6256,56.4345,10.1067,56.4345,80.8978,0.050766,159.67,0.726,9.525,6696.0,
F.pentyl_Gly.dL.Nle.dP.Et_Gly,CCCCCN1CC(=O)N[C@H](CC(C)C)C(=O)N[C@@H](CCCC)C(=O)N2CCC[C@@H]2C(=O)N(CC)CC(=O)N[C@@H](Cc2ccccc2)C1=O,7551.0,298.15,94.2074,59.7418,34.4656,5.9755,34.4656,72.4116,0.036809,148.23,0.919,21.674,7551.0,
dP.bHph.Bn_Gly.bHph.dP.dL.F,CC(C)C[C@H]1NC(=O)[C@H]2CCCN2C(=O)C[C@H](Cc2ccccc2)NC(=O)CN(Cc2ccccc2)C(=O)C[C@H](Cc2ccccc2)NC(=O)[C@H]2CCCN2C(=O)[C@H](Cc2ccccc2)NC1=O,2480.0,298.15,97.737,33.8267,63.9103,15.5725,63.9103,52.9808,0.061458,177.32999999999998,0.769,37.941,2480.0,
dP.dA.Bn_Gly.Bn_Gly.P.Bn_Gly.F,C[C@H]1NC(=O)[C@H]2CCCN2C(=O)[C@H](Cc2ccccc2)NC(=O)CN(Cc2ccccc2)C(=O)[C@@H]2CCCN2C(=O)CN(Cc2ccccc2)C(=O)CN(Cc2ccccc2)C1=O,1302.0,298.15,113.2782,54.839,58.4392,12.4964,58.4392,78.6067,0.057205,159.75,0.619,4.309,1302.0,
dP.dPye.L.dL.Hph.L,CC(C)C[C@@H]1NC(=O)[C@@H](CCC(=O)N2CCCC2)NC(=O)[C@H]2CCCN2C(=O)[C@H](CC(C)C)NC(=O)[C@H](CCc2ccccc2)NC(=O)[C@@H](CC(C)C)NC1=O,1360.0,298.15,73.7991,49.4207,24.3784,4.5613,24.3784,61.4225,0.025406,186.11999999999998,0.441,41.435,1360.0,
dP.Pr_Gly.Me_dL.bHph.dP.meL.F,CCCN1CC(=O)N(C)[C@H](CC(C)C)C(=O)N[C@@H](Cc2ccccc2)CC(=O)N2CCC[C@@H]2C(=O)N(C)[C@@H](CC(C)C)C(=O)N[C@@H](Cc2ccccc2)C(=O)N2CCC[C@@H]2C1=O,1084.0,298.15,86.9491,35.4346,51.5145,9.1017,51.5145,64.0746,0.050412,159.75,0.204,77.529,1084.0,
dP.meA.Bn_Gly.dL.P.L.F,CC(C)C[C@@H]1NC(=O)[C@@H]2CCCN2C(=O)[C@@H](CC(C)C)NC(=O)CN(Cc2ccccc2)C(=O)[C@H](C)N(C)C(=O)[C@H]2CCCN2C(=O)[C@H](Cc2ccccc2)NC1=O,3269.0,298.15,92.4148,40.1198,52.295,10.8302,52.295,61.7275,0.051929,168.54,0.35,58.531,3269.0,
dP.dA.meL.dL.dP.Me_dL.F,CC(C)C[C@@H]1C(=O)N[C@@H](Cc2ccccc2)C(=O)N2CCC[C@@H]2C(=O)N[C@H](C)C(=O)N(C)[C@@H](CC(C)C)C(=O)N[C@H](CC(C)C)C(=O)N2CCC[C@@H]2C(=O)N1C,3949.0,298.15,91.9127,51.2925,40.6202,7.5794,40.6202,65.3383,0.041361,168.54000000000002,0.717,19.612,3949.0,
Me_dA.Me_dL.bHph.dP.dL.F,CC(C)C[C@@H]1C(=O)N[C@@H](Cc2ccccc2)CC(=O)N2CCC[C@@H]2C(=O)N[C@H](CC(C)C)C(=O)N[C@@H](Cc2ccccc2)C(=O)N(C)[C@H](C)C(=O)N1C,3044.0,298.15,95.8248,47.9797,47.8451,9.9183,47.8451,61.0755,0.051242,148.23000000000002,1.22,18.798,3044.0,
meA.dL.meL.dP.dL.F,CC(C)C[C@H]1NC(=O)[C@H]2CCCN2C(=O)[C@H](CC(C)C)N(C)C(=O)[C@@H](CC(C)C)NC(=O)[C@H](C)N(C)C(=O)[C@H](Cc2ccccc2)NC1=O,1527.0,298.15,80.6137,30.3567,50.257,9.8853,50.257,53.7117,0.055297,148.23,0.258,72.088,1527.0,
meA.dL.meL.dP.meL.F,CC(C)C[C@H]1NC(=O)[C@H](C)N(C)C(=O)[C@H](Cc2ccccc2)NC(=O)[C@H](CC(C)C)N(C)C(=O)[C@H]2CCCN2C(=O)[C@H](CC(C)C)N(C)C1=O,1196.0,298.15,80.617,38.6252,41.9918,12.6242,41.9918,44.0787,0.045658,139.44,0.53,53.664,1196.0,
P.A.Me_dL.Me_dL.P.dL.F,CC(C)C[C@@H]1C(=O)N(C)[C@H](CC(C)C)C(=O)N2CCC[C@H]2C(=O)N[C@H](CC(C)C)C(=O)N[C@@H](Cc2ccccc2)C(=O)N2CCC[C@H]2C(=O)N[C@@H](C)C(=O)N1C,1884.0,298.15,94.2427,55.0747,39.168,7.0993,39.168,69.4869,0.039552,168.54,0.34,44.927,1884.0,
P.Me_dA.Me_dL.Bn_Gly.dP.L.F,CC(C)C[C@@H]1NC(=O)[C@H]2CCCN2C(=O)CN(Cc2ccccc2)C(=O)[C@@H](CC(C)C)N(C)C(=O)[C@@H](C)N(C)C(=O)[C@@H]2CCCN2C(=O)[C@H](Cc2ccccc2)NC1=O,2875.0,298.15,91.889,49.9755,41.9135,10.3666,41.9135,72.7362,0.042741,159.75,0.987,8.839,2875.0,
P.Me_dA.L.meL.dP.dL.F,CC(C)C[C@@H]1NC(=O)[C@@H](C)N(C)C(=O)[C@@H]2CCCN2C(=O)[C@H](Cc2ccccc2)NC(=O)[C@@H](CC(C)C)NC(=O)[C@H]2CCCN2C(=O)[C@H](CC(C)C)N(C)C1=O,3552.0,298.15,96.2051,52.4789,43.7262,8.9847,43.7262,64.1213,0.044887,168.54,0.348,64.873,3552.0,
dP.dPye.A.dL.L.L,CC(C)C[C@@H]1NC(=O)[C@@H](CC(C)C)NC(=O)[C@H](C)NC(=O)[C@@H](CCC(=O)N2CCCC2)NC(=O)[C@H]2CCCN2C(=O)[C@H](CC(C)C)NC1=O,634.0,298.15,88.1825,66.9216,21.2609,3.6681,21.2609,77.0285,0.023014,186.12,0.134,77.929,634.0,
P.Pr_Gly.dL.L.P.Bn_Gly.F,CCCN1CC(=O)N[C@H](CC(C)C)C(=O)N[C@@H](CC(C)C)C(=O)N2CCC[C@H]2C(=O)N(Cc2ccccc2)CC(=O)N[C@@H](Cc2ccccc2)C(=O)N2CCC[C@H]2C1=O,1746.0,298.15,109.3799,73.0255,36.3544,6.5204,36.3544,103.5942,0.035568,168.54,0.459,48.692,1746.0,
dP.A.Bn_Gly.meL.dP.Bn_Gly.F,CC(C)C[C@H]1C(=O)N2CCC[C@@H]2C(=O)N(Cc2ccccc2)CC(=O)N[C@@H](Cc2ccccc2)C(=O)N2CCC[C@@H]2C(=O)N[C@@H](C)C(=O)N(Cc2ccccc2)CC(=O)N1C,2040.0,298.15,92.1209,58.2652,33.8557,5.959,33.8557,75.4729,0.033315,159.75,0.761,8.723,2040.0,
dP.Me_dA.L.L.dP.L.F,CC(C)C[C@@H]1NC(=O)[C@@H](C)N(C)C(=O)[C@H]2CCCN2C(=O)[C@H](Cc2ccccc2)NC(=O)[C@H](CC(C)C)NC(=O)[C@H]2CCCN2C(=O)[C@H](CC(C)C)NC1=O,2790.0,298.15,90.6206,50.3574,40.2632,12.7812,40.2632,75.097,0.042235,177.32999999999998,0.269,72.024,2790.0,
meA.L.bHph.P.dL.F,CC(C)C[C@@H]1NC(=O)[C@H](C)N(C)C(=O)[C@H](Cc2ccccc2)NC(=O)[C@@H](CC(C)C)NC(=O)[C@@H]2CCCN2C(=O)C[C@H](Cc2ccccc2)NC1=O,1492.0,298.15,83.2628,34.7572,48.5056,8.4969,48.5056,57.1472,0.050894,157.02,0.194,77.639,1492.0,
P.meA.Me_dL.L.P.Bn_Gly.F,CC(C)C[C@@H]1NC(=O)[C@@H](CC(C)C)N(C)C(=O)[C@H](C)N(C)C(=O)[C@@H]2CCCN2C(=O)[C@H](Cc2ccccc2)NC(=O)CN(Cc2ccccc2)C(=O)[C@@H]2CCCN2C1=O,1760.0,298.15,97.2407,55.2951,41.9456,10.5987,41.9456,73.9161,0.041567,159.75,0.653,38.225,1760.0,
A.meL.L.dP.meL.F,CC(C)C[C@@H]1NC(=O)[C@H](CC(C)C)N(C)C(=O)[C@H](C)NC(=O)[C@H](Cc2ccccc2)NC(=O)[C@H](CC(C)C)N(C)C(=O)[C@H]2CCCN2C1=O,3286.0,298.15,90.2514,45.6418,44.6096,10.0708,44.6096,66.7313,0.048417,148.23000000000002,0.664,27.565,3286.0,
A.dL.L.dP.meL.F,CC(C)C[C@@H]1NC(=O)[C@@H](CC(C)C)NC(=O)[C@H](C)NC(=O)[C@H](Cc2ccccc2)NC(=O)[C@H](CC(C)C)N(C)C(=O)[C@H]2CCCN2C1=O,2412.0,298.15,95.8735,49.8032,46.0703,10.0087,46.0703,61.5757,0.050723,157.02,0.216,58.031,2412.0,
Pr_Gly.dL.meL.dP.L.F,CCCN1CC(=O)N[C@H](CC(C)C)C(=O)N(C)[C@@H](CC(C)C)C(=O)N2CCC[C@@H]2C(=O)N[C@@H](CC(C)C)C(=O)N[C@@H](Cc2ccccc2)C1=O,2126.0,298.15,83.4257,45.1305,38.2952,6.1231,38.2952,57.6091,0.04147,148.23,0.481,45.926,2126.0,
dP.meA.Me_dL.L.dP.meL.F,CC(C)C[C@@H]1NC(=O)[C@@H](CC(C)C)N(C)C(=O)[C@H](C)N(C)C(=O)[C@H]2CCCN2C(=O)[C@H](Cc2ccccc2)NC(=O)[C@H](CC(C)C)N(C)C(=O)[C@H]2CCCN2C1=O,2624.0,298.15,77.2266,39.8958,37.3308,10.7065,37.3308,73.3886,0.037863,159.75,0.291,63.014,2624.0,
dL.dL.dL.L.P.Y,CC(C)C[C@@H]1NC(=O)[C@@H](CC(C)C)NC(=O)[C@@H](CC(C)C)NC(=O)[C@@H](CC(C)C)NC(=O)[C@H](Cc2ccc(O)cc2)NC(=O)[C@@H]2CCCN2C1=O,4238.0,298.15,145.3881,65.3567,80.0314,18.9815,80.0314,87.4457,0.081607,186.04,0.717,33.565,4238.0,
A.L.Me_dL.dP.dL.F,CC(C)C[C@@H]1NC(=O)[C@H](C)NC(=O)[C@H](Cc2ccccc2)NC(=O)[C@@H](CC(C)C)NC(=O)[C@H]2CCCN2C(=O)[C@@H](CC(C)C)N(C)C1=O,1645.0,298.15,97.5936,41.9185,55.6751,9.207,55.6751,56.2438,0.061638,157.02,0.333,66.307,1645.0,
P.A.Me_dL.Me_dL.dP.Me_dL.F,CC(C)C[C@@H]1C(=O)N(C)[C@H](CC(C)C)C(=O)N2CCC[C@@H]2C(=O)N(C)[C@H](CC(C)C)C(=O)N[C@@H](Cc2ccccc2)C(=O)N2CCC[C@H]2C(=O)N[C@@H](C)C(=O)N1C,944.0,298.15,84.6436,42.0229,42.6207,8.0889,42.6207,55.088,0.045202,159.75,0.198,80.925,944.0,
L.dL.dL.dL.P.Y,CC(C)C[C@@H]1NC(=O)[C@H](Cc2ccc(O)cc2)NC(=O)[C@@H]2CCCN2C(=O)[C@@H](CC(C)C)NC(=O)[C@@H](CC(C)C)NC(=O)[C@@H](CC(C)C)NC1=O,2851.0,298.15,106.5608,80.998,25.5628,4.3354,25.5628,97.3094,0.025943,186.04,0.204,50.478,2851.0,
P.bHph.Bn_Gly.dL.dP.Me_dL.F,CC(C)C[C@@H]1C(=O)N[C@@H](Cc2ccccc2)C(=O)N2CCC[C@H]2C(=O)N[C@@H](Cc2ccccc2)CC(=O)N(Cc2ccccc2)CC(=O)N[C@H](CC(C)C)C(=O)N2CCC[C@@H]2C(=O)N1C,1191.0,298.15,90.9798,41.5578,49.422,6.9579,49.422,74.8249,0.044933,168.54000000000002,0.605,41.687,1191.0,
bHph.dL.meL.P.Me_dL.F,CC(C)C[C@@H]1C(=O)N[C@@H](Cc2ccccc2)C(=O)N[C@@H](Cc2ccccc2)CC(=O)N[C@H](CC(C)C)C(=O)N(C)[C@@H](CC(C)C)C(=O)N2CCC[C@H]2C(=O)N1C,2887.0,298.15,80.2963,41.8709,38.4254,7.5998,38.4254,54.5801,0.035588,148.23000000000002,0.248,71.98,2887.0,
F.dF.F.F.dP.Ala(indol-2-yl),O=C1N[C@H](Cc2ccccc2)C(=O)N[C@@H](Cc2ccccc2)C(=O)N[C@@H](Cc2ccccc2)C(=O)N2CCC[C@@H]2C(=O)N[C@@H](Cc2cc3ccccc3[nH]2)C(=O)N[C@H]1Cc1ccccc1,1352.0,298.15,107.8449,40.9201,66.9248,12.5145,66.9248,52.4052,0.059548,181.6,0.887,19.238,1352.0,
Me_dA.Bn_Gly.bHph.dP.dL.F,CC(C)C[C@H]1NC(=O)[C@H]2CCCN2C(=O)C[C@H](Cc2ccccc2)NC(=O)CN(Cc2ccccc2)C(=O)[C@@H](C)N(C)C(=O)[C@H](Cc2ccccc2)NC1=O,1896.0,298.15,103.4708,35.4215,68.0493,13.8658,68.0493,75.1694,0.070883,148.23,0.52,50.408,1896.0,
dP.A.L.bHph.P.meL.F,CC(C)C[C@@H]1NC(=O)[C@H](C)NC(=O)[C@H]2CCCN2C(=O)[C@H](Cc2ccccc2)NC(=O)[C@H](CC(C)C)N(C)C(=O)[C@@H]2CCCN2C(=O)C[C@H](Cc2ccccc2)NC1=O,899.0,298.15,87.1249,34.8621,52.2628,8.1461,52.2628,44.8442,0.052161,177.33,0.26,36.952,899.0,
Me_dA.Me_dL.bHph.P.meL.F,CC(C)C[C@@H]1C(=O)N[C@@H](Cc2ccccc2)CC(=O)N2CCC[C@H]2C(=O)N(C)[C@@H](CC(C)C)C(=O)N[C@@H](Cc2ccccc2)C(=O)N(C)[C@H](C)C(=O)N1C,3062.0,298.15,89.632,50.1052,39.5268,6.9945,39.5268,66.1776,0.040893,139.44,0.654,4.206,3062.0,
dF.pentyl_Gly.L.Nle.P.Et_Gly,CCCCCN1CC(=O)N[C@@H](CC(C)C)C(=O)N[C@@H](CCCC)C(=O)N2CCC[C@H]2C(=O)N(CC)CC(=O)N[C@H](Cc2ccccc2)C1=O,7836.0,298.15,98.9813,68.0389,30.9424,6.6452,30.9424,79.5157,0.033918,148.23,0.922,24.04,7836.0,
dA.pentyl_Gly.meL.Nle.P.Mono1,CCCCCN1CC(=O)N(C)[C@@H](CC(C)C)C(=O)N[C@@H](CCCC)C(=O)N2CCC[C@H]2C(=O)N(Cc2ccc3c(c2)OCO3)CC(=O)N[C@H](C)C1=O,6351.0,298.15,143.6874,105.2555,38.4319,8.3635,38.4319,128.2516,0.038199,157.9,0.969,19.951,6351.0,
A.Me_dL.meL.dP.dL.F,CC(C)C[C@@H]1C(=O)N(C)[C@@H](CC(C)C)C(=O)N2CCC[C@@H]2C(=O)N[C@H](CC(C)C)C(=O)N[C@@H](Cc2ccccc2)C(=O)N[C@@H](C)C(=O)N1C,2267.0,298.15,84.4913,52.8499,31.6414,8.8253,31.6414,59.6953,0.034518,148.23,0.424,51.896,2267.0,
dP.A.meL.Bn_Gly.P.Me_dL.F,CC(C)C[C@@H]1C(=O)N[C@@H](Cc2ccccc2)C(=O)N2CCC[C@@H]2C(=O)N[C@@H](C)C(=O)N(C)[C@@H](CC(C)C)C(=O)N(Cc2ccccc2)CC(=O)N2CCC[C@H]2C(=O)N1C,1056.0,298.15,75.5238,41.8888,33.635,7.9847,33.635,54.9543,0.033312,159.75000000000003,0.671,20.386,1056.0,
A.Sar.meF.L.dP.meY,CC(C)C[C@@H]1NC(=O)[C@H](Cc2ccccc2)N(C)C(=O)CN(C)C(=O)[C@H](C)NC(=O)[C@H](Cc2ccc(O)cc2)N(C)C(=O)[C@H]2CCCN2C1=O,1761.0,298.15,128.7726,59.8078,68.9648,11.4309,68.9648,79.8114,0.078848,159.67,0.848,9.963,1761.0,
dP.A.L.Bn_Gly.dP.meL.F,CC(C)C[C@@H]1NC(=O)[C@H](C)NC(=O)[C@H]2CCCN2C(=O)[C@H](Cc2ccccc2)NC(=O)[C@H](CC(C)C)N(C)C(=O)[C@H]2CCCN2C(=O)CN(Cc2ccccc2)C1=O,1966.0,298.15,81.878,35.5489,46.3291,8.9093,46.3291,70.7486,0.045534,168.54000000000002,0.33,58.437,1966.0,
F.Nle.Nle.Nle.Nle.Mono100,CCCC[C@@H]1NC(=O)[C@H](Cc2ccccc2)NC(=O)CSC[C@@H](C(=O)NC)NC(=O)[C@H](CCCC)NC(=O)[C@H](CCCC)NC(=O)[C@H](CCCC)NC1=O,2976.0,298.15,133.3831,81.5788,51.8043,11.1167,51.8043,108.3659,0.048127,203.7,0.392,12.018,2976.0,
F.cHexCH2_Gly.meL.Nle.P.Et_Gly,CCCC[C@@H]1NC(=O)[C@H](CC(C)C)N(C)C(=O)CN(CC2CCCCC2)C(=O)[C@H](Cc2ccccc2)NC(=O)CN(CC)C(=O)[C@@H]2CCCN2C1=O,4417.0,298.15,86.0148,44.3098,41.705,7.9017,41.705,65.7162,0.042422,139.44,1.03,18.395,4417.0,
dP.Pr_Gly.L.L.P.L.F,CCCN1CC(=O)N[C@@H](CC(C)C)C(=O)N[C@@H](CC(C)C)C(=O)N2CCC[C@H]2C(=O)N[C@@H](CC(C)C)C(=O)N[C@@H](Cc2ccccc2)C(=O)N2CCC[C@@H]2C1=O,4578.0,298.15,103.6959,53.8211,49.8748,10.0708,49.8748,72.3519,0.051426,177.32999999999998,0.891,12.409,4578.0,
meA.Me_dL.L.dP.meL.F,CC(C)C[C@@H]1NC(=O)[C@@H](CC(C)C)N(C)C(=O)[C@H](C)N(C)C(=O)[C@H](Cc2ccccc2)NC(=O)[C@H](CC(C)C)N(C)C(=O)[C@H]2CCCN2C1=O,2516.0,298.15,74.432,40.127,34.305,7.9161,34.305,51.7105,0.036902,139.44,0.573,30.886,2516.0,
A.Me_dL.L.dP.L.F,CC(C)C[C@@H]1NC(=O)[C@H]2CCCN2C(=O)[C@H](CC(C)C)NC(=O)[C@@H](CC(C)C)N(C)C(=O)[C@H](C)NC(=O)[C@H](Cc2ccccc2)NC1=O,3241.0,298.15,90.7291,52.1366,38.5925,9.1532,38.5925,61.2046,0.042512,157.01999999999998,0.276,55.549,3241.0,
P.A.Bn_Gly.dL.P.meL.F,CC(C)C[C@H]1NC(=O)CN(Cc2ccccc2)C(=O)[C@H](C)NC(=O)[C@@H]2CCCN2C(=O)[C@H](Cc2ccccc2)NC(=O)[C@H](CC(C)C)N(C)C(=O)[C@@H]2CCCN2C1=O,1553.0,298.15,83.1184,53.2963,29.8221,6.4912,29.8221,70.0424,0.030131,168.54,0.667,6.653,1553.0,
dP.bHph.meL.L.dP.meL.F,CC(C)C[C@@H]1NC(=O)[C@H](CC(C)C)N(C)C(=O)C[C@H](Cc2ccccc2)NC(=O)[C@H]2CCCN2C(=O)[C@H](Cc2ccccc2)NC(=O)[C@H](CC(C)C)N(C)C(=O)[C@H]2CCCN2C1=O,4697.0,298.15,79.5533,39.9164,39.6369,6.1906,39.6369,61.8377,0.036768,168.54,0.308,66.451,4697.0,
dA.cHexCH2_Gly.L.Nle.dP.Mono1,CCCC[C@@H]1NC(=O)[C@H](CC(C)C)NC(=O)CN(CC2CCCCC2)C(=O)[C@@H](C)NC(=O)CN(Cc2ccc3c(c2)OCO3)C(=O)[C@H]2CCCN2C1=O,3617.0,298.15,142.216,74.1455,68.0705,21.099,68.0705,83.3344,0.075144,166.69,0.622,6.348,3617.0,
P.A.Me_dL.L.P.dL.F,CC(C)C[C@@H]1NC(=O)[C@@H](CC(C)C)N(C)C(=O)[C@H](C)NC(=O)[C@@H]2CCCN2C(=O)[C@H](Cc2ccccc2)NC(=O)[C@@H](CC(C)C)NC(=O)[C@@H]2CCCN2C1=O,3966.0,298.15,104.8488,79.0572,25.7916,6.0286,25.7916,99.7916,0.025599,177.32999999999998,0.481,43.918,3966.0,
meA.Me_dL.Bn_Gly.P.L.F,CC(C)C[C@@H]1NC(=O)[C@@H]2CCCN2C(=O)CN(Cc2ccccc2)C(=O)[C@@H](CC(C)C)N(C)C(=O)[C@H](C)N(C)C(=O)[C@H](Cc2ccccc2)NC1=O,3171.0,298.15,87.989,43.5757,44.4133,9.7682,44.4133,55.6891,0.048113,139.44,0.739,10.885,3171.0,
dP.Pr_Gly.dL.dL.dP.L.F,CCCN1CC(=O)N[C@H](CC(C)C)C(=O)N[C@H](CC(C)C)C(=O)N2CCC[C@@H]2C(=O)N[C@@H](CC(C)C)C(=O)N[C@@H](Cc2ccccc2)C(=O)N2CCC[C@@H]2C1=O,1691.0,298.15,93.1322,51.0942,42.038,8.0676,42.038,79.403,0.042581,177.32999999999998,0.134,81.923,1691.0,
Nal.pentyl_Gly.meL.Nle.dP.Pr_Gly,CCCCCN1CC(=O)N(C)[C@@H](CC(C)C)C(=O)N[C@@H](CCCC)C(=O)N2CCC[C@@H]2C(=O)N(CCC)CC(=O)N[C@@H](Cc2ccc3ccccc3c2)C1=O,7961.0,298.15,76.0115,37.9461,38.0654,7.1824,38.0654,61.807,0.037423,139.44,0.814,28.662,7961.0,
A.Mono38.dL.Nle.P.Mono34,CCCC[C@@H]1NC(=O)[C@@H](CC(C)C)NC(=O)CN(CC2CCOCC2)C(=O)[C@H](C)NC(=O)CN(CCCOC(C)C)C(=O)[C@@H]2CCCN2C1=O,6551.0,298.15,109.2717,71.5403,37.7314,6.6252,37.7314,95.5695,0.037779,166.69,0.425,67.106,6551.0,
L.dP.meY.L.Me_dL.meT,CC(C)C[C@@H]1NC(=O)[C@H](Cc2ccc(O)cc2)N(C)C(=O)[C@H]2CCCN2C(=O)[C@H](CC(C)C)NC(=O)[C@H]([C@@H](C)O)N(C)C(=O)[C@@H](CC(C)C)N(C)C1=O,6431.0,298.15,127.1357,76.5772,50.5585,10.8047,50.5585,93.656,0.052539,179.89999999999998,0.664,22.051,6431.0,
V.L.Me_dF.P.Sar.F.meY,CC(C)C[C@@H]1NC(=O)[C@H](C(C)C)NC(=O)[C@H](Cc2ccc(O)cc2)N(C)C(=O)[C@H](Cc2ccccc2)NC(=O)CN(C)C(=O)[C@@H]2CCCN2C(=O)[C@@H](Cc2ccccc2)N(C)C1=O,1522.0,298.15,132.2996,86.5576,45.742,11.0072,45.742,129.3715,0.04656,188.77,0.515,25.468,1522.0,
A.L.L.P.Me_dL.F,CC(C)C[C@@H]1NC(=O)[C@H](C)NC(=O)[C@H](Cc2ccccc2)NC(=O)[C@@H](CC(C)C)N(C)C(=O)[C@@H]2CCCN2C(=O)[C@H](CC(C)C)NC1=O,2467.0,298.15,109.1114,56.2208,52.8906,10.6868,52.8906,61.1731,0.058341,157.02,0.226,73.39,2467.0,
dP.A.dL.L.dP.meL.F,CC(C)C[C@@H]1NC(=O)[C@@H](CC(C)C)NC(=O)[C@H](C)NC(=O)[C@H]2CCCN2C(=O)[C@H](Cc2ccccc2)NC(=O)[C@H](CC(C)C)N(C)C(=O)[C@H]2CCCN2C1=O,2348.0,298.15,94.2426,38.2351,56.0075,11.5956,56.0075,85.4197,0.058142,177.33,0.311,72.911,2348.0,
Me_dA.Me_dL.dL.P.dL.F,CC(C)C[C@@H]1C(=O)N[C@H](CC(C)C)C(=O)N2CCC[C@H]2C(=O)N[C@H](CC(C)C)C(=O)N[C@@H](Cc2ccccc2)C(=O)N(C)[C@H](C)C(=O)N1C,6780.0,298.15,85.1982,39.1754,46.0228,9.086,46.0228,67.8285,0.049233,148.23000000000002,0.742,21.311,6780.0,
P.A.meL.bHph.dP.Me_dL.F,CC(C)C[C@@H]1C(=O)N[C@@H](Cc2ccccc2)C(=O)N2CCC[C@H]2C(=O)N[C@@H](C)C(=O)N(C)[C@@H](CC(C)C)C(=O)N[C@@H](Cc2ccccc2)CC(=O)N2CCC[C@@H]2C(=O)N1C,2938.0,298.15,105.0981,53.048,52.0501,11.9972,52.0501,90.9863,0.050187,168.54000000000002,0.377,66.925,2938.0,
dP.bHph.Bn_Gly.bHph.dP.L.F,CC(C)C[C@@H]1NC(=O)[C@H]2CCCN2C(=O)C[C@H](Cc2ccccc2)NC(=O)CN(Cc2ccccc2)C(=O)C[C@H](Cc2ccccc2)NC(=O)[C@H]2CCCN2C(=O)[C@H](Cc2ccccc2)NC1=O,1074.0,298.15,88.0676,34.1254,53.9422,10.5122,53.9422,56.9818,0.047326,177.32999999999998,0.417,37.033,1074.0,
P.Pr_Gly.Me_dL.bHph.P.meL.F,CCCN1CC(=O)N(C)[C@H](CC(C)C)C(=O)N[C@@H](Cc2ccccc2)CC(=O)N2CCC[C@H]2C(=O)N(C)[C@@H](CC(C)C)C(=O)N[C@@H](Cc2ccccc2)C(=O)N2CCC[C@H]2C1=O,3363.0,298.15,85.599,46.3331,39.2659,6.4145,39.2659,64.7416,0.038642,159.75,0.311,62.194,3363.0,
Me_dA.meL.dL.dP.meL.F,CC(C)C[C@H]1NC(=O)[C@H](CC(C)C)N(C)C(=O)[C@@H](C)N(C)C(=O)[C@H](Cc2ccccc2)NC(=O)[C@H](CC(C)C)N(C)C(=O)[C@H]2CCCN2C1=O,4864.0,298.15,81.0241,35.2359,45.7882,7.3721,45.7882,65.6953,0.047664,139.44,0.714,26.927,4864.0,
dA.meL.Me_dL.P.dL.F,CC(C)C[C@@H]1C(=O)N2CCC[C@H]2C(=O)N[C@H](CC(C)C)C(=O)N[C@@H](Cc2ccccc2)C(=O)N[C@H](C)C(=O)N(C)[C@@H](CC(C)C)C(=O)N1C,4044.0,298.15,88.8182,46.4178,42.4004,7.7611,42.4004,67.8248,0.044966,148.23000000000002,0.219,64.31,4044.0,
A.Me_dL.meL.dP.meL.F,CC(C)C[C@@H]1C(=O)N(C)[C@@H](CC(C)C)C(=O)N2CCC[C@@H]2C(=O)N(C)[C@@H](CC(C)C)C(=O)N[C@@H](Cc2ccccc2)C(=O)N[C@@H](C)C(=O)N1C,2840.0,298.15,84.1102,40.8058,43.3044,8.3194,43.3044,66.5188,0.046179,139.44,0.504,44.623,2840.0,
L.Me_dL.meL.S.dP.meY,CC(C)C[C@@H]1NC(=O)[C@H](Cc2ccc(O)cc2)N(C)C(=O)[C@H]2CCCN2C(=O)[C@H](CO)NC(=O)[C@H](CC(C)C)N(C)C(=O)[C@@H](CC(C)C)N(C)C1=O,4283.0,298.15,138.8254,84.7009,54.1245,13.2253,54.1245,94.9365,0.055614,179.9,0.642,26.105,4283.0,
Me_dA.L.L.dP.Me_dL.F,CC(C)C[C@@H]1NC(=O)[C@@H](C)N(C)C(=O)[C@H](Cc2ccccc2)NC(=O)[C@@H](CC(C)C)N(C)C(=O)[C@H]2CCCN2C(=O)[C@H](CC(C)C)NC1=O,2653.0,298.15,80.1204,38.0314,42.089,7.316,42.089,58.5363,0.045594,148.23,0.536,31.408,2653.0,
dP.A.Me_dL.Bn_Gly.P.L.F,CC(C)C[C@@H]1NC(=O)[C@@H]2CCCN2C(=O)CN(Cc2ccccc2)C(=O)[C@@H](CC(C)C)N(C)C(=O)[C@H](C)NC(=O)[C@H]2CCCN2C(=O)[C@H](Cc2ccccc2)NC1=O,3618.0,298.15,112.0775,55.0652,57.0123,11.6817,57.0123,71.7015,0.056788,168.54,0.5,57.662,3618.0,
dP.dA.dL.L.P.Bn_Gly.F,CC(C)C[C@@H]1NC(=O)[C@@H](CC(C)C)NC(=O)[C@@H](C)NC(=O)[C@H]2CCCN2C(=O)[C@H](Cc2ccccc2)NC(=O)CN(Cc2ccccc2)C(=O)[C@@H]2CCCN2C1=O,1467.0,298.15,75.8276,48.9443,26.8833,5.2457,26.8833,64.7015,0.026763,177.33,0.556,40.851,1467.0,
P.Pr_Gly.dL.bHph.P.dL.F,CCCN1CC(=O)N[C@H](CC(C)C)C(=O)N[C@@H](Cc2ccccc2)CC(=O)N2CCC[C@H]2C(=O)N[C@H](CC(C)C)C(=O)N[C@@H](Cc2ccccc2)C(=O)N2CCC[C@H]2C1=O,1717.0,298.15,104.3379,54.182,50.1559,9.2188,50.1559,85.0616,0.048825,177.32999999999998,0.393,30.401,1717.0,
P.A.Bn_Gly.Bn_Gly.P.dL.F,CC(C)C[C@H]1NC(=O)[C@@H]2CCCN2C(=O)CN(Cc2ccccc2)C(=O)CN(Cc2ccccc2)C(=O)[C@H](C)NC(=O)[C@@H]2CCCN2C(=O)[C@H](Cc2ccccc2)NC1=O,520.0,298.15,107.3455,55.8174,51.5281,11.8905,51.5281,83.4217,0.052633,168.54,0.421,46.443,520.0,
P.bHph.Me_dL.bHph.dP.dL.F,CC(C)C[C@@H]1C(=O)N[C@@H](Cc2ccccc2)CC(=O)N2CCC[C@@H]2C(=O)N[C@H](CC(C)C)C(=O)N[C@@H](Cc2ccccc2)C(=O)N2CCC[C@H]2C(=O)N[C@@H](Cc2ccccc2)CC(=O)N1C,1828.0,298.15,95.8499,31.5749,64.275,15.1676,64.275,50.186,0.058789,177.33,0.523,41.153,1828.0,
dP.dL.L.dL.L.Pye,CC(C)C[C@@H]1NC(=O)[C@@H](CC(C)C)NC(=O)[C@H](CC(C)C)NC(=O)[C@@H](CC(C)C)NC(=O)[C@H]2CCCN2C(=O)[C@H](CCC(=O)N2CCCC2)NC1=O,3301.0,298.15,92.9257,42.3228,50.6029,13.7681,50.6029,51.6388,0.053191,186.12,0.147,70.35,3301.0,
dP.Me_dA.L.dL.P.L.F,CC(C)C[C@@H]1NC(=O)[C@@H](C)N(C)C(=O)[C@H]2CCCN2C(=O)[C@H](Cc2ccccc2)NC(=O)[C@H](CC(C)C)NC(=O)[C@@H]2CCCN2C(=O)[C@@H](CC(C)C)NC1=O,2299.0,298.15,86.7591,37.6085,49.1506,9.8312,49.1506,68.3801,0.051232,177.32999999999998,0.323,24.253,2299.0,
P.Me_dA.Me_dL.bHph.dP.dL.F,CC(C)C[C@@H]1C(=O)N[C@@H](Cc2ccccc2)CC(=O)N2CCC[C@@H]2C(=O)N[C@H](CC(C)C)C(=O)N[C@@H](Cc2ccccc2)C(=O)N2CCC[C@H]2C(=O)N(C)[C@H](C)C(=O)N1C,2880.0,298.15,86.5892,45.1762,41.413,8.1613,41.413,77.4559,0.038481,168.54000000000002,0.624,37.704,2880.0,
bHph.L.bHph.P.L.F,CC(C)C[C@@H]1NC(=O)C[C@H](Cc2ccccc2)NC(=O)[C@H](Cc2ccccc2)NC(=O)[C@H](CC(C)C)NC(=O)[C@@H]2CCCN2C(=O)C[C@H](Cc2ccccc2)NC1=O,1124.0,298.15,84.6746,41.3965,43.2781,6.7303,43.2781,60.3171,0.042118,165.81,0.517,36.65,1124.0,
dP.A.L.bHph.P.L.F,CC(C)C[C@@H]1NC(=O)[C@H](C)NC(=O)[C@H]2CCCN2C(=O)[C@H](Cc2ccccc2)NC(=O)[C@H](CC(C)C)NC(=O)[C@@H]2CCCN2C(=O)C[C@H](Cc2ccccc2)NC1=O,656.0,298.15,59.0196,39.1988,19.8208,3.9396,19.8208,53.9346,0.020577,186.12,0.376,48.972,656.0,
dP.Pr_Gly.L.Me_dL.P.Me_dL.F,CCCN1CC(=O)N[C@@H](CC(C)C)C(=O)N(C)[C@H](CC(C)C)C(=O)N2CCC[C@H]2C(=O)N(C)[C@H](CC(C)C)C(=O)N[C@@H](Cc2ccccc2)C(=O)N2CCC[C@@H]2C1=O,3153.0,298.15,84.5393,41.2504,43.2889,8.8146,43.2889,53.7718,0.04415,159.75,0.228,77.156,3153.0,
P.A.L.bHph.P.meL.F,CC(C)C[C@@H]1NC(=O)[C@H](C)NC(=O)[C@@H]2CCCN2C(=O)[C@H](Cc2ccccc2)NC(=O)[C@H](CC(C)C)N(C)C(=O)[C@@H]2CCCN2C(=O)C[C@H](Cc2ccccc2)NC1=O,2369.0,298.15,97.5979,40.9844,56.6135,10.9767,56.6135,62.2651,0.059852,177.33,0.543,30.115,2369.0,
bHph.Me_dL.bHph.P.Me_dL.F,CC(C)C[C@@H]1C(=O)N[C@@H](Cc2ccccc2)CC(=O)N2CCC[C@H]2C(=O)N(C)[C@H](CC(C)C)C(=O)N[C@@H](Cc2ccccc2)C(=O)N[C@@H](Cc2ccccc2)CC(=O)N1C,1607.0,298.15,81.9033,14.709,67.1943,16.0999,67.1943,36.5964,0.062335,148.23,0.222,73.18,1607.0,
dP.Pr_Gly.Me_dL.Me_dL.P.Bn_Gly.F,CCCN1CC(=O)N(C)[C@H](CC(C)C)C(=O)N(C)[C@H](CC(C)C)C(=O)N2CCC[C@H]2C(=O)N(Cc2ccccc2)CC(=O)N[C@@H](Cc2ccccc2)C(=O)N2CCC[C@@H]2C1=O,4767.0,298.15,73.3445,45.9381,27.4064,5.9922,27.4064,59.9656,0.026009,150.96,0.947,29.134,4767.0,
dP.meA.Me_dL.bHph.P.Me_dL.F,CC(C)C[C@@H]1C(=O)N[C@@H](Cc2ccccc2)CC(=O)N2CCC[C@H]2C(=O)N(C)[C@H](CC(C)C)C(=O)N[C@@H](Cc2ccccc2)C(=O)N2CCC[C@@H]2C(=O)N(C)[C@@H](C)C(=O)N1C,5041.0,298.15,76.8299,43.8349,32.995,6.6975,32.995,56.6169,0.03117,159.75,0.438,56.243,5041.0,
dP.meA.meL.Me_dL.dP.Bn_Gly.F,CC(C)C[C@@H]1C(=O)N2CCC[C@@H]2C(=O)N(Cc2ccccc2)CC(=O)N[C@@H](Cc2ccccc2)C(=O)N2CCC[C@@H]2C(=O)N(C)[C@@H](C)C(=O)N(C)[C@@H](CC(C)C)C(=O)N1C,2598.0,298.15,82.5665,36.3924,46.1741,10.1237,46.1741,50.8569,0.045641,150.96,0.807,13.718,2598.0,
dP.A.dL.dL.dP.Bn_Gly.F,CC(C)C[C@H]1NC(=O)[C@H](C)NC(=O)[C@H]2CCCN2C(=O)[C@H](Cc2ccccc2)NC(=O)CN(Cc2ccccc2)C(=O)[C@H]2CCCN2C(=O)[C@@H](CC(C)C)NC1=O,970.0,298.15,80.6535,56.0002,24.6533,5.3443,24.6533,69.0778,0.025179,177.33,0.387,22.954,970.0,
dP.meA.Bn_Gly.bHph.dP.dL.F,CC(C)C[C@H]1NC(=O)[C@H]2CCCN2C(=O)C[C@H](Cc2ccccc2)NC(=O)CN(Cc2ccccc2)C(=O)[C@H](C)N(C)C(=O)[C@H]2CCCN2C(=O)[C@H](Cc2ccccc2)NC1=O,1171.0,298.15,92.9765,56.8881,36.0884,7.7814,36.0884,73.6792,0.036573,168.54,0.278,34.286,1171.0,
A.L.L.dP.Me_dL.F,CC(C)C[C@@H]1NC(=O)[C@H](C)NC(=O)[C@H](Cc2ccccc2)NC(=O)[C@@H](CC(C)C)N(C)C(=O)[C@H]2CCCN2C(=O)[C@H](CC(C)C)NC1=O,2099.0,298.15,77.4706,40.2144,37.2562,9.5431,37.2562,61.9588,0.040596,157.02,0.264,75.901,2099.0,
Nal.Bn_Gly.meL.Nle.dP.Mono44,CCCC[C@@H]1NC(=O)[C@H](CC(C)C)N(C)C(=O)CN(Cc2ccccc2)C(=O)[C@H](Cc2ccc3ccccc3c2)NC(=O)CN(Cc2cc(CC(C)C)on2)C(=O)[C@H]2CCCN2C1=O,3772.0,298.15,104.7965,44.2755,60.521,10.2796,60.521,79.6628,0.053761,165.46999999999997,0.432,43.412,3772.0,
P.A.Me_dL.Me_dL.P.L.F,CC(C)C[C@@H]1NC(=O)[C@@H]2CCCN2C(=O)[C@@H](CC(C)C)N(C)C(=O)[C@@H](CC(C)C)N(C)C(=O)[C@H](C)NC(=O)[C@@H]2CCCN2C(=O)[C@H](Cc2ccccc2)NC1=O,2195.0,298.15,79.3568,54.6974,24.6594,5.6447,24.6594,65.2064,0.025664,168.54,0.418,56.32,2195.0,
dP.dA.dL.L.dP.dL.F,CC(C)C[C@@H]1NC(=O)[C@@H](CC(C)C)NC(=O)[C@@H](C)NC(=O)[C@H]2CCCN2C(=O)[C@H](Cc2ccccc2)NC(=O)[C@@H](CC(C)C)NC(=O)[C@H]2CCCN2C1=O,1574.0,298.15,87.6023,58.4889,29.1134,8.5308,29.1134,71.3882,0.031037,186.12,0.318,60.609,1574.0,
A.dL.meL.P.Bn_Gly.F,CC(C)C[C@H]1NC(=O)[C@H](C)NC(=O)[C@H](Cc2ccccc2)NC(=O)CN(Cc2ccccc2)C(=O)[C@@H]2CCCN2C(=O)[C@H](CC(C)C)N(C)C1=O,768.0,298.15,89.7898,58.317,31.4728,6.0817,31.4728,73.9566,0.034825,148.23000000000002,0.46,44.515,768.0,
A.dL.Me_dL.dP.Bn_Gly.F,CC(C)C[C@@H]1C(=O)N2CCC[C@@H]2C(=O)N(Cc2ccccc2)CC(=O)N[C@@H](Cc2ccccc2)C(=O)N[C@@H](C)C(=O)N[C@H](CC(C)C)C(=O)N1C,805.0,298.15,94.1606,52.8142,41.3464,8.0354,41.3464,83.139,0.045647,148.23,0.538,25.33,805.0,
L.dP.meY.L.Me_dL.meK,CC(C)C[C@@H]1NC(=O)[C@H](Cc2ccc(O)cc2)N(C)C(=O)[C@H]2CCCN2C(=O)[C@H](CC(C)C)NC(=O)[C@H](CCCCN)N(C)C(=O)[C@@H](CC(C)C)N(C)C1=O,7597.0,298.15,121.5708,70.3316,51.2392,10.8138,51.2392,74.0919,0.05002,185.69,0.828,44.767,7597.0,
dP.A.meL.Bn_Gly.dP.Me_dL.F,CC(C)C[C@@H]1C(=O)N[C@@H](Cc2ccccc2)C(=O)N2CCC[C@@H]2C(=O)N[C@@H](C)C(=O)N(C)[C@@H](CC(C)C)C(=O)N(Cc2ccccc2)CC(=O)N2CCC[C@@H]2C(=O)N1C,2234.0,298.15,93.6451,52.0484,41.5967,9.5566,41.5967,64.4494,0.042603,159.75000000000003,0.367,69.381,2234.0,
Pr_Gly.meL.L.dP.dL.F,CCCN1CC(=O)N(C)[C@@H](CC(C)C)C(=O)N[C@@H](CC(C)C)C(=O)N2CCC[C@@H]2C(=O)N[C@H](CC(C)C)C(=O)N[C@@H](Cc2ccccc2)C1=O,4596.0,298.15,80.2022,36.0377,44.1645,10.0727,44.1645,60.3413,0.04711,148.23,0.39,46.39,4596.0,
dP.bHph.Bn_Gly.bHph.dP.meL.F,CC(C)C[C@H]1C(=O)N[C@@H](Cc2ccccc2)C(=O)N2CCC[C@@H]2C(=O)N[C@@H](Cc2ccccc2)CC(=O)N(Cc2ccccc2)CC(=O)N[C@@H](Cc2ccccc2)CC(=O)N2CCC[C@@H]2C(=O)N1C,2331.0,298.15,85.1003,29.8227,55.2776,9.7596,55.2776,58.9544,0.049242,168.54000000000002,0.257,42.745,2331.0,
A.cHexCH2_Gly.Me_dL.Nle.P.Et_Gly,CCCC[C@@H]1NC(=O)[C@@H](CC(C)C)N(C)C(=O)CN(CC2CCCCC2)C(=O)[C@H](C)NC(=O)CN(CC)C(=O)[C@@H]2CCCN2C1=O,3629.0,298.15,85.1264,50.8111,34.3153,6.1192,34.3153,69.2016,0.037891,139.44,0.911,4.713,3629.0,
P.Pr_Gly.Bn_Gly.bHph.P.dL.F,CCCN1CC(=O)N(Cc2ccccc2)CC(=O)N[C@@H](Cc2ccccc2)CC(=O)N2CCC[C@H]2C(=O)N[C@H](CC(C)C)C(=O)N[C@@H](Cc2ccccc2)C(=O)N2CCC[C@H]2C1=O,2585.0,298.15,95.6033,59.2906,36.3127,7.8937,36.3127,72.9866,0.037039,168.54,0.909,30.677,2585.0,
P.Me_dA.dL.dL.dP.Bn_Gly.F,CC(C)C[C@H]1NC(=O)[C@@H](C)N(C)C(=O)[C@@H]2CCCN2C(=O)[C@H](Cc2ccccc2)NC(=O)CN(Cc2ccccc2)C(=O)[C@H]2CCCN2C(=O)[C@@H](CC(C)C)NC1=O,1411.0,298.15,101.2924,57.4384,43.854,8.5157,43.854,91.9396,0.044093,168.54,0.573,44.741,1411.0,
dP.dA.Pye.dL.Abu.L,CC[C@@H]1NC(=O)[C@@H](CC(C)C)NC(=O)[C@H](CCC(=O)N2CCCC2)NC(=O)[C@@H](C)NC(=O)[C@H]2CCCN2C(=O)[C@H](CC(C)C)NC1=O,1071.0,298.15,106.6676,55.9297,50.7379,11.0864,50.7379,76.446,0.060267,186.12,0.397,59.941,1071.0,
dP.A.Me_dL.bHph.P.dL.F,CC(C)C[C@@H]1C(=O)N[C@@H](Cc2ccccc2)CC(=O)N2CCC[C@H]2C(=O)N[C@H](CC(C)C)C(=O)N[C@@H](Cc2ccccc2)C(=O)N2CCC[C@@H]2C(=O)N[C@@H](C)C(=O)N1C,2561.0,298.15,82.5901,40.3637,42.2264,8.5063,42.2264,66.9583,0.041461,177.33,0.371,55.04,2561.0,
dP.dL.Pye.dL.Phg.L,CC(C)C[C@@H]1NC(=O)[C@H](c2ccccc2)NC(=O)[C@@H](CC(C)C)NC(=O)[C@H](CCC(=O)N2CCCC2)NC(=O)[C@@H](CC(C)C)NC(=O)[C@H]2CCCN2C1=O,1719.0,298.15,98.9912,45.8015,53.1897,8.0274,53.1897,76.5073,0.055849,186.12,0.279,62.247,1719.0,
P.A.meL.dL.P.dL.F,CC(C)C[C@H]1NC(=O)[C@@H]2CCCN2C(=O)[C@@H](CC(C)C)NC(=O)[C@H](CC(C)C)N(C)C(=O)[C@H](C)NC(=O)[C@@H]2CCCN2C(=O)[C@H](Cc2ccccc2)NC1=O,3364.0,298.15,85.941,53.2341,32.7069,6.6922,32.7069,65.7466,0.033853,177.32999999999998,0.472,54.066,3364.0,
Pr_Gly.Me_dL.L.P.dL.F,CCCN1CC(=O)N(C)[C@H](CC(C)C)C(=O)N[C@@H](CC(C)C)C(=O)N2CCC[C@H]2C(=O)N[C@H](CC(C)C)C(=O)N[C@@H](Cc2ccccc2)C1=O,4486.0,298.15,80.3239,38.4479,41.876,9.6566,41.876,67.3366,0.044516,148.23,0.33,62.741,4486.0,
A.cHexCH2_Gly.dL.Nle.dP.Et_Gly,CCCC[C@@H]1NC(=O)[C@@H](CC(C)C)NC(=O)CN(CC2CCCCC2)C(=O)[C@H](C)NC(=O)CN(CC)C(=O)[C@H]2CCCN2C1=O,3491.0,298.15,91.3126,59.2715,32.0411,5.9884,32.0411,78.6849,0.037232,148.23000000000002,0.887,8.799,3491.0,
P.meA.Bn_Gly.meL.P.Bn_Gly.F,CC(C)C[C@H]1C(=O)N2CCC[C@H]2C(=O)N(Cc2ccccc2)CC(=O)N[C@@H](Cc2ccccc2)C(=O)N2CCC[C@H]2C(=O)N(C)[C@@H](C)C(=O)N(Cc2ccccc2)CC(=O)N1C,525.0,298.15,88.5356,63.3939,25.1417,5.3095,25.1417,78.6263,0.023658,150.96,0.632,35.658,525.0,
dP.dPye.A.dL.Hph.L,CC(C)C[C@@H]1NC(=O)[C@H](CCc2ccccc2)NC(=O)[C@@H](CC(C)C)NC(=O)[C@H](C)NC(=O)[C@@H](CCC(=O)N2CCCC2)NC(=O)[C@H]2CCCN2C1=O,745.0,298.15,83.4915,62.1449,21.3466,3.7405,21.3466,75.8648,0.023559,186.12,0.514,28.946,745.0,
A.Bn_Gly.meL.Nle.dP.Mono44,CCCC[C@@H]1NC(=O)[C@H](CC(C)C)N(C)C(=O)CN(Cc2ccccc2)C(=O)[C@H](C)NC(=O)CN(Cc2cc(CC(C)C)on2)C(=O)[C@H]2CCCN2C1=O,7291.0,298.15,107.1294,58.6048,48.5246,9.5683,48.5246,83.5672,0.04657,165.46999999999997,0.606,35.48,7291.0,
dP.dCha.Pye.dL.Nal.L,CC(C)C[C@@H]1NC(=O)[C@H](Cc2ccc3ccccc3c2)NC(=O)[C@@H](CC(C)C)NC(=O)[C@H](CCC(=O)N2CCCC2)NC(=O)[C@@H](CC2CCCCC2)NC(=O)[C@H]2CCCN2C1=O,3480.0,298.15,100.7727,55.9307,44.842,7.783,44.842,72.3662,0.040981,186.12,0.72,17.782,3480.0,
A.meL.L.dP.Bn_Gly.F,CC(C)C[C@@H]1NC(=O)[C@H](CC(C)C)N(C)C(=O)[C@H](C)NC(=O)[C@H](Cc2ccccc2)NC(=O)CN(Cc2ccccc2)C(=O)[C@H]2CCCN2C1=O,2583.0,298.15,113.8263,45.787,68.0393,13.966,68.0393,70.5338,0.075223,148.23000000000002,0.721,18.759,2583.0,
dP.A.dL.L.dP.dL.F,CC(C)C[C@@H]1NC(=O)[C@@H](CC(C)C)NC(=O)[C@H](C)NC(=O)[C@H]2CCCN2C(=O)[C@H](Cc2ccccc2)NC(=O)[C@@H](CC(C)C)NC(=O)[C@H]2CCCN2C1=O,1558.0,298.15,103.123,56.2017,46.9213,8.6397,46.9213,69.1707,0.048397,186.12,0.282,72.424,1558.0,
P.Pr_Gly.L.Me_dL.dP.Bn_Gly.F,CCCN1CC(=O)N[C@@H](CC(C)C)C(=O)N(C)[C@H](CC(C)C)C(=O)N2CCC[C@@H]2C(=O)N(Cc2ccccc2)CC(=O)N[C@@H](Cc2ccccc2)C(=O)N2CCC[C@H]2C1=O,4931.0,298.15,89.734,53.8009,35.9331,8.3238,35.9331,75.7285,0.037315,159.75,1.053,16.222,4931.0,
dP.bHph.meL.Bn_Gly.P.Bn_Gly.F,CC(C)C[C@H]1C(=O)N(Cc2ccccc2)CC(=O)N2CCC[C@H]2C(=O)N(Cc2ccccc2)CC(=O)N[C@@H](Cc2ccccc2)C(=O)N2CCC[C@@H]2C(=O)N[C@@H](Cc2ccccc2)CC(=O)N1C,2459.0,298.15,82.8429,38.3966,44.4463,8.0169,44.4463,53.6572,0.038789,159.75,0.819,10.065,2459.0,
dP.bHph.meL.Bn_Gly.P.L.F,CC(C)C[C@@H]1NC(=O)[C@@H]2CCCN2C(=O)CN(Cc2ccccc2)C(=O)[C@H](CC(C)C)N(C)C(=O)C[C@H](Cc2ccccc2)NC(=O)[C@H]2CCCN2C(=O)[C@H](Cc2ccccc2)NC1=O,1951.0,298.15,98.8019,43.7021,55.0998,10.9257,55.0998,71.4793,0.050863,168.54,0.381,47.101,1951.0,
A.L.Me_dL.P.dL.F,CC(C)C[C@@H]1NC(=O)[C@H](C)NC(=O)[C@H](Cc2ccccc2)NC(=O)[C@@H](CC(C)C)NC(=O)[C@@H]2CCCN2C(=O)[C@@H](CC(C)C)N(C)C1=O,951.0,298.15,90.3842,55.6052,34.779,6.5272,34.779,63.7943,0.039384,157.02,0.311,59.625,951.0,
P.meA.L.dL.P.meL.F,CC(C)C[C@@H]1NC(=O)[C@H](C)N(C)C(=O)[C@@H]2CCCN2C(=O)[C@H](Cc2ccccc2)NC(=O)[C@H](CC(C)C)N(C)C(=O)[C@@H]2CCCN2C(=O)[C@@H](CC(C)C)NC1=O,4004.0,298.15,97.2576,43.4923,53.7653,9.7291,53.7653,69.6975,0.055808,168.54,0.337,51.511,4004.0,
P.Pr_Gly.dL.Bn_Gly.P.dL.F,CCCN1CC(=O)N[C@H](CC(C)C)C(=O)N(Cc2ccccc2)CC(=O)N2CCC[C@H]2C(=O)N[C@H](CC(C)C)C(=O)N[C@@H](Cc2ccccc2)C(=O)N2CCC[C@H]2C1=O,5944.0,298.15,105.3277,77.2581,28.0696,5.2465,28.0696,91.812,0.028566,168.54,0.868,25.404,5944.0,
F.cHexCH2_Gly.dL.Nle.dP.Mono34,CCCC[C@@H]1NC(=O)[C@@H](CC(C)C)NC(=O)CN(CC2CCCCC2)C(=O)[C@H](Cc2ccccc2)NC(=O)CN(CCCOC(C)C)C(=O)[C@H]2CCCN2C1=O,7635.0,298.15,90.0704,44.6641,45.4063,6.8461,45.4063,70.7844,0.043709,157.46,0.503,39.013,7635.0,
bHph.meL.dL.P.Bn_Gly.F,CC(C)C[C@H]1NC(=O)[C@H](CC(C)C)N(C)C(=O)C[C@H](Cc2ccccc2)NC(=O)[C@H](Cc2ccccc2)NC(=O)CN(Cc2ccccc2)C(=O)[C@@H]2CCCN2C1=O,1261.0,298.15,75.7328,39.5168,36.216,7.2574,36.216,53.6857,0.035466,148.23000000000002,0.481,52.993,1261.0,
dP.dA.meL.Bn_Gly.dP.Me_dL.F,CC(C)C[C@@H]1C(=O)N[C@@H](Cc2ccccc2)C(=O)N2CCC[C@@H]2C(=O)N[C@H](C)C(=O)N(C)[C@@H](CC(C)C)C(=O)N(Cc2ccccc2)CC(=O)N2CCC[C@@H]2C(=O)N1C,1712.0,298.15,91.0314,43.4839,47.5475,11.6821,47.5475,64.5462,0.047708,159.75000000000003,0.571,50.138,1712.0,
dP.Me_dA.dL.Bn_Gly.dP.meL.F,CC(C)C[C@H]1NC(=O)[C@@H](C)N(C)C(=O)[C@H]2CCCN2C(=O)[C@H](Cc2ccccc2)NC(=O)[C@H](CC(C)C)N(C)C(=O)[C@H]2CCCN2C(=O)CN(Cc2ccccc2)C1=O,2364.0,298.15,81.8409,34.563,47.2779,11.0827,47.2779,61.2454,0.048011,159.75,0.39,55.258,2364.0,
P.meA.Me_dL.Me_dL.P.dL.F,CC(C)C[C@@H]1C(=O)N2CCC[C@H]2C(=O)N[C@H](CC(C)C)C(=O)N[C@@H](Cc2ccccc2)C(=O)N2CCC[C@H]2C(=O)N(C)[C@@H](C)C(=O)N(C)[C@H](CC(C)C)C(=O)N1C,1777.0,298.15,76.7973,51.7128,25.0845,4.9292,25.0845,62.4462,0.025143,159.75000000000003,0.656,34.346,1777.0,
P.Pr_Gly.dL.bHph.P.L.F,CCCN1CC(=O)N[C@H](CC(C)C)C(=O)N[C@@H](Cc2ccccc2)CC(=O)N2CCC[C@H]2C(=O)N[C@@H](CC(C)C)C(=O)N[C@@H](Cc2ccccc2)C(=O)N2CCC[C@H]2C1=O,2151.0,298.15,97.5505,27.604,69.9465,11.0206,69.9465,81.2275,0.065914,177.32999999999998,0.362,28.457,2151.0,
A.Me_dL.Me_dL.P.dL.F,CC(C)C[C@@H]1C(=O)N(C)[C@H](CC(C)C)C(=O)N2CCC[C@H]2C(=O)N[C@H](CC(C)C)C(=O)N[C@@H](Cc2ccccc2)C(=O)N[C@@H](C)C(=O)N1C,2648.0,298.15,85.6962,36.7697,48.9265,8.76,48.9265,49.2987,0.055164,148.23,0.31,53.108,2648.0,
P.Me_dA.L.Bn_Gly.dP.Bn_Gly.F,CC(C)C[C@@H]1NC(=O)[C@@H](C)N(C)C(=O)[C@@H]2CCCN2C(=O)[C@H](Cc2ccccc2)NC(=O)CN(Cc2ccccc2)C(=O)[C@H]2CCCN2C(=O)CN(Cc2ccccc2)C1=O,1032.0,298.15,88.4698,60.9807,27.4891,5.7676,27.4891,78.2128,0.029451,159.75,0.444,45.243,1032.0,
dA.Me_dL.L.dP.dL.F,CC(C)C[C@@H]1NC(=O)[C@@H](CC(C)C)N(C)C(=O)[C@@H](C)NC(=O)[C@H](Cc2ccccc2)NC(=O)[C@@H](CC(C)C)NC(=O)[C@H]2CCCN2C1=O,1685.0,298.15,86.6431,43.2395,43.4036,6.4035,43.4036,62.6557,0.047362,157.02,0.461,47.418,1685.0,
dA.dL.meL.dP.Me_dL.F,CC(C)C[C@@H]1C(=O)N[C@@H](Cc2ccccc2)C(=O)N[C@H](C)C(=O)N[C@H](CC(C)C)C(=O)N(C)[C@@H](CC(C)C)C(=O)N2CCC[C@@H]2C(=O)N1C,1605.0,298.15,100.9678,39.003,61.9648,11.8702,61.9648,60.5023,0.070956,148.23000000000002,0.471,37.42,1605.0,
dP.dA.L.Bn_Gly.dP.L.F,CC(C)C[C@@H]1NC(=O)[C@H]2CCCN2C(=O)CN(Cc2ccccc2)C(=O)[C@H](CC(C)C)NC(=O)[C@@H](C)NC(=O)[C@H]2CCCN2C(=O)[C@H](Cc2ccccc2)NC1=O,909.0,298.15,96.396,56.7922,39.6038,7.6583,39.6038,74.1053,0.04123,177.32999999999998,0.404,57.286,909.0,
P.bHph.L.L.P.Bn_Gly.F,CC(C)C[C@@H]1NC(=O)C[C@H](Cc2ccccc2)NC(=O)[C@@H]2CCCN2C(=O)[C@H](Cc2ccccc2)NC(=O)CN(Cc2ccccc2)C(=O)[C@@H]2CCCN2C(=O)[C@H](CC(C)C)NC1=O,1922.0,298.15,100.0923,70.1597,29.9326,5.5639,29.9326,84.9745,0.028836,177.33,0.482,52.161,1922.0,
F.cHexCH2_Gly.dL.Nle.P.Mono34,CCCC[C@@H]1NC(=O)[C@@H](CC(C)C)NC(=O)CN(CC2CCCCC2)C(=O)[C@H](Cc2ccccc2)NC(=O)CN(CCCOC(C)C)C(=O)[C@@H]2CCCN2C1=O,7796.0,298.15,90.8404,45.4831,45.3573,10.7247,45.3573,59.4014,0.046425,157.46,0.453,60.508,7796.0,
meA.dL.Me_dL.P.L.F,CC(C)C[C@@H]1NC(=O)[C@@H]2CCCN2C(=O)[C@@H](CC(C)C)N(C)C(=O)[C@@H](CC(C)C)NC(=O)[C@H](C)N(C)C(=O)[C@H](Cc2ccccc2)NC1=O,1781.0,298.15,78.0894,30.4272,47.6622,8.7355,47.6622,42.4429,0.051745,148.23,0.45,42.956,1781.0,
P.A.Bn_Gly.Me_dL.P.Bn_Gly.F,CC(C)C[C@@H]1C(=O)N2CCC[C@H]2C(=O)N(Cc2ccccc2)CC(=O)N[C@@H](Cc2ccccc2)C(=O)N2CCC[C@H]2C(=O)N[C@@H](C)C(=O)N(Cc2ccccc2)CC(=O)N1C,668.0,298.15,80.8955,37.7755,43.12,7.9555,43.12,56.9024,0.042326,159.75,0.54,41.454,668.0,
A.pentyl_Gly.dL.Nle.dP.Et_Gly,CCCCCN1CC(=O)N[C@H](CC(C)C)C(=O)N[C@@H](CCCC)C(=O)N2CCC[C@@H]2C(=O)N(CC)CC(=O)N[C@@H](C)C1=O,7485.0,298.15,92.3353,61.7828,30.5525,6.5109,30.5525,77.0362,0.037075,148.23,0.988,7.212,7485.0,
bHph.Me_dL.dL.P.Bn_Gly.F,CC(C)C[C@@H]1C(=O)N[C@H](CC(C)C)C(=O)N2CCC[C@H]2C(=O)N(Cc2ccccc2)CC(=O)N[C@@H](Cc2ccccc2)C(=O)N[C@@H](Cc2ccccc2)CC(=O)N1C,2075.0,298.15,81.6439,33.3619,48.282,11.2477,48.282,66.7745,0.048411,148.23,0.515,36.4,2075.0,
P.Me_dA.meL.dL.dP.Me_dL.F,CC(C)C[C@@H]1C(=O)N[C@@H](Cc2ccccc2)C(=O)N2CCC[C@H]2C(=O)N(C)[C@H](C)C(=O)N(C)[C@@H](CC(C)C)C(=O)N[C@H](CC(C)C)C(=O)N2CCC[C@@H]2C(=O)N1C,1252.0,298.15,96.1595,42.2614,53.8981,8.53,53.8981,81.9688,0.053956,159.75,0.608,31.763,1252.0,
Pr_Gly.dL.meL.P.Bn_Gly.F,CCCN1CC(=O)N[C@H](CC(C)C)C(=O)N(C)[C@@H](CC(C)C)C(=O)N2CCC[C@H]2C(=O)N(Cc2ccccc2)CC(=O)N[C@@H](Cc2ccccc2)C1=O,1865.0,298.15,85.5213,39.3612,46.1601,8.2561,46.1601,67.0242,0.046862,139.44,0.415,44.922,1865.0,
meA.dL.L.dP.L.F,CC(C)C[C@@H]1NC(=O)[C@H]2CCCN2C(=O)[C@H](CC(C)C)NC(=O)[C@@H](CC(C)C)NC(=O)[C@H](C)N(C)C(=O)[C@H](Cc2ccccc2)NC1=O,2692.0,298.15,86.41,27.9237,58.4863,13.8021,58.4863,43.2782,0.065187,157.02,0.376,50.165,2692.0,
meA.Sar.dF.dL.P.Y,CC(C)C[C@H]1NC(=O)[C@@H](Cc2ccccc2)NC(=O)CN(C)C(=O)[C@H](C)N(C)C(=O)[C@H](Cc2ccc(O)cc2)NC(=O)[C@@H]2CCCN2C1=O,763.0,298.15,129.5641,66.2614,63.3027,12.7576,63.3027,100.8536,0.074707,168.45999999999998,0.528,12.891,763.0,
dP.meA.meL.L.dP.Bn_Gly.F,CC(C)C[C@@H]1NC(=O)[C@H](CC(C)C)N(C)C(=O)[C@H](C)N(C)C(=O)[C@H]2CCCN2C(=O)[C@H](Cc2ccccc2)NC(=O)CN(Cc2ccccc2)C(=O)[C@H]2CCCN2C1=O,1328.0,298.15,92.4536,50.7031,41.7505,7.4617,41.7505,72.9511,0.042559,159.75,0.355,55.469,1328.0,
L.L.dL.dP.P.Y,CC(C)C[C@@H]1NC(=O)[C@H](Cc2ccc(O)cc2)NC(=O)[C@@H]2CCCN2C(=O)[C@H]2CCCN2C(=O)[C@@H](CC(C)C)NC(=O)[C@H](CC(C)C)NC1=O,2684.0,298.15,125.1556,80.1489,45.0067,8.096,45.0067,107.0379,0.048711,177.25,0.524,36.392,2684.0,
F.cHexCH2_Gly.meL.Nle.P.Mono1,CCCC[C@@H]1NC(=O)[C@H](CC(C)C)N(C)C(=O)CN(CC2CCCCC2)C(=O)[C@H](Cc2ccccc2)NC(=O)CN(Cc2ccc3c(c2)OCO3)C(=O)[C@@H]2CCCN2C1=O,5683.0,298.15,126.188,80.5109,45.6771,10.5184,45.6771,92.3929,0.046437,157.9,0.986,11.256,5683.0,
dP.Pr_Gly.dL.meL.dP.meL.F,CCCN1CC(=O)N[C@H](CC(C)C)C(=O)N(C)[C@@H](CC(C)C)C(=O)N2CCC[C@@H]2C(=O)N(C)[C@@H](CC(C)C)C(=O)N[C@@H](Cc2ccccc2)C(=O)N2CCC[C@@H]2C1=O,3992.0,298.15,68.5776,33.4888,35.0888,7.5333,35.0888,44.0326,0.036547,159.75,0.189,85.035,3992.0,
Me_dA.L.dL.dP.L.F,CC(C)C[C@@H]1NC(=O)[C@@H](C)N(C)C(=O)[C@H](Cc2ccccc2)NC(=O)[C@H](CC(C)C)NC(=O)[C@H]2CCCN2C(=O)[C@@H](CC(C)C)NC1=O,1867.0,298.15,95.4404,48.5098,46.9306,9.7273,46.9306,54.5314,0.052251,157.02,0.301,66.608,1867.0,
dP.bHph.dL.meL.dP.L.F,CC(C)C[C@@H]1NC(=O)[C@H]2CCCN2C(=O)[C@H](CC(C)C)N(C)C(=O)[C@@H](CC(C)C)NC(=O)C[C@H](Cc2ccccc2)NC(=O)[C@H]2CCCN2C(=O)[C@H](Cc2ccccc2)NC1=O,3323.0,298.15,92.9183,35.3102,57.6081,11.674,57.6081,69.7022,0.056954,177.32999999999998,0.215,50.398,3323.0,
Me_dA.meL.Bn_Gly.dP.Bn_Gly.F,CC(C)C[C@H]1C(=O)N(Cc2ccccc2)CC(=O)N2CCC[C@@H]2C(=O)N(Cc2ccccc2)CC(=O)N[C@@H](Cc2ccccc2)C(=O)N(C)[C@H](C)C(=O)N1C,2037.0,298.15,94.3499,52.7555,41.5944,7.524,41.5944,74.7945,0.043467,130.65,0.531,22.414,2037.0,
P.A.L.dL.P.meL.F,CC(C)C[C@@H]1NC(=O)[C@H](C)NC(=O)[C@@H]2CCCN2C(=O)[C@H](Cc2ccccc2)NC(=O)[C@H](CC(C)C)N(C)C(=O)[C@@H]2CCCN2C(=O)[C@@H](CC(C)C)NC1=O,3678.0,298.15,100.3274,57.3647,42.9627,9.7982,42.9627,65.7428,0.044676,177.33,0.464,42.649,3678.0,
dP.meA.dL.Bn_Gly.P.dL.F,CC(C)C[C@H]1NC(=O)[C@@H]2CCCN2C(=O)CN(Cc2ccccc2)C(=O)[C@@H](CC(C)C)NC(=O)[C@H](C)N(C)C(=O)[C@H]2CCCN2C(=O)[C@H](Cc2ccccc2)NC1=O,3756.0,298.15,93.8631,44.5016,49.3615,12.7561,49.3615,56.8657,0.049317,168.54,0.895,15.858,3756.0,
dP.Me_dA.meL.meL.dP.meL.F,CC(C)C[C@H]1C(=O)N(C)[C@@H](CC(C)C)C(=O)N2CCC[C@@H]2C(=O)N(C)[C@@H](CC(C)C)C(=O)N[C@@H](Cc2ccccc2)C(=O)N2CCC[C@@H]2C(=O)N(C)[C@H](C)C(=O)N1C,2568.0,298.15,82.5232,49.1449,33.3783,7.1756,33.3783,62.3293,0.032754,150.96,0.635,34.843,2568.0,
dP.A.Me_dL.meL.dP.Bn_Gly.F,CC(C)C[C@@H]1C(=O)N(C)[C@@H](CC(C)C)C(=O)N2CCC[C@@H]2C(=O)N(Cc2ccccc2)CC(=O)N[C@@H](Cc2ccccc2)C(=O)N2CCC[C@@H]2C(=O)N[C@@H](C)C(=O)N1C,2316.0,298.15,87.1475,48.4757,38.6718,6.6268,38.6718,63.9251,0.037735,159.75,0.752,16.654,2316.0,
dP.Pr_Gly.Bn_Gly.Bn_Gly.dP.Me_dL.F,CCCN1CC(=O)N(Cc2ccccc2)CC(=O)N(Cc2ccccc2)CC(=O)N2CCC[C@@H]2C(=O)N(C)[C@H](CC(C)C)C(=O)N[C@@H](Cc2ccccc2)C(=O)N2CCC[C@@H]2C1=O,1552.0,298.15,87.5437,34.5204,53.0233,9.8155,53.0233,60.4889,0.05089,150.96,0.695,16.711,1552.0,
P.Pr_Gly.Bn_Gly.dL.P.L.F,CCCN1CC(=O)N(Cc2ccccc2)CC(=O)N[C@H](CC(C)C)C(=O)N2CCC[C@H]2C(=O)N[C@@H](CC(C)C)C(=O)N[C@@H](Cc2ccccc2)C(=O)N2CCC[C@H]2C1=O,2432.0,298.15,100.4485,48.9569,51.4916,7.0914,51.4916,65.2701,0.053822,168.54,0.37,43.373,2432.0,
dP.meA.dL.Me_dL.dP.meL.F,CC(C)C[C@@H]1C(=O)N2CCC[C@@H]2C(=O)N(C)[C@@H](CC(C)C)C(=O)N[C@@H](Cc2ccccc2)C(=O)N2CCC[C@@H]2C(=O)N(C)[C@@H](C)C(=O)N[C@H](CC(C)C)C(=O)N1C,3553.0,298.15,86.1804,56.5195,29.6609,6.2473,29.6609,72.7493,0.030834,159.75,0.552,61.266,3553.0,
L.meT.L.dP.meA.L.meT.L.dP.meA,CC(C)C[C@@H]1NC(=O)[C@H](C)N(C)C(=O)[C@H]2CCCN2C(=O)[C@H](CC(C)C)NC(=O)[C@H]([C@@H](C)O)N(C)C(=O)[C@H](CC(C)C)NC(=O)[C@H](C)N(C)C(=O)[C@H]2CCCN2C(=O)[C@H](CC(C)C)NC(=O)[C@H]([C@@H](C)O)N(C)C1=O,3847.0,298.15,117.076,63.5603,53.5157,13.5953,53.5157,82.2849,0.045502,278.71999999999997,0.156,84.381,3847.0,
bHph.Bn_Gly.dL.P.dL.F,CC(C)C[C@H]1NC(=O)[C@@H]2CCCN2C(=O)[C@@H](CC(C)C)NC(=O)CN(Cc2ccccc2)C(=O)C[C@H](Cc2ccccc2)NC(=O)[C@H](Cc2ccccc2)NC1=O,1652.0,298.15,89.4864,38.8241,50.6623,11.2375,50.6623,84.379,0.05037,157.01999999999998,0.361,68.027,1652.0,
dP.bHph.Bn_Gly.Me_dL.P.L.F,CC(C)C[C@@H]1NC(=O)[C@@H]2CCCN2C(=O)[C@@H](CC(C)C)N(C)C(=O)CN(Cc2ccccc2)C(=O)C[C@H](Cc2ccccc2)NC(=O)[C@H]2CCCN2C(=O)[C@H](Cc2ccccc2)NC1=O,4137.0,298.15,87.8077,43.5403,44.2674,10.5275,44.2674,74.3632,0.040687,168.54,0.452,38.905,4137.0,
dP.bHph.dL.dL.P.Me_dL.F,CC(C)C[C@@H]1C(=O)N[C@@H](Cc2ccccc2)C(=O)N2CCC[C@@H]2C(=O)N[C@@H](Cc2ccccc2)CC(=O)N[C@H](CC(C)C)C(=O)N[C@H](CC(C)C)C(=O)N2CCC[C@H]2C(=O)N1C,1409.0,298.15,91.3157,29.8225,61.4932,7.7822,61.4932,44.0217,0.062441,177.33,0.098,60.447,1409.0,
dP.bHph.Me_dL.Bn_Gly.dP.meL.F,CC(C)C[C@@H]1C(=O)N(Cc2ccccc2)CC(=O)N2CCC[C@@H]2C(=O)N(C)[C@@H](CC(C)C)C(=O)N[C@@H](Cc2ccccc2)C(=O)N2CCC[C@@H]2C(=O)N[C@@H](Cc2ccccc2)CC(=O)N1C,2003.0,298.15,65.9528,37.3215,28.6313,7.173,28.6313,55.6234,0.026451,159.75,0.43,35.42,2003.0,
dP.meA.Bn_Gly.L.P.Bn_Gly.F,CC(C)C[C@@H]1NC(=O)CN(Cc2ccccc2)C(=O)[C@H](C)N(C)C(=O)[C@H]2CCCN2C(=O)[C@H](Cc2ccccc2)NC(=O)CN(Cc2ccccc2)C(=O)[C@@H]2CCCN2C1=O,605.0,298.15,90.3651,62.3708,27.9943,8.3344,27.9943,69.9266,0.027119,159.75,0.499,26.936,605.0,
dP.dA.L.meL.dP.meL.F,CC(C)C[C@@H]1NC(=O)[C@@H](C)NC(=O)[C@H]2CCCN2C(=O)[C@H](Cc2ccccc2)NC(=O)[C@H](CC(C)C)N(C)C(=O)[C@H]2CCCN2C(=O)[C@H](CC(C)C)N(C)C1=O,1672.0,298.15,74.7173,46.1496,28.5677,4.8269,28.5677,62.6828,0.029693,168.54000000000002,0.151,82.843,1672.0,
dP.Pr_Gly.L.dL.P.Bn_Gly.F,CCCN1CC(=O)N[C@@H](CC(C)C)C(=O)N[C@H](CC(C)C)C(=O)N2CCC[C@H]2C(=O)N(Cc2ccccc2)CC(=O)N[C@@H](Cc2ccccc2)C(=O)N2CCC[C@@H]2C1=O,2705.0,298.15,95.1471,46.9776,48.1695,11.4927,48.1695,58.9817,0.04863,168.54,0.497,26.508,2705.0,
meA.meL.bHph.dP.dL.F,CC(C)C[C@H]1NC(=O)[C@H]2CCCN2C(=O)C[C@H](Cc2ccccc2)NC(=O)[C@H](CC(C)C)N(C)C(=O)[C@H](C)N(C)C(=O)[C@H](Cc2ccccc2)NC1=O,652.0,298.15,65.9122,35.3912,30.521,8.2821,30.521,57.5131,0.032256,148.23,0.279,32.778,652.0,
P.A.Me_dL.meL.P.L.F,CC(C)C[C@@H]1NC(=O)[C@@H]2CCCN2C(=O)[C@H](CC(C)C)N(C)C(=O)[C@@H](CC(C)C)N(C)C(=O)[C@H](C)NC(=O)[C@@H]2CCCN2C(=O)[C@H](Cc2ccccc2)NC1=O,3537.0,298.15,113.071,55.9309,57.1401,15.1725,57.1401,57.3301,0.058619,168.54,0.476,62.99,3537.0,
Me_dA.dL.L.P.Me_dL.F,CC(C)C[C@@H]1NC(=O)[C@@H](CC(C)C)NC(=O)[C@@H](C)N(C)C(=O)[C@H](Cc2ccccc2)NC(=O)[C@@H](CC(C)C)N(C)C(=O)[C@@H]2CCCN2C1=O,4082.0,298.15,84.1792,39.2228,44.9564,9.3473,44.9564,59.6583,0.047687,148.23000000000002,0.636,25.138,4082.0,
dP.A.L.dL.P.dL.F,CC(C)C[C@@H]1NC(=O)[C@H](C)NC(=O)[C@H]2CCCN2C(=O)[C@H](Cc2ccccc2)NC(=O)[C@@H](CC(C)C)NC(=O)[C@@H]2CCCN2C(=O)[C@@H](CC(C)C)NC1=O,3463.0,298.15,97.1858,52.2771,44.9087,12.337,44.9087,65.5133,0.046658,186.12,0.231,69.999,3463.0,
Me_dA.L.L.P.Me_dL.F,CC(C)C[C@@H]1NC(=O)[C@@H](C)N(C)C(=O)[C@H](Cc2ccccc2)NC(=O)[C@@H](CC(C)C)N(C)C(=O)[C@@H]2CCCN2C(=O)[C@H](CC(C)C)NC1=O,2225.0,298.15,84.821,48.2496,36.5714,6.7511,36.5714,72.1648,0.040709,148.23,0.533,41.891,2225.0,
dA.L.Me_dL.dP.Bn_Gly.F,CC(C)C[C@@H]1NC(=O)[C@@H](C)NC(=O)[C@H](Cc2ccccc2)NC(=O)CN(Cc2ccccc2)C(=O)[C@H]2CCCN2C(=O)[C@@H](CC(C)C)N(C)C1=O,365.0,298.15,99.3108,58.2105,41.1003,8.5216,41.1003,70.0725,0.045029,148.23000000000002,0.375,39.521,365.0,
dA.dL.L.P.Me_dL.F,CC(C)C[C@@H]1NC(=O)[C@@H](CC(C)C)NC(=O)[C@@H](C)NC(=O)[C@H](Cc2ccccc2)NC(=O)[C@@H](CC(C)C)N(C)C(=O)[C@@H]2CCCN2C1=O,4652.0,298.15,98.2053,45.7431,52.4622,13.3002,52.4622,60.1362,0.057599,157.02,0.724,34.047,4652.0,
P.bHph.L.dL.P.dL.F,CC(C)C[C@@H]1NC(=O)C[C@H](Cc2ccccc2)NC(=O)[C@@H]2CCCN2C(=O)[C@H](Cc2ccccc2)NC(=O)[C@@H](CC(C)C)NC(=O)[C@@H]2CCCN2C(=O)[C@@H](CC(C)C)NC1=O,2264.0,298.15,91.4238,39.6955,51.7283,8.4772,51.7283,57.0855,0.048486,186.12,0.259,63.017,2264.0,
P.Me_dA.Me_dL.Bn_Gly.P.L.F,CC(C)C[C@@H]1NC(=O)[C@@H]2CCCN2C(=O)CN(Cc2ccccc2)C(=O)[C@@H](CC(C)C)N(C)C(=O)[C@@H](C)N(C)C(=O)[C@@H]2CCCN2C(=O)[C@H](Cc2ccccc2)NC1=O,2370.0,298.15,101.0128,50.7591,50.2537,10.0695,50.2537,66.4309,0.050449,159.75,0.444,30.19,2370.0,
P.bHph.dL.Bn_Gly.dP.dL.F,CC(C)C[C@H]1NC(=O)[C@H]2CCCN2C(=O)CN(Cc2ccccc2)C(=O)[C@@H](CC(C)C)NC(=O)C[C@H](Cc2ccccc2)NC(=O)[C@@H]2CCCN2C(=O)[C@H](Cc2ccccc2)NC1=O,1087.0,298.15,94.0861,49.2325,44.8536,9.7088,44.8536,69.0669,0.043248,177.32999999999998,0.471,15.799,1087.0,
dP.dA.L.L.dP.Me_dL.F,CC(C)C[C@@H]1NC(=O)[C@@H](C)NC(=O)[C@H]2CCCN2C(=O)[C@H](Cc2ccccc2)NC(=O)[C@@H](CC(C)C)N(C)C(=O)[C@H]2CCCN2C(=O)[C@H](CC(C)C)NC1=O,2170.0,298.15,84.0448,47.162,36.8828,9.7238,36.8828,62.9785,0.038286,177.33,0.392,62.589,2170.0,
A.Mono38.L.Nle.P.Et_Gly,CCCC[C@@H]1NC(=O)[C@H](CC(C)C)NC(=O)CN(CC2CCOCC2)C(=O)[C@H](C)NC(=O)CN(CC)C(=O)[C@@H]2CCCN2C1=O,6246.0,298.15,126.4678,80.6891,45.7787,10.3585,45.7787,92.9775,0.050499,157.46,1.012,10.992,6246.0,
dA.Mono38.L.Nle.P.Mono1,CCCC[C@@H]1NC(=O)[C@H](CC(C)C)NC(=O)CN(CC2CCOCC2)C(=O)[C@@H](C)NC(=O)CN(Cc2ccc3c(c2)OCO3)C(=O)[C@@H]2CCCN2C1=O,3282.0,298.15,170.6188,120.1407,50.4781,10.1171,50.4781,159.4243,0.050101,175.92,0.704,13.929,3282.0,
L.Me_dAbu.Me_Abu.L.dP.meF,CC[C@@H]1C(=O)N(C)[C@@H](CC)C(=O)N[C@@H](CC(C)C)C(=O)N2CCC[C@@H]2C(=O)N(C)[C@@H](Cc2ccccc2)C(=O)N[C@@H](CC(C)C)C(=O)N1C,2854.0,298.15,79.3143,24.7148,54.5995,8.6313,54.5995,53.7208,0.0601,139.44,0.55,32.624,2854.0,
dP.Me_dA.meL.dL.dP.Bn_Gly.F,CC(C)C[C@H]1NC(=O)[C@H](CC(C)C)N(C)C(=O)[C@@H](C)N(C)C(=O)[C@H]2CCCN2C(=O)[C@H](Cc2ccccc2)NC(=O)CN(Cc2ccccc2)C(=O)[C@H]2CCCN2C1=O,1375.0,298.15,88.8909,65.388,23.5029,4.7574,23.5029,75.7839,0.023539,159.75,0.26,73.126,1375.0,
dP.dL.dL.L.dL.Y,CC(C)C[C@@H]1NC(=O)[C@@H](CC(C)C)NC(=O)[C@@H](CC(C)C)NC(=O)[C@H]2CCCN2C(=O)[C@H](Cc2ccc(O)cc2)NC(=O)[C@@H](CC(C)C)NC1=O,2758.0,298.15,107.0476,70.2573,36.7903,6.1963,36.7903,96.598,0.038312,186.04,0.17,38.852,2758.0,
Ala(tBu).Tza.dP.Mono48.Ser(Bn).dF,CC(C)(C)C[C@@H]1NC(=O)[C@@H](Cc2ccccc2)NC(=O)[C@H](COCc2ccccc2)NC(=O)CN(CCCc2ccc(F)cc2F)C(=O)[C@H]2CCCN2C(=O)[C@H](Cc2cscn2)NC1=O,3920.0,298.15,165.7891,94.2962,71.4929,12.0776,71.4929,124.9151,0.071152,179.14000000000001,0.389,62.859,3920.0,
P.A.dL.L.P.dL.F,CC(C)C[C@@H]1NC(=O)[C@@H](CC(C)C)NC(=O)[C@H](C)NC(=O)[C@@H]2CCCN2C(=O)[C@H](Cc2ccccc2)NC(=O)[C@@H](CC(C)C)NC(=O)[C@@H]2CCCN2C1=O,5819.0,298.15,112.6384,53.8263,58.8121,11.4297,58.8121,103.8999,0.057565,186.12,0.269,68.055,5819.0,
L.dF.dP.F.dL.I,CC[C@H](C)[C@@H]1NC(=O)[C@@H](CC(C)C)NC(=O)[C@H](Cc2ccccc2)NC(=O)[C@H]2CCCN2C(=O)[C@@H](Cc2ccccc2)NC(=O)[C@H](CC(C)C)NC1=O,4510.0,298.15,91.211,38.8594,52.3516,12.9639,52.3516,55.0111,0.051791,165.81,0.246,44.606,4510.0,
dP.Me_dA.L.L.P.L.F,CC(C)C[C@@H]1NC(=O)[C@@H](C)N(C)C(=O)[C@H]2CCCN2C(=O)[C@H](Cc2ccccc2)NC(=O)[C@H](CC(C)C)NC(=O)[C@@H]2CCCN2C(=O)[C@H](CC(C)C)NC1=O,3271.0,298.15,92.666,49.4537,43.2123,7.67,43.2123,83.4097,0.046746,177.32999999999998,0.707,38.028,3271.0,
dA.Mono38.dL.Nle.dP.Mono34,CCCC[C@@H]1NC(=O)[C@@H](CC(C)C)NC(=O)CN(CC2CCOCC2)C(=O)[C@@H](C)NC(=O)CN(CCCOC(C)C)C(=O)[C@H]2CCCN2C1=O,7895.0,298.15,121.6204,69.9793,51.6411,6.783,51.6411,93.4676,0.053818,166.69,0.972,6.944,7895.0,
P.Me_dA.dL.L.P.L.F,CC(C)C[C@@H]1NC(=O)[C@@H]2CCCN2C(=O)[C@H](CC(C)C)NC(=O)[C@@H](CC(C)C)NC(=O)[C@@H](C)N(C)C(=O)[C@@H]2CCCN2C(=O)[C@H](Cc2ccccc2)NC1=O,2658.0,298.15,117.805,67.4538,50.3512,10.6234,50.3512,94.2359,0.049762,177.33,0.238,60.687,2658.0,
dP.meA.meL.bHph.P.dL.F,CC(C)C[C@H]1NC(=O)[C@@H]2CCCN2C(=O)C[C@H](Cc2ccccc2)NC(=O)[C@H](CC(C)C)N(C)C(=O)[C@H](C)N(C)C(=O)[C@H]2CCCN2C(=O)[C@H](Cc2ccccc2)NC1=O,2547.0,298.15,101.3717,41.9762,59.3955,11.3845,59.3955,51.9268,0.06024,168.54,0.216,68.678,2547.0,
dP.A.Me_dL.bHph.P.meL.F,CC(C)C[C@@H]1C(=O)N[C@@H](Cc2ccccc2)CC(=O)N2CCC[C@H]2C(=O)N(C)[C@@H](CC(C)C)C(=O)N[C@@H](Cc2ccccc2)C(=O)N2CCC[C@@H]2C(=O)N[C@@H](C)C(=O)N1C,5954.0,298.15,82.3664,41.1791,41.1873,9.707,41.1873,78.0879,0.039197,168.54,0.538,63.803,5954.0,
dA.Me_dL.Bn_Gly.dP.meL.F,CC(C)C[C@@H]1C(=O)N(Cc2ccccc2)CC(=O)N2CCC[C@@H]2C(=O)N(C)[C@@H](CC(C)C)C(=O)N[C@@H](Cc2ccccc2)C(=O)N[C@H](C)C(=O)N1C,1559.0,298.15,98.0442,38.9713,59.0729,10.0197,59.0729,54.6323,0.063561,139.44,0.827,36.818,1559.0,
dP.dA.Me_dL.L.P.Bn_Gly.F,CC(C)C[C@@H]1NC(=O)[C@@H](CC(C)C)N(C)C(=O)[C@@H](C)NC(=O)[C@H]2CCCN2C(=O)[C@H](Cc2ccccc2)NC(=O)CN(Cc2ccccc2)C(=O)[C@@H]2CCCN2C1=O,2591.0,298.15,95.4947,34.1289,61.3658,9.7789,61.3658,80.3341,0.062519,168.54,0.67,19.037,2591.0,
dP.A.Bn_Gly.meL.dP.meL.F,CC(C)C[C@H]1C(=O)N2CCC[C@@H]2C(=O)N(C)[C@@H](CC(C)C)C(=O)N[C@@H](Cc2ccccc2)C(=O)N2CCC[C@@H]2C(=O)N[C@@H](C)C(=O)N(Cc2ccccc2)CC(=O)N1C,2771.0,298.15,84.9236,44.8331,40.0905,6.872,40.0905,65.9003,0.040339,159.75,0.566,22.76,2771.0,
A.dL.Bn_Gly.P.Bn_Gly.F,CC(C)C[C@H]1NC(=O)[C@H](C)NC(=O)[C@H](Cc2ccccc2)NC(=O)CN(Cc2ccccc2)C(=O)[C@@H]2CCCN2C(=O)CN(Cc2ccccc2)C1=O,1071.0,298.15,94.1584,55.6532,38.5052,7.0175,38.5052,79.4189,0.041206,148.23000000000002,0.699,24.416,1071.0,
dP.bHph.Bn_Gly.bHph.P.L.F,CC(C)C[C@@H]1NC(=O)[C@@H]2CCCN2C(=O)C[C@H](Cc2ccccc2)NC(=O)CN(Cc2ccccc2)C(=O)C[C@H](Cc2ccccc2)NC(=O)[C@H]2CCCN2C(=O)[C@H](Cc2ccccc2)NC1=O,2096.0,298.15,92.1625,42.273,49.8895,10.2852,49.8895,80.1977,0.046091,177.32999999999998,0.965,19.951,2096.0,
dP.dA.Bn_Gly.Bn_Gly.P.L.F,CC(C)C[C@@H]1NC(=O)[C@@H]2CCCN2C(=O)CN(Cc2ccccc2)C(=O)CN(Cc2ccccc2)C(=O)[C@@H](C)NC(=O)[C@H]2CCCN2C(=O)[C@H](Cc2ccccc2)NC1=O,904.0,298.15,95.7369,47.9581,47.7788,9.7191,47.7788,62.1429,0.048615,168.54,0.68,21.908,904.0,
dP.Me_dA.Me_dL.L.dP.dL.F,CC(C)C[C@@H]1NC(=O)[C@@H](CC(C)C)N(C)C(=O)[C@@H](C)N(C)C(=O)[C@H]2CCCN2C(=O)[C@H](Cc2ccccc2)NC(=O)[C@@H](CC(C)C)NC(=O)[C@H]2CCCN2C1=O,1401.0,298.15,85.2814,52.0053,33.2761,8.0812,33.2761,67.945,0.034476,168.54,0.622,35.971,1401.0,
dA.dL.Bn_Gly.P.L.F,CC(C)C[C@@H]1NC(=O)[C@@H]2CCCN2C(=O)CN(Cc2ccccc2)C(=O)[C@@H](CC(C)C)NC(=O)[C@@H](C)NC(=O)[C@H](Cc2ccccc2)NC1=O,1142.0,298.15,92.461,43.5035,48.9575,9.0785,48.9575,63.7362,0.053436,157.01999999999998,0.448,41.283,1142.0,
dP.bHph.L.L.dP.Bn_Gly.F,CC(C)C[C@@H]1NC(=O)C[C@H](Cc2ccccc2)NC(=O)[C@H]2CCCN2C(=O)[C@H](Cc2ccccc2)NC(=O)CN(Cc2ccccc2)C(=O)[C@H]2CCCN2C(=O)[C@H](CC(C)C)NC1=O,1887.0,298.15,108.1505,60.7077,47.4428,9.2456,47.4428,78.9483,0.043165,177.33,0.676,33.342,1887.0,
dP.Me_dA.Me_dL.Bn_Gly.dP.dL.F,CC(C)C[C@@H]1C(=O)N(Cc2ccccc2)CC(=O)N2CCC[C@@H]2C(=O)N[C@H](CC(C)C)C(=O)N[C@@H](Cc2ccccc2)C(=O)N2CCC[C@@H]2C(=O)N(C)[C@H](C)C(=O)N1C,1005.0,298.15,102.7056,49.5354,53.1702,11.402,53.1702,68.4204,0.053693,159.75,0.341,66.347,1005.0,
dP.Pr_Gly.Me_dL.bHph.dP.Me_dL.F,CCCN1CC(=O)N(C)[C@H](CC(C)C)C(=O)N[C@@H](Cc2ccccc2)CC(=O)N2CCC[C@@H]2C(=O)N(C)[C@H](CC(C)C)C(=O)N[C@@H](Cc2ccccc2)C(=O)N2CCC[C@@H]2C1=O,4356.0,298.15,72.7346,35.0726,37.662,6.729,37.662,62.6684,0.03844,159.75,0.337,58.94,4356.0,
meA.dL.dL.P.dL.F,CC(C)C[C@H]1NC(=O)[C@H](C)N(C)C(=O)[C@H](Cc2ccccc2)NC(=O)[C@@H](CC(C)C)NC(=O)[C@@H]2CCCN2C(=O)[C@@H](CC(C)C)NC1=O,1763.0,298.15,87.3829,43.4278,43.9551,12.7493,43.9551,59.8211,0.051264,157.02,0.156,79.041,1763.0,
dP.dA.dL.Me_dL.P.Me_dL.F,CC(C)C[C@@H]1C(=O)N2CCC[C@H]2C(=O)N(C)[C@H](CC(C)C)C(=O)N[C@@H](Cc2ccccc2)C(=O)N2CCC[C@@H]2C(=O)N[C@H](C)C(=O)N[C@H](CC(C)C)C(=O)N1C,3787.0,298.15,108.4669,53.6329,54.834,9.6817,54.834,81.0006,0.058088,168.54,0.412,68.62,3787.0,
Tyr(Me).dP.L.dL.P.L.L,COc1ccc(C[C@@H]2NC(=O)[C@H](CC(C)C)NC(=O)[C@H](CC(C)C)NC(=O)[C@@H]3CCCN3C(=O)[C@@H](CC(C)C)NC(=O)[C@H](CC(C)C)NC(=O)[C@H]3CCCN3C2=O)cc1,3720.0,298.15,100.3234,59.9199,40.4035,7.9722,40.4035,80.8792,0.038269,195.35,0.21,71.469,3720.0,
Me_dA.L.dL.P.dL.F,CC(C)C[C@@H]1NC(=O)[C@@H](C)N(C)C(=O)[C@H](Cc2ccccc2)NC(=O)[C@@H](CC(C)C)NC(=O)[C@@H]2CCCN2C(=O)[C@@H](CC(C)C)NC1=O,2366.0,298.15,97.272,51.8077,45.4643,8.7101,45.4643,62.1445,0.048842,157.02,0.15,50.073,2366.0,
dP.A.Me_dL.Bn_Gly.P.Me_dL.F,CC(C)C[C@@H]1C(=O)N(Cc2ccccc2)CC(=O)N2CCC[C@H]2C(=O)N(C)[C@H](CC(C)C)C(=O)N[C@@H](Cc2ccccc2)C(=O)N2CCC[C@@H]2C(=O)N[C@@H](C)C(=O)N1C,1790.0,298.15,90.1039,38.0612,52.0427,9.974,52.0427,57.968,0.051874,159.75,0.435,63.223,1790.0,
meA.Me_dL.dL.P.Me_dL.F,CC(C)C[C@@H]1C(=O)N[C@H](CC(C)C)C(=O)N2CCC[C@H]2C(=O)N(C)[C@H](CC(C)C)C(=O)N[C@@H](Cc2ccccc2)C(=O)N(C)[C@@H](C)C(=O)N1C,3272.0,298.15,72.4019,32.5966,39.8053,7.9265,39.8053,58.0715,0.042877,139.44,0.974,29.806,3272.0,
P.A.Bn_Gly.meL.dP.meL.F,CC(C)C[C@H]1C(=O)N2CCC[C@@H]2C(=O)N(C)[C@@H](CC(C)C)C(=O)N[C@@H](Cc2ccccc2)C(=O)N2CCC[C@H]2C(=O)N[C@@H](C)C(=O)N(Cc2ccccc2)CC(=O)N1C,2271.0,298.15,101.4563,56.4648,44.9915,9.3095,44.9915,84.2617,0.04333,159.75,0.261,50.842,2271.0,
bHph.L.dL.P.L.F,CC(C)C[C@@H]1NC(=O)C[C@H](Cc2ccccc2)NC(=O)[C@H](Cc2ccccc2)NC(=O)[C@H](CC(C)C)NC(=O)[C@@H]2CCCN2C(=O)[C@@H](CC(C)C)NC1=O,2793.0,298.15,85.8028,46.3715,39.4313,7.7008,39.4313,57.888,0.039887,165.81,0.35,31.408,2793.0,
A.L.dL.dP.meL.F,CC(C)C[C@@H]1NC(=O)[C@H](C)NC(=O)[C@H](Cc2ccccc2)NC(=O)[C@H](CC(C)C)N(C)C(=O)[C@H]2CCCN2C(=O)[C@@H](CC(C)C)NC1=O,1698.0,298.15,102.6731,52.2384,50.4347,12.0819,50.4347,93.074,0.055422,157.02,0.539,30.005,1698.0,
P.meA.Me_dL.Bn_Gly.P.meL.F,CC(C)C[C@@H]1C(=O)N(Cc2ccccc2)CC(=O)N2CCC[C@H]2C(=O)N(C)[C@@H](CC(C)C)C(=O)N[C@@H](Cc2ccccc2)C(=O)N2CCC[C@H]2C(=O)N(C)[C@@H](C)C(=O)N1C,1300.0,298.15,81.5453,49.4765,32.0688,7.2241,32.0688,70.788,0.032182,150.96,0.51,36.255,1300.0,
A.L.Bn_Gly.dP.Bn_Gly.F,CC(C)C[C@@H]1NC(=O)[C@H](C)NC(=O)[C@H](Cc2ccccc2)NC(=O)CN(Cc2ccccc2)C(=O)[C@H]2CCCN2C(=O)CN(Cc2ccccc2)C1=O,723.0,298.15,117.5483,50.3366,67.2117,14.7877,67.2117,90.0358,0.072673,148.23000000000002,0.589,14.271,723.0,
dP.A.L.dL.dP.Me_dL.F,CC(C)C[C@@H]1NC(=O)[C@H](C)NC(=O)[C@H]2CCCN2C(=O)[C@H](Cc2ccccc2)NC(=O)[C@@H](CC(C)C)N(C)C(=O)[C@H]2CCCN2C(=O)[C@@H](CC(C)C)NC1=O,2216.0,298.15,95.6013,62.9704,32.6309,6.1291,32.6309,74.47,0.034111,177.33,0.26,58.985,2216.0,
meA.meL.dL.dP.meL.F,CC(C)C[C@H]1NC(=O)[C@H](CC(C)C)N(C)C(=O)[C@H](C)N(C)C(=O)[C@H](Cc2ccccc2)NC(=O)[C@H](CC(C)C)N(C)C(=O)[C@H]2CCCN2C1=O,4061.0,298.15,78.2689,38.1416,40.1273,8.656,40.1273,70.0475,0.043593,139.44,0.841,19.501,4061.0,
dA.L.L.dP.L.F,CC(C)C[C@@H]1NC(=O)[C@H]2CCCN2C(=O)[C@H](CC(C)C)NC(=O)[C@H](CC(C)C)NC(=O)[C@@H](C)NC(=O)[C@H](Cc2ccccc2)NC1=O,3030.0,298.15,100.7388,54.5053,46.2335,9.6216,46.2335,67.9938,0.050014,165.81,0.353,41.176,3030.0,
A.L.Me_dL.P.Bn_Gly.F,CC(C)C[C@@H]1NC(=O)[C@H](C)NC(=O)[C@H](Cc2ccccc2)NC(=O)CN(Cc2ccccc2)C(=O)[C@@H]2CCCN2C(=O)[C@@H](CC(C)C)N(C)C1=O,238.0,298.15,91.8763,55.9669,35.9094,7.0367,35.9094,64.0154,0.038343,148.23000000000002,0.317,49.464,238.0,
dP.A.L.Me_dL.dP.Bn_Gly.F,CC(C)C[C@@H]1NC(=O)[C@H](C)NC(=O)[C@H]2CCCN2C(=O)[C@H](Cc2ccccc2)NC(=O)CN(Cc2ccccc2)C(=O)[C@H]2CCCN2C(=O)[C@@H](CC(C)C)N(C)C1=O,1294.0,298.15,91.7659,36.9523,54.8136,12.4141,54.8136,53.1814,0.05672,168.54000000000002,0.678,26.188,1294.0,
dF.Nle.Nle.P.Nle.Mono100,CCCC[C@@H]1NC(=O)[C@@H](Cc2ccccc2)NC(=O)CSC[C@@H](C(=O)NC)NC(=O)[C@H](CCCC)NC(=O)[C@@H]2CCCN2C(=O)[C@H](CCCC)NC1=O,3708.0,298.15,152.2601,85.8142,66.4459,13.3096,66.4459,107.6244,0.06579,194.91,0.697,11.879,3708.0,
P.Me_dA.meL.Me_dL.dP.L.F,CC(C)C[C@@H]1NC(=O)[C@H]2CCCN2C(=O)[C@@H](CC(C)C)N(C)C(=O)[C@H](CC(C)C)N(C)C(=O)[C@@H](C)N(C)C(=O)[C@@H]2CCCN2C(=O)[C@H](Cc2ccccc2)NC1=O,2563.0,298.15,80.2289,48.2647,31.9642,6.601,31.9642,75.9512,0.031327,159.75,0.45,58.207,2563.0,
Me_dA.meL.L.P.dL.F,CC(C)C[C@@H]1NC(=O)[C@H](CC(C)C)N(C)C(=O)[C@@H](C)N(C)C(=O)[C@H](Cc2ccccc2)NC(=O)[C@@H](CC(C)C)NC(=O)[C@@H]2CCCN2C1=O,2878.0,298.15,87.8905,53.6841,34.2064,7.5064,34.2064,67.7016,0.036891,148.23,0.496,33.857,2878.0,
P.Me_dA.L.dL.P.Bn_Gly.F,CC(C)C[C@@H]1NC(=O)[C@@H](C)N(C)C(=O)[C@@H]2CCCN2C(=O)[C@H](Cc2ccccc2)NC(=O)CN(Cc2ccccc2)C(=O)[C@@H]2CCCN2C(=O)[C@@H](CC(C)C)NC1=O,3465.0,298.15,102.5468,65.2022,37.3446,9.1403,37.3446,89.9249,0.038432,168.54,1.011,7.733,3465.0,
P.dA.meL.Me_dL.P.Me_dL.F,CC(C)C[C@@H]1C(=O)N2CCC[C@H]2C(=O)N(C)[C@H](CC(C)C)C(=O)N[C@@H](Cc2ccccc2)C(=O)N2CCC[C@H]2C(=O)N[C@H](C)C(=O)N(C)[C@@H](CC(C)C)C(=O)N1C,4610.0,298.15,82.6878,41.0954,41.5924,8.2589,41.5924,55.2851,0.041465,159.75,0.692,26.861,4610.0,
dP.meA.Bn_Gly.bHph.P.L.F,CC(C)C[C@@H]1NC(=O)[C@@H]2CCCN2C(=O)C[C@H](Cc2ccccc2)NC(=O)CN(Cc2ccccc2)C(=O)[C@H](C)N(C)C(=O)[C@H]2CCCN2C(=O)[C@H](Cc2ccccc2)NC1=O,426.0,298.15,86.5189,35.3187,51.2002,8.5408,51.2002,61.3368,0.047733,168.54,0.632,33.059,426.0,
dP.bHph.dL.bHph.dP.Me_dL.F,CC(C)C[C@@H]1C(=O)N[C@@H](Cc2ccccc2)C(=O)N2CCC[C@@H]2C(=O)N[C@@H](Cc2ccccc2)CC(=O)N[C@H](CC(C)C)C(=O)N[C@@H](Cc2ccccc2)CC(=O)N2CCC[C@@H]2C(=O)N1C,3791.0,298.15,99.9026,38.4357,61.4669,11.2255,61.4669,52.4999,0.057475,177.33,0.426,71.038,3791.0,
Me_dA.meL.L.dP.L.F,CC(C)C[C@@H]1NC(=O)[C@H]2CCCN2C(=O)[C@H](CC(C)C)NC(=O)[C@H](CC(C)C)N(C)C(=O)[C@@H](C)N(C)C(=O)[C@H](Cc2ccccc2)NC1=O,2464.0,298.15,92.5429,38.3149,54.228,10.5843,54.228,58.3576,0.059231,148.23,0.534,30.534,2464.0,
Mono14.A.meF.P.I.P,CC[C@@H](C)[C@@H]1NC(=O)[C@@H]2CCCN2C(=O)[C@H]([C@@H](C)CC)NC(=O)[C@@H]2CCCN2C(=O)[C@H](Cc2ccccc2)N(C)C(=O)[C@H](C)NC(=O)c2csc1n2,1931.0,298.15,143.5721,106.1995,37.3726,7.0364,37.3726,123.3339,0.041771,161.12,0.356,12.986,1931.0,
P.dA.Bn_Gly.bHph.P.dL.F,CC(C)C[C@H]1NC(=O)[C@@H]2CCCN2C(=O)C[C@H](Cc2ccccc2)NC(=O)CN(Cc2ccccc2)C(=O)[C@@H](C)NC(=O)[C@@H]2CCCN2C(=O)[C@H](Cc2ccccc2)NC1=O,763.0,298.15,88.5443,39.3152,49.2291,9.5625,49.2291,59.5323,0.047795,177.32999999999998,0.57,28.151,763.0,
Me_dA.L.dL.P.Bn_Gly.F,CC(C)C[C@@H]1NC(=O)[C@@H](C)N(C)C(=O)[C@H](Cc2ccccc2)NC(=O)CN(Cc2ccccc2)C(=O)[C@@H]2CCCN2C(=O)[C@@H](CC(C)C)NC1=O,3501.0,298.15,102.2503,57.3945,44.8558,8.9381,44.8558,66.4116,0.049849,148.23,0.778,3.9,3501.0,
dP.dA.meL.Bn_Gly.dP.Bn_Gly.F,CC(C)C[C@H]1C(=O)N(Cc2ccccc2)CC(=O)N2CCC[C@@H]2C(=O)N(Cc2ccccc2)CC(=O)N[C@@H](Cc2ccccc2)C(=O)N2CCC[C@@H]2C(=O)N[C@H](C)C(=O)N1C,573.0,298.15,93.0158,56.1188,36.897,7.0034,36.897,86.038,0.036252,159.75,0.655,48.687,573.0,
P.A.L.G.F.A,CC(C)C[C@@H]1NC(=O)[C@H](C)NC(=O)[C@@H]2CCCN2C(=O)[C@H](C)NC(=O)[C@H](Cc2ccccc2)NC(=O)CNC1=O,428.0,298.15,122.1055,78.5902,43.5153,10.7056,43.5153,96.3878,0.055949,165.81,0.429,35.914,428.0,
meA.dL.meL.dP.L.F,CC(C)C[C@@H]1NC(=O)[C@H]2CCCN2C(=O)[C@H](CC(C)C)N(C)C(=O)[C@@H](CC(C)C)NC(=O)[C@H](C)N(C)C(=O)[C@H](Cc2ccccc2)NC1=O,1412.0,298.15,86.4271,28.183,58.2441,8.4232,58.2441,52.8932,0.064174,148.23,0.605,39.685,1412.0,
P.Pr_Gly.L.bHph.dP.dL.F,CCCN1CC(=O)N[C@@H](CC(C)C)C(=O)N[C@@H](Cc2ccccc2)CC(=O)N2CCC[C@@H]2C(=O)N[C@H](CC(C)C)C(=O)N[C@@H](Cc2ccccc2)C(=O)N2CCC[C@H]2C1=O,2591.0,298.15,112.912,32.7213,80.1907,12.3392,80.1907,77.9182,0.075375,177.32999999999998,0.473,34.602,2591.0,
dA.meL.dL.P.meL.F,CC(C)C[C@H]1NC(=O)[C@H](CC(C)C)N(C)C(=O)[C@@H](C)NC(=O)[C@H](Cc2ccccc2)NC(=O)[C@H](CC(C)C)N(C)C(=O)[C@@H]2CCCN2C1=O,896.0,298.15,90.6588,41.862,48.7968,6.7414,48.7968,53.1494,0.053121,148.23000000000002,0.317,67.051,896.0,
dP.dL.Pye.dL.L.L,CC(C)C[C@@H]1NC(=O)[C@@H](CC(C)C)NC(=O)[C@H](CCC(=O)N2CCCC2)NC(=O)[C@@H](CC(C)C)NC(=O)[C@H]2CCCN2C(=O)[C@H](CC(C)C)NC1=O,2105.0,298.15,104.7667,44.9473,59.8194,10.3409,59.8194,72.4158,0.063879,186.12,0.146,84.568,2105.0,
meA.dL.bHph.dP.Me_dL.F,CC(C)C[C@@H]1C(=O)N[C@@H](Cc2ccccc2)C(=O)N(C)[C@@H](C)C(=O)N[C@H](CC(C)C)C(=O)N[C@@H](Cc2ccccc2)CC(=O)N2CCC[C@@H]2C(=O)N1C,358.0,298.15,65.5535,26.7446,38.8089,8.645,38.8089,50.3246,0.040966,148.23000000000002,0.739,37.316,358.0,
P.Me_dA.Bn_Gly.Bn_Gly.P.L.F,CC(C)C[C@@H]1NC(=O)[C@@H]2CCCN2C(=O)CN(Cc2ccccc2)C(=O)CN(Cc2ccccc2)C(=O)[C@@H](C)N(C)C(=O)[C@@H]2CCCN2C(=O)[C@H](Cc2ccccc2)NC1=O,2018.0,298.15,105.9078,46.565,59.3428,16.2409,59.3428,54.9697,0.056328,159.75,0.577,31.0,2018.0,
meA.dL.Bn_Gly.dP.Me_dL.F,CC(C)C[C@@H]1C(=O)N[C@@H](Cc2ccccc2)C(=O)N(C)[C@@H](C)C(=O)N[C@H](CC(C)C)C(=O)N(Cc2ccccc2)CC(=O)N2CCC[C@@H]2C(=O)N1C,1284.0,298.15,68.9079,37.8739,31.034,8.6865,31.034,42.8453,0.034641,139.44000000000003,0.675,25.525,1284.0,
Me_dA.Bn_Gly.meL.P.meL.F,CC(C)C[C@H]1C(=O)N2CCC[C@H]2C(=O)N(C)[C@@H](CC(C)C)C(=O)N[C@@H](Cc2ccccc2)C(=O)N(C)[C@H](C)C(=O)N(Cc2ccccc2)CC(=O)N1C,1429.0,298.15,66.3168,44.6854,21.6314,3.7567,21.6314,55.1425,0.023511,130.65,0.775,10.468,1429.0,
Pr_Gly.dL.dL.dP.dL.F,CCCN1CC(=O)N[C@H](CC(C)C)C(=O)N[C@H](CC(C)C)C(=O)N2CCC[C@@H]2C(=O)N[C@H](CC(C)C)C(=O)N[C@@H](Cc2ccccc2)C1=O,3806.0,298.15,99.7035,42.0553,57.6482,12.8117,57.6482,63.3353,0.062272,157.01999999999998,0.366,51.055,3806.0,
bHph.L.Me_dL.P.meL.F,CC(C)C[C@@H]1NC(=O)C[C@H](Cc2ccccc2)NC(=O)[C@H](Cc2ccccc2)NC(=O)[C@H](CC(C)C)N(C)C(=O)[C@@H]2CCCN2C(=O)[C@@H](CC(C)C)N(C)C1=O,1571.0,298.15,68.9897,27.4188,41.5709,6.8268,41.5709,57.5321,0.04081,148.23000000000002,0.141,85.647,1571.0,
dA.Bn_Gly.bHph.dP.meL.F,CC(C)C[C@H]1C(=O)N[C@@H](Cc2ccccc2)C(=O)N[C@H](C)C(=O)N(Cc2ccccc2)CC(=O)N[C@@H](Cc2ccccc2)CC(=O)N2CCC[C@@H]2C(=O)N1C,439.0,298.15,88.4633,45.2842,43.1791,6.8647,43.1791,54.684,0.043228,148.23000000000002,0.733,27.992,439.0,
P.dA.meL.meL.dP.meL.F,CC(C)C[C@H]1C(=O)N[C@@H](Cc2ccccc2)C(=O)N2CCC[C@H]2C(=O)N[C@H](C)C(=O)N(C)[C@@H](CC(C)C)C(=O)N(C)[C@@H](CC(C)C)C(=O)N2CCC[C@@H]2C(=O)N1C,4050.0,298.15,82.8919,57.1808,25.7111,5.9453,25.7111,69.7248,0.025097,159.75000000000003,0.431,61.973,4050.0,
P.Pr_Gly.Me_dL.dL.dP.Bn_Gly.F,CCCN1CC(=O)N(C)[C@H](CC(C)C)C(=O)N[C@H](CC(C)C)C(=O)N2CCC[C@@H]2C(=O)N(Cc2ccccc2)CC(=O)N[C@@H](Cc2ccccc2)C(=O)N2CCC[C@H]2C1=O,2348.0,298.15,89.9906,59.2119,30.7787,7.1251,30.7787,87.7745,0.029139,159.75,0.52,0.273,2348.0,
P.Me_dA.Bn_Gly.bHph.P.Me_dL.F,CC(C)C[C@@H]1C(=O)N[C@@H](Cc2ccccc2)C(=O)N2CCC[C@H]2C(=O)N(C)[C@H](C)C(=O)N(Cc2ccccc2)CC(=O)N[C@@H](Cc2ccccc2)CC(=O)N2CCC[C@H]2C(=O)N1C,1689.0,298.15,89.9782,47.2578,42.7204,7.4289,42.7204,71.3419,0.040457,159.75,0.472,19.392,1689.0,
dA.L.meL.dP.Bn_Gly.F,CC(C)C[C@@H]1NC(=O)[C@@H](C)NC(=O)[C@H](Cc2ccccc2)NC(=O)CN(Cc2ccccc2)C(=O)[C@H]2CCCN2C(=O)[C@H](CC(C)C)N(C)C1=O,426.0,298.15,97.5176,42.6386,54.879,7.0735,54.879,70.1091,0.061463,148.23000000000002,0.278,27.628,426.0,
P.dA.L.Me_dL.P.Bn_Gly.F,CC(C)C[C@@H]1NC(=O)[C@@H](C)NC(=O)[C@@H]2CCCN2C(=O)[C@H](Cc2ccccc2)NC(=O)CN(Cc2ccccc2)C(=O)[C@@H]2CCCN2C(=O)[C@@H](CC(C)C)N(C)C1=O,969.0,298.15,87.5397,49.0588,38.4809,5.9491,38.4809,57.0717,0.037061,168.54000000000002,0.329,53.344,969.0,
A.G.meF.meL.dP.meY,CC(C)C[C@H]1C(=O)N2CCC[C@@H]2C(=O)N(C)[C@@H](Cc2ccc(O)cc2)C(=O)N[C@@H](C)C(=O)NCC(=O)N(C)[C@@H](Cc2ccccc2)C(=O)N1C,985.0,298.15,132.2092,78.0708,54.1384,8.3812,54.1384,103.6678,0.061005,159.67000000000002,0.559,5.311,985.0,
dP.dA.L.bHph.dP.L.F,CC(C)C[C@@H]1NC(=O)[C@H]2CCCN2C(=O)C[C@H](Cc2ccccc2)NC(=O)[C@H](CC(C)C)NC(=O)[C@@H](C)NC(=O)[C@H]2CCCN2C(=O)[C@H](Cc2ccccc2)NC1=O,909.0,298.15,82.3575,28.6926,53.6649,10.7183,53.6649,41.5727,0.053451,186.12,0.258,57.786,909.0,
dF.cHexCH2_Gly.meL.Nle.P.Et_Gly,CCCC[C@@H]1NC(=O)[C@H](CC(C)C)N(C)C(=O)CN(CC2CCCCC2)C(=O)[C@@H](Cc2ccccc2)NC(=O)CN(CC)C(=O)[C@@H]2CCCN2C1=O,2784.0,298.15,82.8911,64.179,18.7121,3.7106,18.7121,76.5993,0.018817,139.44,0.96,16.982,2784.0,
meA.Me_dL.dL.dP.L.F,CC(C)C[C@@H]1NC(=O)[C@H]2CCCN2C(=O)[C@@H](CC(C)C)NC(=O)[C@@H](CC(C)C)N(C)C(=O)[C@H](C)N(C)C(=O)[C@H](Cc2ccccc2)NC1=O,713.0,298.15,83.883,47.6609,36.2221,4.8893,36.2221,74.1891,0.038301,148.23,0.431,46.442,713.0,
Me_dA.Me_dL.meL.dP.meL.F,CC(C)C[C@@H]1C(=O)N(C)[C@@H](CC(C)C)C(=O)N2CCC[C@@H]2C(=O)N(C)[C@@H](CC(C)C)C(=O)N[C@@H](Cc2ccccc2)C(=O)N(C)[C@H](C)C(=O)N1C,2422.0,298.15,64.0299,28.1047,35.9252,5.8874,35.9252,48.0591,0.038074,130.65,0.588,47.889,2422.0,
P.Pr_Gly.dL.L.P.L.F,CCCN1CC(=O)N[C@H](CC(C)C)C(=O)N[C@@H](CC(C)C)C(=O)N2CCC[C@H]2C(=O)N[C@@H](CC(C)C)C(=O)N[C@@H](Cc2ccccc2)C(=O)N2CCC[C@H]2C1=O,4376.0,298.15,98.4343,58.1871,40.2472,9.5057,40.2472,71.3497,0.041249,177.32999999999998,0.152,82.286,4376.0,
bHph.L.Me_dL.P.dL.F,CC(C)C[C@@H]1NC(=O)C[C@H](Cc2ccccc2)NC(=O)[C@H](Cc2ccccc2)NC(=O)[C@@H](CC(C)C)NC(=O)[C@@H]2CCCN2C(=O)[C@@H](CC(C)C)N(C)C1=O,1194.0,298.15,83.284,46.4347,36.8493,5.7632,36.8493,58.7423,0.038,157.02,0.171,83.517,1194.0,
Me_dA.dL.meL.P.Me_dL.F,CC(C)C[C@@H]1C(=O)N[C@@H](Cc2ccccc2)C(=O)N(C)[C@H](C)C(=O)N[C@H](CC(C)C)C(=O)N(C)[C@@H](CC(C)C)C(=O)N2CCC[C@H]2C(=O)N1C,3184.0,298.15,72.6199,39.2005,33.4194,6.3025,33.4194,58.6018,0.037297,139.44000000000003,0.357,66.199,3184.0,
dP.bHph.L.dL.dP.dL.F,CC(C)C[C@@H]1NC(=O)C[C@H](Cc2ccccc2)NC(=O)[C@H]2CCCN2C(=O)[C@H](Cc2ccccc2)NC(=O)[C@@H](CC(C)C)NC(=O)[C@H]2CCCN2C(=O)[C@@H](CC(C)C)NC1=O,2210.0,298.15,116.2291,47.2475,68.9816,13.9942,68.9816,55.4938,0.066744,186.12,0.192,62.219,2210.0,
A.MeOEt_Gly.meL.Nle.dP.Mono34,CCCC[C@@H]1NC(=O)[C@H](CC(C)C)N(C)C(=O)CN(CCOC)C(=O)[C@H](C)NC(=O)CN(CCCOC(C)C)C(=O)[C@H]2CCCN2C1=O,7822.0,298.15,94.5213,45.8657,48.6556,9.0981,48.6556,67.3973,0.053958,157.9,0.292,74.901,7822.0,
dF.Me_Nle.Nle.Nle.Nle.Mono100,CCCC[C@@H]1NC(=O)[C@H](CCCC)NC(=O)[C@H](CCCC)NC(=O)[C@H](CCCC)N(C)C(=O)[C@@H](Cc2ccccc2)NC(=O)CSC[C@@H](C(=O)NC)NC1=O,4304.0,298.15,143.2535,74.5517,68.7018,14.0322,68.7018,93.9072,0.067744,194.91,0.558,54.362,4304.0,
dP.dA.Me_dL.L.dP.Bn_Gly.F,CC(C)C[C@@H]1NC(=O)[C@@H](CC(C)C)N(C)C(=O)[C@@H](C)NC(=O)[C@H]2CCCN2C(=O)[C@H](Cc2ccccc2)NC(=O)CN(Cc2ccccc2)C(=O)[C@H]2CCCN2C1=O,1702.0,298.15,94.6548,53.1899,41.4649,6.7618,41.4649,79.4045,0.041643,168.54,0.499,41.209,1702.0,
Me_dA.meL.L.P.Me_dL.F,CC(C)C[C@@H]1NC(=O)[C@H](CC(C)C)N(C)C(=O)[C@@H](C)N(C)C(=O)[C@H](Cc2ccccc2)NC(=O)[C@@H](CC(C)C)N(C)C(=O)[C@@H]2CCCN2C1=O,2499.0,298.15,74.0721,45.5891,28.483,5.4872,28.483,61.0534,0.03139,139.44,0.977,19.963,2499.0,
P.meA.Me_dL.L.dP.Me_dL.F,CC(C)C[C@@H]1NC(=O)[C@@H](CC(C)C)N(C)C(=O)[C@H](C)N(C)C(=O)[C@@H]2CCCN2C(=O)[C@H](Cc2ccccc2)NC(=O)[C@@H](CC(C)C)N(C)C(=O)[C@H]2CCCN2C1=O,1612.0,298.15,69.3711,32.0616,37.3095,6.9729,37.3095,47.0194,0.03801,159.75,0.111,86.789,1612.0,
dP.bHph.L.meL.P.dL.F,CC(C)C[C@@H]1NC(=O)C[C@H](Cc2ccccc2)NC(=O)[C@H]2CCCN2C(=O)[C@H](Cc2ccccc2)NC(=O)[C@@H](CC(C)C)NC(=O)[C@@H]2CCCN2C(=O)[C@H](CC(C)C)N(C)C1=O,1327.0,298.15,109.3207,47.2956,62.0251,6.3258,62.0251,57.125,0.057789,177.33,0.205,77.221,1327.0,
P.dA.meL.Me_dL.P.L.F,CC(C)C[C@@H]1NC(=O)[C@@H]2CCCN2C(=O)[C@@H](CC(C)C)N(C)C(=O)[C@H](CC(C)C)N(C)C(=O)[C@@H](C)NC(=O)[C@@H]2CCCN2C(=O)[C@H](Cc2ccccc2)NC1=O,4647.0,298.15,96.2059,52.3969,43.809,9.7549,43.809,92.4525,0.043895,168.54,0.66,19.04,4647.0,
Pr_Gly.L.Me_dL.P.L.F,CCCN1CC(=O)N[C@@H](CC(C)C)C(=O)N(C)[C@H](CC(C)C)C(=O)N2CCC[C@H]2C(=O)N[C@@H](CC(C)C)C(=O)N[C@@H](Cc2ccccc2)C1=O,5069.0,298.15,94.5043,50.6653,43.839,9.4063,43.839,76.2295,0.048039,148.23,0.449,55.351,5069.0,
dA.Me_dL.bHph.P.Bn_Gly.F,CC(C)C[C@@H]1C(=O)N[C@@H](Cc2ccccc2)CC(=O)N2CCC[C@H]2C(=O)N(Cc2ccccc2)CC(=O)N[C@@H](Cc2ccccc2)C(=O)N[C@H](C)C(=O)N1C,1510.0,298.15,108.0408,44.0107,64.0301,12.5671,64.0301,61.7582,0.069425,148.23,0.578,0.227,1510.0,
dP.dA.Bn_Gly.Bn_Gly.dP.meL.F,CC(C)C[C@H]1C(=O)N[C@@H](Cc2ccccc2)C(=O)N2CCC[C@@H]2C(=O)N[C@H](C)C(=O)N(Cc2ccccc2)CC(=O)N(Cc2ccccc2)CC(=O)N2CCC[C@@H]2C(=O)N1C,946.0,298.15,97.9898,23.9786,74.0112,13.8627,74.0112,56.9146,0.077347,159.75000000000003,0.588,40.987,946.0,
P.A.Me_dL.bHph.P.L.F,CC(C)C[C@@H]1NC(=O)[C@@H]2CCCN2C(=O)C[C@H](Cc2ccccc2)NC(=O)[C@@H](CC(C)C)N(C)C(=O)[C@H](C)NC(=O)[C@@H]2CCCN2C(=O)[C@H](Cc2ccccc2)NC1=O,629.0,298.15,81.5181,45.8791,35.639,7.8751,35.639,71.0732,0.036796,177.32999999999998,0.198,55.911,629.0,
dP.meA.meL.Bn_Gly.dP.Me_dL.F,CC(C)C[C@@H]1C(=O)N[C@@H](Cc2ccccc2)C(=O)N2CCC[C@@H]2C(=O)N(C)[C@@H](C)C(=O)N(C)[C@@H](CC(C)C)C(=O)N(Cc2ccccc2)CC(=O)N2CCC[C@@H]2C(=O)N1C,629.0,298.15,66.3893,36.5158,29.8735,5.9843,29.8735,56.0897,0.03032,150.96,0.228,77.753,629.0,
P.Pr_Gly.dL.dL.dP.dL.F,CCCN1CC(=O)N[C@H](CC(C)C)C(=O)N[C@H](CC(C)C)C(=O)N2CCC[C@@H]2C(=O)N[C@H](CC(C)C)C(=O)N[C@@H](Cc2ccccc2)C(=O)N2CCC[C@H]2C1=O,2676.0,298.15,88.2811,47.843,40.4381,7.3439,40.4381,63.6307,0.041146,177.32999999999998,0.323,56.664,2676.0,
A.PhPr_Gly.meL.Nle.dP.Et_Gly,CCCC[C@@H]1NC(=O)[C@H](CC(C)C)N(C)C(=O)CN(CCCc2ccccc2)C(=O)[C@H](C)NC(=O)CN(CC)C(=O)[C@H]2CCCN2C1=O,5135.0,298.15,92.4614,40.1969,52.2645,8.8792,52.2645,59.788,0.054359,139.44,0.85,10.778,5135.0,
A.L.Me_dL.dP.Bn_Gly.F,CC(C)C[C@@H]1NC(=O)[C@H](C)NC(=O)[C@H](Cc2ccccc2)NC(=O)CN(Cc2ccccc2)C(=O)[C@H]2CCCN2C(=O)[C@@H](CC(C)C)N(C)C1=O,874.0,298.15,104.5613,49.685,54.8763,11.7569,54.8763,72.0068,0.058767,148.23000000000002,0.683,39.159,874.0,
P.Me_dA.meL.Me_dL.P.Bn_Gly.F,CC(C)C[C@@H]1C(=O)N2CCC[C@H]2C(=O)N(Cc2ccccc2)CC(=O)N[C@@H](Cc2ccccc2)C(=O)N2CCC[C@H]2C(=O)N(C)[C@H](C)C(=O)N(C)[C@@H](CC(C)C)C(=O)N1C,3968.0,298.15,81.5877,54.1995,27.3882,6.1976,27.3882,62.7616,0.025865,150.96,0.728,7.512,3968.0,
P.Pr_Gly.dL.Me_dL.dP.L.F,CCCN1CC(=O)N[C@H](CC(C)C)C(=O)N(C)[C@H](CC(C)C)C(=O)N2CCC[C@@H]2C(=O)N[C@@H](CC(C)C)C(=O)N[C@@H](Cc2ccccc2)C(=O)N2CCC[C@H]2C1=O,3327.0,298.15,98.3465,69.4011,28.9454,5.8195,28.9454,89.2803,0.029135,168.54,0.378,65.077,3327.0,
Pr_Gly.dL.bHph.P.Bn_Gly.F,CCCN1CC(=O)N[C@H](CC(C)C)C(=O)N[C@@H](Cc2ccccc2)CC(=O)N2CCC[C@H]2C(=O)N(Cc2ccccc2)CC(=O)N[C@@H](Cc2ccccc2)C1=O,1504.0,298.15,95.7603,55.1927,40.5676,8.3502,40.5676,67.2808,0.04191,148.23,0.605,7.765,1504.0,
F.Mono38.dL.Nle.dP.Mono1,CCCC[C@@H]1NC(=O)[C@@H](CC(C)C)NC(=O)CN(CC2CCOCC2)C(=O)[C@H](Cc2ccccc2)NC(=O)CN(Cc2ccc3c(c2)OCO3)C(=O)[C@H]2CCCN2C1=O,4338.0,298.15,153.0535,110.8508,42.2027,9.5128,42.2027,139.9082,0.040126,175.92,0.981,10.517,4338.0,
P.Me_dA.L.dL.dP.meL.F,CC(C)C[C@@H]1NC(=O)[C@@H](C)N(C)C(=O)[C@@H]2CCCN2C(=O)[C@H](Cc2ccccc2)NC(=O)[C@H](CC(C)C)N(C)C(=O)[C@H]2CCCN2C(=O)[C@@H](CC(C)C)NC1=O,1859.0,298.15,99.0324,74.1896,24.8428,4.9195,24.8428,94.9715,0.025241,168.54,0.536,48.057,1859.0,
dP.meA.Bn_Gly.L.P.Me_dL.F,CC(C)C[C@@H]1NC(=O)CN(Cc2ccccc2)C(=O)[C@H](C)N(C)C(=O)[C@H]2CCCN2C(=O)[C@H](Cc2ccccc2)NC(=O)[C@@H](CC(C)C)N(C)C(=O)[C@@H]2CCCN2C1=O,1169.0,298.15,77.8909,46.1261,31.7648,7.9848,31.7648,56.5115,0.030403,159.75,0.397,36.973,1169.0,
Mono14.I.meF.P.I.P,CC[C@@H](C)[C@@H]1NC(=O)[C@@H]2CCCN2C(=O)[C@H]([C@@H](C)CC)NC(=O)[C@@H]2CCCN2C(=O)[C@H](Cc2ccccc2)N(C)C(=O)[C@H]([C@@H](C)CC)NC(=O)c2csc1n2,2358.0,298.15,130.4264,99.0684,31.358,6.6602,31.358,108.407,0.033905,161.12,0.463,41.708,2358.0,
dP.Me_dA.meL.meL.dP.L.F,CC(C)C[C@@H]1NC(=O)[C@H]2CCCN2C(=O)[C@H](CC(C)C)N(C)C(=O)[C@H](CC(C)C)N(C)C(=O)[C@@H](C)N(C)C(=O)[C@H]2CCCN2C(=O)[C@H](Cc2ccccc2)NC1=O,2861.0,298.15,78.7812,42.0807,36.7005,6.6873,36.7005,66.8708,0.037017,159.75,0.539,39.272,2861.0,
P.Me_dA.dL.bHph.P.meL.F,CC(C)C[C@H]1NC(=O)[C@@H](C)N(C)C(=O)[C@@H]2CCCN2C(=O)[C@H](Cc2ccccc2)NC(=O)[C@H](CC(C)C)N(C)C(=O)[C@@H]2CCCN2C(=O)C[C@H](Cc2ccccc2)NC1=O,1560.0,298.15,84.1623,51.6917,32.4706,8.0412,32.4706,73.8424,0.03175,168.54,0.398,54.832,1560.0,
dA.Me_dL.bHph.P.L.F,CC(C)C[C@@H]1NC(=O)[C@@H]2CCCN2C(=O)C[C@H](Cc2ccccc2)NC(=O)[C@@H](CC(C)C)N(C)C(=O)[C@@H](C)NC(=O)[C@H](Cc2ccccc2)NC1=O,1998.0,298.15,98.1641,38.1427,60.0214,11.1862,60.0214,57.9148,0.065166,157.01999999999998,0.846,7.108,1998.0,
dP.A.L.Bn_Gly.dP.dL.F,CC(C)C[C@@H]1NC(=O)[C@H](C)NC(=O)[C@H]2CCCN2C(=O)[C@H](Cc2ccccc2)NC(=O)[C@@H](CC(C)C)NC(=O)[C@H]2CCCN2C(=O)CN(Cc2ccccc2)C1=O,707.0,298.15,91.7036,58.9147,32.7889,7.5382,32.7889,69.2427,0.033533,177.33,0.334,56.887,707.0,
meA.meL.L.P.Bn_Gly.F,CC(C)C[C@@H]1NC(=O)[C@H](CC(C)C)N(C)C(=O)[C@H](C)N(C)C(=O)[C@H](Cc2ccccc2)NC(=O)CN(Cc2ccccc2)C(=O)[C@@H]2CCCN2C1=O,811.0,298.15,90.6462,57.7691,32.8771,6.2586,32.8771,76.6663,0.035184,139.44,0.578,27.788,811.0,
F.Mono40.meL.Nle.dP.Mono45,CCCC[C@@H]1NC(=O)[C@H](CC(C)C)N(C)C(=O)CN(CCCc2cnn(C)c2)C(=O)[C@H](Cc2ccccc2)NC(=O)CN(Cc2ccccc2Cn2cccn2)C(=O)[C@H]2CCCN2C1=O,4405.0,298.15,107.185,53.9013,53.2837,13.4113,53.2837,55.8084,0.050139,175.07999999999998,0.436,47.9,4405.0,
Me_dA.meL.Bn_Gly.dP.Me_dL.F,CC(C)C[C@@H]1C(=O)N[C@@H](Cc2ccccc2)C(=O)N(C)[C@H](C)C(=O)N(C)[C@@H](CC(C)C)C(=O)N(Cc2ccccc2)CC(=O)N2CCC[C@@H]2C(=O)N1C,1837.0,298.15,76.5427,24.6988,51.8439,13.1938,51.8439,33.2483,0.053234,130.65,0.319,62.991,1837.0,
meA.dL.dL.P.meL.F,CC(C)C[C@H]1NC(=O)[C@H](C)N(C)C(=O)[C@H](Cc2ccccc2)NC(=O)[C@H](CC(C)C)N(C)C(=O)[C@@H]2CCCN2C(=O)[C@@H](CC(C)C)NC1=O,1873.0,298.15,85.1712,35.7622,49.409,9.6743,49.409,57.8814,0.055051,148.23,0.263,65.922,1873.0,
dA.Me_dL.Me_dL.P.dL.F,CC(C)C[C@@H]1C(=O)N2CCC[C@H]2C(=O)N[C@H](CC(C)C)C(=O)N[C@@H](Cc2ccccc2)C(=O)N[C@H](C)C(=O)N(C)[C@H](CC(C)C)C(=O)N1C,2758.0,298.15,77.0971,36.4767,40.6204,8.4302,40.6204,61.0993,0.043494,148.23000000000002,0.507,39.098,2758.0,
dP.A.dL.Me_dL.dP.dL.F,CC(C)C[C@@H]1C(=O)N2CCC[C@@H]2C(=O)N[C@H](CC(C)C)C(=O)N[C@@H](Cc2ccccc2)C(=O)N2CCC[C@@H]2C(=O)N[C@@H](C)C(=O)N[C@H](CC(C)C)C(=O)N1C,2557.0,298.15,103.0882,52.0369,51.0513,8.743,51.0513,64.461,0.052347,177.33,0.659,25.67,2557.0,
Pr_Gly.L.Bn_Gly.P.meL.F,CCCN1CC(=O)N[C@@H](CC(C)C)C(=O)N(Cc2ccccc2)CC(=O)N2CCC[C@H]2C(=O)N(C)[C@@H](CC(C)C)C(=O)N[C@@H](Cc2ccccc2)C1=O,2542.0,298.15,73.1699,45.3183,27.8516,6.6936,27.8516,66.816,0.027987,139.44,0.542,36.934,2542.0,
P.bHph.dL.dL.P.Bn_Gly.F,CC(C)C[C@H]1NC(=O)C[C@H](Cc2ccccc2)NC(=O)[C@@H]2CCCN2C(=O)[C@H](Cc2ccccc2)NC(=O)CN(Cc2ccccc2)C(=O)[C@@H]2CCCN2C(=O)[C@@H](CC(C)C)NC1=O,1934.0,298.15,92.0209,35.9857,56.0352,10.3831,56.0352,50.0254,0.053019,177.33,0.483,52.962,1934.0,
F.PhPr_Gly.meL.Nle.dP.Et_Gly,CCCC[C@@H]1NC(=O)[C@H](CC(C)C)N(C)C(=O)CN(CCCc2ccccc2)C(=O)[C@H](Cc2ccccc2)NC(=O)CN(CC)C(=O)[C@H]2CCCN2C1=O,6163.0,298.15,75.0631,36.6566,38.4065,7.783,38.4065,52.7261,0.03901,139.44,0.955,7.77,6163.0,
P.meA.Me_dL.dL.P.meL.F,CC(C)C[C@@H]1C(=O)N[C@H](CC(C)C)C(=O)N2CCC[C@H]2C(=O)N(C)[C@@H](CC(C)C)C(=O)N[C@@H](Cc2ccccc2)C(=O)N2CCC[C@H]2C(=O)N(C)[C@@H](C)C(=O)N1C,3786.0,298.15,65.2618,39.5337,25.7281,5.8853,25.7281,44.4051,0.02605,159.75,0.427,44.611,3786.0,
dP.meA.L.dL.P.L.F,CC(C)C[C@@H]1NC(=O)[C@H](C)N(C)C(=O)[C@H]2CCCN2C(=O)[C@H](Cc2ccccc2)NC(=O)[C@H](CC(C)C)NC(=O)[C@@H]2CCCN2C(=O)[C@@H](CC(C)C)NC1=O,3310.0,298.15,94.6935,42.1059,52.5876,10.3298,52.5876,86.661,0.053485,177.32999999999998,0.202,78.109,3310.0,
L.Me_dL.iBu_Gly.L.dP.Bn(4-OH)_Gly,CC(C)C[C@@H]1NC(=O)CN(Cc2ccc(O)cc2)C(=O)[C@H]2CCCN2C(=O)[C@H](CC(C)C)NC(=O)CN(CC(C)C)C(=O)[C@@H](CC(C)C)N(C)C1=O,2783.0,298.15,131.0039,87.708,43.2959,9.3438,43.2959,110.8376,0.044385,159.67000000000002,0.506,44.537,2783.0,
dP.meA.dL.L.dP.Me_dL.F,CC(C)C[C@@H]1NC(=O)[C@@H](CC(C)C)NC(=O)[C@H](C)N(C)C(=O)[C@H]2CCCN2C(=O)[C@H](Cc2ccccc2)NC(=O)[C@@H](CC(C)C)N(C)C(=O)[C@H]2CCCN2C1=O,2191.0,298.15,98.1966,46.2976,51.899,8.7279,51.899,78.3332,0.054932,168.54,0.393,61.664,2191.0,
P.Me_dA.Bn_Gly.L.dP.meL.F,CC(C)C[C@@H]1NC(=O)CN(Cc2ccccc2)C(=O)[C@@H](C)N(C)C(=O)[C@@H]2CCCN2C(=O)[C@H](Cc2ccccc2)NC(=O)[C@H](CC(C)C)N(C)C(=O)[C@H]2CCCN2C1=O,2786.0,298.15,86.1987,48.5385,37.6602,8.1972,37.6602,72.5175,0.037575,159.75,0.666,10.301,2786.0,
P.Me_dA.dL.Me_dL.dP.dL.F,CC(C)C[C@@H]1C(=O)N2CCC[C@@H]2C(=O)N[C@H](CC(C)C)C(=O)N[C@@H](Cc2ccccc2)C(=O)N2CCC[C@H]2C(=O)N(C)[C@H](C)C(=O)N[C@H](CC(C)C)C(=O)N1C,1714.0,298.15,99.0238,67.1116,31.9122,5.0927,31.9122,76.5595,0.032408,168.54000000000002,0.281,62.076,1714.0,
dP.Me_dA.Bn_Gly.L.dP.meL.F,CC(C)C[C@@H]1NC(=O)CN(Cc2ccccc2)C(=O)[C@@H](C)N(C)C(=O)[C@H]2CCCN2C(=O)[C@H](Cc2ccccc2)NC(=O)[C@H](CC(C)C)N(C)C(=O)[C@H]2CCCN2C1=O,1746.0,298.15,80.5339,42.4885,38.0454,8.4246,38.0454,64.1661,0.0385,159.75,0.436,17.629,1746.0,
A.Me_dL.meL.P.Me_dL.F,CC(C)C[C@@H]1C(=O)N(C)[C@@H](CC(C)C)C(=O)N2CCC[C@H]2C(=O)N(C)[C@H](CC(C)C)C(=O)N[C@@H](Cc2ccccc2)C(=O)N[C@@H](C)C(=O)N1C,1129.0,298.15,66.4776,44.7877,21.6899,4.9032,21.6899,62.1167,0.02285,139.44,0.625,43.329,1129.0,
dP.bHph.meL.Bn_Gly.dP.L.F,CC(C)C[C@@H]1NC(=O)[C@H]2CCCN2C(=O)CN(Cc2ccccc2)C(=O)[C@H](CC(C)C)N(C)C(=O)C[C@H](Cc2ccccc2)NC(=O)[C@H]2CCCN2C(=O)[C@H](Cc2ccccc2)NC1=O,2694.0,298.15,87.0162,43.474,43.5422,10.0294,43.5422,53.298,0.041578,168.54,0.363,49.417,2694.0,
L.Me_dL.meL.L.dP.2-pyridylmethyl_Gly,CC(C)C[C@@H]1NC(=O)CN(Cc2ccccn2)C(=O)[C@H]2CCCN2C(=O)[C@H](CC(C)C)NC(=O)[C@H](CC(C)C)N(C)C(=O)[C@@H](CC(C)C)N(C)C1=O,2176.0,298.15,96.1585,52.2896,43.8689,8.004,43.8689,62.8942,0.044676,152.33,0.236,69.538,2176.0,
meA.Me_dL.bHph.P.L.F,CC(C)C[C@@H]1NC(=O)[C@@H]2CCCN2C(=O)C[C@H](Cc2ccccc2)NC(=O)[C@@H](CC(C)C)N(C)C(=O)[C@H](C)N(C)C(=O)[C@H](Cc2ccccc2)NC1=O,2035.0,298.15,89.6615,51.9602,37.7013,7.733,37.7013,72.2794,0.03933,148.23,0.557,16.574,2035.0,
dP.meA.Me_dL.dL.P.dL.F,CC(C)C[C@@H]1C(=O)N[C@H](CC(C)C)C(=O)N2CCC[C@H]2C(=O)N[C@H](CC(C)C)C(=O)N[C@@H](Cc2ccccc2)C(=O)N2CCC[C@@H]2C(=O)N(C)[C@@H](C)C(=O)N1C,7156.0,298.15,99.0099,36.5088,62.5011,16.732,62.5011,92.106,0.065316,168.54000000000002,0.463,36.934,7156.0,
P.Me_dA.meL.L.dP.Bn_Gly.F,CC(C)C[C@@H]1NC(=O)[C@H](CC(C)C)N(C)C(=O)[C@@H](C)N(C)C(=O)[C@@H]2CCCN2C(=O)[C@H](Cc2ccccc2)NC(=O)CN(Cc2ccccc2)C(=O)[C@H]2CCCN2C1=O,1973.0,298.15,92.3549,56.0229,36.332,7.3118,36.332,75.0881,0.03574,159.75,0.757,26.841,1973.0,
dP.meA.Me_dL.Bn_Gly.P.Me_dL.F,CC(C)C[C@@H]1C(=O)N(Cc2ccccc2)CC(=O)N2CCC[C@H]2C(=O)N(C)[C@H](CC(C)C)C(=O)N[C@@H](Cc2ccccc2)C(=O)N2CCC[C@@H]2C(=O)N(C)[C@@H](C)C(=O)N1C,1523.0,298.15,72.1529,41.853,30.2999,6.3363,30.2999,52.8082,0.030015,150.96,0.324,72.615,1523.0,
meL.Sar.F.L.P.Y,CC(C)C[C@@H]1NC(=O)[C@H](Cc2ccccc2)NC(=O)CN(C)C(=O)[C@H](CC(C)C)N(C)C(=O)[C@H](Cc2ccc(O)cc2)NC(=O)[C@@H]2CCCN2C1=O,2190.0,298.15,114.6194,83.885,30.7344,7.7911,30.7344,111.5446,0.032844,168.45999999999998,0.688,25.306,2190.0,
Pr_Gly.dL.Bn_Gly.dP.Me_dL.F,CCCN1CC(=O)N[C@H](CC(C)C)C(=O)N(Cc2ccccc2)CC(=O)N2CCC[C@@H]2C(=O)N(C)[C@H](CC(C)C)C(=O)N[C@@H](Cc2ccccc2)C1=O,2134.0,298.15,84.0899,24.4071,59.6828,9.3323,59.6828,50.2057,0.061403,139.44,0.422,60.373,2134.0,
P.Pr_Gly.L.L.dP.Bn_Gly.F,CCCN1CC(=O)N[C@@H](CC(C)C)C(=O)N[C@@H](CC(C)C)C(=O)N2CCC[C@@H]2C(=O)N(Cc2ccccc2)CC(=O)N[C@@H](Cc2ccccc2)C(=O)N2CCC[C@H]2C1=O,6100.0,298.15,114.9288,57.3638,57.565,11.9658,57.565,88.9239,0.055841,168.54,0.694,30.974,6100.0,
bHph.dL.dL.P.dL.F,CC(C)C[C@H]1NC(=O)C[C@H](Cc2ccccc2)NC(=O)[C@H](Cc2ccccc2)NC(=O)[C@@H](CC(C)C)NC(=O)[C@@H]2CCCN2C(=O)[C@@H](CC(C)C)NC1=O,2519.0,298.15,92.019,42.8636,49.1554,8.8759,49.1554,60.1305,0.051651,165.81,0.306,58.463,2519.0,
P.A.L.L.dP.dL.F,CC(C)C[C@@H]1NC(=O)[C@H](C)NC(=O)[C@@H]2CCCN2C(=O)[C@H](Cc2ccccc2)NC(=O)[C@@H](CC(C)C)NC(=O)[C@H]2CCCN2C(=O)[C@H](CC(C)C)NC1=O,1892.0,298.15,100.5575,54.3851,46.1724,8.959,46.1724,82.5606,0.047423,186.12,0.398,56.015,1892.0,
dP.Me_dA.dL.L.dP.Me_dL.F,CC(C)C[C@@H]1NC(=O)[C@@H](CC(C)C)NC(=O)[C@@H](C)N(C)C(=O)[C@H]2CCCN2C(=O)[C@H](Cc2ccccc2)NC(=O)[C@@H](CC(C)C)N(C)C(=O)[C@H]2CCCN2C1=O,2647.0,298.15,115.7537,50.137,65.6167,17.2104,65.6167,101.3072,0.067381,168.54,0.7,29.517,2647.0,
"dP.Sta(3R,4R).meL.meL.Sta.meL",CC(C)C[C@@H]1NC(=O)[C@H](CC(C)C)N(C)C(=O)[C@H](CC(C)C)N(C)C(=O)C[C@@H](O)[C@@H](CC(C)C)NC(=O)[C@H]2CCCN2C(=O)[C@H](CC(C)C)N(C)C(=O)C[C@@H]1O,4276.0,298.15,108.595,49.2316,59.3634,8.8352,59.3634,79.7103,0.055502,179.9,0.438,30.464,4276.0,
meA.L.bHph.P.Bn_Gly.F,CC(C)C[C@@H]1NC(=O)[C@H](C)N(C)C(=O)[C@H](Cc2ccccc2)NC(=O)CN(Cc2ccccc2)C(=O)[C@@H]2CCCN2C(=O)C[C@H](Cc2ccccc2)NC1=O,405.0,298.15,77.7666,58.2244,19.5422,4.1029,19.5422,73.2654,0.020137,148.23,0.515,35.065,405.0,
P.A.dL.Me_dL.dP.L.F,CC(C)C[C@@H]1NC(=O)[C@H]2CCCN2C(=O)[C@@H](CC(C)C)N(C)C(=O)[C@@H](CC(C)C)NC(=O)[C@H](C)NC(=O)[C@@H]2CCCN2C(=O)[C@H](Cc2ccccc2)NC1=O,1144.0,298.15,105.7023,72.3759,33.3264,5.2124,33.3264,97.8284,0.034741,177.32999999999998,0.144,87.115,1144.0,
dP.A.dL.Me_dL.dP.Bn_Gly.F,CC(C)C[C@@H]1C(=O)N2CCC[C@@H]2C(=O)N(Cc2ccccc2)CC(=O)N[C@@H](Cc2ccccc2)C(=O)N2CCC[C@@H]2C(=O)N[C@@H](C)C(=O)N[C@H](CC(C)C)C(=O)N1C,3178.0,298.15,101.5511,50.2296,51.3215,12.2975,51.3215,64.1954,0.052154,168.54,0.593,33.078,3178.0,
meA.dL.Bn_Gly.dP.meL.F,CC(C)C[C@H]1NC(=O)[C@H](C)N(C)C(=O)[C@H](Cc2ccccc2)NC(=O)[C@H](CC(C)C)N(C)C(=O)[C@H]2CCCN2C(=O)CN(Cc2ccccc2)C1=O,1453.0,298.15,81.8074,35.4099,46.3975,11.5419,46.3975,43.4009,0.050452,139.44,0.69,50.663,1453.0,
dP.bHph.L.dL.P.dL.F,CC(C)C[C@@H]1NC(=O)C[C@H](Cc2ccccc2)NC(=O)[C@H]2CCCN2C(=O)[C@H](Cc2ccccc2)NC(=O)[C@@H](CC(C)C)NC(=O)[C@@H]2CCCN2C(=O)[C@@H](CC(C)C)NC1=O,3830.0,298.15,107.8242,29.7082,78.116,16.4123,78.116,51.5726,0.072853,186.12,0.318,56.687,3830.0,
Me_dA.Me_dL.L.dP.meL.F,CC(C)C[C@@H]1NC(=O)[C@@H](CC(C)C)N(C)C(=O)[C@@H](C)N(C)C(=O)[C@H](Cc2ccccc2)NC(=O)[C@H](CC(C)C)N(C)C(=O)[C@H]2CCCN2C1=O,1933.0,298.15,69.8335,43.4844,26.3491,5.8969,26.3491,57.5755,0.027947,139.44,0.491,37.576,1933.0,
dP.dA.L.dL.dP.dL.F,CC(C)C[C@@H]1NC(=O)[C@@H](C)NC(=O)[C@H]2CCCN2C(=O)[C@H](Cc2ccccc2)NC(=O)[C@@H](CC(C)C)NC(=O)[C@H]2CCCN2C(=O)[C@@H](CC(C)C)NC1=O,1589.0,298.15,95.3753,51.9193,43.456,10.0229,43.456,56.9714,0.04703,186.12,0.162,86.043,1589.0,
P.meA.L.Bn_Gly.dP.L.F,CC(C)C[C@@H]1NC(=O)[C@H]2CCCN2C(=O)CN(Cc2ccccc2)C(=O)[C@H](CC(C)C)NC(=O)[C@H](C)N(C)C(=O)[C@@H]2CCCN2C(=O)[C@H](Cc2ccccc2)NC1=O,1703.0,298.15,113.3321,67.4903,45.8418,10.5119,45.8418,80.5873,0.048232,168.54,0.537,37.674,1703.0,
bHph.meL.bHph.P.Bn_Gly.F,CC(C)C[C@H]1C(=O)N[C@@H](Cc2ccccc2)CC(=O)N2CCC[C@H]2C(=O)N(Cc2ccccc2)CC(=O)N[C@@H](Cc2ccccc2)C(=O)N[C@@H](Cc2ccccc2)CC(=O)N1C,707.0,298.15,95.2056,51.3254,43.8802,6.6153,43.8802,64.6042,0.040589,148.23,0.598,34.849,707.0,
meA.meL.dL.P.meL.F,CC(C)C[C@H]1NC(=O)[C@H](CC(C)C)N(C)C(=O)[C@H](C)N(C)C(=O)[C@H](Cc2ccccc2)NC(=O)[C@H](CC(C)C)N(C)C(=O)[C@@H]2CCCN2C1=O,3558.0,298.15,82.5256,43.9778,38.5478,7.6196,38.5478,63.44,0.04312,139.44,0.789,32.619,3558.0,
dP.Pr_Gly.dL.L.dP.Me_dL.F,CCCN1CC(=O)N[C@H](CC(C)C)C(=O)N[C@@H](CC(C)C)C(=O)N2CCC[C@@H]2C(=O)N(C)[C@H](CC(C)C)C(=O)N[C@@H](Cc2ccccc2)C(=O)N2CCC[C@@H]2C1=O,5320.0,298.15,116.9659,53.1562,63.8097,14.1255,63.8097,102.6825,0.065412,168.54,0.919,15.158,5320.0,
P.Me_dA.meL.Bn_Gly.P.dL.F,CC(C)C[C@H]1NC(=O)[C@@H]2CCCN2C(=O)CN(Cc2ccccc2)C(=O)[C@H](CC(C)C)N(C)C(=O)[C@@H](C)N(C)C(=O)[C@@H]2CCCN2C(=O)[C@H](Cc2ccccc2)NC1=O,4169.0,298.15,86.7126,50.4908,36.2218,7.2768,36.2218,75.7023,0.035974,159.75,0.566,57.531,4169.0,
Pr_Gly.dL.meL.P.meL.F,CCCN1CC(=O)N[C@H](CC(C)C)C(=O)N(C)[C@@H](CC(C)C)C(=O)N2CCC[C@H]2C(=O)N(C)[C@@H](CC(C)C)C(=O)N[C@@H](Cc2ccccc2)C1=O,5005.0,298.15,81.3038,34.8457,46.4581,9.8014,46.4581,66.6365,0.04736,139.44,0.628,24.396,5005.0,
meA.d(N->O)Val.meV.d(N->O)Val.meV.d(N->O)Val,CC(C)[C@H]1C(=O)O[C@H](C(C)C)C(=O)N(C)[C@@H](C)C(=O)O[C@H](C(C)C)C(=O)N(C)[C@@H](C(C)C)C(=O)O[C@H](C(C)C)C(=O)N1C,806.0,298.15,65.582,34.0485,31.5335,6.3034,31.5335,56.3683,0.039925,139.83000000000004,0.322,47.232,806.0,
dF.Mono38.L.Nle.dP.Mono34,CCCC[C@@H]1NC(=O)[C@H](CC(C)C)NC(=O)CN(CC2CCOCC2)C(=O)[C@@H](Cc2ccccc2)NC(=O)CN(CCCOC(C)C)C(=O)[C@H]2CCCN2C1=O,7393.0,298.15,105.8665,68.694,37.1725,7.6169,37.1725,80.8437,0.037739,166.69,1.276,4.867,7393.0,
F.Mono41.meL.Nle.dP.iBu_Gly,CCCC[C@@H]1NC(=O)[C@H](CC(C)C)N(C)C(=O)CN(CCCN2CCCC2=O)C(=O)[C@H](Cc2ccccc2)NC(=O)CN(CC(C)C)C(=O)[C@H]2CCCN2C1=O,5432.0,298.15,105.8722,52.9182,52.954,11.7465,52.954,87.3292,0.053673,159.75,0.38,46.697,5432.0,
dP.Pr_Gly.Me_dL.Bn_Gly.dP.meL.F,CCCN1CC(=O)N(C)[C@H](CC(C)C)C(=O)N(Cc2ccccc2)CC(=O)N2CCC[C@@H]2C(=O)N(C)[C@@H](CC(C)C)C(=O)N[C@@H](Cc2ccccc2)C(=O)N2CCC[C@@H]2C1=O,5535.0,298.15,70.4818,37.9926,32.4892,7.6083,32.4892,45.7539,0.031631,150.96,0.568,40.663,5535.0,
dA.Bn_Gly.meL.P.meL.F,CC(C)C[C@H]1C(=O)N2CCC[C@H]2C(=O)N(C)[C@@H](CC(C)C)C(=O)N[C@@H](Cc2ccccc2)C(=O)N[C@H](C)C(=O)N(Cc2ccccc2)CC(=O)N1C,1846.0,298.15,97.032,48.958,48.074,9.1281,48.074,71.9118,0.050912,139.44,0.482,37.733,1846.0,
dP.Pr_Gly.Bn_Gly.L.dP.dL.F,CCCN1CC(=O)N(Cc2ccccc2)CC(=O)N[C@@H](CC(C)C)C(=O)N2CCC[C@@H]2C(=O)N[C@H](CC(C)C)C(=O)N[C@@H](Cc2ccccc2)C(=O)N2CCC[C@@H]2C1=O,2395.0,298.15,103.998,42.0184,61.9796,11.7545,61.9796,73.6738,0.062541,168.54,0.61,24.365,2395.0,
dP.bHph.dL.Me_dL.P.Bn_Gly.F,CC(C)C[C@@H]1C(=O)N2CCC[C@H]2C(=O)N(Cc2ccccc2)CC(=O)N[C@@H](Cc2ccccc2)C(=O)N2CCC[C@@H]2C(=O)N[C@@H](Cc2ccccc2)CC(=O)N[C@H](CC(C)C)C(=O)N1C,2975.0,298.15,88.63,36.3117,52.3183,10.296,52.3183,59.0687,0.047102,168.54,0.501,28.092,2975.0,
dP.bHph.L.Bn_Gly.dP.meL.F,CC(C)C[C@@H]1NC(=O)C[C@H](Cc2ccccc2)NC(=O)[C@H]2CCCN2C(=O)[C@H](Cc2ccccc2)NC(=O)[C@H](CC(C)C)N(C)C(=O)[C@H]2CCCN2C(=O)CN(Cc2ccccc2)C1=O,1240.0,298.15,88.3343,61.4598,26.8745,4.35,26.8745,76.4004,0.02446,168.54000000000002,0.347,38.47,1240.0,
dP.dA.Me_dL.meL.P.meL.F,CC(C)C[C@@H]1C(=O)N(C)[C@@H](CC(C)C)C(=O)N2CCC[C@H]2C(=O)N(C)[C@@H](CC(C)C)C(=O)N[C@@H](Cc2ccccc2)C(=O)N2CCC[C@@H]2C(=O)N[C@H](C)C(=O)N1C,1410.0,298.15,73.7306,51.1629,22.5677,4.7805,22.5677,62.3749,0.023338,159.75,0.6,46.082,1410.0,
dP.meA.Me_dL.Me_dL.dP.dL.F,CC(C)C[C@@H]1C(=O)N2CCC[C@@H]2C(=O)N[C@H](CC(C)C)C(=O)N[C@@H](Cc2ccccc2)C(=O)N2CCC[C@@H]2C(=O)N(C)[C@@H](C)C(=O)N(C)[C@H](CC(C)C)C(=O)N1C,2301.0,298.15,84.3774,44.9786,39.3988,8.6594,39.3988,63.0328,0.040321,159.75000000000003,0.291,72.27,2301.0,
dP.Me_dA.dL.L.dP.L.F,CC(C)C[C@@H]1NC(=O)[C@H]2CCCN2C(=O)[C@H](CC(C)C)NC(=O)[C@@H](CC(C)C)NC(=O)[C@@H](C)N(C)C(=O)[C@H]2CCCN2C(=O)[C@H](Cc2ccccc2)NC1=O,3170.0,298.15,80.9399,49.2431,31.6968,9.3055,31.6968,57.5769,0.033593,177.33,0.307,63.437,3170.0,
dP.dA.dL.dL.P.meL.F,CC(C)C[C@H]1NC(=O)[C@@H](C)NC(=O)[C@H]2CCCN2C(=O)[C@H](Cc2ccccc2)NC(=O)[C@H](CC(C)C)N(C)C(=O)[C@@H]2CCCN2C(=O)[C@@H](CC(C)C)NC1=O,1831.0,298.15,100.6466,41.1034,59.5432,10.8226,59.5432,64.0501,0.062431,177.33,0.148,77.506,1831.0,
A.meL.Bn_Gly.P.Me_dL.F,CC(C)C[C@@H]1C(=O)N[C@@H](Cc2ccccc2)C(=O)N[C@@H](C)C(=O)N(C)[C@@H](CC(C)C)C(=O)N(Cc2ccccc2)CC(=O)N2CCC[C@H]2C(=O)N1C,2248.0,298.15,90.3661,35.1106,55.2555,15.788,55.2555,47.0473,0.059196,139.44000000000003,0.56,14.464,2248.0,
P.bHph.L.Bn_Gly.dP.Me_dL.F,CC(C)C[C@@H]1NC(=O)C[C@H](Cc2ccccc2)NC(=O)[C@@H]2CCCN2C(=O)[C@H](Cc2ccccc2)NC(=O)[C@@H](CC(C)C)N(C)C(=O)[C@H]2CCCN2C(=O)CN(Cc2ccccc2)C1=O,1369.0,298.15,74.1476,44.7703,29.3773,6.8757,29.3773,55.7095,0.028087,168.54000000000002,0.512,53.948,1369.0,
Mono14.A.F.P.L.P,CC[C@@H](C)[C@@H]1NC(=O)[C@@H]2CCCN2C(=O)[C@H](CC(C)C)NC(=O)[C@@H]2CCCN2C(=O)[C@H](Cc2ccccc2)NC(=O)[C@H](C)NC(=O)c2csc1n2,1255.0,298.15,151.7062,85.8472,65.859,9.3382,65.859,115.9109,0.073006,169.90999999999997,0.953,20.457,1255.0,
bHph.L.Me_dL.P.L.F,CC(C)C[C@@H]1NC(=O)[C@@H]2CCCN2C(=O)[C@@H](CC(C)C)N(C)C(=O)[C@H](CC(C)C)NC(=O)C[C@H](Cc2ccccc2)NC(=O)[C@H](Cc2ccccc2)NC1=O,1207.0,298.15,81.5672,46.1406,35.4266,6.3703,35.4266,71.6679,0.035962,157.01999999999998,0.297,65.376,1207.0,
bHph.L.bHph.dP.meL.F,CC(C)C[C@@H]1NC(=O)C[C@H](Cc2ccccc2)NC(=O)[C@H](Cc2ccccc2)NC(=O)[C@H](CC(C)C)N(C)C(=O)[C@H]2CCCN2C(=O)C[C@H](Cc2ccccc2)NC1=O,918.0,298.15,67.4341,28.4381,38.996,6.7153,38.996,35.6108,0.038858,157.02,0.298,74.253,918.0,
P.bHph.meL.meL.P.Bn_Gly.F,CC(C)C[C@H]1C(=O)N(C)[C@@H](CC(C)C)C(=O)N2CCC[C@H]2C(=O)N(Cc2ccccc2)CC(=O)N[C@@H](Cc2ccccc2)C(=O)N2CCC[C@H]2C(=O)N[C@@H](Cc2ccccc2)CC(=O)N1C,1213.0,298.15,100.2004,57.2195,42.9809,6.9854,42.9809,83.9914,0.03752,159.75,0.433,49.727,1213.0,
Hph.3Pal.dP.PhPr_Gly.Nva(Ph).dF,O=C1CN(CCCc2ccccc2)C(=O)[C@H]2CCCN2C(=O)[C@H](Cc2cccnc2)NC(=O)[C@H](CCc2ccccc2)NC(=O)[C@@H](Cc2ccccc2)NC(=O)[C@H](CCCc2ccccc2)N1,4877.0,298.15,94.6221,48.0028,46.6193,8.8963,46.6193,68.7796,0.043593,169.91,0.947,10.991,4877.0,
P.bHph.L.bHph.dP.Bn_Gly.F,CC(C)C[C@@H]1NC(=O)C[C@H](Cc2ccccc2)NC(=O)[C@@H]2CCCN2C(=O)[C@H](Cc2ccccc2)NC(=O)CN(Cc2ccccc2)C(=O)[C@H]2CCCN2C(=O)C[C@H](Cc2ccccc2)NC1=O,1005.0,298.15,109.5385,42.0095,67.529,19.0171,67.529,100.2748,0.063052,177.33,0.464,22.213,1005.0,
P.dA.Me_dL.Me_dL.P.Me_dL.F,CC(C)C[C@@H]1C(=O)N2CCC[C@H]2C(=O)N(C)[C@H](CC(C)C)C(=O)N[C@@H](Cc2ccccc2)C(=O)N2CCC[C@H]2C(=O)N[C@H](C)C(=O)N(C)[C@H](CC(C)C)C(=O)N1C,2561.0,298.15,83.6734,50.7946,32.8788,6.9552,32.8788,65.1257,0.032612,159.75,0.861,14.062,2561.0,
dA.Me_dL.L.P.dL.F,CC(C)C[C@@H]1NC(=O)[C@@H](CC(C)C)N(C)C(=O)[C@@H](C)NC(=O)[C@H](Cc2ccccc2)NC(=O)[C@@H](CC(C)C)NC(=O)[C@@H]2CCCN2C1=O,2961.0,298.15,94.6213,41.8322,52.7891,14.718,52.7891,54.064,0.056813,157.02,0.336,64.766,2961.0,
dA.dL.bHph.P.Me_dL.F,CC(C)C[C@@H]1C(=O)N[C@@H](Cc2ccccc2)C(=O)N[C@H](C)C(=O)N[C@H](CC(C)C)C(=O)N[C@@H](Cc2ccccc2)CC(=O)N2CCC[C@H]2C(=O)N1C,2218.0,298.15,100.2618,33.1857,67.0761,16.0074,67.0761,57.7562,0.070314,157.02,0.244,67.626,2218.0,
Pr_Gly.Me_dL.L.dP.Bn_Gly.F,CCCN1CC(=O)N(C)[C@H](CC(C)C)C(=O)N[C@@H](CC(C)C)C(=O)N2CCC[C@@H]2C(=O)N(Cc2ccccc2)CC(=O)N[C@@H](Cc2ccccc2)C1=O,2925.0,298.15,81.7909,49.1474,32.6435,6.1393,32.6435,66.8875,0.03339,139.44,0.642,20.808,2925.0,
dP.A.Bn_Gly.Bn_Gly.P.L.F,CC(C)C[C@@H]1NC(=O)[C@@H]2CCCN2C(=O)CN(Cc2ccccc2)C(=O)CN(Cc2ccccc2)C(=O)[C@H](C)NC(=O)[C@H]2CCCN2C(=O)[C@H](Cc2ccccc2)NC1=O,918.0,298.15,99.1168,53.4887,45.6281,9.4135,45.6281,77.1304,0.044218,168.54,0.609,19.948,918.0,
Nal.PhPr_Gly.meL.Nle.dP.Mono45,CCCC[C@@H]1NC(=O)[C@H](CC(C)C)N(C)C(=O)CN(CCCc2ccccc2)C(=O)[C@H](Cc2ccc3ccccc3c2)NC(=O)CN(Cc2ccccc2Cn2cccn2)C(=O)[C@H]2CCCN2C1=O,3712.0,298.15,81.8928,40.959,40.9338,8.6888,40.9338,56.5284,0.036588,157.26,0.597,37.455,3712.0,
dA.L.Bn_Gly.P.dL.F,CC(C)C[C@@H]1NC(=O)[C@@H](C)NC(=O)[C@H](Cc2ccccc2)NC(=O)[C@@H](CC(C)C)NC(=O)[C@@H]2CCCN2C(=O)CN(Cc2ccccc2)C1=O,4504.0,298.15,94.3123,54.0987,40.2136,7.5691,40.2136,75.4587,0.042795,157.02,0.841,12.907,4504.0,
dP.Me_dA.Me_dL.bHph.P.meL.F,CC(C)C[C@@H]1C(=O)N[C@@H](Cc2ccccc2)CC(=O)N2CCC[C@H]2C(=O)N(C)[C@@H](CC(C)C)C(=O)N[C@@H](Cc2ccccc2)C(=O)N2CCC[C@@H]2C(=O)N(C)[C@H](C)C(=O)N1C,2026.0,298.15,86.8108,42.9475,43.8633,8.4308,43.8633,69.4306,0.045139,159.75,0.508,16.111,2026.0,
L.Me_dAbu.Me_Abu.L.dP.meY,CC[C@@H]1C(=O)N(C)[C@@H](CC)C(=O)N[C@@H](CC(C)C)C(=O)N2CCC[C@@H]2C(=O)N(C)[C@@H](Cc2ccc(O)cc2)C(=O)N[C@@H](CC(C)C)C(=O)N1C,3534.0,298.15,111.8831,61.2351,50.648,8.1166,50.648,86.3132,0.054636,159.67,0.696,29.737,3534.0,
F.Bn_Gly.meL.Nle.dP.Et_Gly,CCCC[C@@H]1NC(=O)[C@H](CC(C)C)N(C)C(=O)CN(Cc2ccccc2)C(=O)[C@H](Cc2ccccc2)NC(=O)CN(CC)C(=O)[C@H]2CCCN2C1=O,3359.0,298.15,85.8565,44.0314,41.8251,8.0614,41.8251,58.8751,0.045157,139.44,0.696,23.906,3359.0,
dA.meL.L.P.meL.F,CC(C)C[C@@H]1NC(=O)[C@H](CC(C)C)N(C)C(=O)[C@@H](C)NC(=O)[C@H](Cc2ccccc2)NC(=O)[C@H](CC(C)C)N(C)C(=O)[C@@H]2CCCN2C1=O,1812.0,298.15,96.7567,44.6132,52.1435,11.4183,52.1435,57.1834,0.055962,148.23000000000002,0.64,14.136,1812.0,
bHph.L.Me_dL.P.Me_dL.F,CC(C)C[C@@H]1NC(=O)C[C@H](Cc2ccccc2)NC(=O)[C@H](Cc2ccccc2)NC(=O)[C@@H](CC(C)C)N(C)C(=O)[C@@H]2CCCN2C(=O)[C@@H](CC(C)C)N(C)C1=O,929.0,298.15,57.3022,34.6361,22.6661,4.5676,22.6661,46.1341,0.022772,148.23000000000002,0.294,75.713,929.0,
dP.dA.dL.Bn_Gly.P.dL.F,CC(C)C[C@H]1NC(=O)[C@@H]2CCCN2C(=O)CN(Cc2ccccc2)C(=O)[C@@H](CC(C)C)NC(=O)[C@@H](C)NC(=O)[C@H]2CCCN2C(=O)[C@H](Cc2ccccc2)NC1=O,750.0,298.15,107.9495,42.1695,65.78,11.8271,65.78,72.0591,0.067489,177.32999999999998,0.377,41.809,750.0,
Pr_Gly.meL.meL.P.Bn_Gly.F,CCCN1CC(=O)N(C)[C@@H](CC(C)C)C(=O)N(C)[C@@H](CC(C)C)C(=O)N2CCC[C@H]2C(=O)N(Cc2ccccc2)CC(=O)N[C@@H](Cc2ccccc2)C1=O,1610.0,298.15,74.8291,34.5975,40.2316,6.4195,40.2316,49.0392,0.042716,130.65,0.493,15.492,1610.0,
dP.Pr_Gly.meL.Bn_Gly.P.meL.F,CCCN1CC(=O)N(C)[C@@H](CC(C)C)C(=O)N(Cc2ccccc2)CC(=O)N2CCC[C@H]2C(=O)N(C)[C@@H](CC(C)C)C(=O)N[C@@H](Cc2ccccc2)C(=O)N2CCC[C@@H]2C1=O,3820.0,298.15,82.2264,47.4129,34.8135,8.0086,34.8135,72.6436,0.033599,150.96,0.486,53.397,3820.0,
dP.Pr_Gly.dL.L.P.Me_dL.F,CCCN1CC(=O)N[C@H](CC(C)C)C(=O)N[C@@H](CC(C)C)C(=O)N2CCC[C@H]2C(=O)N(C)[C@H](CC(C)C)C(=O)N[C@@H](Cc2ccccc2)C(=O)N2CCC[C@@H]2C1=O,7195.0,298.15,101.9559,44.0962,57.8597,8.6635,57.8597,57.9065,0.055659,168.54,0.566,48.917,7195.0,
dP.meA.meL.bHph.P.L.F,CC(C)C[C@@H]1NC(=O)[C@@H]2CCCN2C(=O)C[C@H](Cc2ccccc2)NC(=O)[C@H](CC(C)C)N(C)C(=O)[C@H](C)N(C)C(=O)[C@H]2CCCN2C(=O)[C@H](Cc2ccccc2)NC1=O,2152.0,298.15,106.8817,42.4361,64.4456,12.7677,64.4456,60.5981,0.061595,168.54,0.161,87.633,2152.0,
P.dA.dL.L.P.L.F,CC(C)C[C@@H]1NC(=O)[C@@H]2CCCN2C(=O)[C@H](CC(C)C)NC(=O)[C@@H](CC(C)C)NC(=O)[C@@H](C)NC(=O)[C@@H]2CCCN2C(=O)[C@H](Cc2ccccc2)NC1=O,1528.0,298.15,111.9573,74.9111,37.0462,7.4832,37.0462,94.9107,0.038924,186.12,0.103,83.42,1528.0,
Me_dA.meL.L.P.Bn_Gly.F,CC(C)C[C@@H]1NC(=O)[C@H](CC(C)C)N(C)C(=O)[C@@H](C)N(C)C(=O)[C@H](Cc2ccccc2)NC(=O)CN(Cc2ccccc2)C(=O)[C@@H]2CCCN2C1=O,1468.0,298.15,89.1282,53.1991,35.9291,8.3776,35.9291,70.1561,0.037449,139.44,0.692,38.29,1468.0,
Nal.Mono41.meL.Nle.dP.Mono1,CCCC[C@@H]1NC(=O)[C@H](CC(C)C)N(C)C(=O)CN(CCCN2CCCC2=O)C(=O)[C@H](Cc2ccc3ccccc3c2)NC(=O)CN(Cc2ccc3c(c2)OCO3)C(=O)[C@H]2CCCN2C1=O,7817.0,298.15,155.0963,65.9059,89.1904,19.4756,89.1904,101.9821,0.081289,178.20999999999998,0.785,16.509,7817.0,
meA.Me_dL.Bn_Gly.dP.L.F,CC(C)C[C@@H]1NC(=O)[C@H]2CCCN2C(=O)CN(Cc2ccccc2)C(=O)[C@@H](CC(C)C)N(C)C(=O)[C@H](C)N(C)C(=O)[C@H](Cc2ccccc2)NC1=O,976.0,298.15,68.0305,32.6172,35.4133,7.5896,35.4133,45.3857,0.039062,139.44,0.432,37.001,976.0,
A.cHexCH2_Gly.L.Nle.dP.Et_Gly,CCCC[C@@H]1NC(=O)[C@H](CC(C)C)NC(=O)CN(CC2CCCCC2)C(=O)[C@H](C)NC(=O)CN(CC)C(=O)[C@H]2CCCN2C1=O,5195.0,298.15,103.7552,51.3523,52.4029,9.8765,52.4029,72.0646,0.058873,148.23000000000002,0.967,3.441,5195.0,
Me_dA.L.Me_dL.dP.meL.F,CC(C)C[C@@H]1NC(=O)[C@@H](C)N(C)C(=O)[C@H](Cc2ccccc2)NC(=O)[C@H](CC(C)C)N(C)C(=O)[C@H]2CCCN2C(=O)[C@@H](CC(C)C)N(C)C1=O,3487.0,298.15,77.8107,48.1831,29.6276,7.7662,29.6276,67.9711,0.031427,139.44,0.487,30.514,3487.0,
dA.meL.Me_dL.dP.meL.F,CC(C)C[C@@H]1C(=O)N2CCC[C@@H]2C(=O)N(C)[C@@H](CC(C)C)C(=O)N[C@@H](Cc2ccccc2)C(=O)N[C@H](C)C(=O)N(C)[C@@H](CC(C)C)C(=O)N1C,2061.0,298.15,84.4493,47.115,37.3343,6.4718,37.3343,65.0383,0.039648,139.44,0.701,25.954,2061.0,
P.A.dL.L.P.Bn_Gly.F,CC(C)C[C@@H]1NC(=O)[C@@H](CC(C)C)NC(=O)[C@H](C)NC(=O)[C@@H]2CCCN2C(=O)[C@H](Cc2ccccc2)NC(=O)CN(Cc2ccccc2)C(=O)[C@@H]2CCCN2C1=O,4111.0,298.15,116.0043,78.384,37.6203,8.4527,37.6203,92.0658,0.036834,177.33,0.61,15.96,4111.0,
dA.dL.dL.P.Bn_Gly.F,CC(C)C[C@H]1NC(=O)[C@@H](C)NC(=O)[C@H](Cc2ccccc2)NC(=O)CN(Cc2ccccc2)C(=O)[C@@H]2CCCN2C(=O)[C@@H](CC(C)C)NC1=O,1837.0,298.15,110.6016,50.8293,59.7723,8.6814,59.7723,76.5775,0.066542,157.02,0.571,31.355,1837.0,
dP.Me_dA.meL.Bn_Gly.dP.L.F,CC(C)C[C@@H]1NC(=O)[C@H]2CCCN2C(=O)CN(Cc2ccccc2)C(=O)[C@H](CC(C)C)N(C)C(=O)[C@@H](C)N(C)C(=O)[C@H]2CCCN2C(=O)[C@H](Cc2ccccc2)NC1=O,1658.0,298.15,78.7777,38.5942,40.1835,9.7872,40.1835,71.509,0.039961,159.75,0.416,41.662,1658.0,
L.cHexCH2_Gly.meL.Nle.dP.Mono45,CCCC[C@@H]1NC(=O)[C@H](CC(C)C)N(C)C(=O)CN(CC2CCCCC2)C(=O)[C@H](CC(C)C)NC(=O)CN(Cc2ccccc2Cn2cccn2)C(=O)[C@H]2CCCN2C1=O,7108.0,298.15,90.3052,33.0332,57.272,12.7819,57.272,59.8558,0.053261,157.26,0.665,31.671,7108.0,
P.Me_dA.L.dL.dP.dL.F,CC(C)C[C@@H]1NC(=O)[C@@H](C)N(C)C(=O)[C@@H]2CCCN2C(=O)[C@H](Cc2ccccc2)NC(=O)[C@@H](CC(C)C)NC(=O)[C@H]2CCCN2C(=O)[C@@H](CC(C)C)NC1=O,1806.0,298.15,110.6086,67.3703,43.2383,6.8067,43.2383,100.9735,0.043857,177.32999999999998,0.27,73.178,1806.0,
P.Me_dA.dL.dL.P.dL.F,CC(C)C[C@H]1NC(=O)[C@@H](C)N(C)C(=O)[C@@H]2CCCN2C(=O)[C@H](Cc2ccccc2)NC(=O)[C@@H](CC(C)C)NC(=O)[C@@H]2CCCN2C(=O)[C@@H](CC(C)C)NC1=O,4185.0,298.15,106.3807,52.5959,53.7848,11.4739,53.7848,99.2787,0.054899,177.32999999999998,0.762,18.773,4185.0,
A.cHexCH2_Gly.meL.Nle.dP.Pr_Gly,CCCC[C@@H]1NC(=O)[C@H](CC(C)C)N(C)C(=O)CN(CC2CCCCC2)C(=O)[C@H](C)NC(=O)CN(CCC)C(=O)[C@H]2CCCN2C1=O,4941.0,298.15,84.0338,45.8778,38.156,6.1562,38.156,63.5038,0.041411,139.44,0.87,10.177,4941.0,
Me_dA.meL.meL.dP.meL.F,CC(C)C[C@H]1C(=O)N(C)[C@@H](CC(C)C)C(=O)N2CCC[C@@H]2C(=O)N(C)[C@@H](CC(C)C)C(=O)N[C@@H](Cc2ccccc2)C(=O)N(C)[C@H](C)C(=O)N1C,2811.0,298.15,65.1327,31.4487,33.684,8.1943,33.684,43.5513,0.036933,130.65,0.8,8.588,2811.0,
dP.Me_dA.dL.dL.P.meL.F,CC(C)C[C@H]1NC(=O)[C@@H](C)N(C)C(=O)[C@H]2CCCN2C(=O)[C@H](Cc2ccccc2)NC(=O)[C@H](CC(C)C)N(C)C(=O)[C@@H]2CCCN2C(=O)[C@@H](CC(C)C)NC1=O,1136.0,298.15,76.7557,39.8449,36.9108,7.7939,36.9108,61.339,0.038003,168.54,0.269,71.341,1136.0,
P.A.meL.Me_dL.P.L.F,CC(C)C[C@@H]1NC(=O)[C@@H]2CCCN2C(=O)[C@@H](CC(C)C)N(C)C(=O)[C@H](CC(C)C)N(C)C(=O)[C@H](C)NC(=O)[C@@H]2CCCN2C(=O)[C@H](Cc2ccccc2)NC1=O,3111.0,298.15,89.6582,49.5002,40.158,10.3724,40.158,71.7163,0.042022,168.54,0.354,34.904,3111.0,
dP.A.Me_dL.dL.P.Bn_Gly.F,CC(C)C[C@@H]1C(=O)N[C@H](CC(C)C)C(=O)N2CCC[C@H]2C(=O)N(Cc2ccccc2)CC(=O)N[C@@H](Cc2ccccc2)C(=O)N2CCC[C@@H]2C(=O)N[C@@H](C)C(=O)N1C,912.0,298.15,84.7022,38.8007,45.9015,5.5444,45.9015,55.0513,0.04632,168.54,0.2,59.113,912.0,
dP.dA.L.Bn_Gly.P.dL.F,CC(C)C[C@@H]1NC(=O)[C@@H](C)NC(=O)[C@H]2CCCN2C(=O)[C@H](Cc2ccccc2)NC(=O)[C@@H](CC(C)C)NC(=O)[C@@H]2CCCN2C(=O)CN(Cc2ccccc2)C1=O,1547.0,298.15,98.5489,37.6979,60.851,15.6643,60.851,64.8648,0.061824,177.33,0.545,41.528,1547.0,
P.bHph.meL.L.dP.dL.F,CC(C)C[C@@H]1NC(=O)[C@H](CC(C)C)N(C)C(=O)C[C@H](Cc2ccccc2)NC(=O)[C@@H]2CCCN2C(=O)[C@H](Cc2ccccc2)NC(=O)[C@@H](CC(C)C)NC(=O)[C@H]2CCCN2C1=O,2559.0,298.15,83.9162,46.9263,36.9899,6.6567,36.9899,68.5994,0.034921,177.32999999999998,0.207,69.993,2559.0,
dP.meA.Me_dL.dL.dP.dL.F,CC(C)C[C@@H]1C(=O)N[C@H](CC(C)C)C(=O)N2CCC[C@@H]2C(=O)N[C@H](CC(C)C)C(=O)N[C@@H](Cc2ccccc2)C(=O)N2CCC[C@@H]2C(=O)N(C)[C@@H](C)C(=O)N1C,1933.0,298.15,92.3897,48.1425,44.2472,8.1624,44.2472,69.2899,0.045818,168.54000000000002,0.36,62.951,1933.0,
L.Bn_Gly.meL.Nle.dP.Pr_Gly,CCCC[C@@H]1NC(=O)[C@H](CC(C)C)N(C)C(=O)CN(Cc2ccccc2)C(=O)[C@H](CC(C)C)NC(=O)CN(CCC)C(=O)[C@H]2CCCN2C1=O,7351.0,298.15,86.7852,40.2579,46.5273,7.7706,46.5273,60.8615,0.049143,139.44,0.864,16.418,7351.0,
G.V.G.F.Y.I,CC[C@H](C)[C@@H]1NC(=O)[C@H](Cc2ccc(O)cc2)NC(=O)[C@H](Cc2ccccc2)NC(=O)CNC(=O)[C@H](C(C)C)NC(=O)CNC1=O,453.0,298.15,144.8801,102.2947,42.5854,8.3109,42.5854,121.3629,0.049016,194.82999999999998,0.433,43.61,453.0,
P.Pr_Gly.Bn_Gly.bHph.P.Me_dL.F,CCCN1CC(=O)N(Cc2ccccc2)CC(=O)N[C@@H](Cc2ccccc2)CC(=O)N2CCC[C@H]2C(=O)N(C)[C@H](CC(C)C)C(=O)N[C@@H](Cc2ccccc2)C(=O)N2CCC[C@H]2C1=O,2742.0,298.15,93.3286,61.1937,32.1349,7.0077,32.1349,69.5431,0.031044,159.75,0.873,32.877,2742.0,
P.Me_dA.dL.meL.dP.Bn_Gly.F,CC(C)C[C@H]1NC(=O)[C@@H](C)N(C)C(=O)[C@@H]2CCCN2C(=O)[C@H](Cc2ccccc2)NC(=O)CN(Cc2ccccc2)C(=O)[C@H]2CCCN2C(=O)[C@H](CC(C)C)N(C)C1=O,641.0,298.15,94.294,53.773,40.521,7.8511,40.521,77.089,0.040801,159.75,0.36,52.675,641.0,
A.cHexCH2_Gly.L.Nle.dP.Mono1,CCCC[C@@H]1NC(=O)[C@H](CC(C)C)NC(=O)CN(CC2CCCCC2)C(=O)[C@H](C)NC(=O)CN(Cc2ccc3c(c2)OCO3)C(=O)[C@H]2CCCN2C1=O,4500.0,298.15,136.0635,79.1997,56.8638,12.2111,56.8638,121.0575,0.055934,166.69,0.79,10.388,4500.0,
meA.dL.bHph.dP.meL.F,CC(C)C[C@H]1NC(=O)[C@H](C)N(C)C(=O)[C@H](Cc2ccccc2)NC(=O)[C@H](CC(C)C)N(C)C(=O)[C@H]2CCCN2C(=O)C[C@H](Cc2ccccc2)NC1=O,501.0,298.15,87.7767,36.7498,51.0269,10.5278,51.0269,48.8763,0.053185,148.23,0.79,31.209,501.0,
meA.dL.dL.dP.Me_dL.F,CC(C)C[C@@H]1C(=O)N[C@@H](Cc2ccccc2)C(=O)N(C)[C@@H](C)C(=O)N[C@H](CC(C)C)C(=O)N[C@H](CC(C)C)C(=O)N2CCC[C@@H]2C(=O)N1C,2261.0,298.15,80.6686,39.9282,40.7404,6.7368,40.7404,76.9108,0.043985,148.23000000000002,0.504,24.074,2261.0,
dP.dL.Pye.dL.Nal.L,CC(C)C[C@@H]1NC(=O)[C@H](Cc2ccc3ccccc3c2)NC(=O)[C@@H](CC(C)C)NC(=O)[C@H](CCC(=O)N2CCCC2)NC(=O)[C@@H](CC(C)C)NC(=O)[C@H]2CCCN2C1=O,3071.0,298.15,87.7416,54.9601,32.7815,5.6216,32.7815,72.2392,0.031797,186.12,0.864,4.694,3071.0,
bHph.Me_dL.bHph.P.L.F,CC(C)C[C@@H]1NC(=O)[C@@H]2CCCN2C(=O)C[C@H](Cc2ccccc2)NC(=O)[C@@H](CC(C)C)N(C)C(=O)C[C@H](Cc2ccccc2)NC(=O)[C@H](Cc2ccccc2)NC1=O,902.0,298.15,95.5409,37.8657,57.6752,13.4028,57.6752,47.8106,0.060794,157.01999999999998,0.39,58.91,902.0,
A.dL.bHph.P.dL.F,CC(C)C[C@H]1NC(=O)[C@H](C)NC(=O)[C@H](Cc2ccccc2)NC(=O)[C@@H](CC(C)C)NC(=O)[C@@H]2CCCN2C(=O)C[C@H](Cc2ccccc2)NC1=O,1346.0,298.15,105.7193,48.5571,57.1622,10.742,57.1622,69.1045,0.065129,165.81,0.401,42.752,1346.0,
L.dP.meY.L.Me_dL.meD,CC(C)C[C@@H]1NC(=O)[C@H](Cc2ccc(O)cc2)N(C)C(=O)[C@H]2CCCN2C(=O)[C@H](CC(C)C)NC(=O)[C@H](CC(=O)O)N(C)C(=O)[C@@H](CC(C)C)N(C)C1=O,5022.0,298.15,155.5526,101.0567,54.4959,11.8553,54.4959,117.3901,0.055219,196.96999999999997,0.67,25.359,5022.0,
P.A.L.Bn_Gly.dP.L.F,CC(C)C[C@@H]1NC(=O)[C@H]2CCCN2C(=O)CN(Cc2ccccc2)C(=O)[C@H](CC(C)C)NC(=O)[C@H](C)NC(=O)[C@@H]2CCCN2C(=O)[C@H](Cc2ccccc2)NC1=O,2564.0,298.15,107.7843,57.977,49.8073,14.0472,49.8073,103.2105,0.050959,177.32999999999998,0.489,21.901,2564.0,
dP.A.dL.L.P.meL.F,CC(C)C[C@@H]1NC(=O)[C@@H](CC(C)C)NC(=O)[C@H](C)NC(=O)[C@H]2CCCN2C(=O)[C@H](Cc2ccccc2)NC(=O)[C@H](CC(C)C)N(C)C(=O)[C@@H]2CCCN2C1=O,2386.0,298.15,90.3566,53.7661,36.5905,8.0709,36.5905,58.4674,0.03738,177.33,0.291,55.922,2386.0,
dP.Sta.meL.Me_dL.Sta.meL,CC(C)C[C@@H]1NC(=O)[C@@H](CC(C)C)N(C)C(=O)[C@H](CC(C)C)N(C)C(=O)C[C@H](O)[C@H](CC(C)C)NC(=O)[C@H]2CCCN2C(=O)[C@H](CC(C)C)N(C)C(=O)C[C@@H]1O,2801.0,298.15,85.1433,59.7711,25.3722,5.0614,25.3722,72.3226,0.023897,179.9,0.077,91.531,2801.0,
A.Mono39.meL.Nle.dP.Mono45,CCCC[C@@H]1NC(=O)[C@H](CC(C)C)N(C)C(=O)CN(CCOc2ccccc2)C(=O)[C@H](C)NC(=O)CN(Cc2ccccc2Cn2cccn2)C(=O)[C@H]2CCCN2C1=O,6032.0,298.15,100.8824,38.8375,62.0449,12.4245,62.0449,60.0568,0.062986,166.49,0.424,48.88,6032.0,
P.Me_dA.Bn_Gly.meL.P.meL.F,CC(C)C[C@H]1C(=O)N2CCC[C@H]2C(=O)N(C)[C@@H](CC(C)C)C(=O)N[C@@H](Cc2ccccc2)C(=O)N2CCC[C@H]2C(=O)N(C)[C@H](C)C(=O)N(Cc2ccccc2)CC(=O)N1C,2997.0,298.15,88.3872,44.1717,44.2155,10.5148,44.2155,78.3688,0.042972,150.96,0.734,21.751,2997.0,
Nal.3-pyridylethyl_Gly.meL.Nle.dP.Mono42,CCCC[C@@H]1NC(=O)[C@H](CC(C)C)N(C)C(=O)CN(CCc2cccnc2)C(=O)[C@H](Cc2ccc3ccccc3c2)NC(=O)CN(CCN2CCOCC2)C(=O)[C@H]2CCCN2C1=O,3406.0,298.15,113.3579,64.6681,48.6898,9.089,48.6898,86.8243,0.047244,164.8,0.491,28.768,3406.0,
dP.meA.meL.bHph.dP.Bn_Gly.F,CC(C)C[C@H]1C(=O)N[C@@H](Cc2ccccc2)CC(=O)N2CCC[C@@H]2C(=O)N(Cc2ccccc2)CC(=O)N[C@@H](Cc2ccccc2)C(=O)N2CCC[C@@H]2C(=O)N(C)[C@@H](C)C(=O)N1C,635.0,298.15,81.0922,52.2191,28.8731,5.6791,28.8731,72.7976,0.028005,159.75,0.454,30.265,635.0,
P.bHph.L.Me_dL.dP.dL.F,CC(C)C[C@@H]1NC(=O)C[C@H](Cc2ccccc2)NC(=O)[C@@H]2CCCN2C(=O)[C@H](Cc2ccccc2)NC(=O)[C@@H](CC(C)C)NC(=O)[C@H]2CCCN2C(=O)[C@@H](CC(C)C)N(C)C1=O,2496.0,298.15,91.1923,55.3309,35.8614,8.3455,35.8614,82.9425,0.034708,177.33,0.093,92.058,2496.0,
Pr_Gly.Bn_Gly.bHph.P.dL.F,CCCN1CC(=O)N(Cc2ccccc2)CC(=O)N[C@@H](Cc2ccccc2)CC(=O)N2CCC[C@H]2C(=O)N[C@H](CC(C)C)C(=O)N[C@@H](Cc2ccccc2)C1=O,2332.0,298.15,91.8973,51.5081,40.3892,7.383,40.3892,65.0759,0.042824,148.23,0.806,21.857,2332.0,
P.A.meL.Bn_Gly.dP.Me_dL.F,CC(C)C[C@@H]1C(=O)N[C@@H](Cc2ccccc2)C(=O)N2CCC[C@H]2C(=O)N[C@@H](C)C(=O)N(C)[C@@H](CC(C)C)C(=O)N(Cc2ccccc2)CC(=O)N2CCC[C@@H]2C(=O)N1C,1560.0,298.15,68.9005,37.4671,31.4334,6.6329,31.4334,53.4217,0.032934,159.75000000000003,0.751,45.521,1560.0,
A.dL.meL.dP.dL.F,CC(C)C[C@H]1NC(=O)[C@H]2CCCN2C(=O)[C@H](CC(C)C)N(C)C(=O)[C@@H](CC(C)C)NC(=O)[C@H](C)NC(=O)[C@H](Cc2ccccc2)NC1=O,3286.0,298.15,95.6954,42.8971,52.7983,9.9656,52.7983,62.4739,0.059012,157.01999999999998,0.989,8.599,3286.0,
dA.dL.Me_dL.P.Me_dL.F,CC(C)C[C@@H]1C(=O)N2CCC[C@H]2C(=O)N(C)[C@H](CC(C)C)C(=O)N[C@@H](Cc2ccccc2)C(=O)N[C@H](C)C(=O)N[C@H](CC(C)C)C(=O)N1C,1196.0,298.15,82.0349,33.6713,48.3636,12.6573,48.3636,43.056,0.052932,148.23,0.254,68.265,1196.0,
dP.Pr_Gly.dL.meL.P.L.F,CCCN1CC(=O)N[C@H](CC(C)C)C(=O)N(C)[C@@H](CC(C)C)C(=O)N2CCC[C@H]2C(=O)N[C@@H](CC(C)C)C(=O)N[C@@H](Cc2ccccc2)C(=O)N2CCC[C@@H]2C1=O,3464.0,298.15,88.8632,46.3236,42.5396,10.0023,42.5396,61.1731,0.042894,168.54,0.209,71.039,3464.0,
dP.dA.Me_dL.Bn_Gly.P.Me_dL.F,CC(C)C[C@@H]1C(=O)N(Cc2ccccc2)CC(=O)N2CCC[C@H]2C(=O)N(C)[C@H](CC(C)C)C(=O)N[C@@H](Cc2ccccc2)C(=O)N2CCC[C@@H]2C(=O)N[C@H](C)C(=O)N1C,1508.0,298.15,90.4813,34.713,55.7683,9.6453,55.7683,56.4364,0.055503,159.75,0.537,41.522,1508.0,
Me_dA.Me_dL.L.P.dL.F,CC(C)C[C@@H]1NC(=O)[C@@H](CC(C)C)N(C)C(=O)[C@@H](C)N(C)C(=O)[C@H](Cc2ccccc2)NC(=O)[C@@H](CC(C)C)NC(=O)[C@@H]2CCCN2C1=O,2133.0,298.15,80.9536,58.267,22.6866,4.7381,22.6866,69.2819,0.02457,148.23,0.462,31.743,2133.0,
Me_dA.dL.Me_dL.P.Bn_Gly.F,CC(C)C[C@@H]1C(=O)N2CCC[C@H]2C(=O)N(Cc2ccccc2)CC(=O)N[C@@H](Cc2ccccc2)C(=O)N(C)[C@H](C)C(=O)N[C@H](CC(C)C)C(=O)N1C,1530.0,298.15,94.3263,35.0524,59.2739,10.9046,59.2739,47.9669,0.063077,139.44,0.447,31.266,1530.0,
P.Pr_Gly.L.dL.dP.meL.F,CCCN1CC(=O)N[C@@H](CC(C)C)C(=O)N[C@H](CC(C)C)C(=O)N2CCC[C@@H]2C(=O)N(C)[C@@H](CC(C)C)C(=O)N[C@@H](Cc2ccccc2)C(=O)N2CCC[C@H]2C1=O,3602.0,298.15,102.3814,69.2941,33.0873,7.0947,33.0873,96.8248,0.033282,168.54,0.235,71.517,3602.0,
F.Bn_Gly.meL.Nle.dP.Pr_Gly,CCCC[C@@H]1NC(=O)[C@H](CC(C)C)N(C)C(=O)CN(Cc2ccccc2)C(=O)[C@H](Cc2ccccc2)NC(=O)CN(CCC)C(=O)[C@H]2CCCN2C1=O,4884.0,298.15,88.4257,41.526,46.8997,7.5764,46.8997,59.2572,0.049427,139.44,0.745,22.519,4884.0,
meA.meL.dL.P.Me_dL.F,CC(C)C[C@@H]1C(=O)N[C@@H](Cc2ccccc2)C(=O)N(C)[C@@H](C)C(=O)N(C)[C@@H](CC(C)C)C(=O)N[C@H](CC(C)C)C(=O)N2CCC[C@H]2C(=O)N1C,4476.0,298.15,88.587,37.5944,50.9926,12.3624,50.9926,44.5391,0.054668,139.44,0.363,55.775,4476.0,
dP.bHph.Me_dL.L.dP.Me_dL.F,CC(C)C[C@@H]1NC(=O)[C@@H](CC(C)C)N(C)C(=O)C[C@H](Cc2ccccc2)NC(=O)[C@H]2CCCN2C(=O)[C@H](Cc2ccccc2)NC(=O)[C@@H](CC(C)C)N(C)C(=O)[C@H]2CCCN2C1=O,5160.0,298.15,79.7241,44.6446,35.0795,5.9043,35.0795,57.4353,0.031601,168.54,0.555,39.871,5160.0,
dP.Me_dA.meL.Bn_Gly.dP.meL.F,CC(C)C[C@H]1C(=O)N(Cc2ccccc2)CC(=O)N2CCC[C@@H]2C(=O)N(C)[C@@H](CC(C)C)C(=O)N[C@@H](Cc2ccccc2)C(=O)N2CCC[C@@H]2C(=O)N(C)[C@H](C)C(=O)N1C,1419.0,298.15,73.9924,36.6945,37.2979,6.6897,37.2979,55.3692,0.035179,150.96,0.094,91.832,1419.0,
P.meA.L.dL.P.Bn_Gly.F,CC(C)C[C@@H]1NC(=O)[C@H](C)N(C)C(=O)[C@@H]2CCCN2C(=O)[C@H](Cc2ccccc2)NC(=O)CN(Cc2ccccc2)C(=O)[C@@H]2CCCN2C(=O)[C@@H](CC(C)C)NC1=O,3098.0,298.15,98.7524,55.6245,43.1279,9.4203,43.1279,78.3467,0.044753,168.54,0.511,46.509,3098.0,
A.meL.bHph.dP.Bn_Gly.F,CC(C)C[C@H]1C(=O)N[C@@H](Cc2ccccc2)CC(=O)N2CCC[C@@H]2C(=O)N(Cc2ccccc2)CC(=O)N[C@@H](Cc2ccccc2)C(=O)N[C@@H](C)C(=O)N1C,668.0,298.15,96.3787,46.9055,49.4732,14.5758,49.4732,56.9238,0.052229,148.23,0.646,30.921,668.0,
bHph.L.Bn_Gly.P.Me_dL.F,CC(C)C[C@@H]1NC(=O)C[C@H](Cc2ccccc2)NC(=O)[C@H](Cc2ccccc2)NC(=O)[C@@H](CC(C)C)N(C)C(=O)[C@@H]2CCCN2C(=O)CN(Cc2ccccc2)C1=O,1578.0,298.15,84.7921,41.3226,43.4695,9.8637,43.4695,56.3998,0.043017,148.23000000000002,0.443,60.113,1578.0,
P.Me_dA.Me_dL.dL.dP.meL.F,CC(C)C[C@@H]1C(=O)N[C@H](CC(C)C)C(=O)N2CCC[C@@H]2C(=O)N(C)[C@@H](CC(C)C)C(=O)N[C@@H](Cc2ccccc2)C(=O)N2CCC[C@H]2C(=O)N(C)[C@H](C)C(=O)N1C,2321.0,298.15,81.1052,59.0946,22.0106,4.5485,22.0106,76.2033,0.02247,159.75,0.507,28.059,2321.0,
meA.Me_dL.Bn_Gly.P.meL.F,CC(C)C[C@@H]1C(=O)N(Cc2ccccc2)CC(=O)N2CCC[C@H]2C(=O)N(C)[C@@H](CC(C)C)C(=O)N[C@@H](Cc2ccccc2)C(=O)N(C)[C@@H](C)C(=O)N1C,1774.0,298.15,77.5075,43.6683,33.8392,7.3683,33.8392,71.8785,0.035785,130.65,0.399,56.91,1774.0,
dA.pentyl_Gly.Me_dL.Nle.P.Mono34,CCCCCN1CC(=O)N(C)[C@H](CC(C)C)C(=O)N[C@@H](CCCC)C(=O)N2CCC[C@H]2C(=O)N(CCCOC(C)C)CC(=O)N[C@H](C)C1=O,4633.0,298.15,88.2743,43.0523,45.222,10.4884,45.222,47.2586,0.04855,148.67,0.166,76.308,4633.0,
Pr_Gly.dL.Bn_Gly.P.Me_dL.F,CCCN1CC(=O)N[C@H](CC(C)C)C(=O)N(Cc2ccccc2)CC(=O)N2CCC[C@H]2C(=O)N(C)[C@H](CC(C)C)C(=O)N[C@@H](Cc2ccccc2)C1=O,6876.0,298.15,85.7925,39.2577,46.5348,11.0508,46.5348,48.2269,0.047833,139.44,0.832,19.585,6876.0,
dP.Pr_Gly.L.meL.P.dL.F,CCCN1CC(=O)N[C@@H](CC(C)C)C(=O)N(C)[C@@H](CC(C)C)C(=O)N2CCC[C@H]2C(=O)N[C@H](CC(C)C)C(=O)N[C@@H](Cc2ccccc2)C(=O)N2CCC[C@@H]2C1=O,1545.0,298.15,73.8739,55.6465,18.2274,4.5121,18.2274,63.448,0.01797,168.54,0.34,65.518,1545.0,
Pr_Gly.meL.Bn_Gly.dP.Bn_Gly.F,CCCN1CC(=O)N(C)[C@@H](CC(C)C)C(=O)N(Cc2ccccc2)CC(=O)N2CCC[C@@H]2C(=O)N(Cc2ccccc2)CC(=O)N[C@@H](Cc2ccccc2)C1=O,3585.0,298.15,93.8823,45.0496,48.8327,8.1768,48.8327,68.2294,0.050052,130.65,0.733,23.228,3585.0,
P.Me_dA.dL.meL.P.Me_dL.F,CC(C)C[C@@H]1C(=O)N[C@@H](Cc2ccccc2)C(=O)N2CCC[C@H]2C(=O)N(C)[C@H](C)C(=O)N[C@H](CC(C)C)C(=O)N(C)[C@@H](CC(C)C)C(=O)N2CCC[C@H]2C(=O)N1C,2073.0,298.15,76.6979,46.6187,30.0792,5.4201,30.0792,61.1978,0.029928,159.75,0.22,73.595,2073.0,
A.meL.bHph.dP.dL.F,CC(C)C[C@H]1NC(=O)[C@H]2CCCN2C(=O)C[C@H](Cc2ccccc2)NC(=O)[C@H](CC(C)C)N(C)C(=O)[C@H](C)NC(=O)[C@H](Cc2ccccc2)NC1=O,1378.0,298.15,93.5328,36.203,57.3298,13.2195,57.3298,63.3212,0.058528,157.01999999999998,1.013,10.162,1378.0,
dP.dL.dPye.dL.L.L,CC(C)C[C@@H]1NC(=O)[C@@H](CC(C)C)NC(=O)[C@@H](CCC(=O)N2CCCC2)NC(=O)[C@@H](CC(C)C)NC(=O)[C@H]2CCCN2C(=O)[C@H](CC(C)C)NC1=O,5315.0,298.15,112.2826,50.9018,61.3808,16.6878,61.3808,57.6478,0.060976,186.12,0.892,19.834,5315.0,
meA.meL.bHph.P.Me_dL.F,CC(C)C[C@@H]1C(=O)N[C@@H](Cc2ccccc2)C(=O)N(C)[C@@H](C)C(=O)N(C)[C@@H](CC(C)C)C(=O)N[C@@H](Cc2ccccc2)CC(=O)N2CCC[C@H]2C(=O)N1C,3749.0,298.15,76.5595,32.8634,43.6961,10.1597,43.6961,43.7111,0.046202,139.44,0.461,3.896,3749.0,
dP.Me_dA.L.dL.dP.Me_dL.F,CC(C)C[C@@H]1NC(=O)[C@@H](C)N(C)C(=O)[C@H]2CCCN2C(=O)[C@H](Cc2ccccc2)NC(=O)[C@@H](CC(C)C)N(C)C(=O)[C@H]2CCCN2C(=O)[C@@H](CC(C)C)NC1=O,809.0,298.15,80.4119,55.7542,24.6577,4.936,24.6577,72.1838,0.025913,168.54,0.231,52.959,809.0,
Me_dA.Me_dL.bHph.P.dL.F,CC(C)C[C@@H]1C(=O)N[C@@H](Cc2ccccc2)CC(=O)N2CCC[C@H]2C(=O)N[C@H](CC(C)C)C(=O)N[C@@H](Cc2ccccc2)C(=O)N(C)[C@H](C)C(=O)N1C,2280.0,298.15,76.5585,50.7324,25.8261,5.5953,25.8261,59.2467,0.027003,148.23000000000002,0.482,34.616,2280.0,
P.meA.L.Me_dL.dP.meL.F,CC(C)C[C@@H]1NC(=O)[C@H](C)N(C)C(=O)[C@@H]2CCCN2C(=O)[C@H](Cc2ccccc2)NC(=O)[C@H](CC(C)C)N(C)C(=O)[C@H]2CCCN2C(=O)[C@@H](CC(C)C)N(C)C1=O,2515.0,298.15,81.1706,48.1381,33.0325,6.5239,33.0325,64.8641,0.032816,159.75,0.538,30.19,2515.0,
dP.bHph.L.meL.dP.meL.F,CC(C)C[C@@H]1NC(=O)C[C@H](Cc2ccccc2)NC(=O)[C@H]2CCCN2C(=O)[C@H](Cc2ccccc2)NC(=O)[C@H](CC(C)C)N(C)C(=O)[C@H]2CCCN2C(=O)[C@H](CC(C)C)N(C)C1=O,3104.0,298.15,74.6244,37.0068,37.6176,8.1659,37.6176,57.6275,0.035355,168.54000000000002,0.438,61.685,3104.0,
P.Pr_Gly.dL.dL.dP.Bn_Gly.F,CCCN1CC(=O)N[C@H](CC(C)C)C(=O)N[C@H](CC(C)C)C(=O)N2CCC[C@@H]2C(=O)N(Cc2ccccc2)CC(=O)N[C@@H](Cc2ccccc2)C(=O)N2CCC[C@H]2C1=O,2214.0,298.15,99.4617,66.8027,32.659,6.354,32.659,93.243,0.03196,168.54,0.401,31.402,2214.0,
dP.Pr_Gly.dL.meL.dP.dL.F,CCCN1CC(=O)N[C@H](CC(C)C)C(=O)N(C)[C@@H](CC(C)C)C(=O)N2CCC[C@@H]2C(=O)N[C@H](CC(C)C)C(=O)N[C@@H](Cc2ccccc2)C(=O)N2CCC[C@@H]2C1=O,3046.0,298.15,90.3447,55.3894,34.9553,8.7504,34.9553,60.7328,0.035751,168.54,0.417,61.444,3046.0,
dP.A.L.Bn_Gly.P.Me_dL.F,CC(C)C[C@@H]1NC(=O)[C@H](C)NC(=O)[C@H]2CCCN2C(=O)[C@H](Cc2ccccc2)NC(=O)[C@@H](CC(C)C)N(C)C(=O)[C@@H]2CCCN2C(=O)CN(Cc2ccccc2)C1=O,589.0,298.15,84.278,43.0559,41.2221,8.8595,41.2221,53.2474,0.041212,168.54000000000002,0.289,59.98,589.0,
bHph.dL.bHph.dP.meL.F,CC(C)C[C@H]1NC(=O)C[C@H](Cc2ccccc2)NC(=O)[C@H](Cc2ccccc2)NC(=O)[C@H](CC(C)C)N(C)C(=O)[C@H]2CCCN2C(=O)C[C@H](Cc2ccccc2)NC1=O,637.0,298.15,100.2332,49.5531,50.6801,8.723,50.6801,57.9268,0.048209,157.02,0.208,74.295,637.0,
A.MeOEt_Gly.meL.Nle.dP.Mono45,CCCC[C@@H]1NC(=O)[C@H](CC(C)C)N(C)C(=O)CN(CCOC)C(=O)[C@H](C)NC(=O)CN(Cc2ccccc2Cn2cccn2)C(=O)[C@H]2CCCN2C1=O,6921.0,298.15,104.737,55.3801,49.3569,13.0228,49.3569,64.5275,0.050628,166.49,1.037,6.448,6921.0,
Me_dA.Me_dL.Bn_Gly.P.dL.F,CC(C)C[C@@H]1C(=O)N(Cc2ccccc2)CC(=O)N2CCC[C@H]2C(=O)N[C@H](CC(C)C)C(=O)N[C@@H](Cc2ccccc2)C(=O)N(C)[C@H](C)C(=O)N1C,962.0,298.15,76.4183,42.9653,33.453,7.2622,33.453,44.973,0.036068,139.44,0.301,64.626,962.0,
dP.meA.L.meL.P.L.F,CC(C)C[C@@H]1NC(=O)[C@@H]2CCCN2C(=O)[C@H](CC(C)C)N(C)C(=O)[C@H](CC(C)C)NC(=O)[C@H](C)N(C)C(=O)[C@H]2CCCN2C(=O)[C@H](Cc2ccccc2)NC1=O,4736.0,298.15,97.1538,58.5132,38.6406,8.5337,38.6406,81.9345,0.039609,168.54,0.719,24.475,4736.0,
P.bHph.dL.bHph.dP.meL.F,CC(C)C[C@H]1NC(=O)C[C@H](Cc2ccccc2)NC(=O)[C@@H]2CCCN2C(=O)[C@H](Cc2ccccc2)NC(=O)[C@H](CC(C)C)N(C)C(=O)[C@H]2CCCN2C(=O)C[C@H](Cc2ccccc2)NC1=O,1296.0,298.15,104.6349,54.9404,49.6945,11.2009,49.6945,64.772,0.044749,177.33,0.387,55.903,1296.0,
dP.Pr_Gly.dL.L.P.Bn_Gly.F,CCCN1CC(=O)N[C@H](CC(C)C)C(=O)N[C@@H](CC(C)C)C(=O)N2CCC[C@H]2C(=O)N(Cc2ccccc2)CC(=O)N[C@@H](Cc2ccccc2)C(=O)N2CCC[C@@H]2C1=O,2517.0,298.15,112.6955,58.6455,54.05,8.7961,54.05,89.3068,0.055152,168.54,0.585,27.965,2517.0,
dP.Pr_Gly.dL.Bn_Gly.P.dL.F,CCCN1CC(=O)N[C@H](CC(C)C)C(=O)N(Cc2ccccc2)CC(=O)N2CCC[C@H]2C(=O)N[C@H](CC(C)C)C(=O)N[C@@H](Cc2ccccc2)C(=O)N2CCC[C@@H]2C1=O,2676.0,298.15,102.5381,53.844,48.6941,6.4435,48.6941,61.974,0.047987,168.54,0.457,38.226,2676.0,
dP.Me_dA.dL.Me_dL.dP.dL.F,CC(C)C[C@@H]1C(=O)N2CCC[C@@H]2C(=O)N[C@H](CC(C)C)C(=O)N[C@@H](Cc2ccccc2)C(=O)N2CCC[C@@H]2C(=O)N(C)[C@H](C)C(=O)N[C@H](CC(C)C)C(=O)N1C,2566.0,298.15,88.0947,54.9441,33.1506,7.616,33.1506,61.3946,0.034252,168.54000000000002,0.377,46.585,2566.0,
meA.Me_dL.bHph.dP.Me_dL.F,CC(C)C[C@@H]1C(=O)N[C@@H](Cc2ccccc2)C(=O)N(C)[C@@H](C)C(=O)N(C)[C@H](CC(C)C)C(=O)N[C@@H](Cc2ccccc2)CC(=O)N2CCC[C@@H]2C(=O)N1C,1307.0,298.15,62.8195,26.1033,36.7162,8.1679,36.7162,39.082,0.039139,139.44,0.467,35.022,1307.0,
dP.Pr_Gly.meL.bHph.dP.meL.F,CCCN1CC(=O)N(C)[C@@H](CC(C)C)C(=O)N[C@@H](Cc2ccccc2)CC(=O)N2CCC[C@@H]2C(=O)N(C)[C@@H](CC(C)C)C(=O)N[C@@H](Cc2ccccc2)C(=O)N2CCC[C@@H]2C1=O,2368.0,298.15,75.6407,34.2636,41.3771,9.4046,41.3771,41.8502,0.040926,159.75,0.625,34.386,2368.0,
dP.Pr_Gly.L.L.dP.L.F,CCCN1CC(=O)N[C@@H](CC(C)C)C(=O)N[C@@H](CC(C)C)C(=O)N2CCC[C@@H]2C(=O)N[C@@H](CC(C)C)C(=O)N[C@@H](Cc2ccccc2)C(=O)N2CCC[C@@H]2C1=O,3217.0,298.15,90.1117,60.9511,29.1606,4.8614,29.1606,73.7832,0.029171,177.32999999999998,0.221,73.874,3217.0,
P.dA.dL.Me_dL.P.dL.F,CC(C)C[C@@H]1C(=O)N2CCC[C@H]2C(=O)N[C@H](CC(C)C)C(=O)N[C@@H](Cc2ccccc2)C(=O)N2CCC[C@H]2C(=O)N[C@H](C)C(=O)N[C@H](CC(C)C)C(=O)N1C,6474.0,298.15,108.5482,42.9209,65.6273,17.5993,65.6273,67.17,0.06711,177.33,0.871,28.372,6474.0,
dP.dA.meL.Me_dL.dP.dL.F,CC(C)C[C@@H]1C(=O)N2CCC[C@@H]2C(=O)N[C@H](CC(C)C)C(=O)N[C@@H](Cc2ccccc2)C(=O)N2CCC[C@@H]2C(=O)N[C@H](C)C(=O)N(C)[C@@H](CC(C)C)C(=O)N1C,3942.0,298.15,104.3648,40.6922,63.6726,13.5842,63.6726,53.6576,0.063122,168.54000000000002,0.304,63.08,3942.0,
dP.Me_dA.L.meL.dP.L.F,CC(C)C[C@@H]1NC(=O)[C@H]2CCCN2C(=O)[C@H](CC(C)C)N(C)C(=O)[C@H](CC(C)C)NC(=O)[C@@H](C)N(C)C(=O)[C@H]2CCCN2C(=O)[C@H](Cc2ccccc2)NC1=O,2503.0,298.15,84.6715,42.1651,42.5064,11.7603,42.5064,54.0941,0.044935,168.54,0.496,5.395,2503.0,
dP.dA.Bn_Gly.Me_dL.dP.Bn_Gly.F,CC(C)C[C@@H]1C(=O)N2CCC[C@@H]2C(=O)N(Cc2ccccc2)CC(=O)N[C@@H](Cc2ccccc2)C(=O)N2CCC[C@@H]2C(=O)N[C@H](C)C(=O)N(Cc2ccccc2)CC(=O)N1C,1670.0,298.15,84.9779,48.424,36.5539,7.1975,36.5539,67.1608,0.0354,159.75,0.781,28.587,1670.0,
P.Me_dA.Me_dL.Bn_Gly.P.Bn_Gly.F,CC(C)C[C@@H]1C(=O)N(Cc2ccccc2)CC(=O)N2CCC[C@H]2C(=O)N(Cc2ccccc2)CC(=O)N[C@@H](Cc2ccccc2)C(=O)N2CCC[C@H]2C(=O)N(C)[C@H](C)C(=O)N1C,467.0,298.15,84.8175,57.592,27.2255,6.3532,27.2255,65.3484,0.027025,150.96,0.507,35.042,467.0,
dP.dA.dL.dL.dP.Bn_Gly.F,CC(C)C[C@H]1NC(=O)[C@@H](C)NC(=O)[C@H]2CCCN2C(=O)[C@H](Cc2ccccc2)NC(=O)CN(Cc2ccccc2)C(=O)[C@H]2CCCN2C(=O)[C@@H](CC(C)C)NC1=O,470.0,298.15,94.4849,50.5104,43.9745,6.9864,43.9745,87.8247,0.046089,177.33,0.464,21.227,470.0,
L.meL.L.Sar.P.L.meL.L.Sar.P,CC(C)C[C@@H]1NC(=O)[C@H](CC(C)C)N(C)C(=O)[C@H](CC(C)C)NC(=O)[C@@H]2CCCN2C(=O)CN(C)C(=O)[C@H](CC(C)C)NC(=O)[C@H](CC(C)C)N(C)C(=O)[C@H](CC(C)C)NC(=O)[C@@H]2CCCN2C(=O)CN(C)C1=O,4211.0,298.15,86.6296,60.1351,26.4945,5.4406,26.4945,73.2998,0.0234,238.26,1.349,6.37,4211.0,
dP.bHph.Bn_Gly.L.P.Me_dL.F,CC(C)C[C@@H]1NC(=O)CN(Cc2ccccc2)C(=O)C[C@H](Cc2ccccc2)NC(=O)[C@H]2CCCN2C(=O)[C@H](Cc2ccccc2)NC(=O)[C@@H](CC(C)C)N(C)C(=O)[C@@H]2CCCN2C1=O,2192.0,298.15,93.7568,50.7521,43.0047,7.4401,43.0047,65.3737,0.042071,168.54,0.469,37.366,2192.0,
dP.dA.Pye.dL.L.L,CC(C)C[C@@H]1NC(=O)[C@@H](CC(C)C)NC(=O)[C@H](CCC(=O)N2CCCC2)NC(=O)[C@@H](C)NC(=O)[C@H]2CCCN2C(=O)[C@H](CC(C)C)NC1=O,1136.0,298.15,99.6166,58.4349,41.1817,6.0384,41.1817,72.215,0.046782,186.12,0.156,84.736,1136.0,
dP.Pr_Gly.meL.meL.P.Bn_Gly.F,CCCN1CC(=O)N(C)[C@@H](CC(C)C)C(=O)N(C)[C@@H](CC(C)C)C(=O)N2CCC[C@H]2C(=O)N(Cc2ccccc2)CC(=O)N[C@@H](Cc2ccccc2)C(=O)N2CCC[C@@H]2C1=O,1770.0,298.15,72.9524,39.7646,33.1878,6.0434,33.1878,57.5089,0.032445,150.96,0.57,41.287,1770.0,
dP.bHph.dL.Bn_Gly.P.Bn_Gly.F,CC(C)C[C@H]1NC(=O)C[C@H](Cc2ccccc2)NC(=O)[C@H]2CCCN2C(=O)[C@H](Cc2ccccc2)NC(=O)CN(Cc2ccccc2)C(=O)[C@@H]2CCCN2C(=O)CN(Cc2ccccc2)C1=O,1509.0,298.15,89.9633,49.0052,40.9581,6.9817,40.9581,67.0239,0.037205,168.54000000000002,0.66,21.758,1509.0,
dP.dA.Bn_Gly.L.P.Bn_Gly.F,CC(C)C[C@@H]1NC(=O)CN(Cc2ccccc2)C(=O)[C@@H](C)NC(=O)[C@H]2CCCN2C(=O)[C@H](Cc2ccccc2)NC(=O)CN(Cc2ccccc2)C(=O)[C@@H]2CCCN2C1=O,1457.0,298.15,105.9616,58.3261,47.6355,10.065,47.6355,85.269,0.050235,168.54,0.609,45.647,1457.0,
P.Me_dA.Bn_Gly.dL.P.meL.F,CC(C)C[C@H]1NC(=O)CN(Cc2ccccc2)C(=O)[C@@H](C)N(C)C(=O)[C@@H]2CCCN2C(=O)[C@H](Cc2ccccc2)NC(=O)[C@H](CC(C)C)N(C)C(=O)[C@@H]2CCCN2C1=O,5475.0,298.15,94.1599,55.7614,38.3985,7.7146,38.3985,67.9745,0.037893,159.75,0.563,36.943,5475.0,
A.dL.Me_dL.P.Bn_Gly.F,CC(C)C[C@@H]1C(=O)N2CCC[C@H]2C(=O)N(Cc2ccccc2)CC(=O)N[C@@H](Cc2ccccc2)C(=O)N[C@@H](C)C(=O)N[C@H](CC(C)C)C(=O)N1C,1609.0,298.15,74.9242,38.3077,36.6165,6.4809,36.6165,55.293,0.039871,148.23,0.586,18.101,1609.0,
dP.Me_dA.L.Bn_Gly.dP.meL.F,CC(C)C[C@@H]1NC(=O)[C@@H](C)N(C)C(=O)[C@H]2CCCN2C(=O)[C@H](Cc2ccccc2)NC(=O)[C@H](CC(C)C)N(C)C(=O)[C@H]2CCCN2C(=O)CN(Cc2ccccc2)C1=O,971.0,298.15,101.9198,52.2054,49.7144,5.8784,49.7144,72.1565,0.051492,159.75,0.4,25.627,971.0,
Nal.Mono41.meL.Nle.dP.Mono45,CCCC[C@@H]1NC(=O)[C@H](CC(C)C)N(C)C(=O)CN(CCCN2CCCC2=O)C(=O)[C@H](Cc2ccc3ccccc3c2)NC(=O)CN(Cc2ccccc2Cn2cccn2)C(=O)[C@H]2CCCN2C1=O,9514.0,298.15,113.0464,45.6016,67.4448,14.1407,67.4448,67.8107,0.060212,177.57,0.813,25.28,9514.0,
L.Me_dL.meL.L.dP.meA,CC(C)C[C@@H]1NC(=O)[C@H](C)N(C)C(=O)[C@H]2CCCN2C(=O)[C@H](CC(C)C)NC(=O)[C@H](CC(C)C)N(C)C(=O)[C@@H](CC(C)C)N(C)C1=O,2836.0,298.15,85.966,33.4184,52.5476,11.7673,52.5476,54.281,0.057526,139.44,0.553,35.241,2836.0,
dP.bHph.dL.Bn_Gly.dP.Bn_Gly.F,CC(C)C[C@H]1NC(=O)C[C@H](Cc2ccccc2)NC(=O)[C@H]2CCCN2C(=O)[C@H](Cc2ccccc2)NC(=O)CN(Cc2ccccc2)C(=O)[C@H]2CCCN2C(=O)CN(Cc2ccccc2)C1=O,779.0,298.15,80.8126,31.8309,48.9817,8.6891,48.9817,52.4839,0.045233,168.54000000000002,0.541,18.196,779.0,
Me_dA.L.meL.dP.dL.F,CC(C)C[C@@H]1NC(=O)[C@@H](C)N(C)C(=O)[C@H](Cc2ccccc2)NC(=O)[C@@H](CC(C)C)NC(=O)[C@H]2CCCN2C(=O)[C@H](CC(C)C)N(C)C1=O,6326.0,298.15,85.3895,45.2033,40.1862,9.7874,40.1862,71.492,0.044082,148.23000000000002,0.611,39.995,6326.0,
P.Pr_Gly.Bn_Gly.meL.P.L.F,CCCN1CC(=O)N(Cc2ccccc2)CC(=O)N(C)[C@@H](CC(C)C)C(=O)N2CCC[C@H]2C(=O)N[C@@H](CC(C)C)C(=O)N[C@@H](Cc2ccccc2)C(=O)N2CCC[C@H]2C1=O,4221.0,298.15,97.2901,52.6968,44.5933,8.3869,44.5933,88.2801,0.043012,159.75,0.502,56.329,4221.0,
P.A.Bn_Gly.Bn_Gly.P.meL.F,CC(C)C[C@H]1C(=O)N[C@@H](Cc2ccccc2)C(=O)N2CCC[C@H]2C(=O)N[C@@H](C)C(=O)N(Cc2ccccc2)CC(=O)N(Cc2ccccc2)CC(=O)N2CCC[C@H]2C(=O)N1C,2541.0,298.15,113.8707,61.1191,52.7516,9.7922,52.7516,94.7917,0.050826,159.75000000000003,0.753,8.069,2541.0,
dP.meA.meL.dL.P.Bn_Gly.F,CC(C)C[C@H]1NC(=O)[C@H](CC(C)C)N(C)C(=O)[C@H](C)N(C)C(=O)[C@H]2CCCN2C(=O)[C@H](Cc2ccccc2)NC(=O)CN(Cc2ccccc2)C(=O)[C@@H]2CCCN2C1=O,3572.0,298.15,98.6871,57.0209,41.6662,9.9413,41.6662,80.1411,0.041519,159.75,0.289,74.762,3572.0,
P.A.Me_dL.Bn_Gly.P.L.F,CC(C)C[C@@H]1NC(=O)[C@@H]2CCCN2C(=O)CN(Cc2ccccc2)C(=O)[C@@H](CC(C)C)N(C)C(=O)[C@H](C)NC(=O)[C@@H]2CCCN2C(=O)[C@H](Cc2ccccc2)NC1=O,854.0,298.15,93.6829,46.9683,46.7146,10.2845,46.7146,65.8892,0.049154,168.54,0.173,78.198,854.0,
P.meA.L.meL.dP.Bn_Gly.F,CC(C)C[C@@H]1NC(=O)[C@H](C)N(C)C(=O)[C@@H]2CCCN2C(=O)[C@H](Cc2ccccc2)NC(=O)CN(Cc2ccccc2)C(=O)[C@H]2CCCN2C(=O)[C@H](CC(C)C)N(C)C1=O,3533.0,298.15,106.3685,47.2489,59.1196,13.26,59.1196,61.6148,0.059717,159.75,0.693,14.073,3533.0,
L.dL.L.L.dP.Y,CC(C)C[C@@H]1NC(=O)[C@H](Cc2ccc(O)cc2)NC(=O)[C@H]2CCCN2C(=O)[C@H](CC(C)C)NC(=O)[C@H](CC(C)C)NC(=O)[C@@H](CC(C)C)NC1=O,3776.0,298.15,110.7633,71.9929,38.7704,7.7564,38.7704,87.6798,0.04029,186.04,0.169,48.17,3776.0,
dA.dL.bHph.dP.L.F,CC(C)C[C@@H]1NC(=O)[C@H]2CCCN2C(=O)C[C@H](Cc2ccccc2)NC(=O)[C@@H](CC(C)C)NC(=O)[C@@H](C)NC(=O)[C@H](Cc2ccccc2)NC1=O,547.0,298.15,81.5196,41.5961,39.9235,9.8922,39.9235,54.8515,0.042274,165.81,0.36,63.015,547.0,
dP.A.dL.meL.dP.meL.F,CC(C)C[C@H]1NC(=O)[C@H](C)NC(=O)[C@H]2CCCN2C(=O)[C@H](Cc2ccccc2)NC(=O)[C@H](CC(C)C)N(C)C(=O)[C@H]2CCCN2C(=O)[C@H](CC(C)C)N(C)C1=O,3436.0,298.15,79.2488,39.0167,40.2321,7.6162,40.2321,45.6169,0.041854,168.54000000000002,0.1,90.247,3436.0,
dA.dL.L.dP.Bn_Gly.F,CC(C)C[C@@H]1NC(=O)[C@@H](CC(C)C)NC(=O)[C@@H](C)NC(=O)[C@H](Cc2ccccc2)NC(=O)CN(Cc2ccccc2)C(=O)[C@H]2CCCN2C1=O,808.0,298.15,117.5652,48.6506,68.9146,10.1751,68.9146,77.1284,0.075276,157.02,0.299,41.164,808.0,
dP.meA.Me_dL.Bn_Gly.P.meL.F,CC(C)C[C@@H]1C(=O)N(Cc2ccccc2)CC(=O)N2CCC[C@H]2C(=O)N(C)[C@@H](CC(C)C)C(=O)N[C@@H](Cc2ccccc2)C(=O)N2CCC[C@@H]2C(=O)N(C)[C@@H](C)C(=O)N1C,2488.0,298.15,82.6963,40.3122,42.3841,7.6356,42.3841,53.1848,0.040659,150.96,0.446,38.151,2488.0,
dL.dL.L.dL.P.Ala(indol-2-yl),CC(C)C[C@@H]1NC(=O)[C@@H](CC(C)C)NC(=O)[C@@H](CC(C)C)NC(=O)[C@H](Cc2cc3ccccc3[nH]2)NC(=O)[C@@H]2CCCN2C(=O)[C@@H](CC(C)C)NC1=O,2552.0,298.15,77.3263,56.2012,21.1251,4.2011,21.1251,66.8191,0.021303,181.6,0.456,25.059,2552.0,
P.meA.Me_dL.L.dP.Bn_Gly.F,CC(C)C[C@@H]1NC(=O)[C@@H](CC(C)C)N(C)C(=O)[C@H](C)N(C)C(=O)[C@@H]2CCCN2C(=O)[C@H](Cc2ccccc2)NC(=O)CN(Cc2ccccc2)C(=O)[C@H]2CCCN2C1=O,1735.0,298.15,104.226,49.414,54.812,15.2691,54.812,57.5608,0.054731,159.75,0.196,82.783,1735.0,
F.pentyl_Gly.dL.Nle.dP.Mono1,CCCCCN1CC(=O)N[C@H](CC(C)C)C(=O)N[C@@H](CCCC)C(=O)N2CCC[C@@H]2C(=O)N(Cc2ccc3c(c2)OCO3)CC(=O)N[C@@H](Cc2ccccc2)C1=O,8493.0,298.15,135.7598,94.0322,41.7276,9.7606,41.7276,117.9936,0.040259,166.69,0.866,18.053,8493.0,
dP.bHph.meL.bHph.P.Bn_Gly.F,CC(C)C[C@H]1C(=O)N[C@@H](Cc2ccccc2)CC(=O)N2CCC[C@H]2C(=O)N(Cc2ccccc2)CC(=O)N[C@@H](Cc2ccccc2)C(=O)N2CCC[C@@H]2C(=O)N[C@@H](Cc2ccccc2)CC(=O)N1C,861.0,298.15,88.9575,50.1609,38.7966,7.361,38.7966,63.2552,0.036032,168.54,0.402,36.719,861.0,
P.Pr_Gly.meL.dL.P.L.F,CCCN1CC(=O)N(C)[C@@H](CC(C)C)C(=O)N[C@H](CC(C)C)C(=O)N2CCC[C@H]2C(=O)N[C@@H](CC(C)C)C(=O)N[C@@H](Cc2ccccc2)C(=O)N2CCC[C@H]2C1=O,4833.0,298.15,100.7294,33.5377,67.1917,13.8872,67.1917,62.063,0.067793,168.54,0.386,50.781,4833.0,
dP.Me_dA.L.bHph.P.Me_dL.F,CC(C)C[C@@H]1NC(=O)[C@@H](C)N(C)C(=O)[C@H]2CCCN2C(=O)[C@H](Cc2ccccc2)NC(=O)[C@@H](CC(C)C)N(C)C(=O)[C@@H]2CCCN2C(=O)C[C@H](Cc2ccccc2)NC1=O,792.0,298.15,89.77,55.6746,34.0954,7.9267,34.0954,78.9851,0.034084,168.54,0.424,57.041,792.0,
dP.A.L.L.P.L.F,CC(C)C[C@@H]1NC(=O)[C@H](C)NC(=O)[C@H]2CCCN2C(=O)[C@H](Cc2ccccc2)NC(=O)[C@H](CC(C)C)NC(=O)[C@@H]2CCCN2C(=O)[C@H](CC(C)C)NC1=O,2032.0,298.15,104.381,51.7304,52.6506,9.5442,52.6506,73.4223,0.057075,186.12,0.127,86.124,2032.0,
P.A.L.Bn_Gly.P.Me_dL.F,CC(C)C[C@@H]1NC(=O)[C@H](C)NC(=O)[C@@H]2CCCN2C(=O)[C@H](Cc2ccccc2)NC(=O)[C@@H](CC(C)C)N(C)C(=O)[C@@H]2CCCN2C(=O)CN(Cc2ccccc2)C1=O,1972.0,298.15,109.9066,55.5398,54.3668,12.4054,54.3668,70.638,0.053631,168.54000000000002,0.304,54.504,1972.0,
Pr_Gly.Me_dL.Me_dL.dP.Bn_Gly.F,CCCN1CC(=O)N(C)[C@H](CC(C)C)C(=O)N(C)[C@H](CC(C)C)C(=O)N2CCC[C@@H]2C(=O)N(Cc2ccccc2)CC(=O)N[C@@H](Cc2ccccc2)C1=O,3421.0,298.15,78.9811,40.0392,38.9419,7.1826,38.9419,59.2953,0.041036,130.65,0.458,30.676,3421.0,
P.meA.L.Me_dL.P.L.F,CC(C)C[C@@H]1NC(=O)[C@@H]2CCCN2C(=O)[C@@H](CC(C)C)N(C)C(=O)[C@H](CC(C)C)NC(=O)[C@H](C)N(C)C(=O)[C@@H]2CCCN2C(=O)[C@H](Cc2ccccc2)NC1=O,3081.0,298.15,96.1441,50.0966,46.0475,10.7372,46.0475,58.4122,0.048687,168.54,0.596,32.417,3081.0,
meA.meL.bHph.P.dL.F,CC(C)C[C@H]1NC(=O)[C@@H]2CCCN2C(=O)C[C@H](Cc2ccccc2)NC(=O)[C@H](CC(C)C)N(C)C(=O)[C@H](C)N(C)C(=O)[C@H](Cc2ccccc2)NC1=O,1085.0,298.15,74.3767,31.1245,43.2522,9.581,43.2522,58.9946,0.044686,148.23,0.57,18.36,1085.0,
dP.dA.Me_dL.meL.dP.meL.F,CC(C)C[C@@H]1C(=O)N(C)[C@@H](CC(C)C)C(=O)N2CCC[C@@H]2C(=O)N(C)[C@@H](CC(C)C)C(=O)N[C@@H](Cc2ccccc2)C(=O)N2CCC[C@@H]2C(=O)N[C@H](C)C(=O)N1C,4564.0,298.15,81.7683,33.6608,48.1075,8.7333,48.1075,58.1778,0.04924,159.75,0.878,2.393,4564.0,
Pr_Gly.dL.Bn_Gly.P.meL.F,CCCN1CC(=O)N[C@H](CC(C)C)C(=O)N(Cc2ccccc2)CC(=O)N2CCC[C@H]2C(=O)N(C)[C@@H](CC(C)C)C(=O)N[C@@H](Cc2ccccc2)C1=O,2479.0,298.15,95.1443,64.5305,30.6138,6.5174,30.6138,90.1998,0.032054,139.44,0.545,23.824,2479.0,
dA.dL.Bn_Gly.dP.Me_dL.F,CC(C)C[C@@H]1C(=O)N[C@@H](Cc2ccccc2)C(=O)N[C@H](C)C(=O)N[C@H](CC(C)C)C(=O)N(Cc2ccccc2)CC(=O)N2CCC[C@@H]2C(=O)N1C,1109.0,298.15,91.5618,40.5683,50.9935,12.4001,50.9935,61.9029,0.05585,148.23000000000002,0.364,56.85,1109.0,
dP.dA.dL.bHph.P.Me_dL.F,CC(C)C[C@@H]1C(=O)N[C@@H](Cc2ccccc2)C(=O)N2CCC[C@@H]2C(=O)N[C@H](C)C(=O)N[C@H](CC(C)C)C(=O)N[C@@H](Cc2ccccc2)CC(=O)N2CCC[C@H]2C(=O)N1C,2742.0,298.15,97.8667,35.6145,62.2522,11.2275,62.2522,56.6168,0.06138,177.33,0.24,69.982,2742.0,
dA.meL.dL.P.Me_dL.F,CC(C)C[C@@H]1C(=O)N[C@@H](Cc2ccccc2)C(=O)N[C@H](C)C(=O)N(C)[C@@H](CC(C)C)C(=O)N[C@H](CC(C)C)C(=O)N2CCC[C@H]2C(=O)N1C,3404.0,298.15,94.536,47.9647,46.5713,12.0541,46.5713,55.6032,0.051051,148.23000000000002,0.749,19.719,3404.0,
dP.meA.meL.meL.dP.Bn_Gly.F,CC(C)C[C@H]1C(=O)N(C)[C@@H](CC(C)C)C(=O)N2CCC[C@@H]2C(=O)N(Cc2ccccc2)CC(=O)N[C@@H](Cc2ccccc2)C(=O)N2CCC[C@@H]2C(=O)N(C)[C@@H](C)C(=O)N1C,3067.0,298.15,81.1671,49.189,31.9781,6.4484,31.9781,65.4464,0.031736,150.96,0.947,12.628,3067.0,
F.pentyl_Gly.dL.Nle.dP.Mono34,CCCCCN1CC(=O)N[C@H](CC(C)C)C(=O)N[C@@H](CCCC)C(=O)N2CCC[C@@H]2C(=O)N(CCCOC(C)C)CC(=O)N[C@@H](Cc2ccccc2)C1=O,8204.0,298.15,95.9974,44.4191,51.5783,7.9837,51.5783,71.0847,0.049558,157.45999999999998,0.414,51.335,8204.0,
meA.dL.Bn_Gly.P.Bn_Gly.F,CC(C)C[C@H]1NC(=O)[C@H](C)N(C)C(=O)[C@H](Cc2ccccc2)NC(=O)CN(Cc2ccccc2)C(=O)[C@@H]2CCCN2C(=O)CN(Cc2ccccc2)C1=O,578.0,298.15,89.1608,49.6595,39.5013,9.9168,39.5013,75.0563,0.043674,139.44,0.504,44.248,578.0,
P.bHph.Me_dL.Bn_Gly.dP.meL.F,CC(C)C[C@@H]1C(=O)N(Cc2ccccc2)CC(=O)N2CCC[C@@H]2C(=O)N(C)[C@@H](CC(C)C)C(=O)N[C@@H](Cc2ccccc2)C(=O)N2CCC[C@H]2C(=O)N[C@@H](Cc2ccccc2)CC(=O)N1C,1036.0,298.15,95.3266,65.9706,29.356,6.5353,29.356,86.8171,0.027099,159.75,0.495,55.293,1036.0,
dP.Pr_Gly.dL.L.dP.Bn_Gly.F,CCCN1CC(=O)N[C@H](CC(C)C)C(=O)N[C@@H](CC(C)C)C(=O)N2CCC[C@@H]2C(=O)N(Cc2ccccc2)CC(=O)N[C@@H](Cc2ccccc2)C(=O)N2CCC[C@@H]2C1=O,2452.0,298.15,108.9443,74.1924,34.7519,6.7016,34.7519,102.0189,0.034598,168.54,0.544,22.983,2452.0,
P.A.Bn_Gly.L.dP.Me_dL.F,CC(C)C[C@@H]1NC(=O)CN(Cc2ccccc2)C(=O)[C@H](C)NC(=O)[C@@H]2CCCN2C(=O)[C@H](Cc2ccccc2)NC(=O)[C@@H](CC(C)C)N(C)C(=O)[C@H]2CCCN2C1=O,958.0,298.15,87.0114,40.0967,46.9147,8.2717,46.9147,51.6105,0.047128,168.54,0.257,64.958,958.0,
Mono16.P.I.meV.meA.Bal,CC[C@H](C)[C@@H]1NC(=O)[C@@H]2CCCN2C(=O)[C@@H](C[C@H](O)CCl)OC(=O)CCNC(=O)[C@H](C)N(C)C(=O)[C@H](C(C)C)N(C)C1=O,219.0,298.15,79.7697,50.6991,29.0706,5.1043,29.0706,65.4296,0.037042,165.66,0.434,32.714,219.0,
dP.dA.Bn_Gly.bHph.dP.L.F,CC(C)C[C@@H]1NC(=O)[C@H]2CCCN2C(=O)C[C@H](Cc2ccccc2)NC(=O)CN(Cc2ccccc2)C(=O)[C@@H](C)NC(=O)[C@H]2CCCN2C(=O)[C@H](Cc2ccccc2)NC1=O,876.0,298.15,70.7574,39.991,30.7664,6.3998,30.7664,52.4134,0.029395,177.32999999999998,0.645,33.044,876.0,
P.dA.dL.L.P.Bn_Gly.F,CC(C)C[C@@H]1NC(=O)[C@@H](CC(C)C)NC(=O)[C@@H](C)NC(=O)[C@@H]2CCCN2C(=O)[C@H](Cc2ccccc2)NC(=O)CN(Cc2ccccc2)C(=O)[C@@H]2CCCN2C1=O,2355.0,298.15,109.4782,80.6818,28.7964,7.3776,28.7964,99.7368,0.028956,177.33,0.489,35.945,2355.0,
P.bHph.Me_dL.Me_dL.P.dL.F,CC(C)C[C@@H]1C(=O)N(C)[C@H](CC(C)C)C(=O)N2CCC[C@H]2C(=O)N[C@H](CC(C)C)C(=O)N[C@@H](Cc2ccccc2)C(=O)N2CCC[C@H]2C(=O)N[C@@H](Cc2ccccc2)CC(=O)N1C,5042.0,298.15,103.5783,55.4092,48.1691,13.0087,48.1691,72.2204,0.043602,168.54,0.129,88.91,5042.0,
A.Mono38.L.Nle.dP.Mono1,CCCC[C@@H]1NC(=O)[C@H](CC(C)C)NC(=O)CN(CC2CCOCC2)C(=O)[C@H](C)NC(=O)CN(Cc2ccc3c(c2)OCO3)C(=O)[C@H]2CCCN2C1=O,4677.0,298.15,155.9919,99.9541,56.0378,13.4633,56.0378,141.8212,0.055326,175.92,0.763,13.661,4677.0,
P.bHph.dL.L.dP.dL.F,CC(C)C[C@@H]1NC(=O)[C@@H](CC(C)C)NC(=O)C[C@H](Cc2ccccc2)NC(=O)[C@@H]2CCCN2C(=O)[C@H](Cc2ccccc2)NC(=O)[C@@H](CC(C)C)NC(=O)[C@H]2CCCN2C1=O,3295.0,298.15,102.0905,37.6105,64.48,9.1137,64.48,76.5916,0.062692,186.12,0.351,53.693,3295.0,
P.dA.L.Me_dL.P.dL.F,CC(C)C[C@@H]1NC(=O)[C@@H](C)NC(=O)[C@@H]2CCCN2C(=O)[C@H](Cc2ccccc2)NC(=O)[C@@H](CC(C)C)NC(=O)[C@@H]2CCCN2C(=O)[C@@H](CC(C)C)N(C)C1=O,3312.0,298.15,111.2578,48.0017,63.2561,9.9119,63.2561,78.1554,0.065921,177.33,0.666,16.894,3312.0,
dP.bHph.dL.bHph.P.L.F,CC(C)C[C@@H]1NC(=O)[C@@H]2CCCN2C(=O)C[C@H](Cc2ccccc2)NC(=O)[C@@H](CC(C)C)NC(=O)C[C@H](Cc2ccccc2)NC(=O)[C@H]2CCCN2C(=O)[C@H](Cc2ccccc2)NC1=O,1940.0,298.15,94.0446,45.5842,48.4604,7.7455,48.4604,77.4469,0.044877,186.12,0.405,44.464,1940.0,
A.L.Me_dL.dP.Me_dL.F,CC(C)C[C@@H]1NC(=O)[C@H](C)NC(=O)[C@H](Cc2ccccc2)NC(=O)[C@@H](CC(C)C)N(C)C(=O)[C@H]2CCCN2C(=O)[C@@H](CC(C)C)N(C)C1=O,1246.0,298.15,65.9229,41.1573,24.7656,5.7529,24.7656,57.507,0.027088,148.23000000000002,0.464,50.498,1246.0,
dP.A.dL.meL.dP.L.F,CC(C)C[C@@H]1NC(=O)[C@H]2CCCN2C(=O)[C@H](CC(C)C)N(C)C(=O)[C@@H](CC(C)C)NC(=O)[C@H](C)NC(=O)[C@H]2CCCN2C(=O)[C@H](Cc2ccccc2)NC1=O,3773.0,298.15,107.7638,40.358,67.4058,17.02,67.4058,46.3056,0.071874,177.32999999999998,0.16,83.454,3773.0,
P.bHph.meL.Bn_Gly.P.dL.F,CC(C)C[C@H]1NC(=O)[C@@H]2CCCN2C(=O)CN(Cc2ccccc2)C(=O)[C@H](CC(C)C)N(C)C(=O)C[C@H](Cc2ccccc2)NC(=O)[C@@H]2CCCN2C(=O)[C@H](Cc2ccccc2)NC1=O,3425.0,298.15,94.0152,54.7284,39.2868,7.1914,39.2868,69.3009,0.035932,168.54,0.438,29.385,3425.0,
meA.meL.bHph.P.Bn_Gly.F,CC(C)C[C@H]1C(=O)N[C@@H](Cc2ccccc2)CC(=O)N2CCC[C@H]2C(=O)N(Cc2ccccc2)CC(=O)N[C@@H](Cc2ccccc2)C(=O)N(C)[C@@H](C)C(=O)N1C,1077.0,298.15,89.8501,35.3963,54.4538,12.4581,54.4538,48.0301,0.055373,139.44,0.489,19.207,1077.0,
dP.meA.L.dL.dP.meL.F,CC(C)C[C@@H]1NC(=O)[C@H](C)N(C)C(=O)[C@H]2CCCN2C(=O)[C@H](Cc2ccccc2)NC(=O)[C@H](CC(C)C)N(C)C(=O)[C@H]2CCCN2C(=O)[C@@H](CC(C)C)NC1=O,2154.0,298.15,89.1199,60.338,28.7819,6.1262,28.7819,76.229,0.029253,168.54,0.512,27.575,2154.0,
Pr_Gly.Me_dL.dL.dP.meL.F,CCCN1CC(=O)N(C)[C@H](CC(C)C)C(=O)N[C@H](CC(C)C)C(=O)N2CCC[C@@H]2C(=O)N(C)[C@@H](CC(C)C)C(=O)N[C@@H](Cc2ccccc2)C1=O,2213.0,298.15,70.1839,48.9362,21.2477,4.5461,21.2477,64.4803,0.021784,139.44,0.645,29.39,2213.0,
meA.L.Bn_Gly.P.Me_dL.F,CC(C)C[C@@H]1NC(=O)[C@H](C)N(C)C(=O)[C@H](Cc2ccccc2)NC(=O)[C@@H](CC(C)C)N(C)C(=O)[C@@H]2CCCN2C(=O)CN(Cc2ccccc2)C1=O,1159.0,298.15,78.7914,42.6784,36.113,7.4582,36.113,56.8879,0.037243,139.44,0.356,22.984,1159.0,
Me_dA.dL.L.P.L.F,CC(C)C[C@@H]1NC(=O)[C@@H]2CCCN2C(=O)[C@H](CC(C)C)NC(=O)[C@@H](CC(C)C)NC(=O)[C@@H](C)N(C)C(=O)[C@H](Cc2ccccc2)NC1=O,1218.0,298.15,87.9991,48.7336,39.2655,8.6628,39.2655,65.6413,0.042339,157.02,0.14,85.721,1218.0,
dP.meA.meL.dL.dP.meL.F,CC(C)C[C@H]1NC(=O)[C@H](CC(C)C)N(C)C(=O)[C@H](C)N(C)C(=O)[C@H]2CCCN2C(=O)[C@H](Cc2ccccc2)NC(=O)[C@H](CC(C)C)N(C)C(=O)[C@H]2CCCN2C1=O,1748.0,298.15,92.6674,30.1975,62.4699,12.3958,62.4699,70.6304,0.062752,159.75,0.587,25.61,1748.0,
A.Me_dL.Me_dL.P.meL.F,CC(C)C[C@@H]1C(=O)N(C)[C@H](CC(C)C)C(=O)N2CCC[C@H]2C(=O)N(C)[C@@H](CC(C)C)C(=O)N[C@@H](Cc2ccccc2)C(=O)N[C@@H](C)C(=O)N1C,2756.0,298.15,96.1198,35.5577,60.5621,9.5548,60.5621,72.3319,0.065543,139.44,0.551,21.646,2756.0,
Pr_Gly.Me_dL.meL.dP.Bn_Gly.F,CCCN1CC(=O)N(C)[C@H](CC(C)C)C(=O)N(C)[C@@H](CC(C)C)C(=O)N2CCC[C@@H]2C(=O)N(Cc2ccccc2)CC(=O)N[C@@H](Cc2ccccc2)C1=O,4631.0,298.15,79.9792,40.0374,39.9418,7.6063,39.9418,57.0061,0.040737,130.65,0.506,49.16,4631.0,
Me_dA.meL.Me_dL.dP.Me_dL.F,CC(C)C[C@@H]1C(=O)N[C@@H](Cc2ccccc2)C(=O)N(C)[C@H](C)C(=O)N(C)[C@@H](CC(C)C)C(=O)N(C)[C@H](CC(C)C)C(=O)N2CCC[C@@H]2C(=O)N1C,2925.0,298.15,73.4511,24.3469,49.1042,9.8633,49.1042,59.8132,0.053168,130.65,0.653,37.015,2925.0,
dP.meA.Me_dL.Me_dL.dP.meL.F,CC(C)C[C@@H]1C(=O)N2CCC[C@@H]2C(=O)N(C)[C@@H](CC(C)C)C(=O)N[C@@H](Cc2ccccc2)C(=O)N2CCC[C@@H]2C(=O)N(C)[C@@H](C)C(=O)N(C)[C@H](CC(C)C)C(=O)N1C,2139.0,298.15,64.9383,29.5231,35.4152,6.7521,35.4152,49.9775,0.035279,150.96,0.34,68.083,2139.0,
dA.L.L.P.Me_dL.F,CC(C)C[C@@H]1NC(=O)[C@@H](C)NC(=O)[C@H](Cc2ccccc2)NC(=O)[C@@H](CC(C)C)N(C)C(=O)[C@@H]2CCCN2C(=O)[C@H](CC(C)C)NC1=O,2926.0,298.15,93.0313,48.6669,44.3644,10.4773,44.3644,69.0236,0.049057,157.02,0.407,50.179,2926.0,
P.A.L.L.P.dL.F,CC(C)C[C@@H]1NC(=O)[C@H](C)NC(=O)[C@@H]2CCCN2C(=O)[C@H](Cc2ccccc2)NC(=O)[C@@H](CC(C)C)NC(=O)[C@@H]2CCCN2C(=O)[C@H](CC(C)C)NC1=O,3293.0,298.15,116.4277,66.9562,49.4715,10.6009,49.4715,106.2069,0.050444,186.12,0.363,58.839,3293.0,
dP.meA.L.Bn_Gly.dP.L.F,CC(C)C[C@@H]1NC(=O)[C@H]2CCCN2C(=O)CN(Cc2ccccc2)C(=O)[C@H](CC(C)C)NC(=O)[C@H](C)N(C)C(=O)[C@H]2CCCN2C(=O)[C@H](Cc2ccccc2)NC1=O,2202.0,298.15,99.6036,45.7156,53.888,12.6687,53.888,60.8004,0.054753,168.54,0.352,59.93,2202.0,
P.Pr_Gly.L.L.P.L.F,CCCN1CC(=O)N[C@@H](CC(C)C)C(=O)N[C@@H](CC(C)C)C(=O)N2CCC[C@H]2C(=O)N[C@@H](CC(C)C)C(=O)N[C@@H](Cc2ccccc2)C(=O)N2CCC[C@H]2C1=O,2743.0,298.15,117.692,85.9288,31.7632,6.3065,31.7632,111.6992,0.031823,177.32999999999998,0.226,78.737,2743.0,
meA.L.dL.P.Me_dL.F,CC(C)C[C@@H]1NC(=O)[C@H](C)N(C)C(=O)[C@H](Cc2ccccc2)NC(=O)[C@@H](CC(C)C)N(C)C(=O)[C@@H]2CCCN2C(=O)[C@@H](CC(C)C)NC1=O,2367.0,298.15,76.2037,36.7876,39.4161,7.6621,39.4161,55.9362,0.043355,148.23,0.385,62.82,2367.0,
dP.A.dL.L.dP.Me_dL.F,CC(C)C[C@@H]1NC(=O)[C@@H](CC(C)C)NC(=O)[C@H](C)NC(=O)[C@H]2CCCN2C(=O)[C@H](Cc2ccccc2)NC(=O)[C@@H](CC(C)C)N(C)C(=O)[C@H]2CCCN2C1=O,2902.0,298.15,104.4866,44.1394,60.3472,17.8352,60.3472,51.1085,0.06166,177.33,0.462,44.665,2902.0,
P.dA.dL.Me_dL.P.Bn_Gly.F,CC(C)C[C@@H]1C(=O)N2CCC[C@H]2C(=O)N(Cc2ccccc2)CC(=O)N[C@@H](Cc2ccccc2)C(=O)N2CCC[C@H]2C(=O)N[C@H](C)C(=O)N[C@H](CC(C)C)C(=O)N1C,2078.0,298.15,106.2798,80.3808,25.899,7.0386,25.899,97.8073,0.026142,168.54,0.85,11.431,2078.0,
dA.L.Bn_Gly.dP.dL.F,CC(C)C[C@@H]1NC(=O)[C@@H](C)NC(=O)[C@H](Cc2ccccc2)NC(=O)[C@@H](CC(C)C)NC(=O)[C@H]2CCCN2C(=O)CN(Cc2ccccc2)C1=O,1288.0,298.15,89.338,48.9028,40.4352,8.2497,40.4352,69.5385,0.044788,157.02,0.246,20.126,1288.0,
dP.bHph.dL.L.dP.L.F,CC(C)C[C@@H]1NC(=O)[C@H]2CCCN2C(=O)[C@H](CC(C)C)NC(=O)[C@@H](CC(C)C)NC(=O)C[C@H](Cc2ccccc2)NC(=O)[C@H]2CCCN2C(=O)[C@H](Cc2ccccc2)NC1=O,2710.0,298.15,95.2005,31.7895,63.411,15.1774,63.411,39.7356,0.060656,186.12,0.368,61.467,2710.0,
Pr_Gly.meL.meL.dP.Bn_Gly.F,CCCN1CC(=O)N(C)[C@@H](CC(C)C)C(=O)N(C)[C@@H](CC(C)C)C(=O)N2CCC[C@@H]2C(=O)N(Cc2ccccc2)CC(=O)N[C@@H](Cc2ccccc2)C1=O,2596.0,298.15,75.8044,42.9313,32.8731,6.6854,32.8731,53.6461,0.034061,130.65,0.462,47.6,2596.0,
dP.meA.meL.L.dP.Me_dL.F,CC(C)C[C@@H]1NC(=O)[C@H](CC(C)C)N(C)C(=O)[C@H](C)N(C)C(=O)[C@H]2CCCN2C(=O)[C@H](Cc2ccccc2)NC(=O)[C@@H](CC(C)C)N(C)C(=O)[C@H]2CCCN2C1=O,3367.0,298.15,77.1485,41.8285,35.32,6.3113,35.32,53.5417,0.036073,159.75,0.668,35.185,3367.0,
P.meA.dL.L.P.L.F,CC(C)C[C@@H]1NC(=O)[C@@H]2CCCN2C(=O)[C@H](CC(C)C)NC(=O)[C@@H](CC(C)C)NC(=O)[C@H](C)N(C)C(=O)[C@@H]2CCCN2C(=O)[C@H](Cc2ccccc2)NC1=O,2175.0,298.15,98.6772,72.6458,26.0314,5.8343,26.0314,89.7297,0.027075,177.33,0.281,66.354,2175.0,
L.dL.L.dL.dP.Y,CC(C)C[C@@H]1NC(=O)[C@H](Cc2ccc(O)cc2)NC(=O)[C@H]2CCCN2C(=O)[C@@H](CC(C)C)NC(=O)[C@H](CC(C)C)NC(=O)[C@@H](CC(C)C)NC1=O,5919.0,298.15,124.7011,78.4002,46.3009,8.6806,46.3009,94.4228,0.045875,186.04,0.914,2.502,5919.0,
dP.meA.dL.bHph.P.Me_dL.F,CC(C)C[C@@H]1C(=O)N[C@@H](Cc2ccccc2)C(=O)N2CCC[C@@H]2C(=O)N(C)[C@@H](C)C(=O)N[C@H](CC(C)C)C(=O)N[C@@H](Cc2ccccc2)CC(=O)N2CCC[C@H]2C(=O)N1C,1473.0,298.15,102.0051,41.2131,60.792,8.3264,60.792,61.9888,0.05749,168.54,0.591,53.003,1473.0,
P.A.Me_dL.Bn_Gly.P.Me_dL.F,CC(C)C[C@@H]1C(=O)N(Cc2ccccc2)CC(=O)N2CCC[C@H]2C(=O)N(C)[C@H](CC(C)C)C(=O)N[C@@H](Cc2ccccc2)C(=O)N2CCC[C@H]2C(=O)N[C@@H](C)C(=O)N1C,1026.0,298.15,81.5882,41.7569,39.8313,9.2778,39.8313,46.0187,0.040927,159.75,0.501,21.549,1026.0,
meA.dL.Me_dL.P.dL.F,CC(C)C[C@@H]1C(=O)N2CCC[C@H]2C(=O)N[C@H](CC(C)C)C(=O)N[C@@H](Cc2ccccc2)C(=O)N(C)[C@@H](C)C(=O)N[C@H](CC(C)C)C(=O)N1C,1404.0,298.15,82.1514,34.3398,47.8116,6.8178,47.8116,46.8264,0.054105,148.23000000000002,0.392,48.912,1404.0,
dP.A.dL.dL.P.dL.F,CC(C)C[C@H]1NC(=O)[C@H](C)NC(=O)[C@H]2CCCN2C(=O)[C@H](Cc2ccccc2)NC(=O)[C@@H](CC(C)C)NC(=O)[C@@H]2CCCN2C(=O)[C@@H](CC(C)C)NC1=O,1991.0,298.15,93.6813,43.5539,50.1274,11.4587,50.1274,57.5286,0.053941,186.12,0.221,78.959,1991.0,
dP.Me_dA.L.dL.dP.Bn_Gly.F,CC(C)C[C@@H]1NC(=O)[C@@H](C)N(C)C(=O)[C@H]2CCCN2C(=O)[C@H](Cc2ccccc2)NC(=O)CN(Cc2ccccc2)C(=O)[C@H]2CCCN2C(=O)[C@@H](CC(C)C)NC1=O,485.0,298.15,92.1882,73.4791,18.7091,4.2381,18.7091,85.7839,0.019357,168.54,0.184,64.423,485.0,
P.Me_dA.Bn_Gly.dL.dP.Me_dL.F,CC(C)C[C@@H]1C(=O)N[C@@H](Cc2ccccc2)C(=O)N2CCC[C@H]2C(=O)N(C)[C@H](C)C(=O)N(Cc2ccccc2)CC(=O)N[C@H](CC(C)C)C(=O)N2CCC[C@@H]2C(=O)N1C,4142.0,298.15,91.1222,48.9339,42.1883,9.9714,42.1883,60.7423,0.041517,159.75,0.613,18.188,4142.0,
dA.Mono38.Me_dL.Nle.P.Mono34,CCCC[C@@H]1NC(=O)[C@@H](CC(C)C)N(C)C(=O)CN(CC2CCOCC2)C(=O)[C@@H](C)NC(=O)CN(CCCOC(C)C)C(=O)[C@@H]2CCCN2C1=O,2309.0,298.15,114.3623,63.4698,50.8925,9.9636,50.8925,68.9148,0.052709,157.9,0.151,78.846,2309.0,
P.bHph.meL.meL.P.meL.F,CC(C)C[C@H]1C(=O)N(C)[C@@H](CC(C)C)C(=O)N2CCC[C@H]2C(=O)N(C)[C@@H](CC(C)C)C(=O)N[C@@H](Cc2ccccc2)C(=O)N2CCC[C@H]2C(=O)N[C@@H](Cc2ccccc2)CC(=O)N1C,1253.0,298.15,78.4946,39.9601,38.5345,5.9098,38.5345,47.9863,0.038279,159.75,0.312,71.764,1253.0,
dP.dA.L.Me_dL.P.meL.F,CC(C)C[C@@H]1NC(=O)[C@@H](C)NC(=O)[C@H]2CCCN2C(=O)[C@H](Cc2ccccc2)NC(=O)[C@H](CC(C)C)N(C)C(=O)[C@@H]2CCCN2C(=O)[C@@H](CC(C)C)N(C)C1=O,4459.0,298.15,100.6368,43.3573,57.2795,14.9274,57.2795,57.6975,0.058514,168.54000000000002,0.577,29.492,4459.0,
P.Me_dA.meL.Bn_Gly.P.Bn_Gly.F,CC(C)C[C@H]1C(=O)N(Cc2ccccc2)CC(=O)N2CCC[C@H]2C(=O)N(Cc2ccccc2)CC(=O)N[C@@H](Cc2ccccc2)C(=O)N2CCC[C@H]2C(=O)N(C)[C@H](C)C(=O)N1C,972.0,298.15,86.8427,52.1733,34.6694,6.4879,34.6694,71.5783,0.033573,150.96,0.577,41.403,972.0,
P.dA.meL.Me_dL.P.meL.F,CC(C)C[C@@H]1C(=O)N2CCC[C@H]2C(=O)N(C)[C@@H](CC(C)C)C(=O)N[C@@H](Cc2ccccc2)C(=O)N2CCC[C@H]2C(=O)N[C@H](C)C(=O)N(C)[C@@H](CC(C)C)C(=O)N1C,3520.0,298.15,82.2776,51.7946,30.483,6.8978,30.483,75.9319,0.029949,159.75,0.601,38.19,3520.0,
bHph.Me_dL.L.P.dL.F,CC(C)C[C@@H]1NC(=O)[C@@H](CC(C)C)N(C)C(=O)C[C@H](Cc2ccccc2)NC(=O)[C@H](Cc2ccccc2)NC(=O)[C@@H](CC(C)C)NC(=O)[C@@H]2CCCN2C1=O,4721.0,298.15,83.4048,38.1174,45.2874,11.506,45.2874,49.1737,0.042703,157.02,0.227,57.666,4721.0,
meA.L.L.P.meL.F,CC(C)C[C@@H]1NC(=O)[C@H](C)N(C)C(=O)[C@H](Cc2ccccc2)NC(=O)[C@H](CC(C)C)N(C)C(=O)[C@@H]2CCCN2C(=O)[C@H](CC(C)C)NC1=O,3662.0,298.15,97.3322,51.0271,46.3051,9.4415,46.3051,65.5888,0.05024,148.23,0.753,35.171,3662.0,
dP.A.dL.dL.P.Me_dL.F,CC(C)C[C@@H]1C(=O)N[C@@H](Cc2ccccc2)C(=O)N2CCC[C@@H]2C(=O)N[C@@H](C)C(=O)N[C@H](CC(C)C)C(=O)N[C@H](CC(C)C)C(=O)N2CCC[C@H]2C(=O)N1C,1274.0,298.15,77.1229,39.6617,37.4612,7.3681,37.4612,49.5059,0.039697,177.33,0.048,90.435,1274.0,
dP.Me_dA.dL.bHph.dP.Me_dL.F,CC(C)C[C@@H]1C(=O)N[C@@H](Cc2ccccc2)C(=O)N2CCC[C@@H]2C(=O)N(C)[C@H](C)C(=O)N[C@H](CC(C)C)C(=O)N[C@@H](Cc2ccccc2)CC(=O)N2CCC[C@@H]2C(=O)N1C,1999.0,298.15,92.8873,37.3722,55.5151,13.3302,55.5151,82.2374,0.05568,168.54,0.267,0.302,1999.0,
P.A.Me_dL.bHph.dP.Me_dL.F,CC(C)C[C@@H]1C(=O)N[C@@H](Cc2ccccc2)CC(=O)N2CCC[C@@H]2C(=O)N(C)[C@H](CC(C)C)C(=O)N[C@@H](Cc2ccccc2)C(=O)N2CCC[C@H]2C(=O)N[C@@H](C)C(=O)N1C,1027.0,298.15,83.7107,40.7965,42.9142,10.7792,42.9142,55.2091,0.042167,168.54,0.338,63.529,1027.0,
Me_dA.Sar.F.meL.P.Y,CC(C)C[C@H]1C(=O)N2CCC[C@H]2C(=O)N[C@@H](Cc2ccc(O)cc2)C(=O)N(C)[C@H](C)C(=O)N(C)CC(=O)N[C@@H](Cc2ccccc2)C(=O)N1C,1361.0,298.15,132.9715,85.5902,47.3813,9.9426,47.3813,105.5274,0.054771,159.67000000000002,0.42,28.918,1361.0,
L.Bn_Gly.meL.Nle.dP.Mono45,CCCC[C@@H]1NC(=O)[C@H](CC(C)C)N(C)C(=O)CN(Cc2ccccc2)C(=O)[C@H](CC(C)C)NC(=O)CN(Cc2ccccc2Cn2cccn2)C(=O)[C@H]2CCCN2C1=O,7892.0,298.15,85.3745,41.2681,44.1064,11.0438,44.1064,51.4968,0.042291,157.26,0.624,32.038,7892.0,
Me_dA.dL.Me_dL.P.dL.F,CC(C)C[C@@H]1C(=O)N2CCC[C@H]2C(=O)N[C@H](CC(C)C)C(=O)N[C@@H](Cc2ccccc2)C(=O)N(C)[C@H](C)C(=O)N[C@H](CC(C)C)C(=O)N1C,1767.0,298.15,79.769,36.7263,43.0427,6.7764,43.0427,49.674,0.048008,148.23000000000002,0.375,59.603,1767.0,
dP.bHph.dL.Bn_Gly.P.meL.F,CC(C)C[C@H]1NC(=O)C[C@H](Cc2ccccc2)NC(=O)[C@H]2CCCN2C(=O)[C@H](Cc2ccccc2)NC(=O)[C@H](CC(C)C)N(C)C(=O)[C@@H]2CCCN2C(=O)CN(Cc2ccccc2)C1=O,3861.0,298.15,83.6591,29.661,53.9981,9.0783,53.9981,58.6518,0.049162,168.54000000000002,0.655,21.923,3861.0,
dP.meA.Bn_Gly.Bn_Gly.P.L.F,CC(C)C[C@@H]1NC(=O)[C@@H]2CCCN2C(=O)CN(Cc2ccccc2)C(=O)CN(Cc2ccccc2)C(=O)[C@H](C)N(C)C(=O)[C@H]2CCCN2C(=O)[C@H](Cc2ccccc2)NC1=O,1527.0,298.15,105.7142,46.4204,59.2938,12.8594,59.2938,75.8774,0.056567,159.75,0.389,21.097,1527.0,
dP.bHph.L.Bn_Gly.dP.dL.F,CC(C)C[C@@H]1NC(=O)C[C@H](Cc2ccccc2)NC(=O)[C@H]2CCCN2C(=O)[C@H](Cc2ccccc2)NC(=O)[C@@H](CC(C)C)NC(=O)[C@H]2CCCN2C(=O)CN(Cc2ccccc2)C1=O,1981.0,298.15,107.0693,51.9359,55.1334,13.574,55.1334,68.0776,0.051286,177.33,0.517,25.132,1981.0,
P.meA.dL.Bn_Gly.P.meL.F,CC(C)C[C@H]1NC(=O)[C@H](C)N(C)C(=O)[C@@H]2CCCN2C(=O)[C@H](Cc2ccccc2)NC(=O)[C@H](CC(C)C)N(C)C(=O)[C@@H]2CCCN2C(=O)CN(Cc2ccccc2)C1=O,1223.0,298.15,90.6733,54.6861,35.9872,7.9898,35.9872,67.5464,0.03483,159.75,0.442,42.737,1223.0,
A.Mono38.meL.Nle.dP.iBu_Gly,CCCC[C@@H]1NC(=O)[C@H](CC(C)C)N(C)C(=O)CN(CC2CCOCC2)C(=O)[C@H](C)NC(=O)CN(CC(C)C)C(=O)[C@H]2CCCN2C1=O,4247.0,298.15,112.5929,61.3022,51.2907,7.717,51.2907,75.0811,0.056148,148.67000000000002,0.609,37.385,4247.0,
bHph.dL.meL.P.meL.F,CC(C)C[C@H]1NC(=O)C[C@H](Cc2ccccc2)NC(=O)[C@H](Cc2ccccc2)NC(=O)[C@H](CC(C)C)N(C)C(=O)[C@@H]2CCCN2C(=O)[C@H](CC(C)C)N(C)C1=O,3067.0,298.15,94.597,42.198,52.399,10.4814,52.399,54.6623,0.050897,148.23000000000002,0.602,30.801,3067.0,
Pr_Gly.meL.bHph.dP.meL.F,CCCN1CC(=O)N(C)[C@@H](CC(C)C)C(=O)N[C@@H](Cc2ccccc2)CC(=O)N2CCC[C@@H]2C(=O)N(C)[C@@H](CC(C)C)C(=O)N[C@@H](Cc2ccccc2)C1=O,3226.0,298.15,60.5515,28.7357,31.8158,8.6722,31.8158,42.7216,0.032161,139.44,0.313,62.416,3226.0,
dP.Me_dA.meL.Bn_Gly.dP.Me_dL.F,CC(C)C[C@@H]1C(=O)N[C@@H](Cc2ccccc2)C(=O)N2CCC[C@@H]2C(=O)N(C)[C@H](C)C(=O)N(C)[C@@H](CC(C)C)C(=O)N(Cc2ccccc2)CC(=O)N2CCC[C@@H]2C(=O)N1C,1072.0,298.15,81.2514,46.0954,35.156,6.0126,35.156,60.5002,0.035557,150.96,0.459,44.491,1072.0,
dP.dA.Bn_Gly.bHph.dP.dL.F,CC(C)C[C@H]1NC(=O)[C@H]2CCCN2C(=O)C[C@H](Cc2ccccc2)NC(=O)CN(Cc2ccccc2)C(=O)[C@@H](C)NC(=O)[C@H]2CCCN2C(=O)[C@H](Cc2ccccc2)NC1=O,635.0,298.15,108.9823,53.2712,55.7111,12.1114,55.7111,74.6993,0.05421,177.32999999999998,0.348,31.111,635.0,
L.Me_dA.meA.L.dP.meA,CC(C)C[C@@H]1NC(=O)[C@H](C)N(C)C(=O)[C@H]2CCCN2C(=O)[C@H](CC(C)C)NC(=O)[C@H](C)N(C)C(=O)[C@@H](C)N(C)C1=O,555.0,298.15,95.0324,51.985,43.0474,10.0424,43.0474,61.6669,0.055225,139.44,0.451,32.445,555.0,
dA.dL.dL.P.Me_dL.F,CC(C)C[C@@H]1C(=O)N[C@@H](Cc2ccccc2)C(=O)N[C@H](C)C(=O)N[C@H](CC(C)C)C(=O)N[C@H](CC(C)C)C(=O)N2CCC[C@H]2C(=O)N1C,4856.0,298.15,101.7326,49.2343,52.4983,11.0063,52.4983,61.88,0.056892,157.02,0.251,75.539,4856.0,
P.G.L.G.F.A,CC(C)C[C@@H]1NC(=O)CNC(=O)[C@@H]2CCCN2C(=O)[C@H](C)NC(=O)[C@H](Cc2ccccc2)NC(=O)CNC1=O,425.0,298.15,144.0908,88.861,55.2298,11.0014,55.2298,106.0407,0.072608,165.81,0.51,20.66,425.0,
dP.A.dL.dL.dP.dL.F,CC(C)C[C@H]1NC(=O)[C@H](C)NC(=O)[C@H]2CCCN2C(=O)[C@H](Cc2ccccc2)NC(=O)[C@@H](CC(C)C)NC(=O)[C@H]2CCCN2C(=O)[C@@H](CC(C)C)NC1=O,2038.0,298.15,96.1995,56.9292,39.2703,9.628,39.2703,71.3092,0.040657,186.12,0.242,71.157,2038.0,
dA.meL.L.P.dL.F,CC(C)C[C@@H]1NC(=O)[C@H](CC(C)C)N(C)C(=O)[C@@H](C)NC(=O)[C@H](Cc2ccccc2)NC(=O)[C@@H](CC(C)C)NC(=O)[C@@H]2CCCN2C1=O,3175.0,298.15,96.9819,48.083,48.8989,11.5437,48.8989,69.5932,0.05272,157.02,0.794,25.789,3175.0,
dP.meA.meL.meL.P.Me_dL.F,CC(C)C[C@@H]1C(=O)N[C@@H](Cc2ccccc2)C(=O)N2CCC[C@@H]2C(=O)N(C)[C@@H](C)C(=O)N(C)[C@@H](CC(C)C)C(=O)N(C)[C@@H](CC(C)C)C(=O)N2CCC[C@H]2C(=O)N1C,3066.0,298.15,78.9384,41.6913,37.2471,7.8631,37.2471,52.1022,0.037247,150.96,0.423,51.123,3066.0,
dP.meA.dL.L.P.Me_dL.F,CC(C)C[C@@H]1NC(=O)[C@@H](CC(C)C)NC(=O)[C@H](C)N(C)C(=O)[C@H]2CCCN2C(=O)[C@H](Cc2ccccc2)NC(=O)[C@@H](CC(C)C)N(C)C(=O)[C@@H]2CCCN2C1=O,4626.0,298.15,84.9341,47.1365,37.7976,8.7503,37.7976,62.7547,0.03854,168.54,0.966,22.014,4626.0,
P.Me_dA.Me_dL.Me_dL.dP.Bn_Gly.F,CC(C)C[C@@H]1C(=O)N(C)[C@H](CC(C)C)C(=O)N2CCC[C@@H]2C(=O)N(Cc2ccccc2)CC(=O)N[C@@H](Cc2ccccc2)C(=O)N2CCC[C@H]2C(=O)N(C)[C@H](C)C(=O)N1C,2663.0,298.15,103.0018,65.3023,37.6995,11.2145,37.6995,91.8975,0.03723,150.96,0.749,11.183,2663.0,
dP.bHph.meL.Bn_Gly.P.dL.F,CC(C)C[C@H]1NC(=O)[C@@H]2CCCN2C(=O)CN(Cc2ccccc2)C(=O)[C@H](CC(C)C)N(C)C(=O)C[C@H](Cc2ccccc2)NC(=O)[C@H]2CCCN2C(=O)[C@H](Cc2ccccc2)NC1=O,3118.0,298.15,95.0523,37.2082,57.8441,8.9878,57.8441,55.7362,0.052317,168.54,0.48,27.364,3118.0,
Me_dA.dL.meL.dP.dL.F,CC(C)C[C@H]1NC(=O)[C@H]2CCCN2C(=O)[C@H](CC(C)C)N(C)C(=O)[C@@H](CC(C)C)NC(=O)[C@@H](C)N(C)C(=O)[C@H](Cc2ccccc2)NC1=O,2346.0,298.15,94.3663,27.3828,66.9835,12.3142,66.9835,55.5583,0.073545,148.23,0.172,74.567,2346.0,
P.Pr_Gly.L.meL.dP.L.F,CCCN1CC(=O)N[C@@H](CC(C)C)C(=O)N(C)[C@@H](CC(C)C)C(=O)N2CCC[C@@H]2C(=O)N[C@@H](CC(C)C)C(=O)N[C@@H](Cc2ccccc2)C(=O)N2CCC[C@H]2C1=O,4978.0,298.15,105.9969,66.2552,39.7417,8.7758,39.7417,71.6441,0.040891,168.54,0.276,62.828,4978.0,
meA.L.dL.dP.Bn_Gly.F,CC(C)C[C@@H]1NC(=O)[C@H](C)N(C)C(=O)[C@H](Cc2ccccc2)NC(=O)CN(Cc2ccccc2)C(=O)[C@H]2CCCN2C(=O)[C@@H](CC(C)C)NC1=O,1794.0,298.15,96.472,50.4613,46.0107,10.2697,46.0107,78.2275,0.048012,148.23,0.426,43.064,1794.0,
dP.meA.L.bHph.P.Bn_Gly.F,CC(C)C[C@@H]1NC(=O)[C@H](C)N(C)C(=O)[C@H]2CCCN2C(=O)[C@H](Cc2ccccc2)NC(=O)CN(Cc2ccccc2)C(=O)[C@@H]2CCCN2C(=O)C[C@H](Cc2ccccc2)NC1=O,474.0,298.15,102.95,67.7099,35.2401,7.8853,35.2401,90.6915,0.034429,168.54,0.607,45.703,474.0,
meA.dL.L.P.Bn_Gly.F,CC(C)C[C@@H]1NC(=O)[C@@H](CC(C)C)NC(=O)[C@H](C)N(C)C(=O)[C@H](Cc2ccccc2)NC(=O)CN(Cc2ccccc2)C(=O)[C@@H]2CCCN2C1=O,1924.0,298.15,86.7083,52.4918,34.2165,8.221,34.2165,81.2174,0.038107,148.23000000000002,0.838,20.888,1924.0,
P.bHph.Me_dL.Bn_Gly.dP.dL.F,CC(C)C[C@@H]1C(=O)N(Cc2ccccc2)CC(=O)N2CCC[C@@H]2C(=O)N[C@H](CC(C)C)C(=O)N[C@@H](Cc2ccccc2)C(=O)N2CCC[C@H]2C(=O)N[C@@H](Cc2ccccc2)CC(=O)N1C,2440.0,298.15,74.1932,39.0942,35.099,5.9361,35.099,58.1008,0.032381,168.54,0.526,32.812,2440.0,
Me_dA.Bn_Gly.bHph.P.L.F,CC(C)C[C@@H]1NC(=O)[C@@H]2CCCN2C(=O)C[C@H](Cc2ccccc2)NC(=O)CN(Cc2ccccc2)C(=O)[C@@H](C)N(C)C(=O)[C@H](Cc2ccccc2)NC1=O,972.0,298.15,85.7176,49.5984,36.1192,6.7425,36.1192,56.839,0.037833,148.23,0.742,30.476,972.0,
A.Bn_Gly.Bn_Gly.dP.Bn_Gly.F,C[C@@H]1NC(=O)[C@H](Cc2ccccc2)NC(=O)CN(Cc2ccccc2)C(=O)[C@H]2CCCN2C(=O)CN(Cc2ccccc2)C(=O)CN(Cc2ccccc2)C1=O,688.0,298.15,102.3929,55.1763,47.2166,11.2941,47.2166,83.919,0.049978,139.44,0.577,23.235,688.0,
P.A.meL.Bn_Gly.P.meL.F,CC(C)C[C@H]1C(=O)N(Cc2ccccc2)CC(=O)N2CCC[C@H]2C(=O)N(C)[C@@H](CC(C)C)C(=O)N[C@@H](Cc2ccccc2)C(=O)N2CCC[C@H]2C(=O)N[C@@H](C)C(=O)N1C,998.0,298.15,94.6664,37.0828,57.5836,13.862,57.5836,57.2679,0.058605,159.75,0.289,34.428,998.0,
meA.L.dL.dP.dL.F,CC(C)C[C@@H]1NC(=O)[C@H](C)N(C)C(=O)[C@H](Cc2ccccc2)NC(=O)[C@@H](CC(C)C)NC(=O)[C@H]2CCCN2C(=O)[C@@H](CC(C)C)NC1=O,1233.0,298.15,97.8641,42.4669,55.3972,9.6108,55.3972,57.9678,0.061018,157.02,0.109,87.778,1233.0,
dP.A.Me_dL.L.P.dL.F,CC(C)C[C@@H]1NC(=O)[C@@H](CC(C)C)N(C)C(=O)[C@H](C)NC(=O)[C@H]2CCCN2C(=O)[C@H](Cc2ccccc2)NC(=O)[C@@H](CC(C)C)NC(=O)[C@@H]2CCCN2C1=O,5828.0,298.15,100.9574,59.635,41.3224,8.2697,41.3224,71.3466,0.041051,177.32999999999998,0.357,63.158,5828.0,
A.meL.Bn_Gly.dP.meL.F,CC(C)C[C@H]1C(=O)N(Cc2ccccc2)CC(=O)N2CCC[C@@H]2C(=O)N(C)[C@@H](CC(C)C)C(=O)N[C@@H](Cc2ccccc2)C(=O)N[C@@H](C)C(=O)N1C,1995.0,298.15,97.4323,36.1343,61.298,13.0252,61.298,80.0597,0.064595,139.44,0.626,10.292,1995.0,
dP.dA.dL.Me_dL.P.dL.F,CC(C)C[C@@H]1C(=O)N2CCC[C@H]2C(=O)N[C@H](CC(C)C)C(=O)N[C@@H](Cc2ccccc2)C(=O)N2CCC[C@@H]2C(=O)N[C@H](C)C(=O)N[C@H](CC(C)C)C(=O)N1C,3136.0,298.15,97.3862,58.828,38.5582,7.5777,38.5582,81.3632,0.039454,177.33,0.129,88.083,3136.0,
P.bHph.Me_dL.dL.P.meL.F,CC(C)C[C@@H]1C(=O)N[C@H](CC(C)C)C(=O)N2CCC[C@H]2C(=O)N(C)[C@@H](CC(C)C)C(=O)N[C@@H](Cc2ccccc2)C(=O)N2CCC[C@H]2C(=O)N[C@@H](Cc2ccccc2)CC(=O)N1C,7273.0,298.15,96.686,38.1106,58.5754,10.25,58.5754,50.9256,0.055679,168.54,0.88,17.041,7273.0,
Me_dA.Bn_Gly.dL.dP.dL.F,CC(C)C[C@H]1NC(=O)[C@H]2CCCN2C(=O)[C@@H](CC(C)C)NC(=O)CN(Cc2ccccc2)C(=O)[C@@H](C)N(C)C(=O)[C@H](Cc2ccccc2)NC1=O,3202.0,298.15,101.7506,50.865,50.8856,10.291,50.8856,71.068,0.053681,148.23,0.771,0.163,3202.0,
dA.cHexCH2_Gly.Me_dL.Nle.dP.Et_Gly,CCCC[C@@H]1NC(=O)[C@@H](CC(C)C)N(C)C(=O)CN(CC2CCCCC2)C(=O)[C@@H](C)NC(=O)CN(CC)C(=O)[C@H]2CCCN2C1=O,2627.0,298.15,81.4799,53.5455,27.9344,4.8939,27.9344,66.3043,0.030809,139.44,0.411,42.816,2627.0,
meA.dL.L.dP.dL.F,CC(C)C[C@@H]1NC(=O)[C@@H](CC(C)C)NC(=O)[C@H](C)N(C)C(=O)[C@H](Cc2ccccc2)NC(=O)[C@@H](CC(C)C)NC(=O)[C@H]2CCCN2C1=O,1634.0,298.15,75.3128,27.1922,48.1206,7.9522,48.1206,41.3763,0.053822,157.02,0.354,47.411,1634.0,
P.A.meL.Bn_Gly.dP.dL.F,CC(C)C[C@H]1NC(=O)[C@H]2CCCN2C(=O)CN(Cc2ccccc2)C(=O)[C@H](CC(C)C)N(C)C(=O)[C@H](C)NC(=O)[C@@H]2CCCN2C(=O)[C@H](Cc2ccccc2)NC1=O,1896.0,298.15,106.3289,45.0877,61.2412,14.4551,61.2412,54.548,0.06206,168.54,0.448,56.775,1896.0,
Pr_Gly.dL.Bn_Gly.dP.L.F,CCCN1CC(=O)N[C@H](CC(C)C)C(=O)N(Cc2ccccc2)CC(=O)N2CCC[C@@H]2C(=O)N[C@@H](CC(C)C)C(=O)N[C@@H](Cc2ccccc2)C1=O,2970.0,298.15,95.3613,39.9894,55.3719,8.0011,55.3719,58.2696,0.061272,148.23,0.47,62.197,2970.0,
A.L.L.dP.meL.F,CC(C)C[C@@H]1NC(=O)[C@H](C)NC(=O)[C@H](Cc2ccccc2)NC(=O)[C@H](CC(C)C)N(C)C(=O)[C@H]2CCCN2C(=O)[C@H](CC(C)C)NC1=O,2584.0,298.15,107.1945,42.9702,64.2243,12.3753,64.2243,75.1689,0.069926,157.02,0.304,48.613,2584.0,
A.Me_dL.bHph.P.Me_dL.F,CC(C)C[C@@H]1C(=O)N[C@@H](Cc2ccccc2)CC(=O)N2CCC[C@H]2C(=O)N(C)[C@H](CC(C)C)C(=O)N[C@@H](Cc2ccccc2)C(=O)N[C@@H](C)C(=O)N1C,3216.0,298.15,90.282,28.1012,62.1808,10.776,62.1808,64.6113,0.062964,148.23,0.542,23.779,3216.0,
bHph.L.L.P.L.F,CC(C)C[C@@H]1NC(=O)C[C@H](Cc2ccccc2)NC(=O)[C@H](Cc2ccccc2)NC(=O)[C@H](CC(C)C)NC(=O)[C@@H]2CCCN2C(=O)[C@H](CC(C)C)NC1=O,3146.0,298.15,104.8928,50.119,54.7738,14.3112,54.7738,72.8092,0.054833,165.81,0.236,79.843,3146.0,
dP.dA.Me_dL.Bn_Gly.P.L.F,CC(C)C[C@@H]1NC(=O)[C@@H]2CCCN2C(=O)CN(Cc2ccccc2)C(=O)[C@@H](CC(C)C)N(C)C(=O)[C@@H](C)NC(=O)[C@H]2CCCN2C(=O)[C@H](Cc2ccccc2)NC1=O,1768.0,298.15,89.2805,38.6875,50.593,12.8753,50.593,64.7908,0.052387,168.54,0.599,12.208,1768.0,
P.meA.dL.dL.P.Bn_Gly.F,CC(C)C[C@H]1NC(=O)[C@H](C)N(C)C(=O)[C@@H]2CCCN2C(=O)[C@H](Cc2ccccc2)NC(=O)CN(Cc2ccccc2)C(=O)[C@@H]2CCCN2C(=O)[C@@H](CC(C)C)NC1=O,2913.0,298.15,94.6738,40.3815,54.2923,8.7786,54.2923,57.8998,0.053711,168.54,0.353,52.856,2913.0,
P.Me_dA.Me_dL.Me_dL.P.dL.F,CC(C)C[C@@H]1C(=O)N(C)[C@H](CC(C)C)C(=O)N2CCC[C@H]2C(=O)N[C@H](CC(C)C)C(=O)N[C@@H](Cc2ccccc2)C(=O)N2CCC[C@H]2C(=O)N(C)[C@H](C)C(=O)N1C,2363.0,298.15,85.0629,46.9896,38.0733,6.5794,38.0733,67.5248,0.03874,159.75,0.641,38.76,2363.0,
dA.Me_dL.dL.dP.Me_dL.F,CC(C)C[C@@H]1C(=O)N[C@@H](Cc2ccccc2)C(=O)N[C@H](C)C(=O)N(C)[C@H](CC(C)C)C(=O)N[C@H](CC(C)C)C(=O)N2CCC[C@@H]2C(=O)N1C,2293.0,298.15,95.6016,51.1527,44.4489,11.3767,44.4489,90.2166,0.049899,148.23000000000002,0.371,21.979,2293.0,
Pr_Gly.Bn_Gly.Bn_Gly.dP.Bn_Gly.F,CCCN1CC(=O)N(Cc2ccccc2)CC(=O)N(Cc2ccccc2)CC(=O)N2CCC[C@@H]2C(=O)N(Cc2ccccc2)CC(=O)N[C@@H](Cc2ccccc2)C1=O,1326.0,298.15,91.8048,47.7679,44.0369,10.3295,44.0369,80.8294,0.044691,130.65,0.762,6.7,1326.0,
Me_dA.Me_dL.meL.P.Me_dL.F,CC(C)C[C@@H]1C(=O)N(C)[C@@H](CC(C)C)C(=O)N2CCC[C@H]2C(=O)N(C)[C@H](CC(C)C)C(=O)N[C@@H](Cc2ccccc2)C(=O)N(C)[C@H](C)C(=O)N1C,2968.0,298.15,52.8217,28.158,24.6637,5.7767,24.6637,43.811,0.026859,130.65,0.494,25.831,2968.0,
P.Me_dA.L.dL.dP.Bn_Gly.F,CC(C)C[C@@H]1NC(=O)[C@@H](C)N(C)C(=O)[C@@H]2CCCN2C(=O)[C@H](Cc2ccccc2)NC(=O)CN(Cc2ccccc2)C(=O)[C@H]2CCCN2C(=O)[C@@H](CC(C)C)NC1=O,1293.0,298.15,110.9608,84.9911,25.9697,5.276,25.9697,108.2692,0.026467,168.54,0.627,44.471,1293.0,
dA.Me_dL.Bn_Gly.dP.Me_dL.F,CC(C)C[C@@H]1C(=O)N[C@@H](Cc2ccccc2)C(=O)N[C@H](C)C(=O)N(C)[C@H](CC(C)C)C(=O)N(Cc2ccccc2)CC(=O)N2CCC[C@@H]2C(=O)N1C,377.0,298.15,67.8116,37.5225,30.2891,5.4955,30.2891,51.7976,0.033169,139.44000000000003,0.401,62.897,377.0,
meA.Bn_Gly.L.dP.L.F,CC(C)C[C@@H]1NC(=O)[C@H]2CCCN2C(=O)[C@H](CC(C)C)NC(=O)CN(Cc2ccccc2)C(=O)[C@H](C)N(C)C(=O)[C@H](Cc2ccccc2)NC1=O,1810.0,298.15,93.8562,38.6368,55.2194,8.6658,55.2194,62.8723,0.059069,148.23,0.493,28.219,1810.0,
dP.meA.Me_dL.L.dP.Bn_Gly.F,CC(C)C[C@@H]1NC(=O)[C@@H](CC(C)C)N(C)C(=O)[C@H](C)N(C)C(=O)[C@H]2CCCN2C(=O)[C@H](Cc2ccccc2)NC(=O)CN(Cc2ccccc2)C(=O)[C@H]2CCCN2C1=O,1267.0,298.15,87.8853,58.6872,29.1981,8.8074,29.1981,84.7188,0.029299,159.75,0.328,60.29,1267.0,
P.bHph.meL.dL.P.Me_dL.F,CC(C)C[C@@H]1C(=O)N[C@@H](Cc2ccccc2)C(=O)N2CCC[C@H]2C(=O)N[C@@H](Cc2ccccc2)CC(=O)N(C)[C@@H](CC(C)C)C(=O)N[C@H](CC(C)C)C(=O)N2CCC[C@H]2C(=O)N1C,2591.0,298.15,66.297,43.5724,22.7246,3.7606,22.7246,52.3401,0.021052,168.54000000000002,0.278,73.281,2591.0,
dP.dA.Me_dL.Bn_Gly.dP.dL.F,CC(C)C[C@@H]1C(=O)N(Cc2ccccc2)CC(=O)N2CCC[C@@H]2C(=O)N[C@H](CC(C)C)C(=O)N[C@@H](Cc2ccccc2)C(=O)N2CCC[C@@H]2C(=O)N[C@H](C)C(=O)N1C,1592.0,298.15,74.8707,30.5414,44.3293,7.9882,44.3293,59.5271,0.045512,168.54,0.81,17.587,1592.0,
P.meA.dL.Bn_Gly.P.Me_dL.F,CC(C)C[C@@H]1C(=O)N[C@@H](Cc2ccccc2)C(=O)N2CCC[C@H]2C(=O)N(C)[C@@H](C)C(=O)N[C@H](CC(C)C)C(=O)N(Cc2ccccc2)CC(=O)N2CCC[C@H]2C(=O)N1C,1854.0,298.15,77.4849,56.7167,20.7682,3.92,20.7682,70.085,0.02051,159.75,0.23,66.997,1854.0,
dP.A.meL.Me_dL.P.L.F,CC(C)C[C@@H]1NC(=O)[C@@H]2CCCN2C(=O)[C@@H](CC(C)C)N(C)C(=O)[C@H](CC(C)C)N(C)C(=O)[C@H](C)NC(=O)[C@H]2CCCN2C(=O)[C@H](Cc2ccccc2)NC1=O,4670.0,298.15,103.2504,43.3038,59.9466,11.4988,59.9466,65.8352,0.062836,168.54,0.742,15.421,4670.0,
Me_dA.Me_dL.meL.P.dL.F,CC(C)C[C@@H]1C(=O)N(C)[C@@H](CC(C)C)C(=O)N2CCC[C@H]2C(=O)N[C@H](CC(C)C)C(=O)N[C@@H](Cc2ccccc2)C(=O)N(C)[C@H](C)C(=O)N1C,2509.0,298.15,66.8033,32.352,34.4513,5.928,34.4513,41.5875,0.037453,139.44,0.419,33.733,2509.0,
dP.Me_dA.Me_dL.bHph.P.dL.F,CC(C)C[C@@H]1C(=O)N[C@@H](Cc2ccccc2)CC(=O)N2CCC[C@H]2C(=O)N[C@H](CC(C)C)C(=O)N[C@@H](Cc2ccccc2)C(=O)N2CCC[C@@H]2C(=O)N(C)[C@H](C)C(=O)N1C,2442.0,298.15,86.4529,32.6441,53.8088,12.5304,53.8088,49.5242,0.053082,168.54000000000002,0.252,75.222,2442.0,
L.Me_dL.meA.L.dP.meF,CC(C)C[C@@H]1NC(=O)[C@H](Cc2ccccc2)N(C)C(=O)[C@H]2CCCN2C(=O)[C@H](CC(C)C)NC(=O)[C@H](C)N(C)C(=O)[C@@H](CC(C)C)N(C)C1=O,2487.0,298.15,84.5945,33.0117,51.5828,10.7217,51.5828,57.0575,0.055036,139.44,0.524,30.839,2487.0,
Me_dA.L.Me_dL.P.dL.F,CC(C)C[C@@H]1NC(=O)[C@@H](C)N(C)C(=O)[C@H](Cc2ccccc2)NC(=O)[C@@H](CC(C)C)NC(=O)[C@@H]2CCCN2C(=O)[C@@H](CC(C)C)N(C)C1=O,5627.0,298.15,86.8459,49.5107,37.3352,8.0894,37.3352,65.3524,0.041136,148.23000000000002,0.842,6.401,5627.0,
L.dL.L.L.dP.Ala(indol-2-yl),CC(C)C[C@@H]1NC(=O)[C@H](Cc2cc3ccccc3[nH]2)NC(=O)[C@H]2CCCN2C(=O)[C@H](CC(C)C)NC(=O)[C@H](CC(C)C)NC(=O)[C@@H](CC(C)C)NC1=O,4212.0,298.15,90.5212,39.9126,50.6086,7.9225,50.6086,59.9459,0.049444,181.6,0.084,75.806,4212.0,
dA.meL.meL.dP.meL.F,CC(C)C[C@H]1C(=O)N[C@@H](Cc2ccccc2)C(=O)N[C@H](C)C(=O)N(C)[C@@H](CC(C)C)C(=O)N(C)[C@@H](CC(C)C)C(=O)N2CCC[C@@H]2C(=O)N1C,1005.0,298.15,77.7996,34.3657,43.4339,8.7418,43.4339,53.8276,0.049253,139.44000000000003,0.775,12.591,1005.0,
dP.dA.L.bHph.P.Me_dL.F,CC(C)C[C@@H]1NC(=O)[C@@H](C)NC(=O)[C@H]2CCCN2C(=O)[C@H](Cc2ccccc2)NC(=O)[C@@H](CC(C)C)N(C)C(=O)[C@@H]2CCCN2C(=O)C[C@H](Cc2ccccc2)NC1=O,1603.0,298.15,110.73,34.4766,76.2534,16.7249,76.2534,50.9263,0.075097,177.33,0.214,41.308,1603.0,
dP.Pr_Gly.Me_dL.L.dP.L.F,CCCN1CC(=O)N(C)[C@H](CC(C)C)C(=O)N[C@@H](CC(C)C)C(=O)N2CCC[C@@H]2C(=O)N[C@@H](CC(C)C)C(=O)N[C@@H](Cc2ccccc2)C(=O)N2CCC[C@@H]2C1=O,3848.0,298.15,84.2446,41.3799,42.8647,10.6711,42.8647,74.3223,0.042857,168.54,0.125,77.475,3848.0,
P.dA.dL.meL.P.meL.F,CC(C)C[C@H]1NC(=O)[C@@H](C)NC(=O)[C@@H]2CCCN2C(=O)[C@H](Cc2ccccc2)NC(=O)[C@H](CC(C)C)N(C)C(=O)[C@@H]2CCCN2C(=O)[C@H](CC(C)C)N(C)C1=O,3665.0,298.15,97.5821,57.8459,39.7362,7.423,39.7362,83.9594,0.039018,168.54000000000002,0.402,54.707,3665.0,
dP.dA.L.L.P.Bn_Gly.F,CC(C)C[C@@H]1NC(=O)[C@@H](C)NC(=O)[C@H]2CCCN2C(=O)[C@H](Cc2ccccc2)NC(=O)CN(Cc2ccccc2)C(=O)[C@@H]2CCCN2C(=O)[C@H](CC(C)C)NC1=O,1951.0,298.15,124.7799,48.257,76.5229,18.3274,76.5229,56.9198,0.079374,177.33,0.598,35.992,1951.0,
dP.bHph.meL.Bn_Gly.dP.meL.F,CC(C)C[C@H]1C(=O)N(Cc2ccccc2)CC(=O)N2CCC[C@@H]2C(=O)N(C)[C@@H](CC(C)C)C(=O)N[C@@H](Cc2ccccc2)C(=O)N2CCC[C@@H]2C(=O)N[C@@H](Cc2ccccc2)CC(=O)N1C,2535.0,298.15,77.1714,43.9642,33.2072,6.3392,33.2072,56.6562,0.02957,159.75,0.509,52.934,2535.0,
Me_dA.dL.dL.P.Bn_Gly.F,CC(C)C[C@H]1NC(=O)[C@@H](C)N(C)C(=O)[C@H](Cc2ccccc2)NC(=O)CN(Cc2ccccc2)C(=O)[C@@H]2CCCN2C(=O)[C@@H](CC(C)C)NC1=O,3585.0,298.15,98.3175,52.4275,45.89,10.0129,45.89,57.5487,0.048824,148.23,0.551,33.042,3585.0,
A.L.L.P.Bn_Gly.F,CC(C)C[C@@H]1NC(=O)[C@H](C)NC(=O)[C@H](Cc2ccccc2)NC(=O)CN(Cc2ccccc2)C(=O)[C@@H]2CCCN2C(=O)[C@H](CC(C)C)NC1=O,976.0,298.15,113.9246,59.2826,54.642,11.7433,54.642,72.4607,0.060298,157.02,0.612,53.348,976.0,
P.A.dL.L.P.Me_dL.F,CC(C)C[C@@H]1NC(=O)[C@@H](CC(C)C)NC(=O)[C@H](C)NC(=O)[C@@H]2CCCN2C(=O)[C@H](Cc2ccccc2)NC(=O)[C@@H](CC(C)C)N(C)C(=O)[C@@H]2CCCN2C1=O,5182.0,298.15,105.8825,58.7348,47.1477,8.9143,47.1477,93.6547,0.046136,177.33,0.435,49.819,5182.0,
dP.Pr_Gly.L.dL.dP.Bn_Gly.F,CCCN1CC(=O)N[C@@H](CC(C)C)C(=O)N[C@H](CC(C)C)C(=O)N2CCC[C@@H]2C(=O)N(Cc2ccccc2)CC(=O)N[C@@H](Cc2ccccc2)C(=O)N2CCC[C@@H]2C1=O,2262.0,298.15,108.4775,56.1501,52.3274,10.477,52.3274,94.0621,0.051181,168.54,0.385,32.988,2262.0,
P.Pr_Gly.L.Bn_Gly.P.Me_dL.F,CCCN1CC(=O)N[C@@H](CC(C)C)C(=O)N(Cc2ccccc2)CC(=O)N2CCC[C@H]2C(=O)N(C)[C@H](CC(C)C)C(=O)N[C@@H](Cc2ccccc2)C(=O)N2CCC[C@H]2C1=O,4026.0,298.15,89.2467,50.0567,39.19,6.4956,39.19,77.0497,0.036654,159.75,0.587,59.636,4026.0,
dA.Bn_Gly.dL.dP.dL.F,CC(C)C[C@H]1NC(=O)[C@H]2CCCN2C(=O)[C@@H](CC(C)C)NC(=O)CN(Cc2ccccc2)C(=O)[C@@H](C)NC(=O)[C@H](Cc2ccccc2)NC1=O,717.0,298.15,112.4568,59.2481,53.2087,8.3289,53.2087,70.3442,0.058318,157.01999999999998,0.758,22.035,717.0,
dP.meA.meL.L.dP.L.F,CC(C)C[C@@H]1NC(=O)[C@H]2CCCN2C(=O)[C@H](CC(C)C)NC(=O)[C@H](CC(C)C)N(C)C(=O)[C@H](C)N(C)C(=O)[C@H]2CCCN2C(=O)[C@H](Cc2ccccc2)NC1=O,3768.0,298.15,80.9883,45.8451,35.1432,6.3512,35.1432,62.4146,0.035317,168.54,0.831,17.887,3768.0,
P.meA.L.Bn_Gly.P.Me_dL.F,CC(C)C[C@@H]1NC(=O)[C@H](C)N(C)C(=O)[C@@H]2CCCN2C(=O)[C@H](Cc2ccccc2)NC(=O)[C@@H](CC(C)C)N(C)C(=O)[C@@H]2CCCN2C(=O)CN(Cc2ccccc2)C1=O,2592.0,298.15,76.3207,34.389,41.9317,9.8795,41.9317,67.6728,0.04037,159.75,0.862,14.506,2592.0,
P.meA.Bn_Gly.meL.dP.Me_dL.F,CC(C)C[C@@H]1C(=O)N[C@@H](Cc2ccccc2)C(=O)N2CCC[C@H]2C(=O)N(C)[C@@H](C)C(=O)N(Cc2ccccc2)CC(=O)N(C)[C@@H](CC(C)C)C(=O)N2CCC[C@@H]2C(=O)N1C,3319.0,298.15,85.1267,41.3547,43.772,8.7164,43.772,67.3721,0.04404,150.96,0.63,38.235,3319.0,
meA.L.Bn_Gly.dP.meL.F,CC(C)C[C@@H]1NC(=O)[C@H](C)N(C)C(=O)[C@H](Cc2ccccc2)NC(=O)[C@H](CC(C)C)N(C)C(=O)[C@H]2CCCN2C(=O)CN(Cc2ccccc2)C1=O,2305.0,298.15,87.0883,52.5624,34.5259,5.6366,34.5259,68.9075,0.035733,139.44,0.842,23.674,2305.0,
P.Pr_Gly.L.Bn_Gly.dP.Bn_Gly.F,CCCN1CC(=O)N[C@@H](CC(C)C)C(=O)N(Cc2ccccc2)CC(=O)N2CCC[C@@H]2C(=O)N(Cc2ccccc2)CC(=O)N[C@@H](Cc2ccccc2)C(=O)N2CCC[C@H]2C1=O,2677.0,298.15,96.2694,51.6515,44.6179,13.5851,44.6179,85.4292,0.04374,159.75,0.906,9.921,2677.0,
dP.dA.dL.bHph.dP.Me_dL.F,CC(C)C[C@@H]1C(=O)N[C@@H](Cc2ccccc2)C(=O)N2CCC[C@@H]2C(=O)N[C@H](C)C(=O)N[C@H](CC(C)C)C(=O)N[C@@H](Cc2ccccc2)CC(=O)N2CCC[C@@H]2C(=O)N1C,3085.0,298.15,97.4006,46.7418,50.6588,13.8883,50.6588,59.4603,0.05042,177.33,0.46,40.239,3085.0,
Mono14.A.F.P.I.P,CC[C@@H](C)[C@@H]1NC(=O)[C@@H]2CCCN2C(=O)[C@H]([C@@H](C)CC)NC(=O)[C@@H]2CCCN2C(=O)[C@H](Cc2ccccc2)NC(=O)[C@H](C)NC(=O)c2csc1n2,1316.0,298.15,129.6755,94.25,35.4255,5.5896,35.4255,119.2928,0.0394,169.90999999999997,0.871,29.517,1316.0,
A.Mono38.Me_dL.Nle.P.Et_Gly,CCCC[C@@H]1NC(=O)[C@@H](CC(C)C)N(C)C(=O)CN(CC2CCOCC2)C(=O)[C@H](C)NC(=O)CN(CC)C(=O)[C@@H]2CCCN2C1=O,3816.0,298.15,101.7359,73.2212,28.5147,6.052,28.5147,87.7146,0.032187,148.67000000000002,0.846,4.661,3816.0,
dP.Pr_Gly.Bn_Gly.Bn_Gly.dP.dL.F,CCCN1CC(=O)N(Cc2ccccc2)CC(=O)N(Cc2ccccc2)CC(=O)N2CCC[C@@H]2C(=O)N[C@H](CC(C)C)C(=O)N[C@@H](Cc2ccccc2)C(=O)N2CCC[C@@H]2C1=O,1584.0,298.15,90.7035,45.2575,45.446,9.6444,45.446,71.0449,0.046094,159.75,0.68,7.409,1584.0,
meA.meL.meL.P.dL.F,CC(C)C[C@H]1NC(=O)[C@@H]2CCCN2C(=O)[C@H](CC(C)C)N(C)C(=O)[C@H](CC(C)C)N(C)C(=O)[C@H](C)N(C)C(=O)[C@H](Cc2ccccc2)NC1=O,2241.0,298.15,83.8267,48.7384,35.0883,6.1143,35.0883,60.8563,0.038498,139.44,0.525,32.136,2241.0,
Tyr(Me).dP.L.L.dL.L,COc1ccc(C[C@@H]2NC(=O)[C@H](CC(C)C)NC(=O)[C@@H](CC(C)C)NC(=O)[C@H](CC(C)C)NC(=O)[C@H](CC(C)C)NC(=O)[C@H]3CCCN3C2=O)cc1,5984.0,298.15,113.9273,58.2521,55.6752,9.2436,55.6752,78.7014,0.054379,175.04,0.393,58.199,5984.0,
P.A.Me_dL.dL.dP.meL.F,CC(C)C[C@@H]1C(=O)N[C@H](CC(C)C)C(=O)N2CCC[C@@H]2C(=O)N(C)[C@@H](CC(C)C)C(=O)N[C@@H](Cc2ccccc2)C(=O)N2CCC[C@H]2C(=O)N[C@@H](C)C(=O)N1C,1207.0,298.15,79.2897,59.4652,19.8245,3.7984,19.8245,73.5911,0.019949,168.54,0.647,49.447,1207.0,
dP.Pr_Gly.meL.L.dP.L.F,CCCN1CC(=O)N(C)[C@@H](CC(C)C)C(=O)N[C@@H](CC(C)C)C(=O)N2CCC[C@@H]2C(=O)N[C@@H](CC(C)C)C(=O)N[C@@H](Cc2ccccc2)C(=O)N2CCC[C@@H]2C1=O,4787.0,298.15,77.361,44.8113,32.5497,6.8919,32.5497,64.8637,0.032326,168.54,0.351,68.692,4787.0,
A.dL.Bn_Gly.dP.Bn_Gly.F,CC(C)C[C@H]1NC(=O)[C@H](C)NC(=O)[C@H](Cc2ccccc2)NC(=O)CN(Cc2ccccc2)C(=O)[C@H]2CCCN2C(=O)CN(Cc2ccccc2)C1=O,518.0,298.15,96.8988,46.4189,50.4799,7.7868,50.4799,66.4998,0.052531,148.23000000000002,0.684,26.97,518.0,
A.L.Bn_Gly.dP.meL.F,CC(C)C[C@@H]1NC(=O)[C@H](C)NC(=O)[C@H](Cc2ccccc2)NC(=O)[C@H](CC(C)C)N(C)C(=O)[C@H]2CCCN2C(=O)CN(Cc2ccccc2)C1=O,1285.0,298.15,102.6449,55.436,47.2089,8.9981,47.2089,83.9767,0.051585,148.23000000000002,0.554,28.476,1285.0,
dP.dA.Me_dL.meL.P.Bn_Gly.F,CC(C)C[C@@H]1C(=O)N(C)[C@@H](CC(C)C)C(=O)N2CCC[C@H]2C(=O)N(Cc2ccccc2)CC(=O)N[C@@H](Cc2ccccc2)C(=O)N2CCC[C@@H]2C(=O)N[C@H](C)C(=O)N1C,1036.0,298.15,102.3156,43.5577,58.7579,10.2398,58.7579,56.0677,0.057811,159.75,0.559,18.509,1036.0,
dA.dL.L.P.L.F,CC(C)C[C@@H]1NC(=O)[C@@H]2CCCN2C(=O)[C@H](CC(C)C)NC(=O)[C@@H](CC(C)C)NC(=O)[C@@H](C)NC(=O)[C@H](Cc2ccccc2)NC1=O,1636.0,298.15,88.374,49.1099,39.2641,8.6161,39.2641,69.9192,0.043282,165.81,0.954,13.449,1636.0,
Me_dA.meL.Bn_Gly.P.meL.F,CC(C)C[C@H]1C(=O)N(Cc2ccccc2)CC(=O)N2CCC[C@H]2C(=O)N(C)[C@@H](CC(C)C)C(=O)N[C@@H](Cc2ccccc2)C(=O)N(C)[C@H](C)C(=O)N1C,2846.0,298.15,79.5305,40.8102,38.7203,7.0718,38.7203,63.3157,0.041175,130.65,1.068,21.293,2846.0,
dA.meL.dL.dP.Bn_Gly.F,CC(C)C[C@H]1NC(=O)[C@H](CC(C)C)N(C)C(=O)[C@@H](C)NC(=O)[C@H](Cc2ccccc2)NC(=O)CN(Cc2ccccc2)C(=O)[C@H]2CCCN2C1=O,2323.0,298.15,97.7839,51.2877,46.4962,7.7754,46.4962,76.8612,0.050508,148.23000000000002,0.65,26.906,2323.0,
dP.A.L.Me_dL.P.L.F,CC(C)C[C@@H]1NC(=O)[C@@H]2CCCN2C(=O)[C@@H](CC(C)C)N(C)C(=O)[C@H](CC(C)C)NC(=O)[C@H](C)NC(=O)[C@H]2CCCN2C(=O)[C@H](Cc2ccccc2)NC1=O,3632.0,298.15,103.0743,58.417,44.6573,10.9143,44.6573,92.4662,0.047258,177.32999999999998,1.179,2.653,3632.0,
dA.G.F.dL.L.Y,CC(C)C[C@@H]1NC(=O)[C@@H](CC(C)C)NC(=O)[C@H](Cc2ccccc2)NC(=O)CNC(=O)[C@@H](C)NC(=O)[C@H](Cc2ccc(O)cc2)NC1=O,852.0,298.15,130.3044,95.7321,34.5723,7.3392,34.5723,106.0126,0.039039,194.82999999999998,0.426,44.586,852.0,
dA.dL.meL.dP.meL.F,CC(C)C[C@H]1NC(=O)[C@@H](C)NC(=O)[C@H](Cc2ccccc2)NC(=O)[C@H](CC(C)C)N(C)C(=O)[C@H]2CCCN2C(=O)[C@H](CC(C)C)N(C)C1=O,574.0,298.15,93.3447,47.183,46.1617,8.054,46.1617,56.564,0.052231,148.23000000000002,0.261,78.124,574.0,
Nal.cHexCH2_Gly.meL.Nle.dP.Mono42,CCCC[C@@H]1NC(=O)[C@H](CC(C)C)N(C)C(=O)CN(CC2CCCCC2)C(=O)[C@H](Cc2ccc3ccccc3c2)NC(=O)CN(CCN2CCOCC2)C(=O)[C@H]2CCCN2C1=O,8533.0,298.15,93.2407,62.2261,31.0146,6.4936,31.0146,80.3792,0.028366,151.91,0.938,18.748,8533.0,
dP.bHph.dL.Me_dL.P.meL.F,CC(C)C[C@@H]1C(=O)N2CCC[C@H]2C(=O)N(C)[C@@H](CC(C)C)C(=O)N[C@@H](Cc2ccccc2)C(=O)N2CCC[C@@H]2C(=O)N[C@@H](Cc2ccccc2)CC(=O)N[C@H](CC(C)C)C(=O)N1C,3417.0,298.15,82.1897,38.8522,43.3375,8.0213,43.3375,57.563,0.040481,168.54,0.475,34.478,3417.0,
P.A.Bn_Gly.bHph.P.dL.F,CC(C)C[C@H]1NC(=O)[C@@H]2CCCN2C(=O)C[C@H](Cc2ccccc2)NC(=O)CN(Cc2ccccc2)C(=O)[C@H](C)NC(=O)[C@@H]2CCCN2C(=O)[C@H](Cc2ccccc2)NC1=O,1057.0,298.15,90.7723,38.1202,52.6521,12.7924,52.6521,55.9123,0.049587,177.32999999999998,0.436,19.467,1057.0,
dP.dA.L.Bn_Gly.dP.dL.F,CC(C)C[C@@H]1NC(=O)[C@@H](C)NC(=O)[C@H]2CCCN2C(=O)[C@H](Cc2ccccc2)NC(=O)[C@@H](CC(C)C)NC(=O)[C@H]2CCCN2C(=O)CN(Cc2ccccc2)C1=O,733.0,298.15,100.0274,55.4742,44.5532,7.7025,44.5532,76.3836,0.046208,177.33,0.335,27.277,733.0,
dP.dA.Bn_Gly.L.dP.meL.F,CC(C)C[C@@H]1NC(=O)CN(Cc2ccccc2)C(=O)[C@@H](C)NC(=O)[C@H]2CCCN2C(=O)[C@H](Cc2ccccc2)NC(=O)[C@H](CC(C)C)N(C)C(=O)[C@H]2CCCN2C1=O,1273.0,298.15,88.0169,45.2178,42.7991,6.0744,42.7991,62.5652,0.043239,168.54,0.606,25.574,1273.0,
Me_dL.meL.L.meL.P.Y,CC(C)C[C@@H]1NC(=O)[C@H](CC(C)C)N(C)C(=O)[C@@H](CC(C)C)N(C)C(=O)[C@H](Cc2ccc(O)cc2)NC(=O)[C@@H]2CCCN2C(=O)[C@H](CC(C)C)N(C)C1=O,3257.0,298.15,114.788,74.1635,40.6245,8.2124,40.6245,86.2027,0.041106,159.67000000000002,0.658,28.382,3257.0,
P.bHph.L.Me_dL.P.L.F,CC(C)C[C@@H]1NC(=O)[C@@H]2CCCN2C(=O)[C@@H](CC(C)C)N(C)C(=O)[C@H](CC(C)C)NC(=O)C[C@H](Cc2ccccc2)NC(=O)[C@@H]2CCCN2C(=O)[C@H](Cc2ccccc2)NC1=O,3108.0,298.15,94.8973,54.7357,40.1616,9.9725,40.1616,82.5808,0.037607,177.32999999999998,0.199,66.01,3108.0,
Me_dA.meL.bHph.P.Bn_Gly.F,CC(C)C[C@H]1C(=O)N[C@@H](Cc2ccccc2)CC(=O)N2CCC[C@H]2C(=O)N(Cc2ccccc2)CC(=O)N[C@@H](Cc2ccccc2)C(=O)N(C)[C@H](C)C(=O)N1C,807.0,298.15,85.8335,56.9509,28.8826,6.6043,28.8826,66.3937,0.032107,139.44,0.674,15.595,807.0,
P.A.meL.bHph.dP.L.F,CC(C)C[C@@H]1NC(=O)[C@H]2CCCN2C(=O)C[C@H](Cc2ccccc2)NC(=O)[C@H](CC(C)C)N(C)C(=O)[C@H](C)NC(=O)[C@@H]2CCCN2C(=O)[C@H](Cc2ccccc2)NC1=O,3288.0,298.15,83.3828,41.3758,42.007,8.912,42.007,65.6555,0.04134,177.32999999999998,0.555,25.168,3288.0,
P.dA.dL.L.P.meL.F,CC(C)C[C@@H]1NC(=O)[C@@H](CC(C)C)NC(=O)[C@@H](C)NC(=O)[C@@H]2CCCN2C(=O)[C@H](Cc2ccccc2)NC(=O)[C@H](CC(C)C)N(C)C(=O)[C@@H]2CCCN2C1=O,5554.0,298.15,109.8965,70.5522,39.3443,7.7477,39.3443,94.9888,0.039417,177.33,0.454,57.235,5554.0,
dA.Me_dL.L.dP.Me_dL.F,CC(C)C[C@@H]1NC(=O)[C@@H](CC(C)C)N(C)C(=O)[C@@H](C)NC(=O)[C@H](Cc2ccccc2)NC(=O)[C@@H](CC(C)C)N(C)C(=O)[C@H]2CCCN2C1=O,2274.0,298.15,68.7984,24.7353,44.0631,10.9945,44.0631,42.3572,0.048594,148.23000000000002,0.404,64.547,2274.0,
dP.meA.meL.meL.P.dL.F,CC(C)C[C@H]1NC(=O)[C@@H]2CCCN2C(=O)[C@H](CC(C)C)N(C)C(=O)[C@H](CC(C)C)N(C)C(=O)[C@H](C)N(C)C(=O)[C@H]2CCCN2C(=O)[C@H](Cc2ccccc2)NC1=O,3712.0,298.15,94.558,60.7904,33.7676,7.6504,33.7676,64.4252,0.033609,159.75,0.546,43.383,3712.0,
dP.dA.meL.bHph.P.Me_dL.F,CC(C)C[C@@H]1C(=O)N[C@@H](Cc2ccccc2)C(=O)N2CCC[C@@H]2C(=O)N[C@H](C)C(=O)N(C)[C@@H](CC(C)C)C(=O)N[C@@H](Cc2ccccc2)CC(=O)N2CCC[C@H]2C(=O)N1C,2812.0,298.15,87.8354,38.8607,48.9747,10.2006,48.9747,66.9855,0.050149,168.54000000000002,0.335,53.849,2812.0,
P.Pr_Gly.Me_dL.dL.dP.L.F,CCCN1CC(=O)N(C)[C@H](CC(C)C)C(=O)N[C@H](CC(C)C)C(=O)N2CCC[C@@H]2C(=O)N[C@@H](CC(C)C)C(=O)N[C@@H](Cc2ccccc2)C(=O)N2CCC[C@H]2C1=O,2409.0,298.15,94.8281,55.885,38.9431,6.4739,38.9431,82.998,0.037999,168.54,0.287,66.863,2409.0,
L.dP.meY.L.Me_dL.Me_Abu(morpholino),CC(C)C[C@@H]1NC(=O)[C@H](Cc2ccc(O)cc2)N(C)C(=O)[C@H]2CCCN2C(=O)[C@H](CC(C)C)NC(=O)[C@H](CCN2CCOCC2)N(C)C(=O)[C@@H](CC(C)C)N(C)C1=O,7521.0,298.15,131.6309,64.3044,67.3265,15.9652,67.3265,70.5867,0.065115,172.14,0.673,61.543,7521.0,
dP.Me_dA.dL.meL.dP.dL.F,CC(C)C[C@H]1NC(=O)[C@H]2CCCN2C(=O)[C@H](CC(C)C)N(C)C(=O)[C@@H](CC(C)C)NC(=O)[C@@H](C)N(C)C(=O)[C@H]2CCCN2C(=O)[C@H](Cc2ccccc2)NC1=O,1288.0,298.15,96.7428,51.6028,45.14,8.3606,45.14,56.4606,0.047322,168.54,0.167,82.385,1288.0,
P.dA.meL.Bn_Gly.P.dL.F,CC(C)C[C@H]1NC(=O)[C@@H]2CCCN2C(=O)CN(Cc2ccccc2)C(=O)[C@H](CC(C)C)N(C)C(=O)[C@@H](C)NC(=O)[C@@H]2CCCN2C(=O)[C@H](Cc2ccccc2)NC1=O,2023.0,298.15,90.3155,60.3107,30.0048,6.4223,30.0048,80.4308,0.029664,168.54,0.43,56.134,2023.0,
dA.meL.bHph.P.meL.F,CC(C)C[C@H]1C(=O)N[C@@H](Cc2ccccc2)CC(=O)N2CCC[C@H]2C(=O)N(C)[C@@H](CC(C)C)C(=O)N[C@@H](Cc2ccccc2)C(=O)N[C@H](C)C(=O)N1C,708.0,298.15,82.5036,51.354,31.1496,3.9535,31.1496,63.0935,0.033181,148.23,0.623,39.779,708.0,
P.A.L.dL.dP.Bn_Gly.F,CC(C)C[C@@H]1NC(=O)[C@H](C)NC(=O)[C@@H]2CCCN2C(=O)[C@H](Cc2ccccc2)NC(=O)CN(Cc2ccccc2)C(=O)[C@H]2CCCN2C(=O)[C@@H](CC(C)C)NC1=O,1857.0,298.15,124.3107,60.7174,63.5933,9.911,63.5933,107.4146,0.065459,177.33,0.45,11.641,1857.0,
P.bHph.meL.Bn_Gly.dP.Bn_Gly.F,CC(C)C[C@H]1C(=O)N(Cc2ccccc2)CC(=O)N2CCC[C@@H]2C(=O)N(Cc2ccccc2)CC(=O)N[C@@H](Cc2ccccc2)C(=O)N2CCC[C@H]2C(=O)N[C@@H](Cc2ccccc2)CC(=O)N1C,1257.0,298.15,92.749,53.8032,38.9458,9.3446,38.9458,73.632,0.037819,159.75,0.452,58.8,1257.0,
P.Me_dA.dL.meL.dP.L.F,CC(C)C[C@@H]1NC(=O)[C@H]2CCCN2C(=O)[C@H](CC(C)C)N(C)C(=O)[C@@H](CC(C)C)NC(=O)[C@@H](C)N(C)C(=O)[C@@H]2CCCN2C(=O)[C@H](Cc2ccccc2)NC1=O,1925.0,298.15,89.2657,50.6974,38.5683,6.4112,38.5683,63.1827,0.039425,168.54,0.159,70.4,1925.0,
dP.bHph.meL.meL.dP.meL.F,CC(C)C[C@H]1C(=O)N(C)[C@@H](CC(C)C)C(=O)N2CCC[C@@H]2C(=O)N(C)[C@@H](CC(C)C)C(=O)N[C@@H](Cc2ccccc2)C(=O)N2CCC[C@@H]2C(=O)N[C@@H](Cc2ccccc2)CC(=O)N1C,5289.0,298.15,77.1477,43.9073,33.2404,5.9498,33.2404,57.9071,0.030341,159.75,0.308,76.745,5289.0,
A.Mono38.meL.Nle.dP.Pr_Gly,CCCC[C@@H]1NC(=O)[C@H](CC(C)C)N(C)C(=O)CN(CC2CCOCC2)C(=O)[C@H](C)NC(=O)CN(CCC)C(=O)[C@H]2CCCN2C1=O,4833.0,298.15,104.7517,64.3304,40.4213,7.7042,40.4213,74.5484,0.043819,148.67000000000002,0.755,10.571,4833.0,
P.meA.L.meL.P.Me_dL.F,CC(C)C[C@@H]1NC(=O)[C@H](C)N(C)C(=O)[C@@H]2CCCN2C(=O)[C@H](Cc2ccccc2)NC(=O)[C@@H](CC(C)C)N(C)C(=O)[C@@H]2CCCN2C(=O)[C@H](CC(C)C)N(C)C1=O,1904.0,298.15,80.1709,40.537,39.6339,7.978,39.6339,57.828,0.040537,159.75,0.614,29.528,1904.0,
F.Mono39.meL.Nle.dP.Bn(4-Cl)_Gly,CCCC[C@@H]1NC(=O)[C@H](CC(C)C)N(C)C(=O)CN(CCOc2ccccc2)C(=O)[C@H](Cc2ccccc2)NC(=O)CN(Cc2ccc(Cl)cc2)C(=O)[C@H]2CCCN2C1=O,5090.0,298.15,83.7418,41.5535,42.1883,7.7067,42.1883,64.0255,0.0391,148.67000000000002,0.835,21.571,5090.0,
dP.meA.Bn_Gly.L.dP.Bn_Gly.F,CC(C)C[C@@H]1NC(=O)CN(Cc2ccccc2)C(=O)[C@H](C)N(C)C(=O)[C@H]2CCCN2C(=O)[C@H](Cc2ccccc2)NC(=O)CN(Cc2ccccc2)C(=O)[C@H]2CCCN2C1=O,654.0,298.15,94.5178,68.6702,25.8476,5.37,25.8476,83.2858,0.026097,159.75,0.679,31.843,654.0,
L.Me_dL.L.L.dP.Y,CC(C)C[C@@H]1NC(=O)[C@@H](CC(C)C)N(C)C(=O)[C@H](CC(C)C)NC(=O)[C@H](Cc2ccc(O)cc2)NC(=O)[C@H]2CCCN2C(=O)[C@H](CC(C)C)NC1=O,7374.0,298.15,121.6844,68.4259,53.2585,7.9755,53.2585,90.8905,0.054317,177.25,1.04,13.751,7374.0,
P.dA.dL.L.dP.dL.F,CC(C)C[C@@H]1NC(=O)[C@@H](CC(C)C)NC(=O)[C@@H](C)NC(=O)[C@@H]2CCCN2C(=O)[C@H](Cc2ccccc2)NC(=O)[C@@H](CC(C)C)NC(=O)[C@H]2CCCN2C1=O,2910.0,298.15,105.9724,47.3236,58.6488,10.637,58.6488,81.6449,0.062488,186.12,0.874,8.185,2910.0,
dP.Me_dA.dL.Bn_Gly.dP.Bn_Gly.F,CC(C)C[C@H]1NC(=O)[C@@H](C)N(C)C(=O)[C@H]2CCCN2C(=O)[C@H](Cc2ccccc2)NC(=O)CN(Cc2ccccc2)C(=O)[C@H]2CCCN2C(=O)CN(Cc2ccccc2)C1=O,1150.0,298.15,101.4699,51.9985,49.4714,9.2097,49.4714,78.0865,0.04942,159.75,0.408,19.721,1150.0,
L.3-pyridylethyl_Gly.meL.Nle.dP.Bn(4-Cl)_Gly,CCCC[C@@H]1NC(=O)[C@H](CC(C)C)N(C)C(=O)CN(CCc2cccnc2)C(=O)[C@H](CC(C)C)NC(=O)CN(Cc2ccc(Cl)cc2)C(=O)[C@H]2CCCN2C1=O,5158.0,298.15,94.7704,50.6677,44.1027,7.5142,44.1027,79.1896,0.043948,152.33,0.428,62.08,5158.0,
dP.bHph.L.bHph.P.L.F,CC(C)C[C@@H]1NC(=O)C[C@H](Cc2ccccc2)NC(=O)[C@H]2CCCN2C(=O)[C@H](Cc2ccccc2)NC(=O)[C@H](CC(C)C)NC(=O)[C@@H]2CCCN2C(=O)C[C@H](Cc2ccccc2)NC1=O,3565.0,298.15,93.0019,32.5226,60.4793,14.9735,60.4793,43.8046,0.054973,186.12,0.493,46.302,3565.0,
meA.Bn_Gly.meL.dP.meL.F,CC(C)C[C@H]1C(=O)N2CCC[C@@H]2C(=O)N(C)[C@@H](CC(C)C)C(=O)N[C@@H](Cc2ccccc2)C(=O)N(C)[C@@H](C)C(=O)N(Cc2ccccc2)CC(=O)N1C,1647.0,298.15,75.6336,29.4025,46.2311,11.0554,46.2311,48.0589,0.04885,130.65,0.73,31.816,1647.0,
dA.cHexCH2_Gly.Me_dL.Nle.P.Mono1,CCCC[C@@H]1NC(=O)[C@@H](CC(C)C)N(C)C(=O)CN(CC2CCCCC2)C(=O)[C@@H](C)NC(=O)CN(Cc2ccc3c(c2)OCO3)C(=O)[C@@H]2CCCN2C1=O,7080.0,298.15,130.573,67.4215,63.1515,19.4331,63.1515,72.2729,0.067105,157.9,1.041,12.029,7080.0,
dP.A.Me_dL.Me_dL.dP.Me_dL.F,CC(C)C[C@@H]1C(=O)N(C)[C@H](CC(C)C)C(=O)N2CCC[C@@H]2C(=O)N(C)[C@H](CC(C)C)C(=O)N[C@@H](Cc2ccccc2)C(=O)N2CCC[C@@H]2C(=O)N[C@@H](C)C(=O)N1C,4062.0,298.15,77.8429,42.2721,35.5708,7.2314,35.5708,54.8713,0.035567,159.75,0.661,18.819,4062.0,
dP.dA.dL.dL.P.Me_dL.F,CC(C)C[C@@H]1C(=O)N[C@@H](Cc2ccccc2)C(=O)N2CCC[C@@H]2C(=O)N[C@H](C)C(=O)N[C@H](CC(C)C)C(=O)N[C@H](CC(C)C)C(=O)N2CCC[C@H]2C(=O)N1C,1122.0,298.15,85.1149,40.1788,44.9361,10.7483,44.9361,49.2323,0.04772,177.33,0.048,87.979,1122.0,
P.bHph.dL.Me_dL.P.L.F,CC(C)C[C@@H]1NC(=O)[C@@H]2CCCN2C(=O)[C@@H](CC(C)C)N(C)C(=O)[C@@H](CC(C)C)NC(=O)C[C@H](Cc2ccccc2)NC(=O)[C@@H]2CCCN2C(=O)[C@H](Cc2ccccc2)NC1=O,1475.0,298.15,91.6452,35.0934,56.5518,9.6836,56.5518,66.2445,0.055755,177.32999999999998,0.345,38.943,1475.0,
dP.bHph.dL.meL.dP.Bn_Gly.F,CC(C)C[C@H]1NC(=O)C[C@H](Cc2ccccc2)NC(=O)[C@H]2CCCN2C(=O)[C@H](Cc2ccccc2)NC(=O)CN(Cc2ccccc2)C(=O)[C@H]2CCCN2C(=O)[C@H](CC(C)C)N(C)C1=O,3892.0,298.15,84.8676,45.6436,39.224,7.4816,39.224,64.5168,0.035105,168.54000000000002,0.486,26.379,3892.0,
dA.L.meL.P.dL.F,CC(C)C[C@@H]1NC(=O)[C@@H](C)NC(=O)[C@H](Cc2ccccc2)NC(=O)[C@@H](CC(C)C)NC(=O)[C@@H]2CCCN2C(=O)[C@H](CC(C)C)N(C)C1=O,3661.0,298.15,91.2243,53.6046,37.6197,7.2684,37.6197,69.5587,0.041564,157.02,0.462,35.722,3661.0,
P.Me_dA.L.Bn_Gly.P.dL.F,CC(C)C[C@@H]1NC(=O)[C@@H](C)N(C)C(=O)[C@@H]2CCCN2C(=O)[C@H](Cc2ccccc2)NC(=O)[C@@H](CC(C)C)NC(=O)[C@@H]2CCCN2C(=O)CN(Cc2ccccc2)C1=O,2185.0,298.15,84.4535,40.1542,44.2993,7.497,44.2993,75.5233,0.042779,168.54,0.406,54.246,2185.0,
Pr_Gly.L.bHph.P.L.F,CCCN1CC(=O)N[C@@H](CC(C)C)C(=O)N[C@@H](Cc2ccccc2)CC(=O)N2CCC[C@H]2C(=O)N[C@@H](CC(C)C)C(=O)N[C@@H](Cc2ccccc2)C1=O,2149.0,298.15,78.417,38.6918,39.7252,11.3124,39.7252,73.3638,0.042978,157.01999999999998,0.367,21.267,2149.0,
Pr_Gly.L.dL.P.dL.F,CCCN1CC(=O)N[C@@H](CC(C)C)C(=O)N[C@H](CC(C)C)C(=O)N2CCC[C@H]2C(=O)N[C@H](CC(C)C)C(=O)N[C@@H](Cc2ccccc2)C1=O,2447.0,298.15,92.7746,40.7337,52.0409,8.9429,52.0409,60.275,0.057106,157.01999999999998,0.156,77.328,2447.0,
P.Me_dA.Me_dL.dL.dP.Me_dL.F,CC(C)C[C@@H]1C(=O)N[C@H](CC(C)C)C(=O)N2CCC[C@@H]2C(=O)N(C)[C@H](CC(C)C)C(=O)N[C@@H](Cc2ccccc2)C(=O)N2CCC[C@H]2C(=O)N(C)[C@H](C)C(=O)N1C,2606.0,298.15,70.0702,50.9178,19.1524,4.1228,19.1524,59.4232,0.019348,159.75,0.278,56.43,2606.0,
P.meA.meL.Bn_Gly.dP.Me_dL.F,CC(C)C[C@@H]1C(=O)N[C@@H](Cc2ccccc2)C(=O)N2CCC[C@H]2C(=O)N(C)[C@@H](C)C(=O)N(C)[C@@H](CC(C)C)C(=O)N(Cc2ccccc2)CC(=O)N2CCC[C@@H]2C(=O)N1C,755.0,298.15,60.2347,30.5971,29.6376,6.2139,29.6376,47.5883,0.030709,150.96,0.346,56.141,755.0,
F.Nle.P.Nle.Nle.Nle.Mono100,CCCC[C@@H]1NC(=O)[C@H](CCCC)NC(=O)[C@H](CCCC)NC(=O)[C@@H]2CCCN2C(=O)[C@H](CCCC)NC(=O)[C@H](Cc2ccccc2)NC(=O)CSC[C@@H](C(=O)NC)NC1=O,4400.0,298.15,139.1606,91.5645,47.5961,8.7284,47.5961,114.5324,0.042966,224.01,0.542,30.095,4400.0,
dP.bHph.L.dL.dP.Me_dL.F,CC(C)C[C@@H]1NC(=O)C[C@H](Cc2ccccc2)NC(=O)[C@H]2CCCN2C(=O)[C@H](Cc2ccccc2)NC(=O)[C@@H](CC(C)C)N(C)C(=O)[C@H]2CCCN2C(=O)[C@@H](CC(C)C)NC1=O,1462.0,298.15,77.0193,36.8447,40.1746,6.3498,40.1746,53.8733,0.039045,177.33,0.226,68.558,1462.0,
Me_dA.Bn_Gly.Bn_Gly.P.Bn_Gly.F,C[C@@H]1C(=O)N(Cc2ccccc2)CC(=O)N(Cc2ccccc2)CC(=O)N2CCC[C@H]2C(=O)N(Cc2ccccc2)CC(=O)N[C@@H](Cc2ccccc2)C(=O)N1C,874.0,298.15,95.2424,39.4592,55.7832,10.7795,55.7832,66.7475,0.063444,130.65,0.733,22.41,874.0,
P.Pr_Gly.Bn_Gly.Me_dL.dP.dL.F,CCCN1CC(=O)N(Cc2ccccc2)CC(=O)N(C)[C@H](CC(C)C)C(=O)N2CCC[C@@H]2C(=O)N[C@H](CC(C)C)C(=O)N[C@@H](Cc2ccccc2)C(=O)N2CCC[C@H]2C1=O,1958.0,298.15,105.8557,55.8742,49.9815,9.0034,49.9815,60.4386,0.049603,159.75,0.365,53.032,1958.0,
A.dL.meL.P.L.F,CC(C)C[C@@H]1NC(=O)[C@@H]2CCCN2C(=O)[C@H](CC(C)C)N(C)C(=O)[C@@H](CC(C)C)NC(=O)[C@H](C)NC(=O)[C@H](Cc2ccccc2)NC1=O,3016.0,298.15,101.9655,40.5095,61.456,10.5225,61.456,65.7179,0.069249,157.01999999999998,0.433,7.2,3016.0,
P.meA.L.L.dP.meL.F,CC(C)C[C@@H]1NC(=O)[C@H](C)N(C)C(=O)[C@@H]2CCCN2C(=O)[C@H](Cc2ccccc2)NC(=O)[C@H](CC(C)C)N(C)C(=O)[C@H]2CCCN2C(=O)[C@H](CC(C)C)NC1=O,6523.0,298.15,105.0828,54.6974,50.3854,12.5256,50.3854,75.5074,0.050552,168.54,0.785,19.239,6523.0,
dA.meL.dL.P.dL.F,CC(C)C[C@H]1NC(=O)[C@@H]2CCCN2C(=O)[C@@H](CC(C)C)NC(=O)[C@H](CC(C)C)N(C)C(=O)[C@@H](C)NC(=O)[C@H](Cc2ccccc2)NC1=O,4815.0,298.15,100.9481,57.067,43.8811,10.535,43.8811,64.0095,0.047594,157.01999999999998,0.3,51.48,4815.0,
dP.dA.L.L.P.meL.F,CC(C)C[C@@H]1NC(=O)[C@@H](C)NC(=O)[C@H]2CCCN2C(=O)[C@H](Cc2ccccc2)NC(=O)[C@H](CC(C)C)N(C)C(=O)[C@@H]2CCCN2C(=O)[C@H](CC(C)C)NC1=O,1490.0,298.15,106.8073,55.7917,51.0156,10.1026,51.0156,67.1248,0.053764,177.33,0.16,77.993,1490.0,
dP.Me_dA.Bn_Gly.L.dP.Bn_Gly.F,CC(C)C[C@@H]1NC(=O)CN(Cc2ccccc2)C(=O)[C@@H](C)N(C)C(=O)[C@H]2CCCN2C(=O)[C@H](Cc2ccccc2)NC(=O)CN(Cc2ccccc2)C(=O)[C@H]2CCCN2C1=O,867.0,298.15,94.9681,53.901,41.0671,7.1631,41.0671,76.1803,0.04123,159.75,0.422,11.865,867.0,
dA.meL.meL.dP.L.F,CC(C)C[C@@H]1NC(=O)[C@H]2CCCN2C(=O)[C@H](CC(C)C)N(C)C(=O)[C@H](CC(C)C)N(C)C(=O)[C@@H](C)NC(=O)[C@H](Cc2ccccc2)NC1=O,2889.0,298.15,83.8965,45.9816,37.9149,8.7093,37.9149,66.9572,0.042543,148.23,0.463,29.251,2889.0,
P.bHph.L.dL.P.meL.F,CC(C)C[C@@H]1NC(=O)C[C@H](Cc2ccccc2)NC(=O)[C@@H]2CCCN2C(=O)[C@H](Cc2ccccc2)NC(=O)[C@H](CC(C)C)N(C)C(=O)[C@@H]2CCCN2C(=O)[C@@H](CC(C)C)NC1=O,4376.0,298.15,100.0389,52.2996,47.7393,9.5214,47.7393,66.3128,0.044807,177.33,0.227,61.912,4376.0,
P.bHph.dL.dL.P.meL.F,CC(C)C[C@H]1NC(=O)C[C@H](Cc2ccccc2)NC(=O)[C@@H]2CCCN2C(=O)[C@H](Cc2ccccc2)NC(=O)[C@H](CC(C)C)N(C)C(=O)[C@@H]2CCCN2C(=O)[C@@H](CC(C)C)NC1=O,3376.0,298.15,78.4524,42.8038,35.6486,9.4259,35.6486,49.5768,0.035325,177.33,0.477,43.171,3376.0,
Me_dA.Me_dL.Bn_Gly.P.Bn_Gly.F,CC(C)C[C@@H]1C(=O)N(Cc2ccccc2)CC(=O)N2CCC[C@H]2C(=O)N(Cc2ccccc2)CC(=O)N[C@@H](Cc2ccccc2)C(=O)N(C)[C@H](C)C(=O)N1C,236.0,298.15,76.7874,50.1661,26.6213,4.8648,26.6213,55.7926,0.029085,130.65,0.449,60.804,236.0,
P.Pr_Gly.Me_dL.Me_dL.dP.dL.F,CCCN1CC(=O)N(C)[C@H](CC(C)C)C(=O)N(C)[C@H](CC(C)C)C(=O)N2CCC[C@@H]2C(=O)N[C@H](CC(C)C)C(=O)N[C@@H](Cc2ccccc2)C(=O)N2CCC[C@H]2C1=O,6552.0,298.15,98.1398,41.7808,56.359,15.5649,56.359,82.814,0.05599,159.75,0.359,49.143,6552.0,
dP.A.L.Me_dL.dP.Me_dL.F,CC(C)C[C@@H]1NC(=O)[C@H](C)NC(=O)[C@H]2CCCN2C(=O)[C@H](Cc2ccccc2)NC(=O)[C@@H](CC(C)C)N(C)C(=O)[C@H]2CCCN2C(=O)[C@@H](CC(C)C)N(C)C1=O,2892.0,298.15,79.7574,53.4822,26.2752,5.5862,26.2752,69.2491,0.027781,168.54000000000002,0.306,59.85,2892.0,
Pr_Gly.L.Me_dL.dP.Bn_Gly.F,CCCN1CC(=O)N[C@@H](CC(C)C)C(=O)N(C)[C@H](CC(C)C)C(=O)N2CCC[C@@H]2C(=O)N(Cc2ccccc2)CC(=O)N[C@@H](Cc2ccccc2)C1=O,5142.0,298.15,85.5444,50.7998,34.7446,7.9469,34.7446,73.9798,0.037254,139.44,0.853,18.445,5142.0,
bHph.meL.Bn_Gly.dP.Me_dL.F,CC(C)C[C@@H]1C(=O)N[C@@H](Cc2ccccc2)C(=O)N[C@@H](Cc2ccccc2)CC(=O)N(C)[C@@H](CC(C)C)C(=O)N(Cc2ccccc2)CC(=O)N2CCC[C@@H]2C(=O)N1C,896.0,298.15,71.2908,34.8257,36.4651,8.1589,36.4651,55.7244,0.035271,139.44000000000003,0.396,48.779,896.0,
dP.meA.Me_dL.bHph.P.dL.F,CC(C)C[C@@H]1C(=O)N[C@@H](Cc2ccccc2)CC(=O)N2CCC[C@H]2C(=O)N[C@H](CC(C)C)C(=O)N[C@@H](Cc2ccccc2)C(=O)N2CCC[C@@H]2C(=O)N(C)[C@@H](C)C(=O)N1C,2502.0,298.15,98.4489,42.1254,56.3235,11.6964,56.3235,57.034,0.052773,168.54000000000002,0.208,62.95,2502.0,
P.dA.dL.bHph.P.meL.F,CC(C)C[C@H]1NC(=O)[C@@H](C)NC(=O)[C@@H]2CCCN2C(=O)[C@H](Cc2ccccc2)NC(=O)[C@H](CC(C)C)N(C)C(=O)[C@@H]2CCCN2C(=O)C[C@H](Cc2ccccc2)NC1=O,1880.0,298.15,104.0021,60.9626,43.0395,9.7985,43.0395,78.8303,0.04481,177.33,0.315,58.092,1880.0,
P.A.dL.meL.dP.L.F,CC(C)C[C@@H]1NC(=O)[C@H]2CCCN2C(=O)[C@H](CC(C)C)N(C)C(=O)[C@@H](CC(C)C)NC(=O)[C@H](C)NC(=O)[C@@H]2CCCN2C(=O)[C@H](Cc2ccccc2)NC1=O,2342.0,298.15,102.3723,53.8017,48.5706,7.4882,48.5706,70.2997,0.05068,177.32999999999998,0.203,74.009,2342.0,
dP.A.Me_dL.meL.P.L.F,CC(C)C[C@@H]1NC(=O)[C@@H]2CCCN2C(=O)[C@H](CC(C)C)N(C)C(=O)[C@@H](CC(C)C)N(C)C(=O)[C@H](C)NC(=O)[C@H]2CCCN2C(=O)[C@H](Cc2ccccc2)NC1=O,1647.0,298.15,73.2811,44.8331,28.448,6.1718,28.448,55.8419,0.029266,168.54,0.421,40.971,1647.0,
dP.A.Bn_Gly.bHph.P.meL.F,CC(C)C[C@H]1C(=O)N[C@@H](Cc2ccccc2)C(=O)N2CCC[C@@H]2C(=O)N[C@@H](C)C(=O)N(Cc2ccccc2)CC(=O)N[C@@H](Cc2ccccc2)CC(=O)N2CCC[C@H]2C(=O)N1C,444.0,298.15,71.4053,41.5041,29.9012,5.1778,29.9012,51.443,0.029337,168.54000000000002,0.56,19.917,444.0,
P.bHph.Bn_Gly.Me_dL.P.Me_dL.F,CC(C)C[C@@H]1C(=O)N2CCC[C@H]2C(=O)N(C)[C@H](CC(C)C)C(=O)N[C@@H](Cc2ccccc2)C(=O)N2CCC[C@H]2C(=O)N[C@@H](Cc2ccccc2)CC(=O)N(Cc2ccccc2)CC(=O)N1C,2945.0,298.15,96.4362,38.0932,58.343,10.9641,58.343,74.9134,0.05306,159.75,0.634,19.936,2945.0,
d(N->O)Leu.P.I.V.meA.Bal,CC[C@H](C)[C@@H]1NC(=O)[C@@H]2CCCN2C(=O)[C@@H](CC(C)C)OC(=O)CCNC(=O)[C@H](C)N(C)C(=O)[C@H](C(C)C)NC1=O,875.0,298.15,100.6015,49.8037,50.7978,11.6449,50.7978,60.8511,0.065632,154.22,0.413,23.306,875.0,
P.A.meL.Bn_Gly.P.Me_dL.F,CC(C)C[C@@H]1C(=O)N[C@@H](Cc2ccccc2)C(=O)N2CCC[C@H]2C(=O)N[C@@H](C)C(=O)N(C)[C@@H](CC(C)C)C(=O)N(Cc2ccccc2)CC(=O)N2CCC[C@H]2C(=O)N1C,2068.0,298.15,101.7589,30.6587,71.1002,18.116,71.1002,48.6133,0.075907,159.75000000000003,0.762,16.177,2068.0,
A.pentyl_Gly.dL.Nle.dP.Mono34,CCCCCN1CC(=O)N[C@H](CC(C)C)C(=O)N[C@@H](CCCC)C(=O)N2CCC[C@@H]2C(=O)N(CCCOC(C)C)CC(=O)N[C@@H](C)C1=O,6161.0,298.15,95.736,61.8587,33.8773,6.6646,33.8773,73.3306,0.035979,157.45999999999998,0.286,58.834,6161.0,
L.dP.meY.L.Me_dL.meA,CC(C)C[C@@H]1NC(=O)[C@H](Cc2ccc(O)cc2)N(C)C(=O)[C@H]2CCCN2C(=O)[C@H](CC(C)C)NC(=O)[C@H](C)N(C)C(=O)[C@@H](CC(C)C)N(C)C1=O,3288.0,298.15,112.685,56.5978,56.0872,8.9787,56.0872,88.5521,0.0589,159.67,0.568,35.362,3288.0,
Nal.Bn_Gly.meL.Nle.dP.Pr_Gly,CCCC[C@@H]1NC(=O)[C@H](CC(C)C)N(C)C(=O)CN(Cc2ccccc2)C(=O)[C@H](Cc2ccc3ccccc3c2)NC(=O)CN(CCC)C(=O)[C@H]2CCCN2C1=O,4101.0,298.15,70.7886,43.798,26.9906,6.4187,26.9906,57.9692,0.026962,139.44,0.706,28.075,4101.0,
Nva(Ph).3Pal.dP.PhPr_Gly.Nva(Ph).dF,O=C1CN(CCCc2ccccc2)C(=O)[C@H]2CCCN2C(=O)[C@H](Cc2cccnc2)NC(=O)[C@H](CCCc2ccccc2)NC(=O)[C@@H](Cc2ccccc2)NC(=O)[C@H](CCCc2ccccc2)N1,3802.0,298.15,97.7413,46.3451,51.3962,13.7134,51.3962,51.5156,0.048157,169.91,1.028,18.949,3802.0,
dF.Mono38.Me_dL.Nle.dP.Mono1,CCCC[C@@H]1NC(=O)[C@@H](CC(C)C)N(C)C(=O)CN(CC2CCOCC2)C(=O)[C@@H](Cc2ccccc2)NC(=O)CN(Cc2ccc3c(c2)OCO3)C(=O)[C@H]2CCCN2C1=O,5091.0,298.15,142.187,91.4164,50.7706,12.2581,50.7706,132.684,0.05006,167.13,0.738,15.268,5091.0,
P.bHph.Me_dL.Bn_Gly.P.dL.F,CC(C)C[C@@H]1C(=O)N(Cc2ccccc2)CC(=O)N2CCC[C@H]2C(=O)N[C@H](CC(C)C)C(=O)N[C@@H](Cc2ccccc2)C(=O)N2CCC[C@H]2C(=O)N[C@@H](Cc2ccccc2)CC(=O)N1C,1605.0,298.15,109.1735,66.8591,42.3144,10.8872,42.3144,100.5865,0.03818,168.54,0.373,45.92,1605.0,
P.dA.meL.Bn_Gly.dP.meL.F,CC(C)C[C@H]1C(=O)N[C@@H](Cc2ccccc2)C(=O)N2CCC[C@H]2C(=O)N[C@H](C)C(=O)N(C)[C@@H](CC(C)C)C(=O)N(Cc2ccccc2)CC(=O)N2CCC[C@@H]2C(=O)N1C,1217.0,298.15,94.4282,51.1371,43.2911,6.4324,43.2911,79.6325,0.042361,159.75000000000003,0.199,81.085,1217.0,
P.G.L.A.F.A,CC(C)C[C@@H]1NC(=O)CNC(=O)[C@@H]2CCCN2C(=O)[C@H](C)NC(=O)[C@H](Cc2ccccc2)NC(=O)[C@H](C)NC1=O,418.0,298.15,120.9535,82.6047,38.3488,9.3019,38.3488,97.0765,0.049487,165.81,0.437,18.387,418.0,
P.Me_dA.dL.meL.P.meL.F,CC(C)C[C@H]1NC(=O)[C@@H](C)N(C)C(=O)[C@@H]2CCCN2C(=O)[C@H](Cc2ccccc2)NC(=O)[C@H](CC(C)C)N(C)C(=O)[C@@H]2CCCN2C(=O)[C@H](CC(C)C)N(C)C1=O,4858.0,298.15,91.0967,51.6427,39.454,7.9593,39.454,64.7076,0.040271,159.75,0.302,67.335,4858.0,
P.meA.Bn_Gly.dL.P.Me_dL.F,CC(C)C[C@@H]1C(=O)N[C@@H](Cc2ccccc2)C(=O)N2CCC[C@H]2C(=O)N(C)[C@@H](C)C(=O)N(Cc2ccccc2)CC(=O)N[C@H](CC(C)C)C(=O)N2CCC[C@H]2C(=O)N1C,1591.0,298.15,84.7955,51.47,33.3255,7.3804,33.3255,78.8447,0.033045,159.75,0.594,60.263,1591.0,
L.L.L.dL.P.Y,CC(C)C[C@@H]1NC(=O)[C@H](CC(C)C)NC(=O)[C@H](Cc2ccc(O)cc2)NC(=O)[C@@H]2CCCN2C(=O)[C@@H](CC(C)C)NC(=O)[C@H](CC(C)C)NC1=O,4734.0,298.15,117.8914,84.4151,33.4763,6.7729,33.4763,108.2933,0.034596,186.04,0.461,50.987,4734.0,
P.Me_dA.L.meL.dP.meL.F,CC(C)C[C@@H]1NC(=O)[C@@H](C)N(C)C(=O)[C@@H]2CCCN2C(=O)[C@H](Cc2ccccc2)NC(=O)[C@H](CC(C)C)N(C)C(=O)[C@H]2CCCN2C(=O)[C@H](CC(C)C)N(C)C1=O,3395.0,298.15,90.254,58.8155,31.4385,6.2323,31.4385,73.1534,0.032707,159.75,0.725,28.982,3395.0,
L.Me_dAbu.Me_Cha.Cha.dP.meY,CC[C@@H]1C(=O)N(C)[C@@H](CC2CCCCC2)C(=O)N[C@@H](CC2CCCCC2)C(=O)N2CCC[C@@H]2C(=O)N(C)[C@@H](Cc2ccc(O)cc2)C(=O)N[C@@H](CC(C)C)C(=O)N1C,6642.0,298.15,108.1606,52.6774,55.4832,7.9092,55.4832,81.7727,0.052446,159.67,0.932,12.61,6642.0,
dP.bHph.dL.meL.dP.meL.F,CC(C)C[C@H]1NC(=O)C[C@H](Cc2ccccc2)NC(=O)[C@H]2CCCN2C(=O)[C@H](Cc2ccccc2)NC(=O)[C@H](CC(C)C)N(C)C(=O)[C@H]2CCCN2C(=O)[C@H](CC(C)C)N(C)C1=O,6871.0,298.15,72.25,37.0625,35.1875,7.5994,35.1875,51.4249,0.030987,168.54000000000002,0.621,41.706,6871.0,
dP.Pr_Gly.Me_dL.Me_dL.dP.L.F,CCCN1CC(=O)N(C)[C@H](CC(C)C)C(=O)N(C)[C@H](CC(C)C)C(=O)N2CCC[C@@H]2C(=O)N[C@@H](CC(C)C)C(=O)N[C@@H](Cc2ccccc2)C(=O)N2CCC[C@@H]2C1=O,3739.0,298.15,104.2934,42.3265,61.9669,10.5243,61.9669,49.7834,0.061998,159.75,0.321,67.402,3739.0,
dP.meA.Me_dL.dL.P.Bn_Gly.F,CC(C)C[C@@H]1C(=O)N[C@H](CC(C)C)C(=O)N2CCC[C@H]2C(=O)N(Cc2ccccc2)CC(=O)N[C@@H](Cc2ccccc2)C(=O)N2CCC[C@@H]2C(=O)N(C)[C@@H](C)C(=O)N1C,2918.0,298.15,75.5091,35.6165,39.8926,8.5688,39.8926,51.044,0.041922,159.75,0.31,57.137,2918.0,
dP.dCha.Pye.dL.Hph.L,CC(C)C[C@@H]1NC(=O)[C@H](CCc2ccccc2)NC(=O)[C@@H](CC(C)C)NC(=O)[C@H](CCC(=O)N2CCCC2)NC(=O)[C@@H](CC2CCCCC2)NC(=O)[C@H]2CCCN2C1=O,2756.0,298.15,98.8071,41.9549,56.8522,7.4859,56.8522,68.805,0.054364,186.12,0.648,28.365,2756.0,
P.dA.dL.Me_dL.P.Me_dL.F,CC(C)C[C@@H]1C(=O)N2CCC[C@H]2C(=O)N(C)[C@H](CC(C)C)C(=O)N[C@@H](Cc2ccccc2)C(=O)N2CCC[C@H]2C(=O)N[C@H](C)C(=O)N[C@H](CC(C)C)C(=O)N1C,2483.0,298.15,101.014,72.1371,28.8769,5.8779,28.8769,89.5549,0.029275,168.54,0.663,24.954,2483.0,
dP.dA.Bn_Gly.Bn_Gly.dP.Bn_Gly.F,C[C@H]1NC(=O)[C@H]2CCCN2C(=O)[C@H](Cc2ccccc2)NC(=O)CN(Cc2ccccc2)C(=O)[C@H]2CCCN2C(=O)CN(Cc2ccccc2)C(=O)CN(Cc2ccccc2)C1=O,1061.0,298.15,100.9713,49.2621,51.7092,11.1842,51.7092,76.122,0.048797,159.75,0.652,6.475,1061.0,
dP.bHph.L.L.dP.meL.F,CC(C)C[C@@H]1NC(=O)C[C@H](Cc2ccccc2)NC(=O)[C@H]2CCCN2C(=O)[C@H](Cc2ccccc2)NC(=O)[C@H](CC(C)C)N(C)C(=O)[C@H]2CCCN2C(=O)[C@H](CC(C)C)NC1=O,2280.0,298.15,97.259,43.0667,54.1923,9.3473,54.1923,66.3197,0.050027,177.33,0.19,69.103,2280.0,
dP.meA.L.bHph.dP.Bn_Gly.F,CC(C)C[C@@H]1NC(=O)[C@H](C)N(C)C(=O)[C@H]2CCCN2C(=O)[C@H](Cc2ccccc2)NC(=O)CN(Cc2ccccc2)C(=O)[C@H]2CCCN2C(=O)C[C@H](Cc2ccccc2)NC1=O,1105.0,298.15,105.9186,57.2872,48.6314,10.2027,48.6314,71.6804,0.046745,168.54,0.313,27.822,1105.0,
dP.dA.dL.L.P.Me_dL.F,CC(C)C[C@@H]1NC(=O)[C@@H](CC(C)C)NC(=O)[C@@H](C)NC(=O)[C@H]2CCCN2C(=O)[C@H](Cc2ccccc2)NC(=O)[C@@H](CC(C)C)N(C)C(=O)[C@@H]2CCCN2C1=O,4092.0,298.15,101.1525,56.6783,44.4742,8.8244,44.4742,72.4019,0.045809,177.33,0.252,69.983,4092.0,
dP.Pr_Gly.dL.L.dP.L.F,CCCN1CC(=O)N[C@H](CC(C)C)C(=O)N[C@@H](CC(C)C)C(=O)N2CCC[C@@H]2C(=O)N[C@@H](CC(C)C)C(=O)N[C@@H](Cc2ccccc2)C(=O)N2CCC[C@@H]2C1=O,3727.0,298.15,98.1713,44.6543,53.517,11.2039,53.517,91.3336,0.055948,177.32999999999998,0.57,26.315,3727.0,
P.meA.meL.Me_dL.P.dL.F,CC(C)C[C@@H]1C(=O)N2CCC[C@H]2C(=O)N[C@H](CC(C)C)C(=O)N[C@@H](Cc2ccccc2)C(=O)N2CCC[C@H]2C(=O)N(C)[C@@H](C)C(=O)N(C)[C@@H](CC(C)C)C(=O)N1C,2848.0,298.15,79.016,40.1452,38.8708,7.0577,38.8708,55.4629,0.039391,159.75000000000003,0.402,64.14,2848.0,
P.Pr_Gly.dL.Bn_Gly.P.L.F,CCCN1CC(=O)N[C@H](CC(C)C)C(=O)N(Cc2ccccc2)CC(=O)N2CCC[C@H]2C(=O)N[C@@H](CC(C)C)C(=O)N[C@@H](Cc2ccccc2)C(=O)N2CCC[C@H]2C1=O,3255.0,298.15,86.3165,48.9497,37.3668,9.8274,37.3668,63.4749,0.037332,168.54,0.654,36.069,3255.0,
dP.dA.meL.meL.P.Me_dL.F,CC(C)C[C@@H]1C(=O)N[C@@H](Cc2ccccc2)C(=O)N2CCC[C@@H]2C(=O)N[C@H](C)C(=O)N(C)[C@@H](CC(C)C)C(=O)N(C)[C@@H](CC(C)C)C(=O)N2CCC[C@H]2C(=O)N1C,2338.0,298.15,100.4917,40.2444,60.2473,8.1778,60.2473,67.5409,0.060686,159.75000000000003,0.363,50.151,2338.0,
dA.Me_dL.meL.dP.Me_dL.F,CC(C)C[C@@H]1C(=O)N[C@@H](Cc2ccccc2)C(=O)N[C@H](C)C(=O)N(C)[C@H](CC(C)C)C(=O)N(C)[C@@H](CC(C)C)C(=O)N2CCC[C@@H]2C(=O)N1C,1288.0,298.15,67.1305,31.1773,35.9532,7.0571,35.9532,52.5474,0.038534,139.44000000000003,0.422,37.761,1288.0,
F.cHexCH2_Gly.Me_dL.Nle.P.Mono1,CCCC[C@@H]1NC(=O)[C@@H](CC(C)C)N(C)C(=O)CN(CC2CCCCC2)C(=O)[C@H](Cc2ccccc2)NC(=O)CN(Cc2ccc3c(c2)OCO3)C(=O)[C@@H]2CCCN2C1=O,2392.0,298.15,120.7045,76.4927,44.2118,10.2453,44.2118,90.9079,0.04366,157.9,0.702,18.754,2392.0,
P.Me_dA.Me_dL.L.P.Bn_Gly.F,CC(C)C[C@@H]1NC(=O)[C@@H](CC(C)C)N(C)C(=O)[C@@H](C)N(C)C(=O)[C@@H]2CCCN2C(=O)[C@H](Cc2ccccc2)NC(=O)CN(Cc2ccccc2)C(=O)[C@@H]2CCCN2C1=O,2739.0,298.15,93.3497,64.5454,28.8043,6.9673,28.8043,89.1002,0.028968,159.75,0.769,12.358,2739.0,
dP.Me_dA.L.bHph.dP.dL.F,CC(C)C[C@@H]1NC(=O)[C@@H](C)N(C)C(=O)[C@H]2CCCN2C(=O)[C@H](Cc2ccccc2)NC(=O)[C@@H](CC(C)C)NC(=O)[C@H]2CCCN2C(=O)C[C@H](Cc2ccccc2)NC1=O,2661.0,298.15,84.2845,33.9521,50.3324,9.0794,50.3324,56.0655,0.050288,177.32999999999998,0.547,39.638,2661.0,
bHph.dL.Bn_Gly.P.Bn_Gly.F,CC(C)C[C@H]1NC(=O)C[C@H](Cc2ccccc2)NC(=O)[C@H](Cc2ccccc2)NC(=O)CN(Cc2ccccc2)C(=O)[C@@H]2CCCN2C(=O)CN(Cc2ccccc2)C1=O,1012.0,298.15,89.3224,47.6515,41.6709,9.8623,41.6709,71.6996,0.039832,148.23000000000002,0.881,26.012,1012.0,
A.L.meL.P.dL.F,CC(C)C[C@@H]1NC(=O)[C@H](C)NC(=O)[C@H](Cc2ccccc2)NC(=O)[C@@H](CC(C)C)NC(=O)[C@@H]2CCCN2C(=O)[C@H](CC(C)C)N(C)C1=O,1333.0,298.15,104.1836,55.4066,48.777,7.629,48.777,67.1143,0.054461,157.02,0.313,60.526,1333.0,
dP.bHph.L.L.P.Bn_Gly.F,CC(C)C[C@@H]1NC(=O)C[C@H](Cc2ccccc2)NC(=O)[C@H]2CCCN2C(=O)[C@H](Cc2ccccc2)NC(=O)CN(Cc2ccccc2)C(=O)[C@@H]2CCCN2C(=O)[C@H](CC(C)C)NC1=O,2287.0,298.15,123.0827,65.7921,57.2906,12.3562,57.2906,95.1675,0.052666,177.33,0.709,18.841,2287.0,
Pr_Gly.L.dL.P.Bn_Gly.F,CCCN1CC(=O)N[C@@H](CC(C)C)C(=O)N[C@H](CC(C)C)C(=O)N2CCC[C@H]2C(=O)N(Cc2ccccc2)CC(=O)N[C@@H](Cc2ccccc2)C1=O,1416.0,298.15,88.0079,50.1974,37.8105,6.9965,37.8105,70.7318,0.041971,148.23,0.526,24.684,1416.0,
P.bHph.dL.meL.P.meL.F,CC(C)C[C@H]1NC(=O)C[C@H](Cc2ccccc2)NC(=O)[C@@H]2CCCN2C(=O)[C@H](Cc2ccccc2)NC(=O)[C@H](CC(C)C)N(C)C(=O)[C@@H]2CCCN2C(=O)[C@H](CC(C)C)N(C)C1=O,4498.0,298.15,102.2292,67.5616,34.6676,9.025,34.6676,80.407,0.032098,168.54000000000002,0.765,9.431,4498.0,
dP.bHph.Me_dL.Bn_Gly.P.Bn_Gly.F,CC(C)C[C@@H]1C(=O)N(Cc2ccccc2)CC(=O)N2CCC[C@H]2C(=O)N(Cc2ccccc2)CC(=O)N[C@@H](Cc2ccccc2)C(=O)N2CCC[C@@H]2C(=O)N[C@@H](Cc2ccccc2)CC(=O)N1C,1274.0,298.15,94.4749,42.6693,51.8056,10.0497,51.8056,69.2647,0.048918,159.75,0.653,14.83,1274.0,
Me_dA.dL.L.dP.meL.F,CC(C)C[C@@H]1NC(=O)[C@@H](CC(C)C)NC(=O)[C@@H](C)N(C)C(=O)[C@H](Cc2ccccc2)NC(=O)[C@H](CC(C)C)N(C)C(=O)[C@H]2CCCN2C1=O,4049.0,298.15,81.0797,42.3036,38.7761,8.0662,38.7761,61.6759,0.041877,148.23000000000002,0.381,53.242,4049.0,
P.bHph.Me_dL.L.P.dL.F,CC(C)C[C@@H]1NC(=O)[C@@H](CC(C)C)N(C)C(=O)C[C@H](Cc2ccccc2)NC(=O)[C@@H]2CCCN2C(=O)[C@H](Cc2ccccc2)NC(=O)[C@@H](CC(C)C)NC(=O)[C@@H]2CCCN2C1=O,4540.0,298.15,105.4892,57.0434,48.4458,9.9901,48.4458,97.941,0.043963,177.32999999999998,0.221,78.431,4540.0,
dF.Mono38.L.Nle.P.Et_Gly,CCCC[C@@H]1NC(=O)[C@H](CC(C)C)NC(=O)CN(CC2CCOCC2)C(=O)[C@@H](Cc2ccccc2)NC(=O)CN(CC)C(=O)[C@@H]2CCCN2C1=O,3931.0,298.15,126.6422,86.1858,40.4564,6.4893,40.4564,103.0365,0.041467,157.46,0.826,17.78,3931.0,
Me_dA.meL.meL.P.meL.F,CC(C)C[C@H]1C(=O)N(C)[C@@H](CC(C)C)C(=O)N2CCC[C@H]2C(=O)N(C)[C@@H](CC(C)C)C(=O)N[C@@H](Cc2ccccc2)C(=O)N(C)[C@H](C)C(=O)N1C,2917.0,298.15,71.3162,48.8217,22.4945,5.3452,22.4945,66.1398,0.024482,130.65,0.701,19.252,2917.0,
P.Pr_Gly.Bn_Gly.Bn_Gly.P.Me_dL.F,CCCN1CC(=O)N(Cc2ccccc2)CC(=O)N(Cc2ccccc2)CC(=O)N2CCC[C@H]2C(=O)N(C)[C@H](CC(C)C)C(=O)N[C@@H](Cc2ccccc2)C(=O)N2CCC[C@H]2C1=O,2655.0,298.15,92.5607,49.8947,42.666,9.6601,42.666,76.5321,0.041544,150.96,0.605,21.642,2655.0,
dP.A.L.Bn_Gly.P.L.F,CC(C)C[C@@H]1NC(=O)[C@@H]2CCCN2C(=O)CN(Cc2ccccc2)C(=O)[C@H](CC(C)C)NC(=O)[C@H](C)NC(=O)[C@H]2CCCN2C(=O)[C@H](Cc2ccccc2)NC1=O,2000.0,298.15,105.2632,49.6621,55.6011,13.3241,55.6011,68.5867,0.059604,177.32999999999998,0.595,39.206,2000.0,
A.dL.L.P.Me_dL.F,CC(C)C[C@@H]1NC(=O)[C@@H](CC(C)C)NC(=O)[C@H](C)NC(=O)[C@H](Cc2ccccc2)NC(=O)[C@@H](CC(C)C)N(C)C(=O)[C@@H]2CCCN2C1=O,3316.0,298.15,90.6505,48.2414,42.4091,6.3764,42.4091,73.5036,0.046407,157.02,0.65,28.343,3316.0,
dP.meA.L.L.P.Bn_Gly.F,CC(C)C[C@@H]1NC(=O)[C@H](C)N(C)C(=O)[C@H]2CCCN2C(=O)[C@H](Cc2ccccc2)NC(=O)CN(Cc2ccccc2)C(=O)[C@@H]2CCCN2C(=O)[C@H](CC(C)C)NC1=O,805.0,298.15,99.7693,49.5636,50.2057,6.0888,50.2057,87.1445,0.050672,168.54,0.335,45.878,805.0,
dP.meA.L.meL.dP.dL.F,CC(C)C[C@@H]1NC(=O)[C@H](C)N(C)C(=O)[C@H]2CCCN2C(=O)[C@H](Cc2ccccc2)NC(=O)[C@@H](CC(C)C)NC(=O)[C@H]2CCCN2C(=O)[C@H](CC(C)C)N(C)C1=O,1466.0,298.15,87.4083,40.4294,46.9789,6.2261,46.9789,51.3884,0.047352,168.54,0.381,54.389,1466.0,
Nal.3-pyridylethyl_Gly.meL.Nle.dP.Et_Gly,CCCC[C@@H]1NC(=O)[C@H](CC(C)C)N(C)C(=O)CN(CCc2cccnc2)C(=O)[C@H](Cc2ccc3ccccc3c2)NC(=O)CN(CC)C(=O)[C@H]2CCCN2C1=O,4571.0,298.15,98.072,51.0379,47.0341,7.6958,47.0341,77.9031,0.048548,152.33,0.734,34.684,4571.0,
P.bHph.dL.dL.P.Me_dL.F,CC(C)C[C@@H]1C(=O)N[C@@H](Cc2ccccc2)C(=O)N2CCC[C@H]2C(=O)N[C@@H](Cc2ccccc2)CC(=O)N[C@H](CC(C)C)C(=O)N[C@H](CC(C)C)C(=O)N2CCC[C@H]2C(=O)N1C,6250.0,298.15,100.3926,38.5156,61.877,11.8229,61.877,68.3363,0.059052,177.33,0.206,86.337,6250.0,
P.Me_dA.meL.meL.P.Bn_Gly.F,CC(C)C[C@H]1C(=O)N(C)[C@@H](CC(C)C)C(=O)N2CCC[C@H]2C(=O)N(Cc2ccccc2)CC(=O)N[C@@H](Cc2ccccc2)C(=O)N2CCC[C@H]2C(=O)N(C)[C@H](C)C(=O)N1C,1690.0,298.15,88.0385,44.3851,43.6534,8.532,43.6534,69.2534,0.042046,150.96,0.81,22.442,1690.0,
dA.L.dL.dP.Bn_Gly.F,CC(C)C[C@@H]1NC(=O)[C@@H](C)NC(=O)[C@H](Cc2ccccc2)NC(=O)CN(Cc2ccccc2)C(=O)[C@H]2CCCN2C(=O)[C@@H](CC(C)C)NC1=O,822.0,298.15,100.7218,58.0395,42.6823,7.9214,42.6823,84.6706,0.047652,157.02,0.381,40.556,822.0,
dA.cHexCH2_Gly.dL.Nle.dP.Et_Gly,CCCC[C@@H]1NC(=O)[C@@H](CC(C)C)NC(=O)CN(CC2CCCCC2)C(=O)[C@@H](C)NC(=O)CN(CC)C(=O)[C@H]2CCCN2C1=O,6027.0,298.15,104.1282,62.0007,42.1275,9.3088,42.1275,86.4431,0.048339,148.23000000000002,0.95,3.723,6027.0,
P.Me_dA.dL.L.dP.meL.F,CC(C)C[C@@H]1NC(=O)[C@@H](CC(C)C)NC(=O)[C@@H](C)N(C)C(=O)[C@@H]2CCCN2C(=O)[C@H](Cc2ccccc2)NC(=O)[C@H](CC(C)C)N(C)C(=O)[C@H]2CCCN2C1=O,1950.0,298.15,98.4161,68.2682,30.1479,5.856,30.1479,82.9,0.03046,168.54,0.449,54.577,1950.0,
dP.Me_dA.L.Bn_Gly.dP.dL.F,CC(C)C[C@@H]1NC(=O)[C@@H](C)N(C)C(=O)[C@H]2CCCN2C(=O)[C@H](Cc2ccccc2)NC(=O)[C@@H](CC(C)C)NC(=O)[C@H]2CCCN2C(=O)CN(Cc2ccccc2)C1=O,1771.0,298.15,84.0679,40.6552,43.4127,9.1961,43.4127,55.123,0.044646,168.54,0.293,60.116,1771.0,
dP.dL.dL.dL.Pye.L,CC(C)C[C@@H]1NC(=O)[C@H](CCC(=O)N2CCCC2)NC(=O)[C@@H](CC(C)C)NC(=O)[C@@H](CC(C)C)NC(=O)[C@@H](CC(C)C)NC(=O)[C@H]2CCCN2C1=O,2580.0,298.15,102.5337,70.4891,32.0446,5.9063,32.0446,76.0396,0.032839,186.12,0.166,70.886,2580.0,
meA.Me_dL.Bn_Gly.dP.meL.F,CC(C)C[C@@H]1C(=O)N(Cc2ccccc2)CC(=O)N2CCC[C@@H]2C(=O)N(C)[C@@H](CC(C)C)C(=O)N[C@@H](Cc2ccccc2)C(=O)N(C)[C@@H](C)C(=O)N1C,2472.0,298.15,72.5164,31.5345,40.9819,10.0915,40.9819,49.2512,0.043308,130.65,0.675,28.566,2472.0,
P.Me_dA.L.L.dP.dL.F,CC(C)C[C@@H]1NC(=O)[C@@H](C)N(C)C(=O)[C@@H]2CCCN2C(=O)[C@H](Cc2ccccc2)NC(=O)[C@@H](CC(C)C)NC(=O)[C@H]2CCCN2C(=O)[C@H](CC(C)C)NC1=O,2419.0,298.15,96.5287,58.5975,37.9312,8.6265,37.9312,71.8946,0.037988,177.32999999999998,0.195,74.594,2419.0,
F.Nle.P.Nle.Nle.Mono100,CCCC[C@@H]1NC(=O)[C@H](CCCC)NC(=O)[C@@H]2CCCN2C(=O)[C@H](CCCC)NC(=O)[C@H](Cc2ccccc2)NC(=O)CSC[C@@H](C(=O)NC)NC1=O,3613.0,298.15,137.604,90.1291,47.4749,8.4336,47.4749,109.345,0.048117,194.91,0.764,20.269,3613.0,
P.dA.meL.meL.dP.Bn_Gly.F,CC(C)C[C@H]1C(=O)N(C)[C@@H](CC(C)C)C(=O)N2CCC[C@@H]2C(=O)N(Cc2ccccc2)CC(=O)N[C@@H](Cc2ccccc2)C(=O)N2CCC[C@H]2C(=O)N[C@H](C)C(=O)N1C,2152.0,298.15,96.8922,66.7295,30.1627,6.9849,30.1627,88.6841,0.029657,159.75,0.615,48.36,2152.0,
A.L.L.dP.dL.F,CC(C)C[C@@H]1NC(=O)[C@H](C)NC(=O)[C@H](Cc2ccccc2)NC(=O)[C@@H](CC(C)C)NC(=O)[C@H]2CCCN2C(=O)[C@H](CC(C)C)NC1=O,1432.0,298.15,78.1346,40.3259,37.8087,5.7056,37.8087,68.9618,0.041574,165.81,0.296,47.782,1432.0,
dF.Nle.Me_Nle.Nle.Nle.Mono100,CCCC[C@@H]1NC(=O)[C@H](CCCC)NC(=O)[C@H](CCCC)N(C)C(=O)[C@H](CCCC)NC(=O)[C@@H](Cc2ccccc2)NC(=O)CSC[C@@H](C(=O)NC)NC1=O,6990.0,298.15,139.305,85.9772,53.3278,8.2435,53.3278,108.8439,0.0525,194.91,1.028,22.955,6990.0,
P.A.Me_dL.dL.P.Bn_Gly.F,CC(C)C[C@@H]1C(=O)N[C@H](CC(C)C)C(=O)N2CCC[C@H]2C(=O)N(Cc2ccccc2)CC(=O)N[C@@H](Cc2ccccc2)C(=O)N2CCC[C@H]2C(=O)N[C@@H](C)C(=O)N1C,1935.0,298.15,81.4185,43.3027,38.1158,9.0026,38.1158,54.814,0.037004,168.54,0.715,52.175,1935.0,
dP.dL.Pye.dL.Abu.L,CC[C@@H]1NC(=O)[C@@H](CC(C)C)NC(=O)[C@H](CCC(=O)N2CCCC2)NC(=O)[C@@H](CC(C)C)NC(=O)[C@H]2CCCN2C(=O)[C@H](CC(C)C)NC1=O,1729.0,298.15,97.2384,51.1361,46.1023,7.0303,46.1023,78.1872,0.050964,186.12,0.236,77.057,1729.0,
meA.Me_dL.meL.dP.Me_dL.F,CC(C)C[C@@H]1C(=O)N[C@@H](Cc2ccccc2)C(=O)N(C)[C@@H](C)C(=O)N(C)[C@H](CC(C)C)C(=O)N(C)[C@@H](CC(C)C)C(=O)N2CCC[C@@H]2C(=O)N1C,4658.0,298.15,79.9076,31.1651,48.7425,9.9069,48.7425,65.5512,0.052248,130.65,0.676,42.257,4658.0,
dP.Me_dA.Bn_Gly.bHph.dP.Me_dL.F,CC(C)C[C@@H]1C(=O)N[C@@H](Cc2ccccc2)C(=O)N2CCC[C@@H]2C(=O)N(C)[C@H](C)C(=O)N(Cc2ccccc2)CC(=O)N[C@@H](Cc2ccccc2)CC(=O)N2CCC[C@@H]2C(=O)N1C,1639.0,298.15,91.0981,43.9194,47.1787,12.2955,47.1787,54.4841,0.047515,159.75,0.642,28.854,1639.0,
A.cHexCH2_Gly.meL.Nle.dP.Et_Gly,CCCC[C@@H]1NC(=O)[C@H](CC(C)C)N(C)C(=O)CN(CC2CCCCC2)C(=O)[C@H](C)NC(=O)CN(CC)C(=O)[C@H]2CCCN2C1=O,3554.0,298.15,76.4128,40.8609,35.5519,6.1409,35.5519,64.4656,0.040019,139.44,0.841,9.728,3554.0,
dF.Mono38.meL.Nle.P.Mono1,CCCC[C@@H]1NC(=O)[C@H](CC(C)C)N(C)C(=O)CN(CC2CCOCC2)C(=O)[C@@H](Cc2ccccc2)NC(=O)CN(Cc2ccc3c(c2)OCO3)C(=O)[C@@H]2CCCN2C1=O,4312.0,298.15,150.249,114.1198,36.1292,8.6594,36.1292,140.1805,0.034826,167.13,1.093,7.568,4312.0,
Pr_Gly.Me_dL.Bn_Gly.dP.Bn_Gly.F,CCCN1CC(=O)N(C)[C@H](CC(C)C)C(=O)N(Cc2ccccc2)CC(=O)N2CCC[C@@H]2C(=O)N(Cc2ccccc2)CC(=O)N[C@@H](Cc2ccccc2)C1=O,2516.0,298.15,78.3587,44.0803,34.2784,7.9442,34.2784,68.6997,0.037402,130.65,0.879,11.321,2516.0,
Pr_Gly.Me_dL.Bn_Gly.P.dL.F,CCCN1CC(=O)N(C)[C@H](CC(C)C)C(=O)N(Cc2ccccc2)CC(=O)N2CCC[C@H]2C(=O)N[C@H](CC(C)C)C(=O)N[C@@H](Cc2ccccc2)C1=O,2970.0,298.15,83.9953,31.5237,52.4716,14.2636,52.4716,53.2789,0.057478,139.44,0.893,6.952,2970.0,
dP.bHph.meL.L.dP.dL.F,CC(C)C[C@@H]1NC(=O)[C@H](CC(C)C)N(C)C(=O)C[C@H](Cc2ccccc2)NC(=O)[C@H]2CCCN2C(=O)[C@H](Cc2ccccc2)NC(=O)[C@@H](CC(C)C)NC(=O)[C@H]2CCCN2C1=O,2496.0,298.15,87.9777,43.9623,44.0154,8.9762,44.0154,59.4549,0.042062,177.32999999999998,0.259,78.618,2496.0,
P.A.dL.meL.P.Me_dL.F,CC(C)C[C@@H]1C(=O)N[C@@H](Cc2ccccc2)C(=O)N2CCC[C@H]2C(=O)N[C@@H](C)C(=O)N[C@H](CC(C)C)C(=O)N(C)[C@@H](CC(C)C)C(=O)N2CCC[C@H]2C(=O)N1C,2498.0,298.15,99.4614,61.2223,38.2391,9.2866,38.2391,94.8441,0.037068,168.54000000000002,0.439,50.264,2498.0,
dP.meA.L.Me_dL.P.Bn_Gly.F,CC(C)C[C@@H]1NC(=O)[C@H](C)N(C)C(=O)[C@H]2CCCN2C(=O)[C@H](Cc2ccccc2)NC(=O)CN(Cc2ccccc2)C(=O)[C@@H]2CCCN2C(=O)[C@@H](CC(C)C)N(C)C1=O,2353.0,298.15,86.8948,52.0822,34.8126,8.5312,34.8126,78.404,0.033837,159.75,0.821,16.86,2353.0,
Me_dA.L.Bn_Gly.P.Bn_Gly.F,CC(C)C[C@@H]1NC(=O)[C@@H](C)N(C)C(=O)[C@H](Cc2ccccc2)NC(=O)CN(Cc2ccccc2)C(=O)[C@@H]2CCCN2C(=O)CN(Cc2ccccc2)C1=O,1536.0,298.15,94.8636,54.1022,40.7614,7.971,40.7614,68.6032,0.043046,139.44,0.732,10.898,1536.0,
Me_dA.meA.A.meA.meA.A,C[C@@H]1NC(=O)[C@H](C)N(C)C(=O)[C@H](C)N(C)C(=O)[C@H](C)NC(=O)[C@H](C)N(C)C(=O)[C@@H](C)N(C)C1=O,50.0,298.15,113.5674,52.8902,60.6772,14.5595,60.6772,68.3124,0.090291,139.44,0.147,85.581,50.0,
meA.dL.L.P.meL.F,CC(C)C[C@@H]1NC(=O)[C@@H](CC(C)C)NC(=O)[C@H](C)N(C)C(=O)[C@H](Cc2ccccc2)NC(=O)[C@H](CC(C)C)N(C)C(=O)[C@@H]2CCCN2C1=O,2512.0,298.15,81.5228,35.9596,45.5632,7.0458,45.5632,61.4527,0.049514,148.23000000000002,0.577,37.788,2512.0,
dP.dA.dL.Me_dL.dP.meL.F,CC(C)C[C@@H]1C(=O)N2CCC[C@@H]2C(=O)N(C)[C@@H](CC(C)C)C(=O)N[C@@H](Cc2ccccc2)C(=O)N2CCC[C@@H]2C(=O)N[C@H](C)C(=O)N[C@H](CC(C)C)C(=O)N1C,2446.0,298.15,95.7692,35.672,60.0972,12.2831,60.0972,56.9198,0.063072,168.54,0.611,32.914,2446.0,
dP.meA.dL.meL.dP.L.F,CC(C)C[C@@H]1NC(=O)[C@H]2CCCN2C(=O)[C@H](CC(C)C)N(C)C(=O)[C@@H](CC(C)C)NC(=O)[C@H](C)N(C)C(=O)[C@H]2CCCN2C(=O)[C@H](Cc2ccccc2)NC1=O,2071.0,298.15,74.2884,37.817,36.4714,6.6853,36.4714,46.1367,0.037435,168.54,0.147,77.982,2071.0,
dP.dA.dL.L.dP.Me_dL.F,CC(C)C[C@@H]1NC(=O)[C@@H](CC(C)C)NC(=O)[C@@H](C)NC(=O)[C@H]2CCCN2C(=O)[C@H](Cc2ccccc2)NC(=O)[C@@H](CC(C)C)N(C)C(=O)[C@H]2CCCN2C1=O,1387.0,298.15,92.7135,40.8206,51.8929,8.6218,51.8929,59.2504,0.05401,177.33,0.403,62.919,1387.0,
P.Pr_Gly.L.Me_dL.dP.L.F,CCCN1CC(=O)N[C@@H](CC(C)C)C(=O)N(C)[C@H](CC(C)C)C(=O)N2CCC[C@@H]2C(=O)N[C@@H](CC(C)C)C(=O)N[C@@H](Cc2ccccc2)C(=O)N2CCC[C@H]2C1=O,2074.0,298.15,92.3096,56.6666,35.643,5.8432,35.643,75.7509,0.035503,168.54,0.355,55.738,2074.0,
L.dP.meY.L.Me_dL.meF,CC(C)C[C@@H]1NC(=O)[C@H](Cc2ccc(O)cc2)N(C)C(=O)[C@H]2CCCN2C(=O)[C@H](CC(C)C)NC(=O)[C@H](Cc2ccccc2)N(C)C(=O)[C@@H](CC(C)C)N(C)C1=O,4945.0,298.15,105.6156,52.6503,52.9653,9.4441,52.9653,74.3979,0.053222,159.67,0.679,24.282,4945.0,
dP.dL.L.dL.L.L,CC(C)C[C@@H]1NC(=O)[C@@H](CC(C)C)NC(=O)[C@H](CC(C)C)NC(=O)[C@@H](CC(C)C)NC(=O)[C@H]2CCCN2C(=O)[C@H](CC(C)C)NC1=O,5947.0,298.15,85.8851,44.3508,41.5343,6.6528,41.5343,63.8024,0.043795,165.81,0.181,76.155,5947.0,
L.iBu_Gly.meL.L.dP.Bn(4-OH)_Gly,CC(C)C[C@@H]1NC(=O)CN(Cc2ccc(O)cc2)C(=O)[C@H]2CCCN2C(=O)[C@H](CC(C)C)NC(=O)[C@H](CC(C)C)N(C)C(=O)CN(CC(C)C)C1=O,4209.0,298.15,112.5857,66.1152,46.4705,7.993,46.4705,90.875,0.047814,159.67000000000002,0.637,30.106,4209.0,
dP.A.dL.bHph.dP.L.F,CC(C)C[C@@H]1NC(=O)[C@H]2CCCN2C(=O)C[C@H](Cc2ccccc2)NC(=O)[C@@H](CC(C)C)NC(=O)[C@H](C)NC(=O)[C@H]2CCCN2C(=O)[C@H](Cc2ccccc2)NC1=O,737.0,298.15,82.9956,54.4011,28.5945,7.995,28.5945,80.5753,0.029352,186.12,0.363,27.329,737.0,
meA.L.Bn_Gly.P.dL.F,CC(C)C[C@@H]1NC(=O)[C@H](C)N(C)C(=O)[C@H](Cc2ccccc2)NC(=O)[C@@H](CC(C)C)NC(=O)[C@@H]2CCCN2C(=O)CN(Cc2ccccc2)C1=O,3094.0,298.15,82.9929,42.1158,40.8771,7.4095,40.8771,56.5028,0.044234,148.23000000000002,0.781,6.181,3094.0,
Me_dA.Me_dL.L.dP.L.F,CC(C)C[C@@H]1NC(=O)[C@H]2CCCN2C(=O)[C@H](CC(C)C)NC(=O)[C@@H](CC(C)C)N(C)C(=O)[C@@H](C)N(C)C(=O)[C@H](Cc2ccccc2)NC1=O,2452.0,298.15,72.4007,34.5748,37.8259,5.1739,37.8259,62.3944,0.041734,148.23,0.424,43.775,2452.0,
P.meA.Me_dL.bHph.dP.Me_dL.F,CC(C)C[C@@H]1C(=O)N[C@@H](Cc2ccccc2)C(=O)N2CCC[C@H]2C(=O)N(C)[C@@H](C)C(=O)N(C)[C@H](CC(C)C)C(=O)N[C@@H](Cc2ccccc2)CC(=O)N2CCC[C@@H]2C(=O)N1C,2446.0,298.15,83.1145,32.551,50.5635,10.258,50.5635,56.7658,0.049002,159.75,0.778,12.032,2446.0,
A.meL.Bn_Gly.dP.Me_dL.F,CC(C)C[C@@H]1C(=O)N[C@@H](Cc2ccccc2)C(=O)N[C@@H](C)C(=O)N(C)[C@@H](CC(C)C)C(=O)N(Cc2ccccc2)CC(=O)N2CCC[C@@H]2C(=O)N1C,1124.0,298.15,72.6316,36.5384,36.0932,7.1116,36.0932,45.0547,0.03934,139.44000000000003,0.442,51.765,1124.0,
dP.meA.Bn_Gly.Bn_Gly.dP.meL.F,CC(C)C[C@H]1C(=O)N[C@@H](Cc2ccccc2)C(=O)N2CCC[C@@H]2C(=O)N(C)[C@@H](C)C(=O)N(Cc2ccccc2)CC(=O)N(Cc2ccccc2)CC(=O)N2CCC[C@@H]2C(=O)N1C,1030.0,298.15,86.9637,41.2151,45.7486,9.6401,45.7486,58.7224,0.044318,150.96,0.561,19.383,1030.0,
P.A.meL.Bn_Gly.P.Bn_Gly.F,CC(C)C[C@H]1C(=O)N(Cc2ccccc2)CC(=O)N2CCC[C@H]2C(=O)N(Cc2ccccc2)CC(=O)N[C@@H](Cc2ccccc2)C(=O)N2CCC[C@H]2C(=O)N[C@@H](C)C(=O)N1C,806.0,298.15,101.4636,50.8515,50.6121,9.5024,50.6121,85.6729,0.049625,159.75,0.485,10.852,806.0,
dP.meA.Me_dL.meL.P.Me_dL.F,CC(C)C[C@@H]1C(=O)N(C)[C@@H](CC(C)C)C(=O)N2CCC[C@H]2C(=O)N(C)[C@H](CC(C)C)C(=O)N[C@@H](Cc2ccccc2)C(=O)N2CCC[C@@H]2C(=O)N(C)[C@@H](C)C(=O)N1C,2749.0,298.15,60.9814,43.3333,17.6481,3.1214,17.6481,52.5297,0.017614,150.96,0.599,44.436,2749.0,
P.bHph.Me_dL.bHph.dP.Me_dL.F,CC(C)C[C@@H]1C(=O)N[C@@H](Cc2ccccc2)CC(=O)N2CCC[C@@H]2C(=O)N(C)[C@H](CC(C)C)C(=O)N[C@@H](Cc2ccccc2)C(=O)N2CCC[C@H]2C(=O)N[C@@H](Cc2ccccc2)CC(=O)N1C,1403.0,298.15,82.4878,30.3709,52.1169,14.2398,52.1169,47.6186,0.04695,168.54,0.339,68.07,1403.0,
Pr_Gly.Me_dL.Me_dL.P.Me_dL.F,CCCN1CC(=O)N(C)[C@H](CC(C)C)C(=O)N(C)[C@H](CC(C)C)C(=O)N2CCC[C@H]2C(=O)N(C)[C@H](CC(C)C)C(=O)N[C@@H](Cc2ccccc2)C1=O,1961.0,298.15,69.105,26.3441,42.7609,8.1374,42.7609,37.1102,0.043632,130.65,0.272,61.663,1961.0,
Pr_Gly.dL.Bn_Gly.dP.meL.F,CCCN1CC(=O)N[C@H](CC(C)C)C(=O)N(Cc2ccccc2)CC(=O)N2CCC[C@@H]2C(=O)N(C)[C@@H](CC(C)C)C(=O)N[C@@H](Cc2ccccc2)C1=O,1851.0,298.15,82.5783,42.466,40.1123,9.0117,40.1123,50.9253,0.043269,139.44,0.235,75.956,1851.0,
P.A.dL.bHph.dP.dL.F,CC(C)C[C@H]1NC(=O)[C@H](C)NC(=O)[C@@H]2CCCN2C(=O)[C@H](Cc2ccccc2)NC(=O)[C@@H](CC(C)C)NC(=O)[C@H]2CCCN2C(=O)C[C@H](Cc2ccccc2)NC1=O,1823.0,298.15,100.2396,44.7795,55.4601,9.343,55.4601,78.5904,0.057301,186.12,0.542,31.45,1823.0,
P.meA.dL.L.dP.Me_dL.F,CC(C)C[C@@H]1NC(=O)[C@@H](CC(C)C)NC(=O)[C@H](C)N(C)C(=O)[C@@H]2CCCN2C(=O)[C@H](Cc2ccccc2)NC(=O)[C@@H](CC(C)C)N(C)C(=O)[C@H]2CCCN2C1=O,1625.0,298.15,103.5549,57.653,45.9019,10.4398,45.9019,73.5411,0.046836,168.54,0.285,63.237,1625.0,
Me_dA.L.dL.dP.Me_dL.F,CC(C)C[C@@H]1NC(=O)[C@@H](C)N(C)C(=O)[C@H](Cc2ccccc2)NC(=O)[C@@H](CC(C)C)N(C)C(=O)[C@H]2CCCN2C(=O)[C@@H](CC(C)C)NC1=O,1018.0,298.15,76.0117,30.8246,45.1871,9.7823,45.1871,44.0978,0.050583,148.23,0.214,74.115,1018.0,
P.Me_dA.L.meL.P.L.F,CC(C)C[C@@H]1NC(=O)[C@@H]2CCCN2C(=O)[C@H](CC(C)C)N(C)C(=O)[C@H](CC(C)C)NC(=O)[C@@H](C)N(C)C(=O)[C@@H]2CCCN2C(=O)[C@H](Cc2ccccc2)NC1=O,3905.0,298.15,96.8669,42.1486,54.7183,15.1399,54.7183,67.7684,0.057036,168.54,0.955,15.347,3905.0,
bHph.meL.L.P.Bn_Gly.F,CC(C)C[C@@H]1NC(=O)[C@H](CC(C)C)N(C)C(=O)C[C@H](Cc2ccccc2)NC(=O)[C@H](Cc2ccccc2)NC(=O)CN(Cc2ccccc2)C(=O)[C@@H]2CCCN2C1=O,1330.0,298.15,90.7964,48.7383,42.0581,9.7266,42.0581,71.6884,0.042584,148.23000000000002,0.461,40.867,1330.0,
A.Bn_Gly.meL.P.meL.F,CC(C)C[C@H]1C(=O)N2CCC[C@H]2C(=O)N(C)[C@@H](CC(C)C)C(=O)N[C@@H](Cc2ccccc2)C(=O)N[C@@H](C)C(=O)N(Cc2ccccc2)CC(=O)N1C,961.0,298.15,85.053,56.8127,28.2403,6.0045,28.2403,77.9123,0.029591,139.44,0.469,19.857,961.0,
P.Pr_Gly.meL.bHph.P.Me_dL.F,CCCN1CC(=O)N(C)[C@@H](CC(C)C)C(=O)N[C@@H](Cc2ccccc2)CC(=O)N2CCC[C@H]2C(=O)N(C)[C@H](CC(C)C)C(=O)N[C@@H](Cc2ccccc2)C(=O)N2CCC[C@H]2C1=O,5702.0,298.15,88.1093,55.0673,33.042,6.2787,33.042,64.3028,0.030867,159.75,0.56,47.518,5702.0,
dA.Me_dL.Bn_Gly.P.Me_dL.F,CC(C)C[C@@H]1C(=O)N(Cc2ccccc2)CC(=O)N2CCC[C@H]2C(=O)N(C)[C@H](CC(C)C)C(=O)N[C@@H](Cc2ccccc2)C(=O)N[C@H](C)C(=O)N1C,971.0,298.15,89.2604,35.1633,54.0971,9.3722,54.0971,54.3016,0.058772,139.44,0.578,47.551,971.0,
Me_dA.L.Bn_Gly.P.Me_dL.F,CC(C)C[C@@H]1NC(=O)[C@@H](C)N(C)C(=O)[C@H](Cc2ccccc2)NC(=O)[C@@H](CC(C)C)N(C)C(=O)[C@@H]2CCCN2C(=O)CN(Cc2ccccc2)C1=O,1371.0,298.15,79.282,41.7216,37.5604,8.4608,37.5604,53.7591,0.040331,139.44,0.461,61.962,1371.0,
dP.meA.Me_dL.Me_dL.P.dL.F,CC(C)C[C@@H]1C(=O)N2CCC[C@H]2C(=O)N[C@H](CC(C)C)C(=O)N[C@@H](Cc2ccccc2)C(=O)N2CCC[C@@H]2C(=O)N(C)[C@@H](C)C(=O)N(C)[C@H](CC(C)C)C(=O)N1C,3723.0,298.15,95.9832,34.8912,61.092,11.3137,61.092,58.8737,0.061345,159.75000000000003,0.37,52.253,3723.0,
P.A.Me_dL.Me_dL.dP.meL.F,CC(C)C[C@@H]1C(=O)N(C)[C@H](CC(C)C)C(=O)N2CCC[C@@H]2C(=O)N(C)[C@@H](CC(C)C)C(=O)N[C@@H](Cc2ccccc2)C(=O)N2CCC[C@H]2C(=O)N[C@@H](C)C(=O)N1C,1546.0,298.15,103.499,51.6594,51.8396,14.7029,51.8396,66.1337,0.055512,159.75,0.485,51.247,1546.0,
A.Me_dL.L.dP.dL.F,CC(C)C[C@@H]1NC(=O)[C@@H](CC(C)C)N(C)C(=O)[C@H](C)NC(=O)[C@H](Cc2ccccc2)NC(=O)[C@@H](CC(C)C)NC(=O)[C@H]2CCCN2C1=O,2144.0,298.15,96.0549,47.2844,48.7705,9.2912,48.7705,60.9502,0.054288,157.02,0.282,68.378,2144.0,
P.Me_dA.dL.L.P.Bn_Gly.F,CC(C)C[C@@H]1NC(=O)[C@@H](CC(C)C)NC(=O)[C@@H](C)N(C)C(=O)[C@@H]2CCCN2C(=O)[C@H](Cc2ccccc2)NC(=O)CN(Cc2ccccc2)C(=O)[C@@H]2CCCN2C1=O,2879.0,298.15,104.8485,59.9649,44.8836,11.5103,44.8836,95.1724,0.045363,168.54,0.796,10.582,2879.0,
dA.dL.dL.P.meL.F,CC(C)C[C@H]1NC(=O)[C@@H](C)NC(=O)[C@H](Cc2ccccc2)NC(=O)[C@H](CC(C)C)N(C)C(=O)[C@@H]2CCCN2C(=O)[C@@H](CC(C)C)NC1=O,1791.0,298.15,91.1219,45.7106,45.4113,8.9668,45.4113,60.7915,0.049708,157.02,0.165,77.988,1791.0,
A.Me_dL.Bn_Gly.dP.L.F,CC(C)C[C@@H]1NC(=O)[C@H]2CCCN2C(=O)CN(Cc2ccccc2)C(=O)[C@@H](CC(C)C)N(C)C(=O)[C@H](C)NC(=O)[C@H](Cc2ccccc2)NC1=O,1576.0,298.15,97.8614,44.5857,53.2757,10.9294,53.2757,64.6375,0.058096,148.23,0.66,27.825,1576.0,
dP.meA.dL.bHph.dP.L.F,CC(C)C[C@@H]1NC(=O)[C@H]2CCCN2C(=O)C[C@H](Cc2ccccc2)NC(=O)[C@@H](CC(C)C)NC(=O)[C@H](C)N(C)C(=O)[C@H]2CCCN2C(=O)[C@H](Cc2ccccc2)NC1=O,1309.0,298.15,99.2246,27.6495,71.5751,17.4908,71.5751,85.5591,0.071479,177.33,0.403,17.781,1309.0,
P.Me_dA.Me_dL.Bn_Gly.P.dL.F,CC(C)C[C@@H]1C(=O)N(Cc2ccccc2)CC(=O)N2CCC[C@H]2C(=O)N[C@H](CC(C)C)C(=O)N[C@@H](Cc2ccccc2)C(=O)N2CCC[C@H]2C(=O)N(C)[C@H](C)C(=O)N1C,1547.0,298.15,80.2605,45.1194,35.1411,6.2927,35.1411,62.3552,0.034233,159.75,0.381,46.941,1547.0,
dA.Me_dL.dL.P.meL.F,CC(C)C[C@@H]1C(=O)N[C@H](CC(C)C)C(=O)N2CCC[C@H]2C(=O)N(C)[C@@H](CC(C)C)C(=O)N[C@@H](Cc2ccccc2)C(=O)N[C@H](C)C(=O)N1C,2377.0,298.15,100.0444,38.3392,61.7052,16.2477,61.7052,57.5003,0.067441,148.23,0.375,52.888,2377.0,
dP.bHph.Bn_Gly.dL.dP.L.F,CC(C)C[C@@H]1NC(=O)[C@H]2CCCN2C(=O)[C@@H](CC(C)C)NC(=O)CN(Cc2ccccc2)C(=O)C[C@H](Cc2ccccc2)NC(=O)[C@H]2CCCN2C(=O)[C@H](Cc2ccccc2)NC1=O,748.0,298.15,99.1177,53.6471,45.4706,7.2236,45.4706,70.801,0.04158,177.32999999999998,0.479,42.834,748.0,
bHph.meL.Bn_Gly.dP.Bn_Gly.F,CC(C)C[C@H]1C(=O)N(Cc2ccccc2)CC(=O)N2CCC[C@@H]2C(=O)N(Cc2ccccc2)CC(=O)N[C@@H](Cc2ccccc2)C(=O)N[C@@H](Cc2ccccc2)CC(=O)N1C,524.0,298.15,92.5795,32.5714,60.0081,12.719,60.0081,45.8823,0.060771,139.44,0.667,34.57,524.0,
P.meA.dL.bHph.P.Bn_Gly.F,CC(C)C[C@H]1NC(=O)[C@H](C)N(C)C(=O)[C@@H]2CCCN2C(=O)[C@H](Cc2ccccc2)NC(=O)CN(Cc2ccccc2)C(=O)[C@@H]2CCCN2C(=O)C[C@H](Cc2ccccc2)NC1=O,427.0,298.15,109.6869,64.1281,45.5588,8.0358,45.5588,84.5251,0.043733,168.54,0.365,25.713,427.0,
dA.L.dL.dP.Me_dL.F,CC(C)C[C@@H]1NC(=O)[C@@H](C)NC(=O)[C@H](Cc2ccccc2)NC(=O)[C@@H](CC(C)C)N(C)C(=O)[C@H]2CCCN2C(=O)[C@@H](CC(C)C)NC1=O,1581.0,298.15,99.003,45.9178,53.0852,7.8167,53.0852,86.0289,0.059506,157.02,0.443,24.238,1581.0,
dP.meA.Me_dL.dL.dP.Bn_Gly.F,CC(C)C[C@@H]1C(=O)N[C@H](CC(C)C)C(=O)N2CCC[C@@H]2C(=O)N(Cc2ccccc2)CC(=O)N[C@@H](Cc2ccccc2)C(=O)N2CCC[C@@H]2C(=O)N(C)[C@@H](C)C(=O)N1C,2368.0,298.15,89.6058,51.5686,38.0372,6.5303,38.0372,74.9986,0.037792,159.75,0.276,61.675,2368.0,
dP.Me_dA.L.L.dP.Bn_Gly.F,CC(C)C[C@@H]1NC(=O)[C@@H](C)N(C)C(=O)[C@H]2CCCN2C(=O)[C@H](Cc2ccccc2)NC(=O)CN(Cc2ccccc2)C(=O)[C@H]2CCCN2C(=O)[C@H](CC(C)C)NC1=O,2061.0,298.15,104.9231,60.7537,44.1694,7.6453,44.1694,70.3291,0.044935,168.54,0.554,53.304,2061.0,
P.meA.L.Bn_Gly.P.dL.F,CC(C)C[C@@H]1NC(=O)[C@H](C)N(C)C(=O)[C@@H]2CCCN2C(=O)[C@H](Cc2ccccc2)NC(=O)[C@@H](CC(C)C)NC(=O)[C@@H]2CCCN2C(=O)CN(Cc2ccccc2)C1=O,2830.0,298.15,94.245,37.1313,57.1137,8.3251,57.1137,74.6059,0.059891,168.54,0.503,25.121,2830.0,
dP.bHph.L.meL.dP.Bn_Gly.F,CC(C)C[C@@H]1NC(=O)C[C@H](Cc2ccccc2)NC(=O)[C@H]2CCCN2C(=O)[C@H](Cc2ccccc2)NC(=O)CN(Cc2ccccc2)C(=O)[C@H]2CCCN2C(=O)[C@H](CC(C)C)N(C)C1=O,879.0,298.15,92.9819,43.1355,49.8464,9.4855,49.8464,63.644,0.046348,168.54000000000002,0.51,46.736,879.0,
dP.bHph.dL.bHph.dP.L.F,CC(C)C[C@@H]1NC(=O)[C@H]2CCCN2C(=O)C[C@H](Cc2ccccc2)NC(=O)[C@@H](CC(C)C)NC(=O)C[C@H](Cc2ccccc2)NC(=O)[C@H]2CCCN2C(=O)[C@H](Cc2ccccc2)NC1=O,2027.0,298.15,87.8203,37.8083,50.012,9.7566,50.012,51.4013,0.045216,186.12,0.526,36.92,2027.0,
F.cHexCH2_Gly.meL.Nle.dP.iBu_Gly,CCCC[C@@H]1NC(=O)[C@H](CC(C)C)N(C)C(=O)CN(CC2CCCCC2)C(=O)[C@H](Cc2ccccc2)NC(=O)CN(CC(C)C)C(=O)[C@H]2CCCN2C1=O,5485.0,298.15,80.2773,38.0552,42.2221,6.5312,42.2221,60.8893,0.041743,139.44,0.84,13.637,5485.0,
dP.bHph.L.Me_dL.P.L.F,CC(C)C[C@@H]1NC(=O)[C@@H]2CCCN2C(=O)[C@@H](CC(C)C)N(C)C(=O)[C@H](CC(C)C)NC(=O)C[C@H](Cc2ccccc2)NC(=O)[C@H]2CCCN2C(=O)[C@H](Cc2ccccc2)NC1=O,3665.0,298.15,95.7035,30.6266,65.0769,12.6607,65.0769,86.5327,0.060237,177.32999999999998,0.887,9.518,3665.0,
A.dL.L.P.L.F,CC(C)C[C@@H]1NC(=O)[C@@H]2CCCN2C(=O)[C@H](CC(C)C)NC(=O)[C@@H](CC(C)C)NC(=O)[C@H](C)NC(=O)[C@H](Cc2ccccc2)NC1=O,2828.0,298.15,103.1687,57.737,45.4317,7.4624,45.4317,90.0894,0.048746,165.81,0.239,64.752,2828.0,
dP.bHph.Me_dL.dL.P.dL.F,CC(C)C[C@@H]1C(=O)N[C@H](CC(C)C)C(=O)N2CCC[C@H]2C(=O)N[C@H](CC(C)C)C(=O)N[C@@H](Cc2ccccc2)C(=O)N2CCC[C@@H]2C(=O)N[C@@H](Cc2ccccc2)CC(=O)N1C,2075.0,298.15,67.827,31.5312,36.2958,6.4358,36.2958,46.6033,0.034781,177.33,0.118,72.5,2075.0,
meA.meL.bHph.dP.Bn_Gly.F,CC(C)C[C@H]1C(=O)N[C@@H](Cc2ccccc2)CC(=O)N2CCC[C@@H]2C(=O)N(Cc2ccccc2)CC(=O)N[C@@H](Cc2ccccc2)C(=O)N(C)[C@@H](C)C(=O)N1C,352.0,298.15,80.141,38.3347,41.8063,7.8074,41.8063,49.1792,0.043068,139.44,0.569,44.679,352.0,
P.bHph.meL.bHph.P.Bn_Gly.F,CC(C)C[C@H]1C(=O)N[C@@H](Cc2ccccc2)CC(=O)N2CCC[C@H]2C(=O)N(Cc2ccccc2)CC(=O)N[C@@H](Cc2ccccc2)C(=O)N2CCC[C@H]2C(=O)N[C@@H](Cc2ccccc2)CC(=O)N1C,1094.0,298.15,70.0142,36.7677,33.2465,7.8652,33.2465,52.667,0.029767,168.54,0.626,50.885,1094.0,
dP.dA.dL.dL.dP.dL.F,CC(C)C[C@H]1NC(=O)[C@H]2CCCN2C(=O)[C@@H](CC(C)C)NC(=O)[C@@H](CC(C)C)NC(=O)[C@@H](C)NC(=O)[C@H]2CCCN2C(=O)[C@H](Cc2ccccc2)NC1=O,1998.0,298.15,96.0385,53.0348,43.0037,9.9159,43.0037,56.4041,0.046167,186.12,0.245,74.796,1998.0,
dP.bHph.meL.bHph.dP.Me_dL.F,CC(C)C[C@@H]1C(=O)N[C@@H](Cc2ccccc2)C(=O)N2CCC[C@@H]2C(=O)N[C@@H](Cc2ccccc2)CC(=O)N(C)[C@@H](CC(C)C)C(=O)N[C@@H](Cc2ccccc2)CC(=O)N2CCC[C@@H]2C(=O)N1C,2296.0,298.15,78.8361,44.3907,34.4454,6.703,34.4454,55.687,0.030285,168.54000000000002,0.441,61.817,2296.0,
dP.Me_dA.Me_dL.meL.dP.Me_dL.F,CC(C)C[C@@H]1C(=O)N(C)[C@@H](CC(C)C)C(=O)N2CCC[C@@H]2C(=O)N(C)[C@H](CC(C)C)C(=O)N[C@@H](Cc2ccccc2)C(=O)N2CCC[C@@H]2C(=O)N(C)[C@H](C)C(=O)N1C,3386.0,298.15,71.1772,41.8149,29.3623,4.8989,29.3623,58.7896,0.028692,150.96,0.569,42.333,3386.0,
L.iBu_Gly.meL.L.dP.meY,CC(C)C[C@@H]1NC(=O)[C@H](Cc2ccc(O)cc2)N(C)C(=O)[C@H]2CCCN2C(=O)[C@H](CC(C)C)NC(=O)[C@H](CC(C)C)N(C)C(=O)CN(CC(C)C)C1=O,5800.0,298.15,94.9417,55.3591,39.5826,6.6408,39.5826,78.0332,0.040279,159.67,0.655,25.873,5800.0,
P.Me_dA.Me_dL.dL.P.L.F,CC(C)C[C@@H]1NC(=O)[C@@H]2CCCN2C(=O)[C@@H](CC(C)C)NC(=O)[C@@H](CC(C)C)N(C)C(=O)[C@@H](C)N(C)C(=O)[C@@H]2CCCN2C(=O)[C@H](Cc2ccccc2)NC1=O,2442.0,298.15,81.5738,43.4876,38.0862,8.8112,38.0862,54.1298,0.038011,168.54,0.19,75.315,2442.0,
dP.Me_dA.dL.bHph.P.meL.F,CC(C)C[C@H]1NC(=O)[C@@H](C)N(C)C(=O)[C@H]2CCCN2C(=O)[C@H](Cc2ccccc2)NC(=O)[C@H](CC(C)C)N(C)C(=O)[C@@H]2CCCN2C(=O)C[C@H](Cc2ccccc2)NC1=O,1784.0,298.15,90.6733,37.3148,53.3585,9.7981,53.3585,56.1434,0.056994,168.54,0.607,9.201,1784.0,
bHph.meL.Bn_Gly.P.dL.F,CC(C)C[C@H]1NC(=O)[C@@H]2CCCN2C(=O)CN(Cc2ccccc2)C(=O)[C@H](CC(C)C)N(C)C(=O)C[C@H](Cc2ccccc2)NC(=O)[C@H](Cc2ccccc2)NC1=O,1318.0,298.15,84.4204,35.5083,48.9121,10.2217,48.9121,51.2136,0.048558,148.23,0.423,59.125,1318.0,
Pr_Gly.dL.dL.dP.Me_dL.F,CCCN1CC(=O)N[C@H](CC(C)C)C(=O)N[C@H](CC(C)C)C(=O)N2CCC[C@@H]2C(=O)N(C)[C@H](CC(C)C)C(=O)N[C@@H](Cc2ccccc2)C1=O,4604.0,298.15,84.0736,42.5926,41.481,11.3178,41.481,79.8337,0.044522,148.23,0.762,11.05,4604.0,
dP.dAsn(Me2).L.dL.L.L,CC(C)C[C@@H]1NC(=O)[C@@H](CC(C)C)NC(=O)[C@H](CC(C)C)NC(=O)[C@@H](CC(=O)N(C)C)NC(=O)[C@H]2CCCN2C(=O)[C@H](CC(C)C)NC1=O,2885.0,298.15,95.1369,60.6359,34.501,6.1078,34.501,75.3029,0.037059,186.12,0.233,75.669,2885.0,
dF.Mono38.dL.Nle.P.Mono1,CCCC[C@@H]1NC(=O)[C@@H](CC(C)C)NC(=O)CN(CC2CCOCC2)C(=O)[C@@H](Cc2ccccc2)NC(=O)CN(Cc2ccc3c(c2)OCO3)C(=O)[C@@H]2CCCN2C1=O,6894.0,298.15,165.345,100.6391,64.7059,12.332,64.7059,142.4929,0.061928,175.92,1.015,9.948,6894.0,
P.Me_dA.Bn_Gly.bHph.dP.Bn_Gly.F,C[C@@H]1C(=O)N(Cc2ccccc2)CC(=O)N[C@@H](Cc2ccccc2)CC(=O)N2CCC[C@@H]2C(=O)N(Cc2ccccc2)CC(=O)N[C@@H](Cc2ccccc2)C(=O)N2CCC[C@H]2C(=O)N1C,1155.0,298.15,105.8548,58.2846,47.5702,12.6176,47.5702,82.3129,0.044795,159.75,0.503,17.433,1155.0,
P.A.dL.Bn_Gly.P.L.F,CC(C)C[C@@H]1NC(=O)[C@@H]2CCCN2C(=O)CN(Cc2ccccc2)C(=O)[C@@H](CC(C)C)NC(=O)[C@H](C)NC(=O)[C@@H]2CCCN2C(=O)[C@H](Cc2ccccc2)NC1=O,1835.0,298.15,111.0938,46.4539,64.6399,10.4515,64.6399,69.602,0.0658,177.32999999999998,0.498,26.77,1835.0,
dP.dA.dL.Bn_Gly.P.Me_dL.F,CC(C)C[C@@H]1C(=O)N[C@@H](Cc2ccccc2)C(=O)N2CCC[C@@H]2C(=O)N[C@H](C)C(=O)N[C@H](CC(C)C)C(=O)N(Cc2ccccc2)CC(=O)N2CCC[C@H]2C(=O)N1C,2675.0,298.15,97.2432,45.5682,51.675,13.7726,51.675,63.7813,0.05216,168.54000000000002,0.375,68.008,2675.0,
P.bHph.dL.bHph.dP.Bn_Gly.F,CC(C)C[C@H]1NC(=O)C[C@H](Cc2ccccc2)NC(=O)[C@@H]2CCCN2C(=O)[C@H](Cc2ccccc2)NC(=O)CN(Cc2ccccc2)C(=O)[C@H]2CCCN2C(=O)C[C@H](Cc2ccccc2)NC1=O,1289.0,298.15,97.2928,52.7644,44.5284,9.9277,44.5284,80.35,0.03865,177.33,0.697,40.311,1289.0,
dP.Me_dA.L.dL.P.dL.F,CC(C)C[C@@H]1NC(=O)[C@@H](C)N(C)C(=O)[C@H]2CCCN2C(=O)[C@H](Cc2ccccc2)NC(=O)[C@@H](CC(C)C)NC(=O)[C@@H]2CCCN2C(=O)[C@@H](CC(C)C)NC1=O,982.0,298.15,92.4573,43.7822,48.6751,10.8271,48.6751,52.5151,0.049707,177.32999999999998,0.18,71.492,982.0,
Pr_Gly.Me_dL.meL.P.Bn_Gly.F,CCCN1CC(=O)N(C)[C@H](CC(C)C)C(=O)N(C)[C@@H](CC(C)C)C(=O)N2CCC[C@H]2C(=O)N(Cc2ccccc2)CC(=O)N[C@@H](Cc2ccccc2)C1=O,1965.0,298.15,70.7768,33.2785,37.4983,9.2125,37.4983,65.0131,0.038,130.65,0.688,17.11,1965.0,
Me_dA.L.Bn_Gly.dP.meL.F,CC(C)C[C@@H]1NC(=O)[C@@H](C)N(C)C(=O)[C@H](Cc2ccccc2)NC(=O)[C@H](CC(C)C)N(C)C(=O)[C@H]2CCCN2C(=O)CN(Cc2ccccc2)C1=O,2739.0,298.15,91.5076,48.3996,43.108,6.8332,43.108,62.5331,0.045319,139.44,0.877,26.635,2739.0,
dA.dL.Bn_Gly.dP.dL.F,CC(C)C[C@H]1NC(=O)[C@H]2CCCN2C(=O)CN(Cc2ccccc2)C(=O)[C@@H](CC(C)C)NC(=O)[C@@H](C)NC(=O)[C@H](Cc2ccccc2)NC1=O,1892.0,298.15,89.5882,32.8246,56.7636,11.0638,56.7636,67.5155,0.062539,157.01999999999998,0.795,20.401,1892.0,
P.dA.Bn_Gly.dL.P.Me_dL.F,CC(C)C[C@@H]1C(=O)N[C@@H](Cc2ccccc2)C(=O)N2CCC[C@H]2C(=O)N[C@H](C)C(=O)N(Cc2ccccc2)CC(=O)N[C@H](CC(C)C)C(=O)N2CCC[C@H]2C(=O)N1C,4343.0,298.15,99.9296,59.6163,40.3133,6.0542,40.3133,69.9512,0.039693,168.54000000000002,0.701,32.098,4343.0,
Me_dA.Me_dL.dL.dP.Me_dL.F,CC(C)C[C@@H]1C(=O)N[C@H](CC(C)C)C(=O)N2CCC[C@@H]2C(=O)N(C)[C@H](CC(C)C)C(=O)N[C@@H](Cc2ccccc2)C(=O)N(C)[C@H](C)C(=O)N1C,1585.0,298.15,69.5335,21.9952,47.5383,10.0997,47.5383,37.1702,0.05139,139.44,0.379,55.525,1585.0,
A.cHexCH2_Gly.dL.Nle.dP.Mono1,CCCC[C@@H]1NC(=O)[C@@H](CC(C)C)NC(=O)CN(CC2CCCCC2)C(=O)[C@H](C)NC(=O)CN(Cc2ccc3c(c2)OCO3)C(=O)[C@H]2CCCN2C1=O,4347.0,298.15,133.2271,92.455,40.7721,8.9534,40.7721,124.4815,0.040583,166.69,1.014,10.335,4347.0,
L.dP.meY.L.Me_dL.meY,CC(C)C[C@@H]1NC(=O)[C@H](Cc2ccc(O)cc2)N(C)C(=O)[C@H]2CCCN2C(=O)[C@H](CC(C)C)NC(=O)[C@H](Cc2ccc(O)cc2)N(C)C(=O)[C@@H](CC(C)C)N(C)C1=O,5983.0,298.15,131.4924,73.6754,57.817,9.0093,57.817,100.2344,0.058736,179.89999999999998,0.666,19.425,5983.0,
P.meA.L.L.P.meL.F,CC(C)C[C@@H]1NC(=O)[C@H](C)N(C)C(=O)[C@@H]2CCCN2C(=O)[C@H](Cc2ccccc2)NC(=O)[C@H](CC(C)C)N(C)C(=O)[C@@H]2CCCN2C(=O)[C@H](CC(C)C)NC1=O,1301.0,298.15,110.5911,85.5666,25.0245,3.7098,25.0245,100.7559,0.025771,168.54,0.645,44.164,1301.0,
Me_dA.meL.Me_dL.dP.meL.F,CC(C)C[C@@H]1C(=O)N2CCC[C@@H]2C(=O)N(C)[C@@H](CC(C)C)C(=O)N[C@@H](Cc2ccccc2)C(=O)N(C)[C@H](C)C(=O)N(C)[C@@H](CC(C)C)C(=O)N1C,2366.0,298.15,71.0312,44.6956,26.3356,5.8979,26.3356,59.3563,0.028177,130.65,0.599,37.525,2366.0,
P.bHph.Bn_Gly.L.P.dL.F,CC(C)C[C@@H]1NC(=O)CN(Cc2ccccc2)C(=O)C[C@H](Cc2ccccc2)NC(=O)[C@@H]2CCCN2C(=O)[C@H](Cc2ccccc2)NC(=O)[C@@H](CC(C)C)NC(=O)[C@@H]2CCCN2C1=O,1312.0,298.15,105.9418,76.3095,29.6323,6.011,29.6323,95.1857,0.028281,177.32999999999998,0.645,28.979,1312.0,
Pr_Gly.meL.L.P.meL.F,CCCN1CC(=O)N(C)[C@@H](CC(C)C)C(=O)N[C@@H](CC(C)C)C(=O)N2CCC[C@H]2C(=O)N(C)[C@@H](CC(C)C)C(=O)N[C@@H](Cc2ccccc2)C1=O,4001.0,298.15,78.89,44.3807,34.5093,5.6426,34.5093,57.2692,0.036502,139.44,0.77,24.642,4001.0,
P.meA.Me_dL.Bn_Gly.P.dL.F,CC(C)C[C@@H]1C(=O)N(Cc2ccccc2)CC(=O)N2CCC[C@H]2C(=O)N[C@H](CC(C)C)C(=O)N[C@@H](Cc2ccccc2)C(=O)N2CCC[C@H]2C(=O)N(C)[C@@H](C)C(=O)N1C,3070.0,298.15,80.2849,47.2321,33.0528,5.7981,33.0528,59.7374,0.034412,159.75,0.981,11.231,3070.0,
dP.dA.Me_dL.dL.dP.Me_dL.F,CC(C)C[C@@H]1C(=O)N[C@@H](Cc2ccccc2)C(=O)N2CCC[C@@H]2C(=O)N[C@H](C)C(=O)N(C)[C@H](CC(C)C)C(=O)N[C@H](CC(C)C)C(=O)N2CCC[C@@H]2C(=O)N1C,4528.0,298.15,88.57,57.2641,31.3059,7.5826,31.3059,70.5465,0.031299,168.54000000000002,0.908,17.212,4528.0,
Pr_Gly.Me_dL.L.dP.Me_dL.F,CCCN1CC(=O)N(C)[C@H](CC(C)C)C(=O)N[C@@H](CC(C)C)C(=O)N2CCC[C@@H]2C(=O)N(C)[C@H](CC(C)C)C(=O)N[C@@H](Cc2ccccc2)C1=O,4498.0,298.15,60.5073,30.72,29.7873,6.0742,29.7873,52.9434,0.031025,139.44,0.614,33.949,4498.0,
Me_dA.L.Bn_Gly.P.L.F,CC(C)C[C@@H]1NC(=O)[C@@H]2CCCN2C(=O)CN(Cc2ccccc2)C(=O)[C@H](CC(C)C)NC(=O)[C@@H](C)N(C)C(=O)[C@H](Cc2ccccc2)NC1=O,1341.0,298.15,75.3536,32.9866,42.367,5.8687,42.367,63.9361,0.045029,148.23,0.371,29.358,1341.0,
dA.L.Me_dL.P.dL.F,CC(C)C[C@@H]1NC(=O)[C@@H](C)NC(=O)[C@H](Cc2ccccc2)NC(=O)[C@@H](CC(C)C)NC(=O)[C@@H]2CCCN2C(=O)[C@@H](CC(C)C)N(C)C1=O,3975.0,298.15,86.3804,46.1745,40.2059,7.151,40.2059,61.3873,0.043147,157.02,0.512,36.375,3975.0,
P.bHph.dL.meL.P.Bn_Gly.F,CC(C)C[C@H]1NC(=O)C[C@H](Cc2ccccc2)NC(=O)[C@@H]2CCCN2C(=O)[C@H](Cc2ccccc2)NC(=O)CN(Cc2ccccc2)C(=O)[C@@H]2CCCN2C(=O)[C@H](CC(C)C)N(C)C1=O,4468.0,298.15,105.5257,61.9204,43.6053,9.6836,43.6053,80.5607,0.04105,168.54000000000002,0.84,2.842,4468.0,
dP.bHph.L.bHph.dP.Me_dL.F,CC(C)C[C@@H]1NC(=O)C[C@H](Cc2ccccc2)NC(=O)[C@H]2CCCN2C(=O)[C@H](Cc2ccccc2)NC(=O)[C@@H](CC(C)C)N(C)C(=O)[C@H]2CCCN2C(=O)C[C@H](Cc2ccccc2)NC1=O,1684.0,298.15,102.3791,56.4074,45.9717,11.9987,45.9717,94.7762,0.042499,177.33,0.49,23.12,1684.0,
P.Me_dA.L.dL.P.Me_dL.F,CC(C)C[C@@H]1NC(=O)[C@@H](C)N(C)C(=O)[C@@H]2CCCN2C(=O)[C@H](Cc2ccccc2)NC(=O)[C@@H](CC(C)C)N(C)C(=O)[C@@H]2CCCN2C(=O)[C@@H](CC(C)C)NC1=O,4840.0,298.15,94.4267,63.4007,31.026,7.0814,31.026,87.5918,0.031604,168.54,1.219,20.523,4840.0,
Me_dV.dF.meL.dP.F.P,CC(C)C[C@H]1C(=O)N2CCC[C@@H]2C(=O)N[C@@H](Cc2ccccc2)C(=O)N2CCC[C@H]2C(=O)N(C)[C@H](C(C)C)C(=O)N[C@H](Cc2ccccc2)C(=O)N1C,2582.0,298.15,77.6838,27.9465,49.7373,6.9658,49.7373,55.4648,0.053671,139.44,0.765,27.955,2582.0,
dP.bHph.Bn_Gly.bHph.P.meL.F,CC(C)C[C@H]1C(=O)N[C@@H](Cc2ccccc2)C(=O)N2CCC[C@@H]2C(=O)N[C@@H](Cc2ccccc2)CC(=O)N(Cc2ccccc2)CC(=O)N[C@@H](Cc2ccccc2)CC(=O)N2CCC[C@H]2C(=O)N1C,3164.0,298.15,83.3514,31.5017,51.8497,11.5257,51.8497,44.2121,0.047226,168.54000000000002,0.587,21.428,3164.0,
F.cHexCH2_Gly.Me_dL.Nle.dP.Mono1,CCCC[C@@H]1NC(=O)[C@@H](CC(C)C)N(C)C(=O)CN(CC2CCCCC2)C(=O)[C@H](Cc2ccccc2)NC(=O)CN(Cc2ccc3c(c2)OCO3)C(=O)[C@H]2CCCN2C1=O,5498.0,298.15,121.4252,77.0168,44.4084,10.4915,44.4084,114.1636,0.04156,157.9,0.937,8.975,5498.0,
dA.L.meL.dP.Me_dL.F,CC(C)C[C@@H]1NC(=O)[C@@H](C)NC(=O)[C@H](Cc2ccccc2)NC(=O)[C@@H](CC(C)C)N(C)C(=O)[C@H]2CCCN2C(=O)[C@H](CC(C)C)N(C)C1=O,799.0,298.15,65.0612,37.7799,27.2813,5.952,27.2813,58.8225,0.030011,148.23000000000002,0.338,33.017,799.0,
A.pentyl_Gly.L.Nle.dP.Mono1,CCCCCN1CC(=O)N[C@@H](CC(C)C)C(=O)N[C@@H](CCCC)C(=O)N2CCC[C@@H]2C(=O)N(Cc2ccc3c(c2)OCO3)CC(=O)N[C@@H](C)C1=O,9415.0,298.15,150.957,79.3934,71.5636,11.1549,71.5636,120.8481,0.071887,166.69,1.046,1.533,9415.0,
P.Pr_Gly.Bn_Gly.bHph.P.L.F,CCCN1CC(=O)N(Cc2ccccc2)CC(=O)N[C@@H](Cc2ccccc2)CC(=O)N2CCC[C@H]2C(=O)N[C@@H](CC(C)C)C(=O)N[C@@H](Cc2ccccc2)C(=O)N2CCC[C@H]2C1=O,1782.0,298.15,107.1103,28.3133,78.797,25.0204,78.797,39.2291,0.075902,168.54,0.711,20.95,1782.0,
A.meL.bHph.P.Bn_Gly.F,CC(C)C[C@H]1C(=O)N[C@@H](Cc2ccccc2)CC(=O)N2CCC[C@H]2C(=O)N(Cc2ccccc2)CC(=O)N[C@@H](Cc2ccccc2)C(=O)N[C@@H](C)C(=O)N1C,1220.0,298.15,95.7804,68.6121,27.1683,6.9381,27.1683,81.5164,0.028057,148.23,0.873,28.048,1220.0,
A.L.bHph.P.L.F,CC(C)C[C@@H]1NC(=O)[C@H](C)NC(=O)[C@H](Cc2ccccc2)NC(=O)[C@H](CC(C)C)NC(=O)[C@@H]2CCCN2C(=O)C[C@H](Cc2ccccc2)NC1=O,1326.0,298.15,101.3435,43.1599,58.1836,11.8225,58.1836,65.9289,0.06071,165.81,0.541,36.025,1326.0,
P.dA.L.Bn_Gly.dP.meL.F,CC(C)C[C@@H]1NC(=O)[C@@H](C)NC(=O)[C@@H]2CCCN2C(=O)[C@H](Cc2ccccc2)NC(=O)[C@H](CC(C)C)N(C)C(=O)[C@H]2CCCN2C(=O)CN(Cc2ccccc2)C1=O,1027.0,298.15,101.9769,45.9745,56.0024,14.5761,56.0024,87.2688,0.057803,168.54000000000002,0.832,37.503,1027.0,
dP.bHph.L.dL.P.L.F,CC(C)C[C@@H]1NC(=O)C[C@H](Cc2ccccc2)NC(=O)[C@H]2CCCN2C(=O)[C@H](Cc2ccccc2)NC(=O)[C@H](CC(C)C)NC(=O)[C@@H]2CCCN2C(=O)[C@@H](CC(C)C)NC1=O,7079.0,298.15,95.9275,33.4025,62.525,13.9262,62.525,52.7762,0.060801,186.12,0.405,46.337,7079.0,
dP.Me_dA.dL.bHph.P.Bn_Gly.F,CC(C)C[C@H]1NC(=O)[C@@H](C)N(C)C(=O)[C@H]2CCCN2C(=O)[C@H](Cc2ccccc2)NC(=O)CN(Cc2ccccc2)C(=O)[C@@H]2CCCN2C(=O)C[C@H](Cc2ccccc2)NC1=O,1939.0,298.15,114.6913,44.4288,70.2625,13.4603,70.2625,65.1376,0.070057,168.54,0.535,13.836,1939.0,
dP.bHph.meL.bHph.P.meL.F,CC(C)C[C@H]1C(=O)N[C@@H](Cc2ccccc2)CC(=O)N2CCC[C@H]2C(=O)N(C)[C@@H](CC(C)C)C(=O)N[C@@H](Cc2ccccc2)C(=O)N2CCC[C@@H]2C(=O)N[C@@H](Cc2ccccc2)CC(=O)N1C,1828.0,298.15,90.5495,41.5662,48.9833,7.6704,48.9833,65.0169,0.047691,168.54,0.292,33.52,1828.0,
dP.dA.dL.dL.dP.L.F,CC(C)C[C@@H]1NC(=O)[C@H]2CCCN2C(=O)[C@@H](CC(C)C)NC(=O)[C@@H](CC(C)C)NC(=O)[C@@H](C)NC(=O)[C@H]2CCCN2C(=O)[C@H](Cc2ccccc2)NC1=O,751.0,298.15,110.718,50.0906,60.6274,9.1529,60.6274,77.9445,0.064744,186.12,0.217,74.497,751.0,
P.bHph.Me_dL.dL.dP.L.F,CC(C)C[C@@H]1NC(=O)[C@H]2CCCN2C(=O)[C@@H](CC(C)C)NC(=O)[C@@H](CC(C)C)N(C)C(=O)C[C@H](Cc2ccccc2)NC(=O)[C@@H]2CCCN2C(=O)[C@H](Cc2ccccc2)NC1=O,1803.0,298.15,98.7019,63.7914,34.9105,6.05,34.9105,85.3473,0.031559,177.32999999999998,0.344,62.908,1803.0,
dP.bHph.dL.dL.P.L.F,CC(C)C[C@@H]1NC(=O)[C@@H]2CCCN2C(=O)[C@@H](CC(C)C)NC(=O)[C@@H](CC(C)C)NC(=O)C[C@H](Cc2ccccc2)NC(=O)[C@H]2CCCN2C(=O)[C@H](Cc2ccccc2)NC1=O,4833.0,298.15,95.3361,41.0578,54.2783,11.7837,54.2783,75.1019,0.051537,186.12,0.336,44.091,4833.0,
dP.bHph.dL.L.P.Me_dL.F,CC(C)C[C@@H]1NC(=O)[C@@H](CC(C)C)NC(=O)C[C@H](Cc2ccccc2)NC(=O)[C@H]2CCCN2C(=O)[C@H](Cc2ccccc2)NC(=O)[C@@H](CC(C)C)N(C)C(=O)[C@@H]2CCCN2C1=O,3248.0,298.15,81.2808,46.2766,35.0042,7.5209,35.0042,55.9442,0.032983,177.33,0.187,68.933,3248.0,
dP.A.L.dL.dP.L.F,CC(C)C[C@@H]1NC(=O)[C@H](C)NC(=O)[C@H]2CCCN2C(=O)[C@H](Cc2ccccc2)NC(=O)[C@H](CC(C)C)NC(=O)[C@H]2CCCN2C(=O)[C@@H](CC(C)C)NC1=O,589.0,298.15,88.0917,61.077,27.0147,5.0494,27.0147,83.0959,0.028797,186.12,0.093,84.377,589.0,
dP.A.Bn_Gly.Bn_Gly.dP.L.F,CC(C)C[C@@H]1NC(=O)[C@H]2CCCN2C(=O)CN(Cc2ccccc2)C(=O)CN(Cc2ccccc2)C(=O)[C@H](C)NC(=O)[C@H]2CCCN2C(=O)[C@H](Cc2ccccc2)NC1=O,1342.0,298.15,97.2351,50.9896,46.2455,9.5207,46.2455,60.1213,0.046571,168.54,0.553,6.377,1342.0,
dP.Pr_Gly.L.meL.dP.dL.F,CCCN1CC(=O)N[C@@H](CC(C)C)C(=O)N(C)[C@@H](CC(C)C)C(=O)N2CCC[C@@H]2C(=O)N[C@H](CC(C)C)C(=O)N[C@@H](Cc2ccccc2)C(=O)N2CCC[C@@H]2C1=O,4588.0,298.15,109.8348,46.0405,63.7943,15.0913,63.7943,54.5792,0.064612,168.54,0.384,62.174,4588.0,
meA.L.L.P.Me_dL.F,CC(C)C[C@@H]1NC(=O)[C@H](C)N(C)C(=O)[C@H](Cc2ccccc2)NC(=O)[C@@H](CC(C)C)N(C)C(=O)[C@@H]2CCCN2C(=O)[C@H](CC(C)C)NC1=O,2481.0,298.15,82.3406,46.6639,35.6767,7.8976,35.6767,72.4557,0.038973,148.23,0.682,24.03,2481.0,
P.bHph.meL.bHph.dP.L.F,CC(C)C[C@@H]1NC(=O)[C@H]2CCCN2C(=O)C[C@H](Cc2ccccc2)NC(=O)[C@H](CC(C)C)N(C)C(=O)C[C@H](Cc2ccccc2)NC(=O)[C@@H]2CCCN2C(=O)[C@H](Cc2ccccc2)NC1=O,3338.0,298.15,76.7894,29.3098,47.4796,9.4882,47.4796,60.4267,0.042817,177.32999999999998,0.584,43.257,3338.0,
dP.dA.L.Me_dL.dP.meL.F,CC(C)C[C@@H]1NC(=O)[C@@H](C)NC(=O)[C@H]2CCCN2C(=O)[C@H](Cc2ccccc2)NC(=O)[C@H](CC(C)C)N(C)C(=O)[C@H]2CCCN2C(=O)[C@@H](CC(C)C)N(C)C1=O,767.0,298.15,86.7209,59.8647,26.8562,5.3277,26.8562,68.7682,0.028901,168.54000000000002,0.409,46.533,767.0,
meA.dL.L.P.Me_dL.F,CC(C)C[C@@H]1NC(=O)[C@@H](CC(C)C)NC(=O)[C@H](C)N(C)C(=O)[C@H](Cc2ccccc2)NC(=O)[C@@H](CC(C)C)N(C)C(=O)[C@@H]2CCCN2C1=O,2799.0,298.15,71.8011,39.3021,32.499,6.4438,32.499,55.5786,0.035135,148.23000000000002,0.692,33.067,2799.0,
P.dA.Bn_Gly.bHph.P.Me_dL.F,CC(C)C[C@@H]1C(=O)N[C@@H](Cc2ccccc2)C(=O)N2CCC[C@H]2C(=O)N[C@H](C)C(=O)N(Cc2ccccc2)CC(=O)N[C@@H](Cc2ccccc2)CC(=O)N2CCC[C@H]2C(=O)N1C,1190.0,298.15,104.8746,59.4865,45.3881,9.1739,45.3881,79.2696,0.044353,168.54000000000002,0.725,29.014,1190.0,
L.dAbu.L.L.dP.Y,CC[C@H]1NC(=O)[C@H](CC(C)C)NC(=O)[C@H](Cc2ccc(O)cc2)NC(=O)[C@H]2CCCN2C(=O)[C@H](CC(C)C)NC(=O)[C@H](CC(C)C)NC1=O,4360.0,298.15,128.4187,73.9347,54.484,9.3637,54.484,89.8423,0.060151,186.04,0.263,51.521,4360.0,
bHph.dL.Bn_Gly.dP.Bn_Gly.F,CC(C)C[C@H]1NC(=O)C[C@H](Cc2ccccc2)NC(=O)[C@H](Cc2ccccc2)NC(=O)CN(Cc2ccccc2)C(=O)[C@H]2CCCN2C(=O)CN(Cc2ccccc2)C1=O,979.0,298.15,85.9353,37.6943,48.241,11.4723,48.241,53.364,0.04742,148.23000000000002,0.712,24.963,979.0,
dP.Pr_Gly.L.dL.dP.dL.F,CCCN1CC(=O)N[C@@H](CC(C)C)C(=O)N[C@H](CC(C)C)C(=O)N2CCC[C@@H]2C(=O)N[C@H](CC(C)C)C(=O)N[C@@H](Cc2ccccc2)C(=O)N2CCC[C@@H]2C1=O,2783.0,298.15,131.4227,91.769,39.6537,8.848,39.6537,120.9488,0.03955,177.32999999999998,0.243,55.259,2783.0,
dP.dA.Bn_Gly.Bn_Gly.dP.L.F,CC(C)C[C@@H]1NC(=O)[C@H]2CCCN2C(=O)CN(Cc2ccccc2)C(=O)CN(Cc2ccccc2)C(=O)[C@@H](C)NC(=O)[C@H]2CCCN2C(=O)[C@H](Cc2ccccc2)NC1=O,964.0,298.15,86.4553,48.7775,37.6778,7.3088,37.6778,76.5944,0.037247,168.54,0.581,11.709,964.0,
F.cHexCH2_Gly.meL.Nle.dP.Bn(4-Cl)_Gly,CCCC[C@@H]1NC(=O)[C@H](CC(C)C)N(C)C(=O)CN(CC2CCCCC2)C(=O)[C@H](Cc2ccccc2)NC(=O)CN(Cc2ccc(Cl)cc2)C(=O)[C@H]2CCCN2C1=O,3671.0,298.15,72.5013,36.5516,35.9497,7.5391,35.9497,61.7299,0.033621,139.44,0.805,11.197,3671.0,
Me_dA.dL.dL.P.dL.F,CC(C)C[C@H]1NC(=O)[C@@H](C)N(C)C(=O)[C@H](Cc2ccccc2)NC(=O)[C@@H](CC(C)C)NC(=O)[C@@H]2CCCN2C(=O)[C@@H](CC(C)C)NC1=O,2973.0,298.15,96.3742,48.6191,47.7551,9.8592,47.7551,61.2963,0.052258,157.02,0.116,85.044,2973.0,
P.A.Me_dL.dL.dP.Me_dL.F,CC(C)C[C@@H]1C(=O)N[C@H](CC(C)C)C(=O)N2CCC[C@@H]2C(=O)N(C)[C@H](CC(C)C)C(=O)N[C@@H](Cc2ccccc2)C(=O)N2CCC[C@H]2C(=O)N[C@@H](C)C(=O)N1C,1221.0,298.15,87.0265,53.7095,33.317,6.0002,33.317,69.837,0.033847,168.54,0.746,42.28,1221.0,
dP.dPye.Cha.dL.Hph.L,CC(C)C[C@@H]1NC(=O)[C@H](CCc2ccccc2)NC(=O)[C@@H](CC(C)C)NC(=O)[C@H](CC2CCCCC2)NC(=O)[C@@H](CCC(=O)N2CCCC2)NC(=O)[C@H]2CCCN2C1=O,1323.0,298.15,74.3977,41.4436,32.9541,6.7631,32.9541,52.7304,0.031894,186.12,0.593,21.329,1323.0,
dP.meA.Bn_Gly.bHph.dP.L.F,CC(C)C[C@@H]1NC(=O)[C@H]2CCCN2C(=O)C[C@H](Cc2ccccc2)NC(=O)CN(Cc2ccccc2)C(=O)[C@H](C)N(C)C(=O)[C@H]2CCCN2C(=O)[C@H](Cc2ccccc2)NC1=O,578.0,298.15,88.9513,47.3455,41.6058,8.2111,41.6058,67.2001,0.042006,168.54,0.625,31.592,578.0,
Pr_Gly.dL.L.dP.dL.F,CCCN1CC(=O)N[C@H](CC(C)C)C(=O)N[C@@H](CC(C)C)C(=O)N2CCC[C@@H]2C(=O)N[C@H](CC(C)C)C(=O)N[C@@H](Cc2ccccc2)C1=O,3816.0,298.15,76.5918,36.3337,40.2581,8.2085,40.2581,56.9512,0.04376,157.01999999999998,0.319,67.664,3816.0,
dP.dA.meL.L.P.meL.F,CC(C)C[C@@H]1NC(=O)[C@H](CC(C)C)N(C)C(=O)[C@@H](C)NC(=O)[C@H]2CCCN2C(=O)[C@H](Cc2ccccc2)NC(=O)[C@H](CC(C)C)N(C)C(=O)[C@@H]2CCCN2C1=O,2216.0,298.15,96.7695,53.6723,43.0972,10.8083,43.0972,58.662,0.04566,168.54,0.212,74.901,2216.0,
P.G.L.V.I.Y,CC[C@H](C)[C@@H]1NC(=O)[C@H](C(C)C)NC(=O)[C@H](CC(C)C)NC(=O)CNC(=O)[C@@H]2CCCN2C(=O)[C@H](Cc2ccc(O)cc2)NC1=O,1005.0,298.15,127.559,97.3267,30.2323,5.853,30.2323,114.0554,0.035486,186.04,0.499,28.76,1005.0,
dP.meA.dL.Bn_Gly.dP.Me_dL.F,CC(C)C[C@@H]1C(=O)N[C@@H](Cc2ccccc2)C(=O)N2CCC[C@@H]2C(=O)N(C)[C@@H](C)C(=O)N[C@H](CC(C)C)C(=O)N(Cc2ccccc2)CC(=O)N2CCC[C@@H]2C(=O)N1C,1725.0,298.15,79.5981,45.6076,33.9905,6.1517,33.9905,63.9246,0.035005,159.75,0.307,68.914,1725.0,
dP.dPye.Cha.dL.L.L,CC(C)C[C@@H]1NC(=O)[C@@H](CC(C)C)NC(=O)[C@H](CC2CCCCC2)NC(=O)[C@@H](CCC(=O)N2CCCC2)NC(=O)[C@H]2CCCN2C(=O)[C@H](CC(C)C)NC1=O,1643.0,298.15,74.0786,46.1365,27.9421,5.9453,27.9421,52.6884,0.027439,186.12,0.242,57.108,1643.0,
dP.dL.L.dPye.L.L,CC(C)C[C@@H]1NC(=O)[C@@H](CCC(=O)N2CCCC2)NC(=O)[C@H](CC(C)C)NC(=O)[C@@H](CC(C)C)NC(=O)[C@H]2CCCN2C(=O)[C@H](CC(C)C)NC1=O,2601.0,298.15,104.2431,64.9291,39.314,9.8534,39.314,73.8904,0.040265,186.12,0.121,78.841,2601.0,
Me_dA.Me_dL.L.dP.Me_dL.F,CC(C)C[C@@H]1NC(=O)[C@@H](CC(C)C)N(C)C(=O)[C@@H](C)N(C)C(=O)[C@H](Cc2ccccc2)NC(=O)[C@@H](CC(C)C)N(C)C(=O)[C@H]2CCCN2C1=O,3361.0,298.15,71.1943,24.8027,46.3916,11.1674,46.3916,52.3631,0.04935,139.44,0.866,14.091,3361.0,
bHph.Bn_Gly.Bn_Gly.P.Bn_Gly.F,O=C1CN(Cc2ccccc2)C(=O)[C@@H]2CCCN2C(=O)CN(Cc2ccccc2)C(=O)CN(Cc2ccccc2)C(=O)C[C@H](Cc2ccccc2)NC(=O)[C@H](Cc2ccccc2)N1,380.0,298.15,87.0785,45.0852,41.9933,10.1363,41.9933,75.0353,0.041975,139.44,0.553,27.898,380.0,
P.meA.meL.Me_dL.P.Me_dL.F,CC(C)C[C@@H]1C(=O)N2CCC[C@H]2C(=O)N(C)[C@H](CC(C)C)C(=O)N[C@@H](Cc2ccccc2)C(=O)N2CCC[C@H]2C(=O)N(C)[C@@H](C)C(=O)N(C)[C@@H](CC(C)C)C(=O)N1C,2153.0,298.15,70.6061,44.1216,26.4845,4.1757,26.4845,61.7729,0.027057,150.96,0.403,52.252,2153.0,
dP.Pr_Gly.dL.bHph.P.Me_dL.F,CCCN1CC(=O)N[C@H](CC(C)C)C(=O)N[C@@H](Cc2ccccc2)CC(=O)N2CCC[C@H]2C(=O)N(C)[C@H](CC(C)C)C(=O)N[C@@H](Cc2ccccc2)C(=O)N2CCC[C@@H]2C1=O,2921.0,298.15,109.9619,50.521,59.4409,7.3526,59.4409,69.3092,0.056832,168.54,0.395,66.324,2921.0,
P.Pr_Gly.Me_dL.Bn_Gly.dP.L.F,CCCN1CC(=O)N(C)[C@H](CC(C)C)C(=O)N(Cc2ccccc2)CC(=O)N2CCC[C@@H]2C(=O)N[C@@H](CC(C)C)C(=O)N[C@@H](Cc2ccccc2)C(=O)N2CCC[C@H]2C1=O,6336.0,298.15,82.5626,46.2529,36.3097,6.9783,36.3097,75.0392,0.038007,159.75,0.468,56.592,6336.0,
Me_dA.L.meL.dP.Me_dL.F,CC(C)C[C@@H]1NC(=O)[C@@H](C)N(C)C(=O)[C@H](Cc2ccccc2)NC(=O)[C@@H](CC(C)C)N(C)C(=O)[C@H]2CCCN2C(=O)[C@H](CC(C)C)N(C)C1=O,787.0,298.15,63.263,29.1666,34.0964,5.8919,34.0964,40.1258,0.037812,139.44,0.26,65.609,787.0,
dP.meA.L.meL.dP.meL.F,CC(C)C[C@@H]1NC(=O)[C@H](C)N(C)C(=O)[C@H]2CCCN2C(=O)[C@H](Cc2ccccc2)NC(=O)[C@H](CC(C)C)N(C)C(=O)[C@H]2CCCN2C(=O)[C@H](CC(C)C)N(C)C1=O,1477.0,298.15,62.5514,34.0816,28.4698,5.0198,28.4698,41.4297,0.029282,159.75,0.539,34.637,1477.0,
meA.Me_dL.bHph.dP.dL.F,CC(C)C[C@@H]1C(=O)N[C@@H](Cc2ccccc2)CC(=O)N2CCC[C@@H]2C(=O)N[C@H](CC(C)C)C(=O)N[C@@H](Cc2ccccc2)C(=O)N(C)[C@@H](C)C(=O)N1C,2072.0,298.15,87.4933,40.1594,47.3339,10.9135,47.3339,66.1186,0.050431,148.23000000000002,0.36,42.09,2072.0,
dP.Me_dA.dL.bHph.P.Me_dL.F,CC(C)C[C@@H]1C(=O)N[C@@H](Cc2ccccc2)C(=O)N2CCC[C@@H]2C(=O)N(C)[C@H](C)C(=O)N[C@H](CC(C)C)C(=O)N[C@@H](Cc2ccccc2)CC(=O)N2CCC[C@H]2C(=O)N1C,2909.0,298.15,107.0555,43.1928,63.8627,13.4782,63.8627,63.9759,0.061836,168.54,0.345,54.844,2909.0,
Pr_Gly.Bn_Gly.Me_dL.dP.Me_dL.F,CCCN1CC(=O)N(Cc2ccccc2)CC(=O)N(C)[C@H](CC(C)C)C(=O)N2CCC[C@@H]2C(=O)N(C)[C@H](CC(C)C)C(=O)N[C@@H](Cc2ccccc2)C1=O,1212.0,298.15,78.8707,27.0004,51.8703,11.2282,51.8703,46.0969,0.055,130.65,0.43,15.114,1212.0,
dP.A.L.Me_dL.dP.meL.F,CC(C)C[C@@H]1NC(=O)[C@H](C)NC(=O)[C@H]2CCCN2C(=O)[C@H](Cc2ccccc2)NC(=O)[C@H](CC(C)C)N(C)C(=O)[C@H]2CCCN2C(=O)[C@@H](CC(C)C)N(C)C1=O,2661.0,298.15,102.41,36.6025,65.8075,13.0616,65.8075,42.5086,0.066977,168.54000000000002,0.64,42.437,2661.0,
bHph.Me_dL.Bn_Gly.P.dL.F,CC(C)C[C@@H]1C(=O)N(Cc2ccccc2)CC(=O)N2CCC[C@H]2C(=O)N[C@H](CC(C)C)C(=O)N[C@@H](Cc2ccccc2)C(=O)N[C@@H](Cc2ccccc2)CC(=O)N1C,2085.0,298.15,85.5275,42.9079,42.6196,11.0946,42.6196,51.0593,0.041989,148.23,0.457,36.865,2085.0,
meA.Bn_Gly.bHph.P.dL.F,CC(C)C[C@H]1NC(=O)[C@@H]2CCCN2C(=O)C[C@H](Cc2ccccc2)NC(=O)CN(Cc2ccccc2)C(=O)[C@H](C)N(C)C(=O)[C@H](Cc2ccccc2)NC1=O,1266.0,298.15,97.0545,42.4711,54.5834,10.3396,54.5834,62.6061,0.055268,148.23,0.408,35.777,1266.0,
Pr_Gly.L.L.P.dL.F,CCCN1CC(=O)N[C@@H](CC(C)C)C(=O)N[C@@H](CC(C)C)C(=O)N2CCC[C@H]2C(=O)N[C@H](CC(C)C)C(=O)N[C@@H](Cc2ccccc2)C1=O,4395.0,298.15,90.4397,54.6011,35.8386,6.9764,35.8386,82.6271,0.038555,157.01999999999998,0.363,47.657,4395.0,
dP.dA.meL.bHph.P.meL.F,CC(C)C[C@H]1C(=O)N[C@@H](Cc2ccccc2)CC(=O)N2CCC[C@H]2C(=O)N(C)[C@@H](CC(C)C)C(=O)N[C@@H](Cc2ccccc2)C(=O)N2CCC[C@@H]2C(=O)N[C@H](C)C(=O)N1C,288.0,298.15,79.5788,51.1229,28.4559,5.6019,28.4559,64.0383,0.02933,168.54,0.189,50.497,288.0,
dP.Me_dA.dL.dL.dP.Me_dL.F,CC(C)C[C@@H]1C(=O)N[C@@H](Cc2ccccc2)C(=O)N2CCC[C@@H]2C(=O)N(C)[C@H](C)C(=O)N[C@H](CC(C)C)C(=O)N[C@H](CC(C)C)C(=O)N2CCC[C@@H]2C(=O)N1C,1247.0,298.15,91.8193,43.425,48.3943,9.0192,48.3943,65.7371,0.049851,168.54,0.435,49.033,1247.0,
dP.meA.Bn_Gly.meL.dP.L.F,CC(C)C[C@@H]1NC(=O)[C@H]2CCCN2C(=O)[C@H](CC(C)C)N(C)C(=O)CN(Cc2ccccc2)C(=O)[C@H](C)N(C)C(=O)[C@H]2CCCN2C(=O)[C@H](Cc2ccccc2)NC1=O,2743.0,298.15,84.5921,45.0709,39.5212,6.9985,39.5212,73.6492,0.038081,159.75,0.298,61.921,2743.0,
dP.A.Me_dL.dL.P.Me_dL.F,CC(C)C[C@@H]1C(=O)N[C@H](CC(C)C)C(=O)N2CCC[C@H]2C(=O)N(C)[C@H](CC(C)C)C(=O)N[C@@H](Cc2ccccc2)C(=O)N2CCC[C@@H]2C(=O)N[C@@H](C)C(=O)N1C,1469.0,298.15,61.2254,38.3926,22.8328,4.6221,22.8328,50.266,0.024188,168.54,0.095,84.925,1469.0,
meA.L.L.dP.dL.F,CC(C)C[C@@H]1NC(=O)[C@H](C)N(C)C(=O)[C@H](Cc2ccccc2)NC(=O)[C@@H](CC(C)C)NC(=O)[C@H]2CCCN2C(=O)[C@H](CC(C)C)NC1=O,2070.0,298.15,78.8647,30.2082,48.6565,13.1092,48.6565,46.4217,0.05317,157.02,0.457,32.119,2070.0,
A.cHexCH2_Gly.L.Nle.P.Et_Gly,CCCC[C@@H]1NC(=O)[C@H](CC(C)C)NC(=O)CN(CC2CCCCC2)C(=O)[C@H](C)NC(=O)CN(CC)C(=O)[C@@H]2CCCN2C1=O,4579.0,298.15,103.9701,69.0132,34.9569,7.7208,34.9569,96.1247,0.038732,148.23000000000002,0.831,14.006,4579.0,
P.meA.dL.bHph.P.L.F,CC(C)C[C@@H]1NC(=O)[C@@H]2CCCN2C(=O)C[C@H](Cc2ccccc2)NC(=O)[C@@H](CC(C)C)NC(=O)[C@H](C)N(C)C(=O)[C@@H]2CCCN2C(=O)[C@H](Cc2ccccc2)NC1=O,2771.0,298.15,96.1592,31.4936,64.6656,14.966,64.6656,47.8356,0.064603,177.33,0.212,67.136,2771.0,
Me_dA.dL.Bn_Gly.dP.L.F,CC(C)C[C@@H]1NC(=O)[C@H]2CCCN2C(=O)CN(Cc2ccccc2)C(=O)[C@@H](CC(C)C)NC(=O)[C@@H](C)N(C)C(=O)[C@H](Cc2ccccc2)NC1=O,2554.0,298.15,85.7273,39.6651,46.0622,11.6199,46.0622,62.0949,0.050782,148.23,0.535,56.832,2554.0,
dP.Pr_Gly.dL.L.dP.dL.F,CCCN1CC(=O)N[C@H](CC(C)C)C(=O)N[C@@H](CC(C)C)C(=O)N2CCC[C@@H]2C(=O)N[C@H](CC(C)C)C(=O)N[C@@H](Cc2ccccc2)C(=O)N2CCC[C@@H]2C1=O,4685.0,298.15,115.1125,45.8756,69.2369,13.6792,69.2369,71.6135,0.071328,177.32999999999998,0.272,55.753,4685.0,
A.meL.bHph.P.dL.F,CC(C)C[C@H]1NC(=O)[C@@H]2CCCN2C(=O)C[C@H](Cc2ccccc2)NC(=O)[C@H](CC(C)C)N(C)C(=O)[C@H](C)NC(=O)[C@H](Cc2ccccc2)NC1=O,1829.0,298.15,93.2777,31.8135,61.4642,10.6041,61.4642,73.3864,0.063783,157.01999999999998,0.27,51.35,1829.0,
dP.Pr_Gly.L.Bn_Gly.P.L.F,CCCN1CC(=O)N[C@@H](CC(C)C)C(=O)N(Cc2ccccc2)CC(=O)N2CCC[C@H]2C(=O)N[C@@H](CC(C)C)C(=O)N[C@@H](Cc2ccccc2)C(=O)N2CCC[C@@H]2C1=O,1498.0,298.15,84.5198,49.2915,35.2283,6.8863,35.2283,66.3893,0.034369,168.54,0.543,24.784,1498.0,
dP.bHph.meL.L.P.L.F,CC(C)C[C@@H]1NC(=O)[C@@H]2CCCN2C(=O)[C@H](CC(C)C)NC(=O)[C@H](CC(C)C)N(C)C(=O)C[C@H](Cc2ccccc2)NC(=O)[C@H]2CCCN2C(=O)[C@H](Cc2ccccc2)NC1=O,5264.0,298.15,92.2659,49.352,42.9139,8.0691,42.9139,70.3338,0.040232,177.32999999999998,0.352,65.966,5264.0,
dP.dA.meL.L.dP.Me_dL.F,CC(C)C[C@@H]1NC(=O)[C@H](CC(C)C)N(C)C(=O)[C@@H](C)NC(=O)[C@H]2CCCN2C(=O)[C@H](Cc2ccccc2)NC(=O)[C@@H](CC(C)C)N(C)C(=O)[C@H]2CCCN2C1=O,3181.0,298.15,90.7168,49.0237,41.6931,9.3585,41.6931,71.1709,0.044083,168.54,0.889,14.489,3181.0,
A.cHexCH2_Gly.dL.Nle.dP.Mono34,CCCC[C@@H]1NC(=O)[C@@H](CC(C)C)NC(=O)CN(CC2CCCCC2)C(=O)[C@H](C)NC(=O)CN(CCCOC(C)C)C(=O)[C@H]2CCCN2C1=O,8116.0,298.15,95.7336,60.4184,35.3152,6.7557,35.3152,74.0197,0.037143,157.46,0.365,66.321,8116.0,
P.A.Me_dL.bHph.P.meL.F,CC(C)C[C@@H]1C(=O)N[C@@H](Cc2ccccc2)CC(=O)N2CCC[C@H]2C(=O)N(C)[C@@H](CC(C)C)C(=O)N[C@@H](Cc2ccccc2)C(=O)N2CCC[C@H]2C(=O)N[C@@H](C)C(=O)N1C,2442.0,298.15,105.784,48.4726,57.3114,11.3995,57.3114,73.3998,0.054227,168.54,1.057,33.389,2442.0,
P.bHph.L.Me_dL.P.Me_dL.F,CC(C)C[C@@H]1NC(=O)C[C@H](Cc2ccccc2)NC(=O)[C@@H]2CCCN2C(=O)[C@H](Cc2ccccc2)NC(=O)[C@@H](CC(C)C)N(C)C(=O)[C@@H]2CCCN2C(=O)[C@@H](CC(C)C)N(C)C1=O,2004.0,298.15,72.0373,35.6339,36.4034,8.2403,36.4034,59.1481,0.033138,168.54000000000002,0.225,81.133,2004.0,
P.meA.dL.dL.P.dL.F,CC(C)C[C@H]1NC(=O)[C@H](C)N(C)C(=O)[C@@H]2CCCN2C(=O)[C@H](Cc2ccccc2)NC(=O)[C@@H](CC(C)C)NC(=O)[C@@H]2CCCN2C(=O)[C@@H](CC(C)C)NC1=O,3697.0,298.15,92.9395,37.864,55.0755,16.3142,55.0755,43.2681,0.057969,177.32999999999998,0.148,83.206,3697.0,
"dP.Sta.meL.meL.Sta(3R,4R).meL",CC(C)C[C@@H]1NC(=O)[C@H]2CCCN2C(=O)[C@H](CC(C)C)N(C)C(=O)C[C@@H](O)[C@@H](CC(C)C)NC(=O)[C@H](CC(C)C)N(C)C(=O)[C@H](CC(C)C)N(C)C(=O)C[C@@H]1O,2608.0,298.15,87.0709,58.6789,28.392,5.2639,28.392,67.4364,0.026252,179.9,0.486,47.102,2608.0,
P.bHph.meL.bHph.P.Me_dL.F,CC(C)C[C@@H]1C(=O)N[C@@H](Cc2ccccc2)C(=O)N2CCC[C@H]2C(=O)N[C@@H](Cc2ccccc2)CC(=O)N(C)[C@@H](CC(C)C)C(=O)N[C@@H](Cc2ccccc2)CC(=O)N2CCC[C@H]2C(=O)N1C,1989.0,298.15,94.664,46.8846,47.7794,7.3369,47.7794,57.8646,0.043257,168.54000000000002,0.142,86.906,1989.0,
Pr_Gly.Me_dL.L.dP.meL.F,CCCN1CC(=O)N(C)[C@H](CC(C)C)C(=O)N[C@@H](CC(C)C)C(=O)N2CCC[C@@H]2C(=O)N(C)[C@@H](CC(C)C)C(=O)N[C@@H](Cc2ccccc2)C1=O,5547.0,298.15,67.2117,42.3193,24.8924,5.5477,24.8924,56.1653,0.026069,139.44,0.655,27.77,5547.0,
meA.meL.L.dP.dL.F,CC(C)C[C@@H]1NC(=O)[C@H](CC(C)C)N(C)C(=O)[C@H](C)N(C)C(=O)[C@H](Cc2ccccc2)NC(=O)[C@@H](CC(C)C)NC(=O)[C@H]2CCCN2C1=O,1675.0,298.15,73.7222,33.3418,40.3804,9.6767,40.3804,56.7616,0.044879,148.23,0.372,45.411,1675.0,
dP.meA.dL.meL.dP.Bn_Gly.F,CC(C)C[C@H]1NC(=O)[C@H](C)N(C)C(=O)[C@H]2CCCN2C(=O)[C@H](Cc2ccccc2)NC(=O)CN(Cc2ccccc2)C(=O)[C@H]2CCCN2C(=O)[C@H](CC(C)C)N(C)C1=O,1786.0,298.15,78.679,46.5044,32.1746,6.651,32.1746,55.3144,0.03286,159.75,0.268,70.061,1786.0,
dA.L.dL.P.dL.F,CC(C)C[C@@H]1NC(=O)[C@@H](C)NC(=O)[C@H](Cc2ccccc2)NC(=O)[C@@H](CC(C)C)NC(=O)[C@@H]2CCCN2C(=O)[C@@H](CC(C)C)NC1=O,1363.0,298.15,85.6884,55.5708,30.1176,5.0739,30.1176,72.0863,0.03381,165.81,0.222,60.359,1363.0,
Me_dA.L.Me_dL.dP.Bn_Gly.F,CC(C)C[C@@H]1NC(=O)[C@@H](C)N(C)C(=O)[C@H](Cc2ccccc2)NC(=O)CN(Cc2ccccc2)C(=O)[C@H]2CCCN2C(=O)[C@@H](CC(C)C)N(C)C1=O,2997.0,298.15,87.2482,50.4221,36.8261,6.3518,36.8261,64.7647,0.038359,139.44,0.994,14.489,2997.0,
dP.dA.dL.meL.dP.L.F,CC(C)C[C@@H]1NC(=O)[C@H]2CCCN2C(=O)[C@H](CC(C)C)N(C)C(=O)[C@@H](CC(C)C)NC(=O)[C@@H](C)NC(=O)[C@H]2CCCN2C(=O)[C@H](Cc2ccccc2)NC1=O,3231.0,298.15,106.6159,48.0067,58.6092,10.7403,58.6092,63.9978,0.059918,177.32999999999998,0.638,27.139,3231.0,
I.L.Me_dA.P.Sar.F.meY,CC[C@H](C)[C@@H]1NC(=O)[C@H](Cc2ccc(O)cc2)N(C)C(=O)[C@H](Cc2ccccc2)NC(=O)CN(C)C(=O)[C@@H]2CCCN2C(=O)[C@@H](C)N(C)C(=O)[C@H](CC(C)C)NC1=O,3350.0,298.15,135.4698,87.2675,48.2023,12.4364,48.2023,92.2157,0.049181,188.77,0.6,9.951,3350.0,
dP.A.L.meL.dP.meL.F,CC(C)C[C@@H]1NC(=O)[C@H](C)NC(=O)[C@H]2CCCN2C(=O)[C@H](Cc2ccccc2)NC(=O)[C@H](CC(C)C)N(C)C(=O)[C@H]2CCCN2C(=O)[C@H](CC(C)C)N(C)C1=O,1847.0,298.15,71.7836,31.7195,40.0641,7.0865,40.0641,39.1655,0.041829,168.54000000000002,0.302,63.107,1847.0,
dP.meA.Me_dL.meL.dP.L.F,CC(C)C[C@@H]1NC(=O)[C@H]2CCCN2C(=O)[C@H](CC(C)C)N(C)C(=O)[C@@H](CC(C)C)N(C)C(=O)[C@H](C)N(C)C(=O)[C@H]2CCCN2C(=O)[C@H](Cc2ccccc2)NC1=O,3803.0,298.15,70.395,32.3019,38.0931,6.8821,38.0931,52.9283,0.037642,159.75,0.143,73.851,3803.0,
dA.L.Me_dL.P.meL.F,CC(C)C[C@@H]1NC(=O)[C@@H](C)NC(=O)[C@H](Cc2ccccc2)NC(=O)[C@H](CC(C)C)N(C)C(=O)[C@@H]2CCCN2C(=O)[C@@H](CC(C)C)N(C)C1=O,1909.0,298.15,86.8623,37.3864,49.4759,11.6734,49.4759,51.5498,0.053932,148.23000000000002,0.46,30.961,1909.0,
P.bHph.meL.dL.dP.Me_dL.F,CC(C)C[C@@H]1C(=O)N[C@@H](Cc2ccccc2)C(=O)N2CCC[C@H]2C(=O)N[C@@H](Cc2ccccc2)CC(=O)N(C)[C@@H](CC(C)C)C(=O)N[C@H](CC(C)C)C(=O)N2CCC[C@@H]2C(=O)N1C,2826.0,298.15,84.6425,47.011,37.6315,5.7309,37.6315,69.6737,0.034553,168.54000000000002,0.673,27.882,2826.0,
meA.L.meL.P.dL.F,CC(C)C[C@@H]1NC(=O)[C@H](C)N(C)C(=O)[C@H](Cc2ccccc2)NC(=O)[C@@H](CC(C)C)NC(=O)[C@@H]2CCCN2C(=O)[C@H](CC(C)C)N(C)C1=O,4043.0,298.15,78.5264,54.2265,24.2999,5.1792,24.2999,67.7961,0.026711,148.23000000000002,0.571,16.153,4043.0,
dA.L.bHph.P.L.F,CC(C)C[C@@H]1NC(=O)[C@@H](C)NC(=O)[C@H](Cc2ccccc2)NC(=O)[C@H](CC(C)C)NC(=O)[C@@H]2CCCN2C(=O)C[C@H](Cc2ccccc2)NC1=O,1349.0,298.15,107.8526,41.441,66.4116,11.235,66.4116,55.4533,0.070677,165.81,0.412,42.767,1349.0,
Me_dA.Sar.F.Me_dL.P.Y,CC(C)C[C@@H]1C(=O)N2CCC[C@H]2C(=O)N[C@@H](Cc2ccc(O)cc2)C(=O)N(C)[C@H](C)C(=O)N(C)CC(=O)N[C@@H](Cc2ccccc2)C(=O)N1C,1246.0,298.15,133.6645,82.4667,51.1978,8.6519,51.1978,107.0224,0.059971,159.67000000000002,0.597,29.181,1246.0,
Me_dA.dL.dL.dP.Me_dL.F,CC(C)C[C@@H]1C(=O)N[C@@H](Cc2ccccc2)C(=O)N(C)[C@H](C)C(=O)N[C@H](CC(C)C)C(=O)N[C@H](CC(C)C)C(=O)N2CCC[C@@H]2C(=O)N1C,3689.0,298.15,83.7756,27.9502,55.8254,13.6306,55.8254,45.7304,0.061318,148.23000000000002,0.638,27.103,3689.0,
P.meA.Me_dL.bHph.dP.L.F,CC(C)C[C@@H]1NC(=O)[C@H]2CCCN2C(=O)C[C@H](Cc2ccccc2)NC(=O)[C@@H](CC(C)C)N(C)C(=O)[C@H](C)N(C)C(=O)[C@@H]2CCCN2C(=O)[C@H](Cc2ccccc2)NC1=O,1828.0,298.15,101.7766,51.9837,49.7929,11.1848,49.7929,74.684,0.049616,168.54,0.458,65.023,1828.0,
dP.meA.L.dL.P.Me_dL.F,CC(C)C[C@@H]1NC(=O)[C@H](C)N(C)C(=O)[C@H]2CCCN2C(=O)[C@H](Cc2ccccc2)NC(=O)[C@@H](CC(C)C)N(C)C(=O)[C@@H]2CCCN2C(=O)[C@@H](CC(C)C)NC1=O,2567.0,298.15,88.0162,43.7567,44.2595,11.1887,44.2595,71.7369,0.045338,168.54,0.328,73.812,2567.0,
dP.A.L.Me_dL.dP.L.F,CC(C)C[C@@H]1NC(=O)[C@H]2CCCN2C(=O)[C@@H](CC(C)C)N(C)C(=O)[C@H](CC(C)C)NC(=O)[C@H](C)NC(=O)[C@H]2CCCN2C(=O)[C@H](Cc2ccccc2)NC1=O,2571.0,298.15,99.799,40.5494,59.2496,10.8203,59.2496,63.009,0.062314,177.32999999999998,0.834,11.452,2571.0,
P.A.Me_dL.Me_dL.P.meL.F,CC(C)C[C@@H]1C(=O)N(C)[C@H](CC(C)C)C(=O)N2CCC[C@H]2C(=O)N(C)[C@@H](CC(C)C)C(=O)N[C@@H](Cc2ccccc2)C(=O)N2CCC[C@H]2C(=O)N[C@@H](C)C(=O)N1C,2749.0,298.15,89.5618,65.9887,23.5731,6.0531,23.5731,72.6744,0.023319,159.75,0.331,64.688,2749.0,
dP.Me_dA.Me_dL.L.dP.L.F,CC(C)C[C@@H]1NC(=O)[C@H]2CCCN2C(=O)[C@H](CC(C)C)NC(=O)[C@@H](CC(C)C)N(C)C(=O)[C@@H](C)N(C)C(=O)[C@H]2CCCN2C(=O)[C@H](Cc2ccccc2)NC1=O,2292.0,298.15,77.829,51.1021,26.7269,4.9962,26.7269,61.933,0.027568,168.54,0.415,64.106,2292.0,
P.bHph.L.Bn_Gly.dP.L.F,CC(C)C[C@@H]1NC(=O)[C@H]2CCCN2C(=O)CN(Cc2ccccc2)C(=O)[C@H](CC(C)C)NC(=O)C[C@H](Cc2ccccc2)NC(=O)[C@@H]2CCCN2C(=O)[C@H](Cc2ccccc2)NC1=O,1948.0,298.15,110.8405,50.9268,59.9137,9.7015,59.9137,74.1218,0.055111,177.32999999999998,0.514,44.49,1948.0,
dP.A.meL.L.P.L.F,CC(C)C[C@@H]1NC(=O)[C@@H]2CCCN2C(=O)[C@H](CC(C)C)NC(=O)[C@H](CC(C)C)N(C)C(=O)[C@H](C)NC(=O)[C@H]2CCCN2C(=O)[C@H](Cc2ccccc2)NC1=O,5031.0,298.15,97.7358,53.7097,44.0261,8.642,44.0261,69.44,0.046667,177.32999999999998,0.447,57.17,5031.0,
P.meA.L.Me_dL.P.dL.F,CC(C)C[C@@H]1NC(=O)[C@H](C)N(C)C(=O)[C@@H]2CCCN2C(=O)[C@H](Cc2ccccc2)NC(=O)[C@@H](CC(C)C)NC(=O)[C@@H]2CCCN2C(=O)[C@@H](CC(C)C)N(C)C1=O,3561.0,298.15,90.6273,61.1912,29.4361,6.1051,29.4361,72.5878,0.030189,168.54,0.394,58.113,3561.0,
dP.dA.Me_dL.dL.dP.L.F,CC(C)C[C@@H]1NC(=O)[C@H]2CCCN2C(=O)[C@@H](CC(C)C)NC(=O)[C@@H](CC(C)C)N(C)C(=O)[C@@H](C)NC(=O)[C@H]2CCCN2C(=O)[C@H](Cc2ccccc2)NC1=O,806.0,298.15,102.1708,45.8912,56.2796,11.5496,56.2796,67.2937,0.058318,177.32999999999998,0.208,72.92,806.0,
dP.meA.meL.dL.dP.Bn_Gly.F,CC(C)C[C@H]1NC(=O)[C@H](CC(C)C)N(C)C(=O)[C@H](C)N(C)C(=O)[C@H]2CCCN2C(=O)[C@H](Cc2ccccc2)NC(=O)CN(Cc2ccccc2)C(=O)[C@H]2CCCN2C1=O,963.0,298.15,111.8498,58.0866,53.7632,8.3639,53.7632,83.5957,0.05426,159.75,0.334,56.058,963.0,
dP.dA.Me_dL.dL.P.Me_dL.F,CC(C)C[C@@H]1C(=O)N[C@H](CC(C)C)C(=O)N2CCC[C@H]2C(=O)N(C)[C@H](CC(C)C)C(=O)N[C@@H](Cc2ccccc2)C(=O)N2CCC[C@@H]2C(=O)N[C@H](C)C(=O)N1C,6163.0,298.15,102.8782,40.7354,62.1428,13.0371,62.1428,60.1914,0.062645,168.54,0.324,77.627,6163.0,
P.meA.L.bHph.P.L.F,CC(C)C[C@@H]1NC(=O)[C@H](C)N(C)C(=O)[C@@H]2CCCN2C(=O)[C@H](Cc2ccccc2)NC(=O)[C@H](CC(C)C)NC(=O)[C@@H]2CCCN2C(=O)C[C@H](Cc2ccccc2)NC1=O,1399.0,298.15,90.0301,25.6578,64.3723,15.7281,64.3723,41.7784,0.067211,177.32999999999998,0.418,52.463,1399.0,
P.bHph.Me_dL.L.dP.meL.F,CC(C)C[C@@H]1NC(=O)[C@@H](CC(C)C)N(C)C(=O)C[C@H](Cc2ccccc2)NC(=O)[C@@H]2CCCN2C(=O)[C@H](Cc2ccccc2)NC(=O)[C@H](CC(C)C)N(C)C(=O)[C@H]2CCCN2C1=O,1276.0,298.15,64.9477,29.9243,35.0234,7.5072,35.0234,39.9051,0.034413,168.54,0.179,85.601,1276.0,
A.cHexCH2_Gly.L.Nle.P.Mono1,CCCC[C@@H]1NC(=O)[C@H](CC(C)C)NC(=O)CN(CC2CCCCC2)C(=O)[C@H](C)NC(=O)CN(Cc2ccc3c(c2)OCO3)C(=O)[C@@H]2CCCN2C1=O,6147.0,298.15,145.5616,86.8798,58.6818,16.639,58.6818,126.4126,0.057186,166.69,0.851,0.162,6147.0,
dP.A.L.bHph.dP.dL.F,CC(C)C[C@@H]1NC(=O)[C@H](C)NC(=O)[C@H]2CCCN2C(=O)[C@H](Cc2ccccc2)NC(=O)[C@@H](CC(C)C)NC(=O)[C@H]2CCCN2C(=O)C[C@H](Cc2ccccc2)NC1=O,1528.0,298.15,86.4478,37.9763,48.4715,9.2184,48.4715,63.4645,0.04942,186.12,0.365,46.415,1528.0,
bHph.Me_dL.L.P.L.F,CC(C)C[C@@H]1NC(=O)[C@@H]2CCCN2C(=O)[C@H](CC(C)C)NC(=O)[C@@H](CC(C)C)N(C)C(=O)C[C@H](Cc2ccccc2)NC(=O)[C@H](Cc2ccccc2)NC1=O,2795.0,298.15,106.6367,42.7525,63.8842,14.5291,63.8842,56.9027,0.065055,157.01999999999998,0.352,63.887,2795.0,
Pr_Gly.Me_dL.dL.dP.L.F,CCCN1CC(=O)N(C)[C@H](CC(C)C)C(=O)N[C@H](CC(C)C)C(=O)N2CCC[C@@H]2C(=O)N[C@@H](CC(C)C)C(=O)N[C@@H](Cc2ccccc2)C1=O,1620.0,298.15,78.0152,55.87,22.1452,3.847,22.1452,69.0807,0.02394,148.23,0.699,28.783,1620.0,
dA.meL.meL.dP.Bn_Gly.F,CC(C)C[C@H]1C(=O)N(C)[C@@H](CC(C)C)C(=O)N2CCC[C@@H]2C(=O)N(Cc2ccccc2)CC(=O)N[C@@H](Cc2ccccc2)C(=O)N[C@H](C)C(=O)N1C,1203.0,298.15,100.409,50.6494,49.7596,8.4138,49.7596,65.0605,0.053344,139.44,0.293,23.713,1203.0,
P.dA.meL.bHph.P.Me_dL.F,CC(C)C[C@@H]1C(=O)N[C@@H](Cc2ccccc2)C(=O)N2CCC[C@H]2C(=O)N[C@H](C)C(=O)N(C)[C@@H](CC(C)C)C(=O)N[C@@H](Cc2ccccc2)CC(=O)N2CCC[C@H]2C(=O)N1C,2096.0,298.15,92.8352,57.3431,35.4921,7.0141,35.4921,66.8667,0.035982,168.54000000000002,0.152,71.707,2096.0,
dA.Me_dL.dL.P.Bn_Gly.F,CC(C)C[C@@H]1C(=O)N[C@H](CC(C)C)C(=O)N2CCC[C@H]2C(=O)N(Cc2ccccc2)CC(=O)N[C@@H](Cc2ccccc2)C(=O)N[C@H](C)C(=O)N1C,2139.0,298.15,98.6648,48.8062,49.8586,11.2445,49.8586,71.2762,0.052239,148.23,0.508,34.18,2139.0,
dP.Me_dA.L.L.dP.Me_dL.F,CC(C)C[C@@H]1NC(=O)[C@@H](C)N(C)C(=O)[C@H]2CCCN2C(=O)[C@H](Cc2ccccc2)NC(=O)[C@@H](CC(C)C)N(C)C(=O)[C@H]2CCCN2C(=O)[C@H](CC(C)C)NC1=O,1731.0,298.15,83.3781,44.9706,38.4075,7.8028,38.4075,59.2845,0.039855,168.54,0.547,29.923,1731.0,
dP.Pr_Gly.meL.L.dP.Bn_Gly.F,CCCN1CC(=O)N(C)[C@@H](CC(C)C)C(=O)N[C@@H](CC(C)C)C(=O)N2CCC[C@@H]2C(=O)N(Cc2ccccc2)CC(=O)N[C@@H](Cc2ccccc2)C(=O)N2CCC[C@@H]2C1=O,2674.0,298.15,86.2627,55.7103,30.5524,7.0284,30.5524,64.1949,0.030271,159.75,0.412,59.354,2674.0,
P.dA.L.dL.P.dL.F,CC(C)C[C@@H]1NC(=O)[C@@H](C)NC(=O)[C@@H]2CCCN2C(=O)[C@H](Cc2ccccc2)NC(=O)[C@@H](CC(C)C)NC(=O)[C@@H]2CCCN2C(=O)[C@@H](CC(C)C)NC1=O,4632.0,298.15,103.9995,42.6975,61.302,10.9645,61.302,94.3911,0.064638,186.12,0.262,75.761,4632.0,
dF.Nle.Nle.Me_Nle.P.Mono100,CCCC[C@@H]1NC(=O)[C@@H](Cc2ccccc2)NC(=O)CSC[C@@H](C(=O)NC)NC(=O)[C@@H]2CCCN2C(=O)[C@H](CCCC)N(C)C(=O)[C@H](CCCC)NC1=O,2952.0,298.15,116.918,78.4631,38.4549,6.2992,38.4549,92.4465,0.036654,186.12,0.816,28.333,2952.0,
Mono14.L.meF.P.I.P,CC[C@@H](C)[C@@H]1NC(=O)[C@@H]2CCCN2C(=O)[C@H]([C@@H](C)CC)NC(=O)[C@@H]2CCCN2C(=O)[C@H](Cc2ccccc2)N(C)C(=O)[C@H](CC(C)C)NC(=O)c2csc1n2,2817.0,298.15,138.7814,96.4336,42.3478,6.8816,42.3478,110.2568,0.045184,161.12,0.45,55.675,2817.0,
P.meA.Bn_Gly.dL.dP.meL.F,CC(C)C[C@H]1NC(=O)CN(Cc2ccccc2)C(=O)[C@H](C)N(C)C(=O)[C@@H]2CCCN2C(=O)[C@H](Cc2ccccc2)NC(=O)[C@H](CC(C)C)N(C)C(=O)[C@H]2CCCN2C1=O,458.0,298.15,87.8705,63.0858,24.7847,5.2932,24.7847,84.7769,0.024662,159.75,0.477,55.052,458.0,
P.dA.L.meL.P.Bn_Gly.F,CC(C)C[C@@H]1NC(=O)[C@@H](C)NC(=O)[C@@H]2CCCN2C(=O)[C@H](Cc2ccccc2)NC(=O)CN(Cc2ccccc2)C(=O)[C@@H]2CCCN2C(=O)[C@H](CC(C)C)N(C)C1=O,957.0,298.15,85.5394,55.6487,29.8907,5.0908,29.8907,66.7256,0.030946,168.54000000000002,0.54,33.87,957.0,
dP.Me_dA.L.Me_dL.dP.L.F,CC(C)C[C@@H]1NC(=O)[C@H]2CCCN2C(=O)[C@@H](CC(C)C)N(C)C(=O)[C@H](CC(C)C)NC(=O)[C@@H](C)N(C)C(=O)[C@H]2CCCN2C(=O)[C@H](Cc2ccccc2)NC1=O,2014.0,298.15,75.553,42.4739,33.0791,5.7979,33.0791,52.953,0.034948,168.54,0.266,52.025,2014.0,
dA.dL.Me_dL.dP.Bn_Gly.F,CC(C)C[C@@H]1C(=O)N2CCC[C@@H]2C(=O)N(Cc2ccccc2)CC(=O)N[C@@H](Cc2ccccc2)C(=O)N[C@H](C)C(=O)N[C@H](CC(C)C)C(=O)N1C,403.0,298.15,85.5849,59.2264,26.3585,4.9345,26.3585,73.873,0.029072,148.23,0.388,55.411,403.0,
dP.A.L.meL.P.L.F,CC(C)C[C@@H]1NC(=O)[C@@H]2CCCN2C(=O)[C@H](CC(C)C)N(C)C(=O)[C@H](CC(C)C)NC(=O)[C@H](C)NC(=O)[C@H]2CCCN2C(=O)[C@H](Cc2ccccc2)NC1=O,2598.0,298.15,101.0127,51.8448,49.1679,10.6266,49.1679,76.0642,0.052126,177.32999999999998,0.206,77.29,2598.0,
P.Me_dA.L.L.P.meL.F,CC(C)C[C@@H]1NC(=O)[C@@H](C)N(C)C(=O)[C@@H]2CCCN2C(=O)[C@H](Cc2ccccc2)NC(=O)[C@H](CC(C)C)N(C)C(=O)[C@@H]2CCCN2C(=O)[C@H](CC(C)C)NC1=O,1397.0,298.15,106.7846,57.3724,49.4122,12.778,49.4122,99.9715,0.050485,168.54,0.264,72.392,1397.0,
P.dA.Me_dL.L.P.meL.F,CC(C)C[C@@H]1NC(=O)[C@@H](CC(C)C)N(C)C(=O)[C@@H](C)NC(=O)[C@@H]2CCCN2C(=O)[C@H](Cc2ccccc2)NC(=O)[C@H](CC(C)C)N(C)C(=O)[C@@H]2CCCN2C1=O,4163.0,298.15,94.5738,53.7067,40.8671,9.9345,40.8671,89.5157,0.040806,168.54,0.352,52.177,4163.0,
Me_dA.L.bHph.dP.L.F,CC(C)C[C@@H]1NC(=O)[C@@H](C)N(C)C(=O)[C@H](Cc2ccccc2)NC(=O)[C@H](CC(C)C)NC(=O)[C@H]2CCCN2C(=O)C[C@H](Cc2ccccc2)NC1=O,1531.0,298.15,96.198,34.1354,62.0626,18.5756,62.0626,39.3949,0.064494,157.02,0.326,67.032,1531.0,
P.meA.Bn_Gly.bHph.dP.Me_dL.F,CC(C)C[C@@H]1C(=O)N[C@@H](Cc2ccccc2)C(=O)N2CCC[C@H]2C(=O)N(C)[C@@H](C)C(=O)N(Cc2ccccc2)CC(=O)N[C@@H](Cc2ccccc2)CC(=O)N2CCC[C@@H]2C(=O)N1C,2274.0,298.15,87.2706,46.3599,40.9107,9.2446,40.9107,59.3891,0.037641,159.75,0.655,15.735,2274.0,
P.meA.Bn_Gly.Me_dL.P.Me_dL.F,CC(C)C[C@@H]1C(=O)N2CCC[C@H]2C(=O)N(C)[C@H](CC(C)C)C(=O)N[C@@H](Cc2ccccc2)C(=O)N2CCC[C@H]2C(=O)N(C)[C@@H](C)C(=O)N(Cc2ccccc2)CC(=O)N1C,2869.0,298.15,82.2001,46.189,36.0111,7.264,36.0111,64.4273,0.035014,150.96,0.669,23.665,2869.0,
dV.meF.meL.I.meA.meF.T.meA.meL.Mono7,CC[C@H](C)[C@@H]1NC(=O)[C@H](CC(C)C)N(C)C(=O)[C@H](Cc2ccccc2)N(C)C(=O)[C@@H](C(C)C)NC(=O)C[C@H](C)NC(=O)[C@H](CC(C)C)N(C)C(=O)[C@H](C)N(C)C(=O)[C@H]([C@@H](C)O)NC(=O)[C@H](Cc2ccccc2)N(C)C(=O)[C@H](C)N(C)C1=O,2445.0,298.15,95.9502,30.9829,64.9673,14.4031,64.9673,38.2683,0.052563,258.49,0.149,72.062,2445.0,
dA.dL.Bn_Gly.P.Bn_Gly.F,CC(C)C[C@H]1NC(=O)[C@@H](C)NC(=O)[C@H](Cc2ccccc2)NC(=O)CN(Cc2ccccc2)C(=O)[C@@H]2CCCN2C(=O)CN(Cc2ccccc2)C1=O,1095.0,298.15,104.2924,60.505,43.7874,11.4474,43.7874,69.466,0.046156,148.23000000000002,0.546,20.1,1095.0,
dP.Pr_Gly.Bn_Gly.L.dP.meL.F,CCCN1CC(=O)N(Cc2ccccc2)CC(=O)N[C@@H](CC(C)C)C(=O)N2CCC[C@@H]2C(=O)N(C)[C@@H](CC(C)C)C(=O)N[C@@H](Cc2ccccc2)C(=O)N2CCC[C@@H]2C1=O,1809.0,298.15,90.2164,42.9733,47.2431,10.3613,47.2431,79.5649,0.048058,159.75,0.38,62.814,1809.0,
dP.bHph.dL.L.P.Bn_Gly.F,CC(C)C[C@@H]1NC(=O)[C@@H](CC(C)C)NC(=O)C[C@H](Cc2ccccc2)NC(=O)[C@H]2CCCN2C(=O)[C@H](Cc2ccccc2)NC(=O)CN(Cc2ccccc2)C(=O)[C@@H]2CCCN2C1=O,2448.0,298.15,94.9197,45.9146,49.0051,10.0526,49.0051,63.9912,0.046295,177.33,0.433,36.327,2448.0,
A.meA.A.Me_dA.meA.A.meA.A.Me_dA.meA,C[C@@H]1NC(=O)[C@H](C)N(C)C(=O)[C@H](C)NC(=O)[C@H](C)N(C)C(=O)[C@@H](C)N(C)C(=O)[C@H](C)NC(=O)[C@H](C)N(C)C(=O)[C@H](C)NC(=O)[C@H](C)N(C)C(=O)[C@@H](C)N(C)C1=O,116.0,298.15,135.3983,102.4677,32.9306,7.2893,32.9306,121.2879,0.035034,238.26,0.067,67.404,116.0,
Nal.3-pyridylethyl_Gly.meL.Nle.dP.Mono45,CCCC[C@@H]1NC(=O)[C@H](CC(C)C)N(C)C(=O)CN(CCc2cccnc2)C(=O)[C@H](Cc2ccc3ccccc3c2)NC(=O)CN(Cc2ccccc2Cn2cccn2)C(=O)[C@H]2CCCN2C1=O,2592.0,298.15,116.0799,55.8354,60.2445,10.3018,60.2445,75.3451,0.052074,170.14999999999998,0.544,21.523,2592.0,
dA.Me_dL.Bn_Gly.P.meL.F,CC(C)C[C@@H]1C(=O)N(Cc2ccccc2)CC(=O)N2CCC[C@H]2C(=O)N(C)[C@@H](CC(C)C)C(=O)N[C@@H](Cc2ccccc2)C(=O)N[C@H](C)C(=O)N1C,763.0,298.15,84.7299,45.6052,39.1247,7.6224,39.1247,60.6561,0.042337,139.44,0.524,45.277,763.0,
dP.Pr_Gly.dL.meL.dP.Bn_Gly.F,CCCN1CC(=O)N[C@H](CC(C)C)C(=O)N(C)[C@@H](CC(C)C)C(=O)N2CCC[C@@H]2C(=O)N(Cc2ccccc2)CC(=O)N[C@@H](Cc2ccccc2)C(=O)N2CCC[C@@H]2C1=O,2245.0,298.15,87.2389,49.8086,37.4303,7.7543,37.4303,57.1316,0.037972,159.75,0.4,67.842,2245.0,
Me_dA.Mono67.d(N->O)aIle.A.Me_dF.Sar.I,CCC[C@H](C)[C@H]1OC(=O)[C@@H](C)N(C)C(=O)[C@H]([C@@H](C)CC)NC(=O)CN(C)C(=O)[C@@H](Cc2ccccc2)N(C)C(=O)[C@H](C)NC(=O)[C@@H]([C@@H](C)CC)OC(=O)/C(C)=C/C[C@H](O)[C@@H]1C,2306.0,298.15,110.5076,52.6493,57.8583,11.2169,57.8583,71.1876,0.053884,191.95999999999998,0.472,16.86,2306.0,
dP.Me_dA.Me_dL.meL.dP.meL.F,CC(C)C[C@@H]1C(=O)N(C)[C@@H](CC(C)C)C(=O)N2CCC[C@@H]2C(=O)N(C)[C@@H](CC(C)C)C(=O)N[C@@H](Cc2ccccc2)C(=O)N2CCC[C@@H]2C(=O)N(C)[C@H](C)C(=O)N1C,4018.0,298.15,71.5894,35.1991,36.3903,6.333,36.3903,52.4478,0.036159,150.96,0.554,34.841,4018.0,
L.Me_dA.meL.L.dP.meF,CC(C)C[C@@H]1NC(=O)[C@H](Cc2ccccc2)N(C)C(=O)[C@H]2CCCN2C(=O)[C@H](CC(C)C)NC(=O)[C@H](CC(C)C)N(C)C(=O)[C@@H](C)N(C)C1=O,3172.0,298.15,74.3334,23.9296,50.4038,8.675,50.4038,43.1691,0.05429,139.44,0.657,25.466,3172.0,
Pr_Gly.meL.Me_dL.P.Me_dL.F,CCCN1CC(=O)N(C)[C@@H](CC(C)C)C(=O)N(C)[C@H](CC(C)C)C(=O)N2CCC[C@H]2C(=O)N(C)[C@H](CC(C)C)C(=O)N[C@@H](Cc2ccccc2)C1=O,3484.0,298.15,66.2594,33.6555,32.6039,6.6613,32.6039,55.736,0.034695,130.65,0.658,39.452,3484.0,
Tyr(Me).dP.L.L.dL.L.dL,COc1ccc(C[C@@H]2NC(=O)[C@@H](CC(C)C)NC(=O)[C@H](CC(C)C)NC(=O)[C@@H](CC(C)C)NC(=O)[C@H](CC(C)C)NC(=O)[C@H](CC(C)C)NC(=O)[C@H]3CCCN3C2=O)cc1,3096.0,298.15,86.9422,66.2564,20.6858,5.5763,20.6858,81.7844,0.018925,204.14,0.262,61.832,3096.0,
Pr_Gly.dL.meL.dP.dL.F,CCCN1CC(=O)N[C@H](CC(C)C)C(=O)N(C)[C@@H](CC(C)C)C(=O)N2CCC[C@@H]2C(=O)N[C@H](CC(C)C)C(=O)N[C@@H](Cc2ccccc2)C1=O,3512.0,298.15,83.6021,34.8266,48.7755,8.9692,48.7755,60.8518,0.051445,148.23,0.217,80.252,3512.0,
dP.meA.L.bHph.dP.Me_dL.F,CC(C)C[C@@H]1NC(=O)[C@H](C)N(C)C(=O)[C@H]2CCCN2C(=O)[C@H](Cc2ccccc2)NC(=O)[C@@H](CC(C)C)N(C)C(=O)[C@H]2CCCN2C(=O)C[C@H](Cc2ccccc2)NC1=O,3587.0,298.15,97.5959,47.5934,50.0025,9.285,50.0025,80.7065,0.049866,168.54,1.0,16.554,3587.0,
L.dAbu.Cha.Cha.dP.F,CC[C@H]1NC(=O)[C@H](CC(C)C)NC(=O)[C@H](Cc2ccccc2)NC(=O)[C@H]2CCCN2C(=O)[C@H](CC2CCCCC2)NC(=O)[C@H](CC2CCCCC2)NC1=O,5212.0,298.15,95.9682,45.1762,50.792,8.5093,50.792,73.6012,0.05172,165.81,0.833,10.75,5212.0,
meA.Me_dL.L.dP.dL.F,CC(C)C[C@@H]1NC(=O)[C@@H](CC(C)C)N(C)C(=O)[C@H](C)N(C)C(=O)[C@H](Cc2ccccc2)NC(=O)[C@@H](CC(C)C)NC(=O)[C@H]2CCCN2C1=O,3236.0,298.15,83.5973,46.0944,37.5029,9.6538,37.5029,52.5404,0.042565,148.23,0.64,18.6,3236.0,
A.meL.L.P.meL.F,CC(C)C[C@@H]1NC(=O)[C@H](CC(C)C)N(C)C(=O)[C@H](C)NC(=O)[C@H](Cc2ccccc2)NC(=O)[C@H](CC(C)C)N(C)C(=O)[C@@H]2CCCN2C1=O,962.0,298.15,80.2369,57.9622,22.2747,5.3814,22.2747,74.3218,0.024123,148.23000000000002,0.546,29.485,962.0,
dP.A.L.L.P.Me_dL.F,CC(C)C[C@@H]1NC(=O)[C@H](C)NC(=O)[C@H]2CCCN2C(=O)[C@H](Cc2ccccc2)NC(=O)[C@@H](CC(C)C)N(C)C(=O)[C@@H]2CCCN2C(=O)[C@H](CC(C)C)NC1=O,1744.0,298.15,92.0874,50.9779,41.1095,8.8566,41.1095,82.7678,0.042091,177.33,0.3,61.508,1744.0,
F.MeOEt_Gly.meL.Nle.dP.Bn(4-Cl)_Gly,CCCC[C@@H]1NC(=O)[C@H](CC(C)C)N(C)C(=O)CN(CCOC)C(=O)[C@H](Cc2ccccc2)NC(=O)CN(Cc2ccc(Cl)cc2)C(=O)[C@H]2CCCN2C1=O,5283.0,298.15,109.0442,48.6383,60.4059,8.5267,60.4059,69.7513,0.059162,148.67000000000002,0.755,37.784,5283.0,
dA.meL.bHph.P.L.F,CC(C)C[C@@H]1NC(=O)[C@@H]2CCCN2C(=O)C[C@H](Cc2ccccc2)NC(=O)[C@H](CC(C)C)N(C)C(=O)[C@@H](C)NC(=O)[C@H](Cc2ccccc2)NC1=O,914.0,298.15,104.8107,54.8035,50.0072,7.0545,50.0072,67.8018,0.0543,157.01999999999998,0.375,44.049,914.0,
P.A.dL.dL.P.meL.F,CC(C)C[C@H]1NC(=O)[C@H](C)NC(=O)[C@@H]2CCCN2C(=O)[C@H](Cc2ccccc2)NC(=O)[C@H](CC(C)C)N(C)C(=O)[C@@H]2CCCN2C(=O)[C@@H](CC(C)C)NC1=O,4679.0,298.15,82.4185,44.1042,38.3143,9.5427,38.3143,66.719,0.039337,177.33,0.816,28.74,4679.0,
P.A.dL.dL.P.L.F,CC(C)C[C@@H]1NC(=O)[C@@H]2CCCN2C(=O)[C@@H](CC(C)C)NC(=O)[C@@H](CC(C)C)NC(=O)[C@H](C)NC(=O)[C@@H]2CCCN2C(=O)[C@H](Cc2ccccc2)NC1=O,1366.0,298.15,102.2017,58.3933,43.8084,7.6202,43.8084,74.2793,0.045963,186.12,0.115,87.554,1366.0,
bHph.Bn_Gly.bHph.dP.L.F,CC(C)C[C@@H]1NC(=O)[C@H]2CCCN2C(=O)C[C@H](Cc2ccccc2)NC(=O)CN(Cc2ccccc2)C(=O)C[C@H](Cc2ccccc2)NC(=O)[C@H](Cc2ccccc2)NC1=O,1053.0,298.15,94.3782,43.7967,50.5815,9.6181,50.5815,58.1616,0.047411,157.01999999999998,0.62,23.848,1053.0,
P.dA.Bn_Gly.Bn_Gly.P.dL.F,CC(C)C[C@H]1NC(=O)[C@@H]2CCCN2C(=O)CN(Cc2ccccc2)C(=O)CN(Cc2ccccc2)C(=O)[C@@H](C)NC(=O)[C@@H]2CCCN2C(=O)[C@H](Cc2ccccc2)NC1=O,1074.0,298.15,96.9173,61.3666,35.5507,6.8052,35.5507,77.3309,0.035505,168.54,0.677,17.038,1074.0,
Me_dA.dL.Bn_Gly.dP.Bn_Gly.F,CC(C)C[C@H]1NC(=O)[C@@H](C)N(C)C(=O)[C@H](Cc2ccccc2)NC(=O)CN(Cc2ccccc2)C(=O)[C@H]2CCCN2C(=O)CN(Cc2ccccc2)C1=O,1252.0,298.15,100.4414,50.1331,50.3083,11.1987,50.3083,83.5071,0.052187,139.44,0.619,44.924,1252.0,
dP.Me_dA.dL.dL.dP.L.F,CC(C)C[C@@H]1NC(=O)[C@H]2CCCN2C(=O)[C@@H](CC(C)C)NC(=O)[C@@H](CC(C)C)NC(=O)[C@@H](C)N(C)C(=O)[C@H]2CCCN2C(=O)[C@H](Cc2ccccc2)NC1=O,1957.0,298.15,85.3,45.3899,39.9101,8.9333,39.9101,73.7347,0.042159,177.33,0.481,43.298,1957.0,
dA.cHexCH2_Gly.dL.Nle.dP.Mono1,CCCC[C@@H]1NC(=O)[C@@H](CC(C)C)NC(=O)CN(CC2CCCCC2)C(=O)[C@@H](C)NC(=O)CN(Cc2ccc3c(c2)OCO3)C(=O)[C@H]2CCCN2C1=O,3299.0,298.15,143.0367,74.203,68.8337,17.5222,68.8337,94.3819,0.074599,166.69,0.615,19.947,3299.0,
dA.meL.Bn_Gly.P.meL.F,CC(C)C[C@H]1C(=O)N(Cc2ccccc2)CC(=O)N2CCC[C@H]2C(=O)N(C)[C@@H](CC(C)C)C(=O)N[C@@H](Cc2ccccc2)C(=O)N[C@H](C)C(=O)N1C,1583.0,298.15,94.7207,43.2097,51.511,10.2289,51.511,89.6156,0.055258,139.44,0.529,26.65,1583.0,
A.Me_dL.L.P.meL.F,CC(C)C[C@@H]1NC(=O)[C@@H](CC(C)C)N(C)C(=O)[C@H](C)NC(=O)[C@H](Cc2ccccc2)NC(=O)[C@H](CC(C)C)N(C)C(=O)[C@@H]2CCCN2C1=O,3401.0,298.15,89.1738,53.711,35.4628,6.8079,35.4628,74.4017,0.038125,148.23000000000002,0.905,4.051,3401.0,
P.dA.dL.L.P.Me_dL.F,CC(C)C[C@@H]1NC(=O)[C@@H](CC(C)C)NC(=O)[C@@H](C)NC(=O)[C@@H]2CCCN2C(=O)[C@H](Cc2ccccc2)NC(=O)[C@@H](CC(C)C)N(C)C(=O)[C@@H]2CCCN2C1=O,3405.0,298.15,95.854,66.0339,29.8201,5.8587,29.8201,83.6389,0.029532,177.33,0.239,70.777,3405.0,
P.dA.L.Me_dL.P.meL.F,CC(C)C[C@@H]1NC(=O)[C@@H](C)NC(=O)[C@@H]2CCCN2C(=O)[C@H](Cc2ccccc2)NC(=O)[C@H](CC(C)C)N(C)C(=O)[C@@H]2CCCN2C(=O)[C@@H](CC(C)C)N(C)C1=O,2051.0,298.15,80.6454,44.0075,36.6379,7.5025,36.6379,63.115,0.037017,168.54000000000002,1.06,13.067,2051.0,
dP.bHph.Me_dL.bHph.dP.Bn_Gly.F,CC(C)C[C@@H]1C(=O)N[C@@H](Cc2ccccc2)CC(=O)N2CCC[C@@H]2C(=O)N(Cc2ccccc2)CC(=O)N[C@@H](Cc2ccccc2)C(=O)N2CCC[C@@H]2C(=O)N[C@@H](Cc2ccccc2)CC(=O)N1C,750.0,298.15,84.576,51.5747,33.0013,7.003,33.0013,66.5831,0.029251,168.54,0.758,20.985,750.0,
dP.bHph.dL.Bn_Gly.dP.Me_dL.F,CC(C)C[C@@H]1C(=O)N[C@@H](Cc2ccccc2)C(=O)N2CCC[C@@H]2C(=O)N[C@@H](Cc2ccccc2)CC(=O)N[C@H](CC(C)C)C(=O)N(Cc2ccccc2)CC(=O)N2CCC[C@@H]2C(=O)N1C,1594.0,298.15,64.823,41.6302,23.1928,5.7126,23.1928,47.7862,0.021121,168.54000000000002,0.419,26.737,1594.0,
P.meA.meL.bHph.dP.Me_dL.F,CC(C)C[C@@H]1C(=O)N[C@@H](Cc2ccccc2)C(=O)N2CCC[C@H]2C(=O)N(C)[C@@H](C)C(=O)N(C)[C@@H](CC(C)C)C(=O)N[C@@H](Cc2ccccc2)CC(=O)N2CCC[C@@H]2C(=O)N1C,1962.0,298.15,73.8776,43.2532,30.6244,6.6044,30.6244,54.3728,0.031431,159.75,0.616,6.079,1962.0,
Me_dA.dL.L.P.Bn_Gly.F,CC(C)C[C@@H]1NC(=O)[C@@H](CC(C)C)NC(=O)[C@@H](C)N(C)C(=O)[C@H](Cc2ccccc2)NC(=O)CN(Cc2ccccc2)C(=O)[C@@H]2CCCN2C1=O,845.0,298.15,94.8857,50.1785,44.7072,6.796,44.7072,78.4956,0.049088,148.23000000000002,0.439,40.705,845.0,
Me_dA.meL.Me_dL.P.L.F,CC(C)C[C@@H]1NC(=O)[C@@H]2CCCN2C(=O)[C@@H](CC(C)C)N(C)C(=O)[C@H](CC(C)C)N(C)C(=O)[C@@H](C)N(C)C(=O)[C@H](Cc2ccccc2)NC1=O,4884.0,298.15,84.6337,47.6868,36.9469,8.3589,36.9469,66.9244,0.040576,139.44,0.859,12.321,4884.0,
P.Pr_Gly.Bn_Gly.bHph.P.Bn_Gly.F,CCCN1CC(=O)N(Cc2ccccc2)CC(=O)N[C@@H](Cc2ccccc2)CC(=O)N2CCC[C@H]2C(=O)N(Cc2ccccc2)CC(=O)N[C@@H](Cc2ccccc2)C(=O)N2CCC[C@H]2C1=O,1442.0,298.15,107.4147,57.7155,49.6992,9.1319,49.6992,77.6318,0.047951,159.75,0.778,6.381,1442.0,
dP.A.dL.L.dP.Bn_Gly.F,CC(C)C[C@@H]1NC(=O)[C@@H](CC(C)C)NC(=O)[C@H](C)NC(=O)[C@H]2CCCN2C(=O)[C@H](Cc2ccccc2)NC(=O)CN(Cc2ccccc2)C(=O)[C@H]2CCCN2C1=O,1612.0,298.15,104.8422,57.5671,47.2751,10.1702,47.2751,93.6494,0.048471,177.33,0.59,33.354,1612.0,
P.dA.L.L.P.dL.F,CC(C)C[C@@H]1NC(=O)[C@@H](C)NC(=O)[C@@H]2CCCN2C(=O)[C@H](Cc2ccccc2)NC(=O)[C@@H](CC(C)C)NC(=O)[C@@H]2CCCN2C(=O)[C@H](CC(C)C)NC1=O,2487.0,298.15,109.2699,57.9732,51.2967,10.9669,51.2967,98.6631,0.052086,186.12,0.141,88.298,2487.0,
dP.dA.L.meL.dP.L.F,CC(C)C[C@@H]1NC(=O)[C@H]2CCCN2C(=O)[C@H](CC(C)C)N(C)C(=O)[C@H](CC(C)C)NC(=O)[C@@H](C)NC(=O)[C@H]2CCCN2C(=O)[C@H](Cc2ccccc2)NC1=O,1385.0,298.15,93.4897,58.3179,35.1718,6.2507,35.1718,72.0408,0.038365,177.32999999999998,0.255,56.538,1385.0,
bHph.dL.dL.P.Me_dL.F,CC(C)C[C@@H]1C(=O)N[C@@H](Cc2ccccc2)C(=O)N[C@@H](Cc2ccccc2)CC(=O)N[C@H](CC(C)C)C(=O)N[C@H](CC(C)C)C(=O)N2CCC[C@H]2C(=O)N1C,2475.0,298.15,88.5348,23.1433,65.3915,13.0353,65.3915,54.3211,0.065131,157.02,0.123,91.013,2475.0,
dP.Pr_Gly.L.dL.dP.L.F,CCCN1CC(=O)N[C@@H](CC(C)C)C(=O)N[C@H](CC(C)C)C(=O)N2CCC[C@@H]2C(=O)N[C@@H](CC(C)C)C(=O)N[C@@H](Cc2ccccc2)C(=O)N2CCC[C@@H]2C1=O,1132.0,298.15,89.8509,59.8334,30.0175,6.5796,30.0175,86.6946,0.030586,177.32999999999998,0.138,79.141,1132.0,
dP.dCha.Pye.dL.Phg.L,CC(C)C[C@@H]1NC(=O)[C@H](c2ccccc2)NC(=O)[C@@H](CC(C)C)NC(=O)[C@H](CCC(=O)N2CCCC2)NC(=O)[C@@H](CC2CCCCC2)NC(=O)[C@H]2CCCN2C1=O,2280.0,298.15,110.1915,53.8384,56.3531,10.2534,56.3531,76.9717,0.055844,186.12,0.464,20.184,2280.0,
P.dA.Me_dL.meL.dP.meL.F,CC(C)C[C@@H]1C(=O)N(C)[C@@H](CC(C)C)C(=O)N2CCC[C@@H]2C(=O)N(C)[C@@H](CC(C)C)C(=O)N[C@@H](Cc2ccccc2)C(=O)N2CCC[C@H]2C(=O)N[C@H](C)C(=O)N1C,2291.0,298.15,81.4277,59.894,21.5337,5.105,21.5337,74.5842,0.021732,159.75,0.612,19.66,2291.0,
dP.A.dL.Me_dL.P.dL.F,CC(C)C[C@@H]1C(=O)N2CCC[C@H]2C(=O)N[C@H](CC(C)C)C(=O)N[C@@H](Cc2ccccc2)C(=O)N2CCC[C@@H]2C(=O)N[C@@H](C)C(=O)N[C@H](CC(C)C)C(=O)N1C,1567.0,298.15,104.3641,42.694,61.6701,12.6251,61.6701,60.3536,0.06393,177.33,0.108,89.354,1567.0,
dP.dA.L.Me_dL.P.Bn_Gly.F,CC(C)C[C@@H]1NC(=O)[C@@H](C)NC(=O)[C@H]2CCCN2C(=O)[C@H](Cc2ccccc2)NC(=O)CN(Cc2ccccc2)C(=O)[C@@H]2CCCN2C(=O)[C@@H](CC(C)C)N(C)C1=O,1266.0,298.15,85.2783,49.9895,35.2888,7.993,35.2888,65.211,0.036379,168.54000000000002,0.601,27.084,1266.0,
dA.meL.dL.dP.L.F,CC(C)C[C@@H]1NC(=O)[C@H]2CCCN2C(=O)[C@@H](CC(C)C)NC(=O)[C@H](CC(C)C)N(C)C(=O)[C@@H](C)NC(=O)[C@H](Cc2ccccc2)NC1=O,5115.0,298.15,100.4332,54.3794,46.0538,10.3852,46.0538,71.1008,0.049787,157.01999999999998,0.841,22.177,5115.0,
L.3-pyridylethyl_Gly.meL.Nle.dP.Mono42,CCCC[C@@H]1NC(=O)[C@H](CC(C)C)N(C)C(=O)CN(CCc2cccnc2)C(=O)[C@H](CC(C)C)NC(=O)CN(CCN2CCOCC2)C(=O)[C@H]2CCCN2C1=O,5443.0,298.15,114.1732,71.9139,42.2593,8.3015,42.2593,94.095,0.041392,164.8,0.259,70.407,5443.0,
P.meA.Bn_Gly.dL.P.dL.F,CC(C)C[C@H]1NC(=O)[C@@H]2CCCN2C(=O)[C@@H](CC(C)C)NC(=O)CN(Cc2ccccc2)C(=O)[C@H](C)N(C)C(=O)[C@@H]2CCCN2C(=O)[C@H](Cc2ccccc2)NC1=O,2284.0,298.15,88.4977,41.4822,47.0155,10.3029,47.0155,76.9124,0.048996,168.54,0.297,56.998,2284.0,
A.dL.Bn_Gly.P.L.F,CC(C)C[C@@H]1NC(=O)[C@@H]2CCCN2C(=O)CN(Cc2ccccc2)C(=O)[C@@H](CC(C)C)NC(=O)[C@H](C)NC(=O)[C@H](Cc2ccccc2)NC1=O,2008.0,298.15,95.9236,44.2856,51.638,9.7872,51.638,72.851,0.058387,157.01999999999998,0.473,43.892,2008.0,
dP.dA.L.bHph.dP.meL.F,CC(C)C[C@@H]1NC(=O)[C@@H](C)NC(=O)[C@H]2CCCN2C(=O)[C@H](Cc2ccccc2)NC(=O)[C@H](CC(C)C)N(C)C(=O)[C@H]2CCCN2C(=O)C[C@H](Cc2ccccc2)NC1=O,1327.0,298.15,74.4259,29.301,45.1249,10.3684,45.1249,37.7268,0.045833,177.33,0.262,65.403,1327.0,
dA.L.bHph.P.Bn_Gly.F,CC(C)C[C@@H]1NC(=O)[C@@H](C)NC(=O)[C@H](Cc2ccccc2)NC(=O)CN(Cc2ccccc2)C(=O)[C@@H]2CCCN2C(=O)C[C@H](Cc2ccccc2)NC1=O,580.0,298.15,115.7378,59.2399,56.4979,11.363,56.4979,69.8618,0.059018,157.02,0.601,15.479,580.0,
dP.dL.dL.dL.dL.L,CC(C)C[C@@H]1NC(=O)[C@@H](CC(C)C)NC(=O)[C@@H](CC(C)C)NC(=O)[C@@H](CC(C)C)NC(=O)[C@@H](CC(C)C)NC(=O)[C@H]2CCCN2C1=O,6241.0,298.15,83.8753,51.8306,32.0447,6.5332,32.0447,74.5518,0.034509,165.81,0.303,53.767,6241.0,
P.Pr_Gly.Me_dL.bHph.dP.L.F,CCCN1CC(=O)N(C)[C@H](CC(C)C)C(=O)N[C@@H](Cc2ccccc2)CC(=O)N2CCC[C@@H]2C(=O)N[C@@H](CC(C)C)C(=O)N[C@@H](Cc2ccccc2)C(=O)N2CCC[C@H]2C1=O,4834.0,298.15,102.722,50.346,52.376,7.9451,52.376,78.4473,0.047769,168.54,0.973,2.777,4834.0,
L.dP.meL.A.Mono38.F.dP.meL.A.Et_Gly,CCN1CC(=O)N[C@@H](CC(C)C)C(=O)N2CCC[C@@H]2C(=O)N(C)[C@@H](CC(C)C)C(=O)N[C@@H](C)C(=O)N(CC2CCOCC2)CC(=O)N[C@@H](Cc2ccccc2)C(=O)N2CCC[C@@H]2C(=O)N(C)[C@@H](CC(C)C)C(=O)N[C@@H](C)C1=O,5008.0,298.15,114.2146,62.9834,51.2312,12.5431,51.2312,69.6357,0.042918,247.48999999999998,0.319,63.449,5008.0,
bHph.L.dL.P.dL.F,CC(C)C[C@@H]1NC(=O)C[C@H](Cc2ccccc2)NC(=O)[C@H](Cc2ccccc2)NC(=O)[C@@H](CC(C)C)NC(=O)[C@@H]2CCCN2C(=O)[C@@H](CC(C)C)NC1=O,3074.0,298.15,87.5704,42.9345,44.6359,6.2955,44.6359,66.7851,0.045767,165.81,0.315,33.864,3074.0,
P.A.L.bHph.dP.L.F,CC(C)C[C@@H]1NC(=O)[C@H](C)NC(=O)[C@@H]2CCCN2C(=O)[C@H](Cc2ccccc2)NC(=O)[C@H](CC(C)C)NC(=O)[C@H]2CCCN2C(=O)C[C@H](Cc2ccccc2)NC1=O,1267.0,298.15,109.494,59.1434,50.3506,14.3355,50.3506,100.0472,0.050768,186.12,0.372,31.043,1267.0,
dP.bHph.meL.Bn_Gly.dP.Bn_Gly.F,CC(C)C[C@H]1C(=O)N(Cc2ccccc2)CC(=O)N2CCC[C@@H]2C(=O)N(Cc2ccccc2)CC(=O)N[C@@H](Cc2ccccc2)C(=O)N2CCC[C@@H]2C(=O)N[C@@H](Cc2ccccc2)CC(=O)N1C,2141.0,298.15,80.5304,43.6247,36.9057,7.4871,36.9057,59.7903,0.031856,159.75,0.95,20.467,2141.0,
dP.dA.Bn_Gly.bHph.P.meL.F,CC(C)C[C@H]1C(=O)N[C@@H](Cc2ccccc2)C(=O)N2CCC[C@@H]2C(=O)N[C@H](C)C(=O)N(Cc2ccccc2)CC(=O)N[C@@H](Cc2ccccc2)CC(=O)N2CCC[C@H]2C(=O)N1C,264.0,298.15,89.3933,49.9716,39.4217,7.4406,39.4217,68.3752,0.040186,168.54000000000002,0.534,36.995,264.0,
dP.Pr_Gly.dL.Me_dL.dP.dL.F,CCCN1CC(=O)N[C@H](CC(C)C)C(=O)N(C)[C@H](CC(C)C)C(=O)N2CCC[C@@H]2C(=O)N[C@H](CC(C)C)C(=O)N[C@@H](Cc2ccccc2)C(=O)N2CCC[C@@H]2C1=O,4221.0,298.15,94.948,59.2051,35.7429,8.8734,35.7429,63.1711,0.0361,168.54,0.435,47.804,4221.0,
L.Mono38.meL.Nle.dP.Mono42,CCCC[C@@H]1NC(=O)[C@H](CC(C)C)N(C)C(=O)CN(CC2CCOCC2)C(=O)[C@H](CC(C)C)NC(=O)CN(CCN2CCOCC2)C(=O)[C@H]2CCCN2C1=O,5334.0,298.15,112.6134,79.7933,32.8201,8.4033,32.8201,82.8709,0.032171,161.14000000000001,0.378,55.33,5334.0,
L.Mono38.meL.Nle.dP.Mono45,CCCC[C@@H]1NC(=O)[C@H](CC(C)C)N(C)C(=O)CN(CC2CCOCC2)C(=O)[C@H](CC(C)C)NC(=O)CN(Cc2ccccc2Cn2cccn2)C(=O)[C@H]2CCCN2C1=O,4089.0,298.15,108.6912,52.1782,56.513,13.2945,56.513,60.2382,0.054568,166.49,0.27,52.938,4089.0,
meA.dL.L.dP.Bn_Gly.F,CC(C)C[C@@H]1NC(=O)[C@@H](CC(C)C)NC(=O)[C@H](C)N(C)C(=O)[C@H](Cc2ccccc2)NC(=O)CN(Cc2ccccc2)C(=O)[C@H]2CCCN2C1=O,1275.0,298.15,82.1868,54.6976,27.4892,5.7233,27.4892,65.8954,0.029476,148.23000000000002,0.519,23.951,1275.0,
A.PhPr_Gly.meL.Nle.dP.Bn(4-Cl)_Gly,CCCC[C@@H]1NC(=O)[C@H](CC(C)C)N(C)C(=O)CN(CCCc2ccccc2)C(=O)[C@H](C)NC(=O)CN(Cc2ccc(Cl)cc2)C(=O)[C@H]2CCCN2C1=O,5157.0,298.15,83.3282,36.5674,46.7608,8.6207,46.7608,54.6169,0.04559,139.44,0.729,16.398,5157.0,
Me_dA.L.dL.dP.dL.F,CC(C)C[C@@H]1NC(=O)[C@@H](C)N(C)C(=O)[C@H](Cc2ccccc2)NC(=O)[C@@H](CC(C)C)NC(=O)[C@H]2CCCN2C(=O)[C@@H](CC(C)C)NC1=O,1900.0,298.15,95.8846,38.8739,57.0107,17.0867,57.0107,57.4493,0.062962,157.02,0.367,56.98,1900.0,
dA.L.meL.dP.meL.F,CC(C)C[C@@H]1NC(=O)[C@@H](C)NC(=O)[C@H](Cc2ccccc2)NC(=O)[C@H](CC(C)C)N(C)C(=O)[C@H]2CCCN2C(=O)[C@H](CC(C)C)N(C)C1=O,1342.0,298.15,94.764,42.9591,51.8049,8.6257,51.8049,62.4376,0.057552,148.23000000000002,0.368,28.128,1342.0,
dI.P.dF.dI.P.dF,CC[C@@H](C)[C@H]1NC(=O)[C@@H](Cc2ccccc2)NC(=O)[C@@H]2CCCN2C(=O)[C@@H]([C@H](C)CC)NC(=O)[C@@H](Cc2ccccc2)NC(=O)[C@@H]2CCCN2C1=O,994.0,298.15,85.0026,33.0766,51.926,9.7006,51.926,51.6659,0.057195,157.02,0.447,20.179,994.0,
P.bHph.dL.Me_dL.dP.dL.F,CC(C)C[C@@H]1C(=O)N2CCC[C@@H]2C(=O)N[C@H](CC(C)C)C(=O)N[C@@H](Cc2ccccc2)C(=O)N2CCC[C@H]2C(=O)N[C@@H](Cc2ccccc2)CC(=O)N[C@H](CC(C)C)C(=O)N1C,4055.0,298.15,74.7074,48.2962,26.4112,5.2411,26.4112,59.6279,0.025117,177.33,0.612,16.721,4055.0,
A.Mono41.meL.Nle.dP.iBu_Gly,CCCC[C@@H]1NC(=O)[C@H](CC(C)C)N(C)C(=O)CN(CCCN2CCCC2=O)C(=O)[C@H](C)NC(=O)CN(CC(C)C)C(=O)[C@H]2CCCN2C1=O,7874.0,298.15,117.6579,58.3656,59.2923,10.5518,59.2923,92.4458,0.060382,159.75,0.754,18.707,7874.0,
L.dL.Cha.L.dP.F,CC(C)C[C@@H]1NC(=O)[C@H](Cc2ccccc2)NC(=O)[C@H]2CCCN2C(=O)[C@H](CC(C)C)NC(=O)[C@H](CC2CCCCC2)NC(=O)[C@@H](CC(C)C)NC1=O,9088.0,298.15,93.4773,46.7458,46.7315,9.2531,46.7315,74.4316,0.045789,165.81,0.469,58.311,9088.0,
A.Mono41.meL.Nle.dP.Et_Gly,CCCC[C@@H]1NC(=O)[C@H](CC(C)C)N(C)C(=O)CN(CCCN2CCCC2=O)C(=O)[C@H](C)NC(=O)CN(CC)C(=O)[C@H]2CCCN2C1=O,7166.0,298.15,110.9258,63.6422,47.2836,8.9436,47.2836,89.077,0.050677,159.75,0.798,14.631,7166.0,
dA.Mono38.meL.Nle.P.Et_Gly,CCCC[C@@H]1NC(=O)[C@H](CC(C)C)N(C)C(=O)CN(CC2CCOCC2)C(=O)[C@@H](C)NC(=O)CN(CC)C(=O)[C@@H]2CCCN2C1=O,1868.0,298.15,125.9995,85.7027,40.2968,4.8086,40.2968,107.7963,0.04484,148.67000000000002,0.885,14.613,1868.0,
bHph.Me_dL.Bn_Gly.P.meL.F,CC(C)C[C@@H]1C(=O)N(Cc2ccccc2)CC(=O)N2CCC[C@H]2C(=O)N(C)[C@@H](CC(C)C)C(=O)N[C@@H](Cc2ccccc2)C(=O)N[C@@H](Cc2ccccc2)CC(=O)N1C,1726.0,298.15,91.3118,41.6997,49.6121,10.8729,49.6121,58.0533,0.049266,139.44,0.451,26.567,1726.0,
P.bHph.L.Bn_Gly.P.Me_dL.F,CC(C)C[C@@H]1NC(=O)C[C@H](Cc2ccccc2)NC(=O)[C@@H]2CCCN2C(=O)[C@H](Cc2ccccc2)NC(=O)[C@@H](CC(C)C)N(C)C(=O)[C@@H]2CCCN2C(=O)CN(Cc2ccccc2)C1=O,1507.0,298.15,73.3087,36.8071,36.5016,7.0707,36.5016,55.2981,0.034978,168.54000000000002,0.494,41.856,1507.0,
dP.dPye.L.dL.Abu.L,CC[C@@H]1NC(=O)[C@@H](CC(C)C)NC(=O)[C@H](CC(C)C)NC(=O)[C@@H](CCC(=O)N2CCCC2)NC(=O)[C@H]2CCCN2C(=O)[C@H](CC(C)C)NC1=O,1711.0,298.15,82.7233,54.7393,27.984,4.422,27.984,65.792,0.030524,186.12,0.379,40.524,1711.0,
dP.Pr_Gly.meL.bHph.P.Bn_Gly.F,CCCN1CC(=O)N(C)[C@@H](CC(C)C)C(=O)N[C@@H](Cc2ccccc2)CC(=O)N2CCC[C@H]2C(=O)N(Cc2ccccc2)CC(=O)N[C@@H](Cc2ccccc2)C(=O)N2CCC[C@@H]2C1=O,1709.0,298.15,98.0574,47.3334,50.724,9.3131,50.724,58.025,0.050014,159.75,0.634,40.222,1709.0,
P.meA.dL.L.P.dL.F,CC(C)C[C@@H]1NC(=O)[C@@H](CC(C)C)NC(=O)[C@H](C)N(C)C(=O)[C@@H]2CCCN2C(=O)[C@H](Cc2ccccc2)NC(=O)[C@@H](CC(C)C)NC(=O)[C@@H]2CCCN2C1=O,1989.0,298.15,100.154,63.6798,36.4742,7.0935,36.4742,94.4433,0.036959,177.32999999999998,0.253,59.478,1989.0,
L.dF.P.F.dL.L,CC(C)C[C@@H]1NC(=O)[C@H](CC(C)C)NC(=O)[C@@H](CC(C)C)NC(=O)[C@H](Cc2ccccc2)NC(=O)[C@@H]2CCCN2C(=O)[C@@H](Cc2ccccc2)NC1=O,2562.0,298.15,86.9686,31.5001,55.4685,8.6517,55.4685,66.2748,0.057061,165.81,0.261,35.73,2562.0,
dP.dA.L.dL.dP.L.F,CC(C)C[C@@H]1NC(=O)[C@H]2CCCN2C(=O)[C@@H](CC(C)C)NC(=O)[C@H](CC(C)C)NC(=O)[C@@H](C)NC(=O)[C@H]2CCCN2C(=O)[C@H](Cc2ccccc2)NC1=O,842.0,298.15,102.503,48.9327,53.5703,8.1134,53.5703,81.4503,0.056435,186.12,0.193,71.488,842.0,
Nal.3-pyridylethyl_Gly.meL.Nle.dP.Bn(4-Cl)_Gly,CCCC[C@@H]1NC(=O)[C@H](CC(C)C)N(C)C(=O)CN(CCc2cccnc2)C(=O)[C@H](Cc2ccc3ccccc3c2)NC(=O)CN(Cc2ccc(Cl)cc2)C(=O)[C@H]2CCCN2C1=O,3950.0,298.15,100.0536,51.8271,48.2265,8.2596,48.2265,78.1024,0.045326,152.33,0.685,28.756,3950.0,
A.PhPr_Gly.meL.Nle.dP.Mono45,CCCC[C@@H]1NC(=O)[C@H](CC(C)C)N(C)C(=O)CN(CCCc2ccccc2)C(=O)[C@H](C)NC(=O)CN(Cc2ccccc2Cn2cccn2)C(=O)[C@H]2CCCN2C1=O,5087.0,298.15,93.0066,35.3037,57.7029,14.5486,57.7029,42.2009,0.056732,157.26,0.494,38.283,5087.0,
dP.meA.Me_dL.L.P.dL.F,CC(C)C[C@@H]1NC(=O)[C@@H](CC(C)C)N(C)C(=O)[C@H](C)N(C)C(=O)[C@H]2CCCN2C(=O)[C@H](Cc2ccccc2)NC(=O)[C@@H](CC(C)C)NC(=O)[C@@H]2CCCN2C1=O,5379.0,298.15,108.3892,54.6499,53.7393,14.7962,53.7393,79.9858,0.053908,168.54,0.846,9.119,5379.0,
dP.bHph.meL.L.P.dL.F,CC(C)C[C@@H]1NC(=O)[C@H](CC(C)C)N(C)C(=O)C[C@H](Cc2ccccc2)NC(=O)[C@H]2CCCN2C(=O)[C@H](Cc2ccccc2)NC(=O)[C@@H](CC(C)C)NC(=O)[C@@H]2CCCN2C1=O,1008.0,298.15,74.2931,48.4464,25.8467,6.307,25.8467,70.5987,0.025104,177.32999999999998,0.098,87.939,1008.0,
dP.meA.L.Bn_Gly.dP.meL.F,CC(C)C[C@@H]1NC(=O)[C@H](C)N(C)C(=O)[C@H]2CCCN2C(=O)[C@H](Cc2ccccc2)NC(=O)[C@H](CC(C)C)N(C)C(=O)[C@H]2CCCN2C(=O)CN(Cc2ccccc2)C1=O,1910.0,298.15,76.2254,34.9851,41.2403,8.3112,41.2403,50.5545,0.041815,159.75,0.963,8.212,1910.0,
dP.Me_dA.meL.bHph.dP.dL.F,CC(C)C[C@H]1NC(=O)[C@H]2CCCN2C(=O)C[C@H](Cc2ccccc2)NC(=O)[C@H](CC(C)C)N(C)C(=O)[C@@H](C)N(C)C(=O)[C@H]2CCCN2C(=O)[C@H](Cc2ccccc2)NC1=O,1334.0,298.15,105.2337,43.857,61.3767,13.4518,61.3767,54.9628,0.06087,168.54,0.2,60.978,1334.0,
dP.bHph.L.dL.dP.Bn_Gly.F,CC(C)C[C@@H]1NC(=O)C[C@H](Cc2ccccc2)NC(=O)[C@H]2CCCN2C(=O)[C@H](Cc2ccccc2)NC(=O)CN(Cc2ccccc2)C(=O)[C@H]2CCCN2C(=O)[C@@H](CC(C)C)NC1=O,768.0,298.15,119.1477,64.0421,55.1056,7.6718,55.1056,88.8331,0.053031,177.33,0.539,37.722,768.0,
A.meL.dL.P.Bn_Gly.F,CC(C)C[C@H]1NC(=O)[C@H](CC(C)C)N(C)C(=O)[C@H](C)NC(=O)[C@H](Cc2ccccc2)NC(=O)CN(Cc2ccccc2)C(=O)[C@@H]2CCCN2C1=O,1465.0,298.15,79.7362,31.8943,47.8419,10.9742,47.8419,69.1832,0.053057,148.23000000000002,0.571,19.584,1465.0,
meA.dL.bHph.P.Bn_Gly.F,CC(C)C[C@H]1NC(=O)[C@H](C)N(C)C(=O)[C@H](Cc2ccccc2)NC(=O)CN(Cc2ccccc2)C(=O)[C@@H]2CCCN2C(=O)C[C@H](Cc2ccccc2)NC1=O,926.0,298.15,82.6876,30.2304,52.4572,9.3996,52.4572,59.1477,0.054369,148.23,0.367,18.415,926.0,
dP.meA.Bn_Gly.L.dP.meL.F,CC(C)C[C@@H]1NC(=O)CN(Cc2ccccc2)C(=O)[C@H](C)N(C)C(=O)[C@H]2CCCN2C(=O)[C@H](Cc2ccccc2)NC(=O)[C@H](CC(C)C)N(C)C(=O)[C@H]2CCCN2C1=O,1076.0,298.15,85.3743,55.6352,29.7391,5.8645,29.7391,75.6354,0.030965,159.75,0.272,72.551,1076.0,
dP.dA.L.Me_dL.dP.L.F,CC(C)C[C@@H]1NC(=O)[C@H]2CCCN2C(=O)[C@@H](CC(C)C)N(C)C(=O)[C@H](CC(C)C)NC(=O)[C@@H](C)NC(=O)[C@H]2CCCN2C(=O)[C@H](Cc2ccccc2)NC1=O,885.0,298.15,83.4655,55.3772,28.0883,4.4208,28.0883,74.6748,0.029795,177.32999999999998,0.272,71.22,885.0,
Nal.Mono40.meL.Nle.dP.Mono45,CCCC[C@@H]1NC(=O)[C@H](CC(C)C)N(C)C(=O)CN(CCCc2cnn(C)c2)C(=O)[C@H](Cc2ccc3ccccc3c2)NC(=O)CN(Cc2ccccc2Cn2cccn2)C(=O)[C@H]2CCCN2C1=O,5045.0,298.15,104.9711,52.4637,52.5074,14.2311,52.5074,56.5164,0.047169,175.07999999999998,0.58,30.951,5045.0,
dP.Me_dA.meL.Me_dL.dP.Bn_Gly.F,CC(C)C[C@@H]1C(=O)N2CCC[C@@H]2C(=O)N(Cc2ccccc2)CC(=O)N[C@@H](Cc2ccccc2)C(=O)N2CCC[C@@H]2C(=O)N(C)[C@H](C)C(=O)N(C)[C@@H](CC(C)C)C(=O)N1C,2005.0,298.15,87.6759,45.0388,42.6371,8.4723,42.6371,67.4023,0.040257,150.96,0.206,76.29,2005.0,
P.Me_dA.L.Me_dL.dP.Me_dL.F,CC(C)C[C@@H]1NC(=O)[C@@H](C)N(C)C(=O)[C@@H]2CCCN2C(=O)[C@H](Cc2ccccc2)NC(=O)[C@@H](CC(C)C)N(C)C(=O)[C@H]2CCCN2C(=O)[C@@H](CC(C)C)N(C)C1=O,3917.0,298.15,87.0151,47.6369,39.3782,7.1056,39.3782,62.8868,0.039425,159.75,0.741,33.667,3917.0,
P.meA.dL.meL.dP.L.F,CC(C)C[C@@H]1NC(=O)[C@H]2CCCN2C(=O)[C@H](CC(C)C)N(C)C(=O)[C@@H](CC(C)C)NC(=O)[C@H](C)N(C)C(=O)[C@@H]2CCCN2C(=O)[C@H](Cc2ccccc2)NC1=O,2073.0,298.15,83.3662,43.9546,39.4116,6.5158,39.4116,53.4238,0.040002,168.54,0.227,64.674,2073.0,
dP.A.dL.dL.dP.L.F,CC(C)C[C@@H]1NC(=O)[C@H]2CCCN2C(=O)[C@@H](CC(C)C)NC(=O)[C@@H](CC(C)C)NC(=O)[C@H](C)NC(=O)[C@H]2CCCN2C(=O)[C@H](Cc2ccccc2)NC1=O,1533.0,298.15,89.9949,44.619,45.3759,9.4654,45.3759,81.8659,0.047029,186.12,0.181,80.538,1533.0,
dP.dA.Pye.dL.Nal.L,CC(C)C[C@@H]1NC(=O)[C@H](Cc2ccc3ccccc3c2)NC(=O)[C@@H](CC(C)C)NC(=O)[C@H](CCC(=O)N2CCCC2)NC(=O)[C@@H](C)NC(=O)[C@H]2CCCN2C1=O,1994.0,298.15,105.938,57.3307,48.6073,9.4781,48.6073,71.8918,0.049234,186.12,0.697,11.868,1994.0,
dP.dA.Bn_Gly.bHph.dP.Me_dL.F,CC(C)C[C@@H]1C(=O)N[C@@H](Cc2ccccc2)C(=O)N2CCC[C@@H]2C(=O)N[C@H](C)C(=O)N(Cc2ccccc2)CC(=O)N[C@@H](Cc2ccccc2)CC(=O)N2CCC[C@@H]2C(=O)N1C,830.0,298.15,95.8347,42.9542,52.8805,14.6181,52.8805,55.108,0.053089,168.54000000000002,0.615,14.647,830.0,
dA.meL.dL.dP.meL.F,CC(C)C[C@H]1NC(=O)[C@H](CC(C)C)N(C)C(=O)[C@@H](C)NC(=O)[C@H](Cc2ccccc2)NC(=O)[C@H](CC(C)C)N(C)C(=O)[C@H]2CCCN2C1=O,4424.0,298.15,96.6583,43.7129,52.9454,10.2177,52.9454,67.0278,0.05706,148.23000000000002,0.931,12.478,4424.0,
dA.Me_dL.bHph.P.meL.F,CC(C)C[C@@H]1C(=O)N[C@@H](Cc2ccccc2)CC(=O)N2CCC[C@H]2C(=O)N(C)[C@@H](CC(C)C)C(=O)N[C@@H](Cc2ccccc2)C(=O)N[C@H](C)C(=O)N1C,1232.0,298.15,93.2298,50.6738,42.556,7.2416,42.556,66.2499,0.045383,148.23,0.789,20.165,1232.0,
P.meA.Me_dL.dL.dP.Me_dL.F,CC(C)C[C@@H]1C(=O)N[C@@H](Cc2ccccc2)C(=O)N2CCC[C@H]2C(=O)N(C)[C@@H](C)C(=O)N(C)[C@H](CC(C)C)C(=O)N[C@H](CC(C)C)C(=O)N2CCC[C@@H]2C(=O)N1C,1089.0,298.15,73.209,45.6442,27.5648,6.0858,27.5648,67.9323,0.027676,159.75,0.475,54.35,1089.0,
dP.Me_dA.Bn_Gly.Bn_Gly.dP.meL.F,CC(C)C[C@H]1C(=O)N[C@@H](Cc2ccccc2)C(=O)N2CCC[C@@H]2C(=O)N(C)[C@H](C)C(=O)N(Cc2ccccc2)CC(=O)N(Cc2ccccc2)CC(=O)N2CCC[C@@H]2C(=O)N1C,1331.0,298.15,85.0597,42.2453,42.8144,8.5084,42.8144,59.4375,0.044683,150.96,0.623,42.926,1331.0,
meA.meL.L.dP.Me_dL.F,CC(C)C[C@@H]1NC(=O)[C@H](CC(C)C)N(C)C(=O)[C@H](C)N(C)C(=O)[C@H](Cc2ccccc2)NC(=O)[C@@H](CC(C)C)N(C)C(=O)[C@H]2CCCN2C1=O,3011.0,298.15,82.3077,34.3387,47.969,8.1535,47.969,43.011,0.051973,139.44,0.568,30.958,3011.0,
P.bHph.Bn_Gly.bHph.P.meL.F,CC(C)C[C@H]1C(=O)N[C@@H](Cc2ccccc2)C(=O)N2CCC[C@H]2C(=O)N[C@@H](Cc2ccccc2)CC(=O)N(Cc2ccccc2)CC(=O)N[C@@H](Cc2ccccc2)CC(=O)N2CCC[C@H]2C(=O)N1C,1287.0,298.15,79.6966,48.2886,31.408,5.5824,31.408,62.3687,0.027895,168.54000000000002,0.586,14.352,1287.0,
dA.Bn_Gly.L.dP.L.F,CC(C)C[C@@H]1NC(=O)[C@H]2CCCN2C(=O)[C@H](CC(C)C)NC(=O)CN(Cc2ccccc2)C(=O)[C@@H](C)NC(=O)[C@H](Cc2ccccc2)NC1=O,1341.0,298.15,109.7431,54.3478,55.3953,10.6984,55.3953,68.074,0.062646,157.01999999999998,0.326,53.316,1341.0,
P.A.dL.Bn_Gly.P.dL.F,CC(C)C[C@H]1NC(=O)[C@@H]2CCCN2C(=O)CN(Cc2ccccc2)C(=O)[C@@H](CC(C)C)NC(=O)[C@H](C)NC(=O)[C@@H]2CCCN2C(=O)[C@H](Cc2ccccc2)NC1=O,2672.0,298.15,113.6941,63.9835,49.7106,8.641,49.7106,99.3965,0.050197,177.32999999999998,0.614,36.329,2672.0,
P.Me_dA.L.L.P.Bn_Gly.F,CC(C)C[C@@H]1NC(=O)[C@@H](C)N(C)C(=O)[C@@H]2CCCN2C(=O)[C@H](Cc2ccccc2)NC(=O)CN(Cc2ccccc2)C(=O)[C@@H]2CCCN2C(=O)[C@H](CC(C)C)NC1=O,897.0,298.15,110.3376,70.4926,39.845,6.8562,39.845,103.3408,0.040259,168.54,0.408,68.489,897.0,
F.cHexCH2_Gly.meL.Nle.dP.Mono45,CCCC[C@@H]1NC(=O)[C@H](CC(C)C)N(C)C(=O)CN(CC2CCCCC2)C(=O)[C@H](Cc2ccccc2)NC(=O)CN(Cc2ccccc2Cn2cccn2)C(=O)[C@H]2CCCN2C1=O,6507.0,298.15,86.9197,44.0757,42.844,10.2591,42.844,52.3098,0.041691,157.26,0.819,13.418,6507.0,
P.meA.Bn_Gly.L.P.Bn_Gly.F,CC(C)C[C@@H]1NC(=O)CN(Cc2ccccc2)C(=O)[C@H](C)N(C)C(=O)[C@@H]2CCCN2C(=O)[C@H](Cc2ccccc2)NC(=O)CN(Cc2ccccc2)C(=O)[C@@H]2CCCN2C1=O,2295.0,298.15,95.9499,59.9322,36.0177,7.0182,36.0177,79.1837,0.033811,159.75,0.785,14.253,2295.0,
dP.dA.Me_dL.L.dP.meL.F,CC(C)C[C@@H]1NC(=O)[C@@H](CC(C)C)N(C)C(=O)[C@@H](C)NC(=O)[C@H]2CCCN2C(=O)[C@H](Cc2ccccc2)NC(=O)[C@H](CC(C)C)N(C)C(=O)[C@H]2CCCN2C1=O,2489.0,298.15,84.8653,50.3215,34.5438,6.6162,34.5438,68.4712,0.034986,168.54,0.674,31.416,2489.0,
A.3-pyridylethyl_Gly.meL.Nle.dP.iBu_Gly,CCCC[C@@H]1NC(=O)[C@H](CC(C)C)N(C)C(=O)CN(CCc2cccnc2)C(=O)[C@H](C)NC(=O)CN(CC(C)C)C(=O)[C@H]2CCCN2C1=O,4138.0,298.15,94.3907,52.322,42.0687,7.5353,42.0687,84.1393,0.045336,152.33,0.496,51.897,4138.0,
dA.L.meL.dP.L.F,CC(C)C[C@@H]1NC(=O)[C@H]2CCCN2C(=O)[C@H](CC(C)C)N(C)C(=O)[C@H](CC(C)C)NC(=O)[C@@H](C)NC(=O)[C@H](Cc2ccccc2)NC1=O,1434.0,298.15,78.3996,51.4338,26.9658,6.0326,26.9658,72.5156,0.031497,157.01999999999998,0.316,45.693,1434.0,
dP.dA.dL.Bn_Gly.dP.Bn_Gly.F,CC(C)C[C@H]1NC(=O)[C@@H](C)NC(=O)[C@H]2CCCN2C(=O)[C@H](Cc2ccccc2)NC(=O)CN(Cc2ccccc2)C(=O)[C@H]2CCCN2C(=O)CN(Cc2ccccc2)C1=O,639.0,298.15,83.9247,48.4043,35.5204,6.1207,35.5204,66.9697,0.03534,168.54000000000002,0.498,14.307,639.0,
meA.dL.meL.P.meL.F,CC(C)C[C@H]1NC(=O)[C@H](C)N(C)C(=O)[C@H](Cc2ccccc2)NC(=O)[C@H](CC(C)C)N(C)C(=O)[C@@H]2CCCN2C(=O)[C@H](CC(C)C)N(C)C1=O,2272.0,298.15,79.4426,38.7219,40.7207,8.3767,40.7207,71.2722,0.043277,139.44,0.749,17.395,2272.0,
Nal.Mono39.meL.Nle.dP.Et_Gly,CCCC[C@@H]1NC(=O)[C@H](CC(C)C)N(C)C(=O)CN(CCOc2ccccc2)C(=O)[C@H](Cc2ccc3ccccc3c2)NC(=O)CN(CC)C(=O)[C@H]2CCCN2C1=O,7988.0,298.15,80.8474,44.3332,36.5142,7.889,36.5142,63.0924,0.03631,148.67000000000002,0.902,27.221,7988.0,
dP.dA.L.meL.P.Me_dL.F,CC(C)C[C@@H]1NC(=O)[C@@H](C)NC(=O)[C@H]2CCCN2C(=O)[C@H](Cc2ccccc2)NC(=O)[C@@H](CC(C)C)N(C)C(=O)[C@@H]2CCCN2C(=O)[C@H](CC(C)C)N(C)C1=O,3862.0,298.15,103.9447,46.6646,57.2801,9.3196,57.2801,70.5267,0.057247,168.54000000000002,0.713,26.576,3862.0,
dP.Pr_Gly.meL.meL.dP.Bn_Gly.F,CCCN1CC(=O)N(C)[C@@H](CC(C)C)C(=O)N(C)[C@@H](CC(C)C)C(=O)N2CCC[C@@H]2C(=O)N(Cc2ccccc2)CC(=O)N[C@@H](Cc2ccccc2)C(=O)N2CCC[C@@H]2C1=O,3753.0,298.15,81.0373,51.232,29.8053,7.5527,29.8053,63.536,0.028467,150.96,0.803,22.793,3753.0,
F.Bn_Gly.meL.Nle.dP.iBu_Gly,CCCC[C@@H]1NC(=O)[C@H](CC(C)C)N(C)C(=O)CN(Cc2ccccc2)C(=O)[C@H](Cc2ccccc2)NC(=O)CN(CC(C)C)C(=O)[C@H]2CCCN2C1=O,4259.0,298.15,84.6454,40.5857,44.0597,7.4363,44.0597,59.1519,0.044367,139.44,0.651,29.991,4259.0,
A.dL.meL.dP.L.F,CC(C)C[C@@H]1NC(=O)[C@H]2CCCN2C(=O)[C@H](CC(C)C)N(C)C(=O)[C@@H](CC(C)C)NC(=O)[C@H](C)NC(=O)[C@H](Cc2ccccc2)NC1=O,1016.0,298.15,85.7319,44.3029,41.429,8.4024,41.429,56.3553,0.046536,157.01999999999998,0.435,47.867,1016.0,
dP.meA.Bn_Gly.Me_dL.P.L.F,CC(C)C[C@@H]1NC(=O)[C@@H]2CCCN2C(=O)[C@@H](CC(C)C)N(C)C(=O)CN(Cc2ccccc2)C(=O)[C@H](C)N(C)C(=O)[C@H]2CCCN2C(=O)[C@H](Cc2ccccc2)NC1=O,2679.0,298.15,88.5607,34.5418,54.0189,10.9067,54.0189,49.8725,0.053201,159.75,0.368,51.374,2679.0,
Nal.cHexCH2_Gly.meL.Nle.dP.Et_Gly,CCCC[C@@H]1NC(=O)[C@H](CC(C)C)N(C)C(=O)CN(CC2CCCCC2)C(=O)[C@H](Cc2ccc3ccccc3c2)NC(=O)CN(CC)C(=O)[C@H]2CCCN2C1=O,4579.0,298.15,73.2856,40.5621,32.7235,6.5743,32.7235,62.0855,0.031504,139.44,0.854,11.393,4579.0,
meA.L.meA.T.P.meI.G.meA.L.Mono7,CC[C@H](C)[C@H]1C(=O)NCC(=O)N(C)[C@@H](C)C(=O)N[C@@H](CC(C)C)C(=O)N[C@@H](C)CC(=O)N(C)[C@@H](C)C(=O)N[C@@H](CC(C)C)C(=O)N(C)[C@@H](C)C(=O)N[C@@H]([C@@H](C)O)C(=O)N2CCC[C@H]2C(=O)N1C,2179.0,298.15,139.9892,90.2205,49.7687,9.4708,49.7687,114.9287,0.044519,267.28000000000003,0.099,83.665,2179.0,
dA.L.Me_dL.dP.L.F,CC(C)C[C@@H]1NC(=O)[C@H]2CCCN2C(=O)[C@@H](CC(C)C)N(C)C(=O)[C@H](CC(C)C)NC(=O)[C@@H](C)NC(=O)[C@H](Cc2ccccc2)NC1=O,810.0,298.15,75.9464,47.8647,28.0817,5.1661,28.0817,67.3061,0.032714,157.01999999999998,0.396,38.099,810.0,
P.dA.dL.Bn_Gly.dP.dL.F,CC(C)C[C@H]1NC(=O)[C@H]2CCCN2C(=O)CN(Cc2ccccc2)C(=O)[C@@H](CC(C)C)NC(=O)[C@@H](C)NC(=O)[C@@H]2CCCN2C(=O)[C@H](Cc2ccccc2)NC1=O,658.0,298.15,99.3866,55.7649,43.6217,9.1903,43.6217,68.066,0.043785,177.32999999999998,0.466,52.231,658.0,
L.Me_dL.L.L.dP.meY,CC(C)C[C@@H]1NC(=O)[C@@H](CC(C)C)N(C)C(=O)[C@H](CC(C)C)NC(=O)[C@H](Cc2ccc(O)cc2)N(C)C(=O)[C@H]2CCCN2C(=O)[C@H](CC(C)C)NC1=O,4681.0,298.15,119.3215,66.9284,52.3931,9.9203,52.3931,90.3455,0.051976,168.46,0.657,33.93,4681.0,
Pr_Gly.L.L.P.meL.F,CCCN1CC(=O)N[C@@H](CC(C)C)C(=O)N[C@@H](CC(C)C)C(=O)N2CCC[C@H]2C(=O)N(C)[C@@H](CC(C)C)C(=O)N[C@@H](Cc2ccccc2)C1=O,3499.0,298.15,83.1119,57.388,25.7239,4.4415,25.7239,74.6812,0.027158,148.23,0.389,62.062,3499.0,
dP.Me_dA.meL.L.dP.dL.F,CC(C)C[C@@H]1NC(=O)[C@H](CC(C)C)N(C)C(=O)[C@@H](C)N(C)C(=O)[C@H]2CCCN2C(=O)[C@H](Cc2ccccc2)NC(=O)[C@@H](CC(C)C)NC(=O)[C@H]2CCCN2C1=O,2442.0,298.15,89.3383,57.1981,32.1402,6.4792,32.1402,78.3286,0.033789,168.54,0.559,42.67,2442.0,
P.meA.meL.Me_dL.P.Bn_Gly.F,CC(C)C[C@@H]1C(=O)N2CCC[C@H]2C(=O)N(Cc2ccccc2)CC(=O)N[C@@H](Cc2ccccc2)C(=O)N2CCC[C@H]2C(=O)N(C)[C@@H](C)C(=O)N(C)[C@@H](CC(C)C)C(=O)N1C,3925.0,298.15,88.5312,43.5403,44.9909,6.1772,44.9909,70.8102,0.044308,150.96,0.805,12.69,3925.0,
meA.Me_dL.Me_dL.P.L.F,CC(C)C[C@@H]1NC(=O)[C@@H]2CCCN2C(=O)[C@@H](CC(C)C)N(C)C(=O)[C@@H](CC(C)C)N(C)C(=O)[C@H](C)N(C)C(=O)[C@H](Cc2ccccc2)NC1=O,2274.0,298.15,59.3795,35.5034,23.8761,6.1169,23.8761,48.0463,0.025787,139.44,0.343,42.314,2274.0,
dP.bHph.Bn_Gly.L.P.dL.F,CC(C)C[C@@H]1NC(=O)CN(Cc2ccccc2)C(=O)C[C@H](Cc2ccccc2)NC(=O)[C@H]2CCCN2C(=O)[C@H](Cc2ccccc2)NC(=O)[C@@H](CC(C)C)NC(=O)[C@@H]2CCCN2C1=O,2281.0,298.15,111.386,47.3887,63.9973,11.3161,63.9973,60.0262,0.062858,177.32999999999998,0.41,58.134,2281.0,
P.dA.Bn_Gly.bHph.P.meL.F,CC(C)C[C@H]1C(=O)N[C@@H](Cc2ccccc2)C(=O)N2CCC[C@H]2C(=O)N[C@H](C)C(=O)N(Cc2ccccc2)CC(=O)N[C@@H](Cc2ccccc2)CC(=O)N2CCC[C@H]2C(=O)N1C,1814.0,298.15,103.193,51.6263,51.5667,9.9103,51.5667,73.3935,0.049721,168.54000000000002,0.525,10.305,1814.0,
P.meA.L.meL.P.L.F,CC(C)C[C@@H]1NC(=O)[C@@H]2CCCN2C(=O)[C@H](CC(C)C)N(C)C(=O)[C@H](CC(C)C)NC(=O)[C@H](C)N(C)C(=O)[C@@H]2CCCN2C(=O)[C@H](Cc2ccccc2)NC1=O,2514.0,298.15,97.0007,49.2762,47.7245,9.2531,47.7245,65.5986,0.048711,168.54,0.53,26.453,2514.0,
A.Me_dL.dL.dP.meL.F,CC(C)C[C@@H]1C(=O)N[C@H](CC(C)C)C(=O)N2CCC[C@@H]2C(=O)N(C)[C@@H](CC(C)C)C(=O)N[C@@H](Cc2ccccc2)C(=O)N[C@@H](C)C(=O)N1C,689.0,298.15,75.0025,39.3396,35.6629,8.4301,35.6629,69.896,0.039099,148.23,0.45,45.064,689.0,
Nal.cHexCH2_Gly.meL.Nle.dP.Pr_Gly,CCCC[C@@H]1NC(=O)[C@H](CC(C)C)N(C)C(=O)CN(CC2CCCCC2)C(=O)[C@H](Cc2ccc3ccccc3c2)NC(=O)CN(CCC)C(=O)[C@H]2CCCN2C1=O,6948.0,298.15,80.1862,43.049,37.1372,7.2466,37.1372,62.0899,0.035557,139.44,0.948,11.573,6948.0,
dP.Pr_Gly.L.Me_dL.dP.Bn_Gly.F,CCCN1CC(=O)N[C@@H](CC(C)C)C(=O)N(C)[C@H](CC(C)C)C(=O)N2CCC[C@@H]2C(=O)N(Cc2ccccc2)CC(=O)N[C@@H](Cc2ccccc2)C(=O)N2CCC[C@@H]2C1=O,1233.0,298.15,103.1263,40.9579,62.1684,10.5574,62.1684,57.1865,0.059727,159.75,0.454,46.954,1233.0,
dP.meA.Bn_Gly.Bn_Gly.dP.dL.F,CC(C)C[C@H]1NC(=O)[C@H]2CCCN2C(=O)CN(Cc2ccccc2)C(=O)CN(Cc2ccccc2)C(=O)[C@H](C)N(C)C(=O)[C@H]2CCCN2C(=O)[C@H](Cc2ccccc2)NC1=O,865.0,298.15,91.0084,41.1653,49.8431,10.9631,49.8431,67.8709,0.049539,159.75,0.702,20.005,865.0,
dP.dA.dL.bHph.P.L.F,CC(C)C[C@@H]1NC(=O)[C@@H]2CCCN2C(=O)C[C@H](Cc2ccccc2)NC(=O)[C@@H](CC(C)C)NC(=O)[C@@H](C)NC(=O)[C@H]2CCCN2C(=O)[C@H](Cc2ccccc2)NC1=O,938.0,298.15,100.5407,29.6064,70.9343,19.8532,70.9343,38.682,0.069099,186.12,0.553,24.178,938.0,
P.A.L.Me_dL.P.Bn_Gly.F,CC(C)C[C@@H]1NC(=O)[C@H](C)NC(=O)[C@@H]2CCCN2C(=O)[C@H](Cc2ccccc2)NC(=O)CN(Cc2ccccc2)C(=O)[C@@H]2CCCN2C(=O)[C@@H](CC(C)C)N(C)C1=O,2412.0,298.15,90.2644,55.4675,34.7969,7.1564,34.7969,79.2469,0.03499,168.54000000000002,0.636,3.762,2412.0,
A.Me_dL.bHph.dP.L.F,CC(C)C[C@@H]1NC(=O)[C@H]2CCCN2C(=O)C[C@H](Cc2ccccc2)NC(=O)[C@@H](CC(C)C)N(C)C(=O)[C@H](C)NC(=O)[C@H](Cc2ccccc2)NC1=O,1180.0,298.15,89.7293,43.1762,46.5531,11.9133,46.5531,49.6816,0.049712,157.01999999999998,0.708,10.355,1180.0,
Me_dA.dL.bHph.P.dL.F,CC(C)C[C@H]1NC(=O)[C@@H](C)N(C)C(=O)[C@H](Cc2ccccc2)NC(=O)[C@@H](CC(C)C)NC(=O)[C@@H]2CCCN2C(=O)C[C@H](Cc2ccccc2)NC1=O,1985.0,298.15,84.3292,42.4249,41.9043,9.5594,41.9043,55.0362,0.046328,157.02,0.388,65.159,1985.0,
dP.Pr_Gly.dL.dL.P.dL.F,CCCN1CC(=O)N[C@H](CC(C)C)C(=O)N[C@H](CC(C)C)C(=O)N2CCC[C@H]2C(=O)N[C@H](CC(C)C)C(=O)N[C@@H](Cc2ccccc2)C(=O)N2CCC[C@@H]2C1=O,5746.0,298.15,107.0733,48.6102,58.4631,14.0069,58.4631,100.2436,0.058696,177.32999999999998,0.215,70.749,5746.0,
meA.dL.L.dP.Me_dL.F,CC(C)C[C@@H]1NC(=O)[C@@H](CC(C)C)NC(=O)[C@H](C)N(C)C(=O)[C@H](Cc2ccccc2)NC(=O)[C@@H](CC(C)C)N(C)C(=O)[C@H]2CCCN2C1=O,2898.0,298.15,73.0954,31.4674,41.628,6.3997,41.628,53.7843,0.044759,148.23000000000002,0.532,29.732,2898.0,
P.Me_dA.Me_dL.Bn_Gly.dP.meL.F,CC(C)C[C@@H]1C(=O)N(Cc2ccccc2)CC(=O)N2CCC[C@@H]2C(=O)N(C)[C@@H](CC(C)C)C(=O)N[C@@H](Cc2ccccc2)C(=O)N2CCC[C@H]2C(=O)N(C)[C@H](C)C(=O)N1C,4340.0,298.15,86.4416,42.532,43.9096,9.8429,43.9096,69.8521,0.043568,150.96,0.716,36.504,4340.0,
P.A.meL.Me_dL.P.Me_dL.F,CC(C)C[C@@H]1C(=O)N2CCC[C@H]2C(=O)N(C)[C@H](CC(C)C)C(=O)N[C@@H](Cc2ccccc2)C(=O)N2CCC[C@H]2C(=O)N[C@@H](C)C(=O)N(C)[C@@H](CC(C)C)C(=O)N1C,4703.0,298.15,81.9635,29.1643,52.7992,9.4061,52.7992,59.0165,0.053351,159.75,0.759,13.758,4703.0,
A.Mono40.meL.Nle.dP.Mono45,CCCC[C@@H]1NC(=O)[C@H](CC(C)C)N(C)C(=O)CN(CCCc2cnn(C)c2)C(=O)[C@H](C)NC(=O)CN(Cc2ccccc2Cn2cccn2)C(=O)[C@H]2CCCN2C1=O,4847.0,298.15,116.9352,55.4127,61.5225,15.8777,61.5225,59.3287,0.06347,175.07999999999998,0.427,49.804,4847.0,
P.dA.Me_dL.dL.P.L.F,CC(C)C[C@@H]1NC(=O)[C@@H]2CCCN2C(=O)[C@@H](CC(C)C)NC(=O)[C@@H](CC(C)C)N(C)C(=O)[C@@H](C)NC(=O)[C@@H]2CCCN2C(=O)[C@H](Cc2ccccc2)NC1=O,1887.0,298.15,81.7962,40.6036,41.1926,7.7072,41.1926,47.5289,0.042819,177.32999999999998,0.22,69.631,1887.0,
A.Mono39.meL.Nle.dP.Bn(4-Cl)_Gly,CCCC[C@@H]1NC(=O)[C@H](CC(C)C)N(C)C(=O)CN(CCOc2ccccc2)C(=O)[C@H](C)NC(=O)CN(Cc2ccc(Cl)cc2)C(=O)[C@H]2CCCN2C1=O,5111.0,298.15,103.2792,43.489,59.7902,10.468,59.7902,68.2499,0.057516,148.67000000000002,0.7,31.545,5111.0,
P.Pr_Gly.meL.bHph.P.meL.F,CCCN1CC(=O)N(C)[C@@H](CC(C)C)C(=O)N[C@@H](Cc2ccccc2)CC(=O)N2CCC[C@H]2C(=O)N(C)[C@@H](CC(C)C)C(=O)N[C@@H](Cc2ccccc2)C(=O)N2CCC[C@H]2C1=O,2715.0,298.15,92.4909,52.8369,39.654,6.5302,39.654,70.6346,0.037677,159.75,0.314,64.949,2715.0,
bHph.Bn_Gly.bHph.dP.dL.F,CC(C)C[C@H]1NC(=O)[C@H]2CCCN2C(=O)C[C@H](Cc2ccccc2)NC(=O)CN(Cc2ccccc2)C(=O)C[C@H](Cc2ccccc2)NC(=O)[C@H](Cc2ccccc2)NC1=O,723.0,298.15,88.7774,35.5744,53.203,11.0597,53.203,76.478,0.050339,157.01999999999998,0.58,24.186,723.0,
L.Me_dL.iBu_Gly.L.dP.meY,CC(C)C[C@@H]1NC(=O)[C@H](Cc2ccc(O)cc2)N(C)C(=O)[C@H]2CCCN2C(=O)[C@H](CC(C)C)NC(=O)CN(CC(C)C)C(=O)[C@@H](CC(C)C)N(C)C1=O,4015.0,298.15,120.5523,74.283,46.2693,8.7232,46.2693,97.9356,0.047623,159.67,0.521,51.264,4015.0,
meA.Me_dL.L.P.L.F,CC(C)C[C@@H]1NC(=O)[C@@H]2CCCN2C(=O)[C@H](CC(C)C)NC(=O)[C@@H](CC(C)C)N(C)C(=O)[C@H](C)N(C)C(=O)[C@H](Cc2ccccc2)NC1=O,2794.0,298.15,94.4362,49.4038,45.0324,10.5778,45.0324,64.2465,0.049081,148.23,0.641,34.331,2794.0,
A.L.Bn_Gly.P.meL.F,CC(C)C[C@@H]1NC(=O)[C@H](C)NC(=O)[C@H](Cc2ccccc2)NC(=O)[C@H](CC(C)C)N(C)C(=O)[C@@H]2CCCN2C(=O)CN(Cc2ccccc2)C1=O,1529.0,298.15,100.8777,49.7234,51.1543,12.5129,51.1543,78.4128,0.055253,148.23000000000002,0.539,54.469,1529.0,
bHph.dL.Bn_Gly.P.meL.F,CC(C)C[C@H]1NC(=O)C[C@H](Cc2ccccc2)NC(=O)[C@H](Cc2ccccc2)NC(=O)[C@H](CC(C)C)N(C)C(=O)[C@@H]2CCCN2C(=O)CN(Cc2ccccc2)C1=O,745.0,298.15,79.2012,28.0436,51.1576,10.4409,51.1576,34.4811,0.049384,148.23000000000002,0.546,46.898,745.0,
L.dNva.Cha.Cha.dP.F,CCC[C@H]1NC(=O)[C@H](CC(C)C)NC(=O)[C@H](Cc2ccccc2)NC(=O)[C@H]2CCCN2C(=O)[C@H](CC2CCCCC2)NC(=O)[C@H](CC2CCCCC2)NC1=O,7374.0,298.15,101.2277,43.4394,57.7883,9.07,57.7883,73.9909,0.055542,165.81,0.952,11.872,7374.0,
P.Pr_Gly.dL.meL.P.Bn_Gly.F,CCCN1CC(=O)N[C@H](CC(C)C)C(=O)N(C)[C@@H](CC(C)C)C(=O)N2CCC[C@H]2C(=O)N(Cc2ccccc2)CC(=O)N[C@@H](Cc2ccccc2)C(=O)N2CCC[C@H]2C1=O,5202.0,298.15,93.2952,54.9414,38.3538,8.2122,38.3538,81.5345,0.037351,159.75,0.95,17.889,5202.0,
dP.A.meL.meL.P.Bn_Gly.F,CC(C)C[C@H]1C(=O)N(C)[C@@H](CC(C)C)C(=O)N2CCC[C@H]2C(=O)N(Cc2ccccc2)CC(=O)N[C@@H](Cc2ccccc2)C(=O)N2CCC[C@@H]2C(=O)N[C@@H](C)C(=O)N1C,818.0,298.15,91.2233,56.3711,34.8522,6.7167,34.8522,66.2006,0.035925,159.75,0.743,13.226,818.0,
P.Me_dA.Bn_Gly.meL.dP.dL.F,CC(C)C[C@H]1NC(=O)[C@H]2CCCN2C(=O)[C@H](CC(C)C)N(C)C(=O)CN(Cc2ccccc2)C(=O)[C@@H](C)N(C)C(=O)[C@@H]2CCCN2C(=O)[C@H](Cc2ccccc2)NC1=O,3333.0,298.15,91.2933,44.6418,46.6515,12.0688,46.6515,77.2498,0.04562,159.75,0.792,17.82,3333.0,
dP.Pr_Gly.Bn_Gly.bHph.P.L.F,CCCN1CC(=O)N(Cc2ccccc2)CC(=O)N[C@@H](Cc2ccccc2)CC(=O)N2CCC[C@H]2C(=O)N[C@@H](CC(C)C)C(=O)N[C@@H](Cc2ccccc2)C(=O)N2CCC[C@@H]2C1=O,1246.0,298.15,105.5848,41.3091,64.2757,10.3814,64.2757,63.4749,0.061673,168.54,0.731,36.889,1246.0,
P.A.L.L.P.Me_dL.F,CC(C)C[C@@H]1NC(=O)[C@H](C)NC(=O)[C@@H]2CCCN2C(=O)[C@H](Cc2ccccc2)NC(=O)[C@@H](CC(C)C)N(C)C(=O)[C@@H]2CCCN2C(=O)[C@H](CC(C)C)NC1=O,4337.0,298.15,114.9941,59.2347,55.7594,13.0037,55.7594,96.9147,0.05612,177.33,0.35,73.131,4337.0,
Pr_Gly.L.Bn_Gly.P.dL.F,CCCN1CC(=O)N[C@@H](CC(C)C)C(=O)N(Cc2ccccc2)CC(=O)N2CCC[C@H]2C(=O)N[C@H](CC(C)C)C(=O)N[C@@H](Cc2ccccc2)C1=O,2795.0,298.15,93.5614,38.7164,54.845,10.6506,54.845,62.4677,0.058105,148.23,0.413,46.218,2795.0,
P.Me_dA.Me_dL.Bn_Gly.dP.dL.F,CC(C)C[C@@H]1C(=O)N(Cc2ccccc2)CC(=O)N2CCC[C@@H]2C(=O)N[C@H](CC(C)C)C(=O)N[C@@H](Cc2ccccc2)C(=O)N2CCC[C@H]2C(=O)N(C)[C@H](C)C(=O)N1C,1716.0,298.15,90.2588,57.0321,33.2267,5.9659,33.2267,77.0414,0.034311,159.75,0.428,43.065,1716.0,
dP.A.dL.Bn_Gly.dP.Me_dL.F,CC(C)C[C@@H]1C(=O)N[C@@H](Cc2ccccc2)C(=O)N2CCC[C@@H]2C(=O)N[C@@H](C)C(=O)N[C@H](CC(C)C)C(=O)N(Cc2ccccc2)CC(=O)N2CCC[C@@H]2C(=O)N1C,1592.0,298.15,90.0314,49.9838,40.0476,7.5139,40.0476,59.7523,0.040891,168.54000000000002,0.407,42.092,1592.0,
bHph.meL.Bn_Gly.P.meL.F,CC(C)C[C@H]1C(=O)N(Cc2ccccc2)CC(=O)N2CCC[C@H]2C(=O)N(C)[C@@H](CC(C)C)C(=O)N[C@@H](Cc2ccccc2)C(=O)N[C@@H](Cc2ccccc2)CC(=O)N1C,1958.0,298.15,75.976,20.8266,55.1494,14.3184,55.1494,31.754,0.053748,139.44,0.477,58.273,1958.0,
P.Pr_Gly.meL.L.P.dL.F,CCCN1CC(=O)N(C)[C@@H](CC(C)C)C(=O)N[C@@H](CC(C)C)C(=O)N2CCC[C@H]2C(=O)N[C@H](CC(C)C)C(=O)N[C@@H](Cc2ccccc2)C(=O)N2CCC[C@H]2C1=O,8044.0,298.15,91.8865,64.9056,26.9809,6.4178,26.9809,85.0657,0.026845,168.54,0.767,23.616,8044.0,
A.L.dL.dP.Bn_Gly.F,CC(C)C[C@@H]1NC(=O)[C@H](C)NC(=O)[C@H](Cc2ccccc2)NC(=O)CN(Cc2ccccc2)C(=O)[C@H]2CCCN2C(=O)[C@@H](CC(C)C)NC1=O,880.0,298.15,111.7532,50.1505,61.6027,18.2534,61.6027,77.2438,0.072066,157.02,0.38,19.933,880.0,
dP.meA.dL.bHph.dP.dL.F,CC(C)C[C@H]1NC(=O)[C@H]2CCCN2C(=O)C[C@H](Cc2ccccc2)NC(=O)[C@@H](CC(C)C)NC(=O)[C@H](C)N(C)C(=O)[C@H]2CCCN2C(=O)[C@H](Cc2ccccc2)NC1=O,1363.0,298.15,100.7745,18.7462,82.0283,17.0538,82.0283,75.6955,0.086312,177.33,0.301,39.127,1363.0,
dP.dPye.L.dL.L.L,CC(C)C[C@@H]1NC(=O)[C@@H](CC(C)C)NC(=O)[C@H](CC(C)C)NC(=O)[C@@H](CCC(=O)N2CCCC2)NC(=O)[C@H]2CCCN2C(=O)[C@H](CC(C)C)NC1=O,2475.0,298.15,73.7043,54.9377,18.7666,3.4612,18.7666,61.751,0.019284,186.12,0.855,2.866,2475.0,
A.Bn_Gly.Bn_Gly.P.Bn_Gly.F,C[C@@H]1NC(=O)[C@H](Cc2ccccc2)NC(=O)CN(Cc2ccccc2)C(=O)[C@@H]2CCCN2C(=O)CN(Cc2ccccc2)C(=O)CN(Cc2ccccc2)C1=O,131.0,298.15,94.8543,62.3207,32.5336,7.6166,32.5336,87.9996,0.034096,139.44,0.459,65.918,131.0,
dP.Pr_Gly.L.dL.P.dL.F,CCCN1CC(=O)N[C@@H](CC(C)C)C(=O)N[C@H](CC(C)C)C(=O)N2CCC[C@H]2C(=O)N[C@H](CC(C)C)C(=O)N[C@@H](Cc2ccccc2)C(=O)N2CCC[C@@H]2C1=O,4090.0,298.15,102.4316,47.3094,55.1222,12.3588,55.1222,78.3884,0.055427,177.32999999999998,0.137,80.781,4090.0,
P.A.Bn_Gly.bHph.P.Me_dL.F,CC(C)C[C@@H]1C(=O)N[C@@H](Cc2ccccc2)C(=O)N2CCC[C@H]2C(=O)N[C@@H](C)C(=O)N(Cc2ccccc2)CC(=O)N[C@@H](Cc2ccccc2)CC(=O)N2CCC[C@H]2C(=O)N1C,1734.0,298.15,104.4044,62.9736,41.4308,9.4559,41.4308,78.196,0.039139,168.54000000000002,0.513,11.69,1734.0,
Mono14.A.F.P.meI.P,CC[C@@H](C)[C@@H]1NC(=O)[C@@H]2CCCN2C(=O)[C@H]([C@@H](C)CC)N(C)C(=O)[C@@H]2CCCN2C(=O)[C@H](Cc2ccccc2)NC(=O)[C@H](C)NC(=O)c2csc1n2,716.0,298.15,139.5215,82.1649,57.3566,9.4027,57.3566,130.2855,0.064948,161.12,0.73,14.695,716.0,
bHph.meL.Bn_Gly.P.L.F,CC(C)C[C@@H]1NC(=O)[C@@H]2CCCN2C(=O)CN(Cc2ccccc2)C(=O)[C@H](CC(C)C)N(C)C(=O)C[C@H](Cc2ccccc2)NC(=O)[C@H](Cc2ccccc2)NC1=O,1062.0,298.15,79.1897,39.7833,39.4064,7.7596,39.4064,57.6113,0.038606,148.23,0.325,30.799,1062.0,
P.A.dL.meL.dP.dL.F,CC(C)C[C@H]1NC(=O)[C@H]2CCCN2C(=O)[C@H](CC(C)C)N(C)C(=O)[C@@H](CC(C)C)NC(=O)[C@H](C)NC(=O)[C@@H]2CCCN2C(=O)[C@H](Cc2ccccc2)NC1=O,2222.0,298.15,120.7823,50.1138,70.6685,11.4938,70.6685,69.6253,0.073446,177.32999999999998,0.073,93.103,2222.0,
Me_dA.L.Bn_Gly.dP.Me_dL.F,CC(C)C[C@@H]1NC(=O)[C@@H](C)N(C)C(=O)[C@H](Cc2ccccc2)NC(=O)[C@@H](CC(C)C)N(C)C(=O)[C@H]2CCCN2C(=O)CN(Cc2ccccc2)C1=O,4397.0,298.15,91.9957,48.0819,43.9138,7.1326,43.9138,72.914,0.046981,139.44,0.809,8.514,4397.0,
dP.bHph.L.meL.P.L.F,CC(C)C[C@@H]1NC(=O)[C@@H]2CCCN2C(=O)[C@H](CC(C)C)N(C)C(=O)[C@H](CC(C)C)NC(=O)C[C@H](Cc2ccccc2)NC(=O)[C@H]2CCCN2C(=O)[C@H](Cc2ccccc2)NC1=O,3118.0,298.15,90.244,47.6535,42.5905,9.2649,42.5905,67.6079,0.040455,177.32999999999998,0.318,60.024,3118.0,
Nal.cHexCH2_Gly.meL.Nle.dP.Mono45,CCCC[C@@H]1NC(=O)[C@H](CC(C)C)N(C)C(=O)CN(CC2CCCCC2)C(=O)[C@H](Cc2ccc3ccccc3c2)NC(=O)CN(Cc2ccccc2Cn2cccn2)C(=O)[C@H]2CCCN2C1=O,6415.0,298.15,89.3314,39.6101,49.7213,9.5628,49.7213,52.6361,0.044879,157.26,0.805,23.408,6415.0,
P.bHph.dL.bHph.P.dL.F,CC(C)C[C@H]1NC(=O)C[C@H](Cc2ccccc2)NC(=O)[C@@H]2CCCN2C(=O)[C@H](Cc2ccccc2)NC(=O)[C@@H](CC(C)C)NC(=O)[C@@H]2CCCN2C(=O)C[C@H](Cc2ccccc2)NC1=O,3016.0,298.15,99.1556,47.732,51.4236,10.4075,51.4236,85.5241,0.046709,186.12,0.469,55.734,3016.0,
F.3-pyridylethyl_Gly.meL.Nle.dP.Mono45,CCCC[C@@H]1NC(=O)[C@H](CC(C)C)N(C)C(=O)CN(CCc2cccnc2)C(=O)[C@H](Cc2ccccc2)NC(=O)CN(Cc2ccccc2Cn2cccn2)C(=O)[C@H]2CCCN2C1=O,5472.0,298.15,106.6277,48.3417,58.286,10.584,58.286,73.9301,0.056015,170.14999999999998,0.627,21.88,5472.0,
A.Mono40.meL.Nle.dP.Mono42,CCCC[C@@H]1NC(=O)[C@H](CC(C)C)N(C)C(=O)CN(CCCc2cnn(C)c2)C(=O)[C@H](C)NC(=O)CN(CCN2CCOCC2)C(=O)[C@H]2CCCN2C1=O,6410.0,298.15,124.1434,77.8067,46.3367,11.9878,46.3367,82.1691,0.045779,169.72999999999996,0.8,26.957,6410.0,
Me_dA.meL.Me_dL.dP.dL.F,CC(C)C[C@@H]1C(=O)N2CCC[C@@H]2C(=O)N[C@H](CC(C)C)C(=O)N[C@@H](Cc2ccccc2)C(=O)N(C)[C@H](C)C(=O)N(C)[C@@H](CC(C)C)C(=O)N1C,3120.0,298.15,92.5099,38.6174,53.8925,9.4603,53.8925,74.4985,0.056771,139.44000000000003,0.394,47.079,3120.0,
Pr_Gly.Me_dL.Bn_Gly.dP.dL.F,CCCN1CC(=O)N(C)[C@H](CC(C)C)C(=O)N(Cc2ccccc2)CC(=O)N2CCC[C@@H]2C(=O)N[C@H](CC(C)C)C(=O)N[C@@H](Cc2ccccc2)C1=O,3174.0,298.15,81.6583,47.3982,34.2601,8.1597,34.2601,60.1848,0.036388,139.44,0.535,54.759,3174.0,
dA.meL.Bn_Gly.dP.meL.F,CC(C)C[C@H]1C(=O)N[C@@H](Cc2ccccc2)C(=O)N[C@H](C)C(=O)N(C)[C@@H](CC(C)C)C(=O)N(Cc2ccccc2)CC(=O)N2CCC[C@@H]2C(=O)N1C,2473.0,298.15,88.817,51.3155,37.5015,8.3552,37.5015,84.3131,0.041551,139.44000000000003,0.749,11.212,2473.0,
dP.dA.dL.Bn_Gly.dP.dL.F,CC(C)C[C@H]1NC(=O)[C@H]2CCCN2C(=O)CN(Cc2ccccc2)C(=O)[C@@H](CC(C)C)NC(=O)[C@@H](C)NC(=O)[C@H]2CCCN2C(=O)[C@H](Cc2ccccc2)NC1=O,576.0,298.15,95.0397,50.4495,44.5902,9.9272,44.5902,66.9233,0.046549,177.32999999999998,0.361,51.596,576.0,
Pr_Gly.Me_dL.Me_dL.P.dL.F,CCCN1CC(=O)N(C)[C@H](CC(C)C)C(=O)N(C)[C@H](CC(C)C)C(=O)N2CCC[C@H]2C(=O)N[C@H](CC(C)C)C(=O)N[C@@H](Cc2ccccc2)C1=O,2492.0,298.15,85.4744,38.2403,47.2341,7.9155,47.2341,54.5177,0.049041,139.44,0.374,65.499,2492.0,
L.Me_dL.meS.L.dP.meY,CC(C)C[C@@H]1NC(=O)[C@H](Cc2ccc(O)cc2)N(C)C(=O)[C@H]2CCCN2C(=O)[C@H](CC(C)C)NC(=O)[C@H](CO)N(C)C(=O)[C@@H](CC(C)C)N(C)C1=O,4202.0,298.15,122.8624,82.8214,40.041,9.0467,40.041,99.2006,0.042227,179.89999999999998,0.582,21.444,4202.0,
dP.bHph.dL.L.dP.Me_dL.F,CC(C)C[C@@H]1NC(=O)[C@@H](CC(C)C)NC(=O)C[C@H](Cc2ccccc2)NC(=O)[C@H]2CCCN2C(=O)[C@H](Cc2ccccc2)NC(=O)[C@@H](CC(C)C)N(C)C(=O)[C@H]2CCCN2C1=O,1906.0,298.15,84.91,39.1058,45.8042,12.0095,45.8042,49.5325,0.043256,177.33,0.259,70.412,1906.0,
dP.meA.L.dL.dP.Bn_Gly.F,CC(C)C[C@@H]1NC(=O)[C@H](C)N(C)C(=O)[C@H]2CCCN2C(=O)[C@H](Cc2ccccc2)NC(=O)CN(Cc2ccccc2)C(=O)[C@H]2CCCN2C(=O)[C@@H](CC(C)C)NC1=O,1346.0,298.15,105.8658,64.0578,41.808,6.9696,41.808,90.1815,0.042797,168.54,0.354,35.7,1346.0,
dP.Pr_Gly.Bn_Gly.meL.dP.L.F,CCCN1CC(=O)N(Cc2ccccc2)CC(=O)N(C)[C@@H](CC(C)C)C(=O)N2CCC[C@@H]2C(=O)N[C@@H](CC(C)C)C(=O)N[C@@H](Cc2ccccc2)C(=O)N2CCC[C@@H]2C1=O,3345.0,298.15,91.6537,49.2137,42.44,7.599,42.44,76.2065,0.041816,159.75,0.292,64.815,3345.0,
P.A.Me_dL.L.P.Bn_Gly.F,CC(C)C[C@@H]1NC(=O)[C@@H](CC(C)C)N(C)C(=O)[C@H](C)NC(=O)[C@@H]2CCCN2C(=O)[C@H](Cc2ccccc2)NC(=O)CN(Cc2ccccc2)C(=O)[C@@H]2CCCN2C1=O,2321.0,298.15,108.517,67.269,41.248,9.113,41.248,104.7244,0.040242,168.54,0.567,33.145,2321.0,
P.bHph.Me_dL.Bn_Gly.dP.L.F,CC(C)C[C@@H]1NC(=O)[C@H]2CCCN2C(=O)CN(Cc2ccccc2)C(=O)[C@@H](CC(C)C)N(C)C(=O)C[C@H](Cc2ccccc2)NC(=O)[C@@H]2CCCN2C(=O)[C@H](Cc2ccccc2)NC1=O,1374.0,298.15,85.4878,34.0983,51.3895,10.8639,51.3895,50.7074,0.048393,168.54,0.336,61.238,1374.0,
Pr_Gly.Bn_Gly.dL.P.dL.F,CCCN1CC(=O)N(Cc2ccccc2)CC(=O)N[C@H](CC(C)C)C(=O)N2CCC[C@H]2C(=O)N[C@H](CC(C)C)C(=O)N[C@@H](Cc2ccccc2)C1=O,2765.0,298.15,88.2204,45.6319,42.5885,8.4387,42.5885,62.7277,0.043755,148.23,0.462,33.875,2765.0,
dP.meA.Me_dL.Me_dL.P.meL.F,CC(C)C[C@@H]1C(=O)N2CCC[C@H]2C(=O)N(C)[C@@H](CC(C)C)C(=O)N[C@@H](Cc2ccccc2)C(=O)N2CCC[C@@H]2C(=O)N(C)[C@@H](C)C(=O)N(C)[C@H](CC(C)C)C(=O)N1C,4543.0,298.15,71.9657,40.8111,31.1546,6.0786,31.1546,50.1161,0.030312,150.96,0.897,15.471,4543.0,
bHph.meL.bHph.P.L.F,CC(C)C[C@@H]1NC(=O)[C@@H]2CCCN2C(=O)C[C@H](Cc2ccccc2)NC(=O)[C@H](CC(C)C)N(C)C(=O)C[C@H](Cc2ccccc2)NC(=O)[C@H](Cc2ccccc2)NC1=O,1664.0,298.15,82.623,33.2078,49.4152,11.1297,49.4152,56.148,0.047854,157.01999999999998,0.507,50.262,1664.0,
dP.dA.dL.dL.dP.Me_dL.F,CC(C)C[C@@H]1C(=O)N[C@@H](Cc2ccccc2)C(=O)N2CCC[C@@H]2C(=O)N[C@H](C)C(=O)N[C@H](CC(C)C)C(=O)N[C@H](CC(C)C)C(=O)N2CCC[C@@H]2C(=O)N1C,3292.0,298.15,92.1047,51.8516,40.2531,9.4461,40.2531,89.9259,0.042643,177.33,0.124,82.35,3292.0,
P.Pr_Gly.dL.Me_dL.dP.dL.F,CCCN1CC(=O)N[C@H](CC(C)C)C(=O)N(C)[C@H](CC(C)C)C(=O)N2CCC[C@@H]2C(=O)N[C@H](CC(C)C)C(=O)N[C@@H](Cc2ccccc2)C(=O)N2CCC[C@H]2C1=O,2393.0,298.15,85.2921,52.1487,33.1434,7.2036,33.1434,70.9836,0.033095,168.54,0.264,71.324,2393.0,
P.Me_dA.Me_dL.dL.P.dL.F,CC(C)C[C@@H]1C(=O)N[C@H](CC(C)C)C(=O)N2CCC[C@H]2C(=O)N[C@H](CC(C)C)C(=O)N[C@@H](Cc2ccccc2)C(=O)N2CCC[C@H]2C(=O)N(C)[C@H](C)C(=O)N1C,4932.0,298.15,81.0395,43.8499,37.1896,8.3645,37.1896,54.6599,0.037335,168.54000000000002,0.901,14.276,4932.0,
Me_dA.dL.L.P.meL.F,CC(C)C[C@@H]1NC(=O)[C@@H](CC(C)C)NC(=O)[C@@H](C)N(C)C(=O)[C@H](Cc2ccccc2)NC(=O)[C@H](CC(C)C)N(C)C(=O)[C@@H]2CCCN2C1=O,1665.0,298.15,96.1565,46.9353,49.2212,8.2372,49.2212,77.9381,0.052738,148.23000000000002,0.179,77.418,1665.0,
meA.Me_dL.meL.P.dL.F,CC(C)C[C@@H]1C(=O)N(C)[C@@H](CC(C)C)C(=O)N2CCC[C@H]2C(=O)N[C@H](CC(C)C)C(=O)N[C@@H](Cc2ccccc2)C(=O)N(C)[C@@H](C)C(=O)N1C,2910.0,298.15,67.7716,42.9492,24.8224,5.3752,24.8224,59.4734,0.026943,139.44,0.352,61.787,2910.0,
dA.meL.Bn_Gly.P.L.F,CC(C)C[C@@H]1NC(=O)[C@@H]2CCCN2C(=O)CN(Cc2ccccc2)C(=O)[C@H](CC(C)C)N(C)C(=O)[C@@H](C)NC(=O)[C@H](Cc2ccccc2)NC1=O,1704.0,298.15,99.2473,57.2348,42.0125,8.4965,42.0125,71.8931,0.047015,148.23,0.29,42.888,1704.0,
dA.dL.meL.P.meL.F,CC(C)C[C@H]1NC(=O)[C@@H](C)NC(=O)[C@H](Cc2ccccc2)NC(=O)[C@H](CC(C)C)N(C)C(=O)[C@@H]2CCCN2C(=O)[C@H](CC(C)C)N(C)C1=O,3591.0,298.15,106.5873,49.4304,57.1569,11.2798,57.1569,65.2925,0.065468,148.23000000000002,0.685,7.247,3591.0,
dP.dA.meL.dL.dP.L.F,CC(C)C[C@@H]1NC(=O)[C@H]2CCCN2C(=O)[C@@H](CC(C)C)NC(=O)[C@H](CC(C)C)N(C)C(=O)[C@@H](C)NC(=O)[C@H]2CCCN2C(=O)[C@H](Cc2ccccc2)NC1=O,1896.0,298.15,99.5098,56.5818,42.928,8.0282,42.928,78.07,0.043071,177.32999999999998,0.224,78.391,1896.0,
meA.Me_dL.L.dP.Bn_Gly.F,CC(C)C[C@@H]1NC(=O)[C@@H](CC(C)C)N(C)C(=O)[C@H](C)N(C)C(=O)[C@H](Cc2ccccc2)NC(=O)CN(Cc2ccccc2)C(=O)[C@H]2CCCN2C1=O,1435.0,298.15,84.5231,47.8806,36.6425,7.3015,36.6425,62.4592,0.038595,139.44,0.668,21.95,1435.0,
A.dL.L.P.meL.F,CC(C)C[C@@H]1NC(=O)[C@@H](CC(C)C)NC(=O)[C@H](C)NC(=O)[C@H](Cc2ccccc2)NC(=O)[C@H](CC(C)C)N(C)C(=O)[C@@H]2CCCN2C1=O,2829.0,298.15,94.0771,59.7144,34.3627,6.2503,34.3627,81.2453,0.036694,157.02,0.349,51.759,2829.0,
Tyr(Me).dP.L.dP.dL.P.dL,COc1ccc(C[C@@H]2NC(=O)[C@@H](CC(C)C)NC(=O)[C@@H]3CCCN3C(=O)[C@@H](CC(C)C)NC(=O)[C@H]3CCCN3C(=O)[C@H](CC(C)C)NC(=O)[C@H]3CCCN3C2=O)cc1,2181.0,298.15,85.9727,55.5195,30.4532,6.1372,30.4532,63.3641,0.029977,186.56,0.091,78.532,2181.0,
P.A.dL.meL.dP.Bn_Gly.F,CC(C)C[C@H]1NC(=O)[C@H](C)NC(=O)[C@@H]2CCCN2C(=O)[C@H](Cc2ccccc2)NC(=O)CN(Cc2ccccc2)C(=O)[C@H]2CCCN2C(=O)[C@H](CC(C)C)N(C)C1=O,1751.0,298.15,116.9851,57.2556,59.7295,10.3844,59.7295,88.9792,0.058683,168.54000000000002,0.384,1.132,1751.0,
dF.cHexCH2_Gly.meL.Nle.P.Mono1,CCCC[C@@H]1NC(=O)[C@H](CC(C)C)N(C)C(=O)CN(CC2CCCCC2)C(=O)[C@@H](Cc2ccccc2)NC(=O)CN(Cc2ccc3c(c2)OCO3)C(=O)[C@@H]2CCCN2C1=O,3545.0,298.15,129.1543,92.0096,37.1447,10.0428,37.1447,120.4421,0.03372,157.9,1.002,19.825,3545.0,
dP.dA.L.Bn_Gly.P.Bn_Gly.F,CC(C)C[C@@H]1NC(=O)[C@@H](C)NC(=O)[C@H]2CCCN2C(=O)[C@H](Cc2ccccc2)NC(=O)CN(Cc2ccccc2)C(=O)[C@@H]2CCCN2C(=O)CN(Cc2ccccc2)C1=O,1571.0,298.15,111.9153,39.9071,72.0082,17.2456,72.0082,51.3837,0.070387,168.54000000000002,0.474,10.295,1571.0,
F.Mono39.meL.Nle.dP.Pr_Gly,CCCC[C@@H]1NC(=O)[C@H](CC(C)C)N(C)C(=O)CN(CCOc2ccccc2)C(=O)[C@H](Cc2ccccc2)NC(=O)CN(CCC)C(=O)[C@H]2CCCN2C1=O,7816.0,298.15,80.3886,43.4828,36.9058,7.3937,36.9058,63.1455,0.037612,148.67000000000002,0.762,46.248,7816.0,
dP.A.meL.Bn_Gly.dP.L.F,CC(C)C[C@@H]1NC(=O)[C@H]2CCCN2C(=O)CN(Cc2ccccc2)C(=O)[C@H](CC(C)C)N(C)C(=O)[C@H](C)NC(=O)[C@H]2CCCN2C(=O)[C@H](Cc2ccccc2)NC1=O,2704.0,298.15,105.695,51.5311,54.1639,13.8161,54.1639,64.9645,0.055725,168.54,0.355,57.538,2704.0,
P.bHph.L.meL.P.Me_dL.F,CC(C)C[C@@H]1NC(=O)C[C@H](Cc2ccccc2)NC(=O)[C@@H]2CCCN2C(=O)[C@H](Cc2ccccc2)NC(=O)[C@@H](CC(C)C)N(C)C(=O)[C@@H]2CCCN2C(=O)[C@H](CC(C)C)N(C)C1=O,2871.0,298.15,81.122,45.0908,36.0312,9.4299,36.0312,72.1369,0.034459,168.54000000000002,0.437,42.352,2871.0,
dP.dA.dL.Me_dL.dP.L.F,CC(C)C[C@@H]1NC(=O)[C@H]2CCCN2C(=O)[C@@H](CC(C)C)N(C)C(=O)[C@@H](CC(C)C)NC(=O)[C@@H](C)NC(=O)[C@H]2CCCN2C(=O)[C@H](Cc2ccccc2)NC1=O,1912.0,298.15,84.7734,38.2289,46.5445,8.6683,46.5445,61.1977,0.04867,177.32999999999998,0.201,77.248,1912.0,
meA.meL.Bn_Gly.P.meL.F,CC(C)C[C@H]1C(=O)N(Cc2ccccc2)CC(=O)N2CCC[C@H]2C(=O)N(C)[C@@H](CC(C)C)C(=O)N[C@@H](Cc2ccccc2)C(=O)N(C)[C@@H](C)C(=O)N1C,1731.0,298.15,72.4338,25.8064,46.6274,11.1095,46.6274,47.7491,0.049558,130.65,0.597,16.919,1731.0,
Pr_Gly.dL.L.P.dL.F,CCCN1CC(=O)N[C@H](CC(C)C)C(=O)N[C@@H](CC(C)C)C(=O)N2CCC[C@H]2C(=O)N[C@H](CC(C)C)C(=O)N[C@@H](Cc2ccccc2)C1=O,4164.0,298.15,94.4194,50.279,44.1404,8.1472,44.1404,68.1263,0.04868,157.01999999999998,0.579,50.526,4164.0,
dP.bHph.Me_dL.Me_dL.P.Me_dL.F,CC(C)C[C@@H]1C(=O)N(C)[C@H](CC(C)C)C(=O)N2CCC[C@H]2C(=O)N(C)[C@H](CC(C)C)C(=O)N[C@@H](Cc2ccccc2)C(=O)N2CCC[C@@H]2C(=O)N[C@@H](Cc2ccccc2)CC(=O)N1C,3947.0,298.15,73.0119,39.2429,33.769,6.6472,33.769,52.4012,0.032447,159.75,0.083,91.251,3947.0,
Me_dA.dL.L.dP.Bn_Gly.F,CC(C)C[C@@H]1NC(=O)[C@@H](CC(C)C)NC(=O)[C@@H](C)N(C)C(=O)[C@H](Cc2ccccc2)NC(=O)CN(Cc2ccccc2)C(=O)[C@H]2CCCN2C1=O,1966.0,298.15,104.9371,53.4346,51.5025,9.7852,51.5025,68.6342,0.055148,148.23000000000002,0.492,36.348,1966.0,
P.Pr_Gly.Bn_Gly.meL.dP.meL.F,CCCN1CC(=O)N(Cc2ccccc2)CC(=O)N(C)[C@@H](CC(C)C)C(=O)N2CCC[C@@H]2C(=O)N(C)[C@@H](CC(C)C)C(=O)N[C@@H](Cc2ccccc2)C(=O)N2CCC[C@H]2C1=O,5317.0,298.15,91.1832,46.4905,44.6927,11.3639,44.6927,73.9542,0.04175,150.96,0.704,32.356,5317.0,
Mono14.A.F.P.V.P,CC[C@@H](C)[C@@H]1NC(=O)[C@@H]2CCCN2C(=O)[C@H](C(C)C)NC(=O)[C@@H]2CCCN2C(=O)[C@H](Cc2ccccc2)NC(=O)[C@H](C)NC(=O)c2csc1n2,739.0,298.15,150.6247,97.1715,53.4532,13.747,53.4532,116.0267,0.061077,169.90999999999997,0.505,31.804,739.0,
P.Pr_Gly.dL.Bn_Gly.dP.Me_dL.F,CCCN1CC(=O)N[C@H](CC(C)C)C(=O)N(Cc2ccccc2)CC(=O)N2CCC[C@@H]2C(=O)N(C)[C@H](CC(C)C)C(=O)N[C@@H](Cc2ccccc2)C(=O)N2CCC[C@H]2C1=O,2469.0,298.15,96.0047,47.1607,48.844,10.4173,48.844,68.6259,0.048642,159.75,0.646,23.886,2469.0,
L.dL.meL.L.dP.meY,CC(C)C[C@@H]1NC(=O)[C@H](Cc2ccc(O)cc2)N(C)C(=O)[C@H]2CCCN2C(=O)[C@H](CC(C)C)NC(=O)[C@H](CC(C)C)N(C)C(=O)[C@@H](CC(C)C)NC1=O,3136.0,298.15,106.2904,52.7395,53.5509,8.9611,53.5509,73.0667,0.054106,168.45999999999998,0.551,45.799,3136.0,
dA.Me_dL.bHph.dP.meL.F,CC(C)C[C@@H]1C(=O)N[C@@H](Cc2ccccc2)CC(=O)N2CCC[C@@H]2C(=O)N(C)[C@@H](CC(C)C)C(=O)N[C@@H](Cc2ccccc2)C(=O)N[C@H](C)C(=O)N1C,804.0,298.15,64.5173,38.5978,25.9195,4.8286,25.9195,51.8409,0.026395,148.23,0.753,20.512,804.0,
dP.Me_dA.L.bHph.dP.Me_dL.F,CC(C)C[C@@H]1NC(=O)[C@@H](C)N(C)C(=O)[C@H]2CCCN2C(=O)[C@H](Cc2ccccc2)NC(=O)[C@@H](CC(C)C)N(C)C(=O)[C@H]2CCCN2C(=O)C[C@H](Cc2ccccc2)NC1=O,1170.0,298.15,84.9389,39.6968,45.2421,9.931,45.2421,47.5607,0.045906,168.54,0.347,25.866,1170.0,
dP.Pr_Gly.Me_dL.meL.dP.Bn_Gly.F,CCCN1CC(=O)N(C)[C@H](CC(C)C)C(=O)N(C)[C@@H](CC(C)C)C(=O)N2CCC[C@@H]2C(=O)N(Cc2ccccc2)CC(=O)N[C@@H](Cc2ccccc2)C(=O)N2CCC[C@@H]2C1=O,4545.0,298.15,72.0432,42.8155,29.2277,6.5992,29.2277,64.4964,0.028055,150.96,0.507,53.179,4545.0,
meA.Bn_Gly.bHph.dP.L.F,CC(C)C[C@@H]1NC(=O)[C@H]2CCCN2C(=O)C[C@H](Cc2ccccc2)NC(=O)CN(Cc2ccccc2)C(=O)[C@H](C)N(C)C(=O)[C@H](Cc2ccccc2)NC1=O,332.0,298.15,84.9238,37.7554,47.1684,11.5396,47.1684,48.0373,0.048619,148.23,0.415,62.33,332.0,
dP.A.dL.dL.dP.meL.F,CC(C)C[C@H]1NC(=O)[C@H](C)NC(=O)[C@H]2CCCN2C(=O)[C@H](Cc2ccccc2)NC(=O)[C@H](CC(C)C)N(C)C(=O)[C@H]2CCCN2C(=O)[C@@H](CC(C)C)NC1=O,1437.0,298.15,79.1899,49.9607,29.2292,5.449,29.2292,75.3587,0.030257,177.33,0.343,60.887,1437.0,
P.bHph.dL.Me_dL.P.Me_dL.F,CC(C)C[C@@H]1C(=O)N2CCC[C@H]2C(=O)N(C)[C@H](CC(C)C)C(=O)N[C@@H](Cc2ccccc2)C(=O)N2CCC[C@H]2C(=O)N[C@@H](Cc2ccccc2)CC(=O)N[C@H](CC(C)C)C(=O)N1C,1730.0,298.15,75.0219,23.4642,51.5577,12.6517,51.5577,32.2051,0.050559,168.54,0.097,82.124,1730.0,
dP.A.meL.bHph.P.L.F,CC(C)C[C@@H]1NC(=O)[C@@H]2CCCN2C(=O)C[C@H](Cc2ccccc2)NC(=O)[C@H](CC(C)C)N(C)C(=O)[C@H](C)NC(=O)[C@H]2CCCN2C(=O)[C@H](Cc2ccccc2)NC1=O,896.0,298.15,88.9223,47.6275,41.2948,6.8536,41.2948,59.8193,0.039601,177.32999999999998,0.27,45.12,896.0,
dP.A.dL.Bn_Gly.P.Bn_Gly.F,CC(C)C[C@H]1NC(=O)[C@H](C)NC(=O)[C@H]2CCCN2C(=O)[C@H](Cc2ccccc2)NC(=O)CN(Cc2ccccc2)C(=O)[C@@H]2CCCN2C(=O)CN(Cc2ccccc2)C1=O,1721.0,298.15,108.884,58.875,50.009,6.7303,50.009,70.9483,0.049823,168.54000000000002,0.774,15.158,1721.0,
Me_dA.Me_dL.L.P.Bn_Gly.F,CC(C)C[C@@H]1NC(=O)[C@@H](CC(C)C)N(C)C(=O)[C@@H](C)N(C)C(=O)[C@H](Cc2ccccc2)NC(=O)CN(Cc2ccccc2)C(=O)[C@@H]2CCCN2C1=O,2234.0,298.15,82.4435,52.5633,29.8802,7.263,29.8802,71.7814,0.032211,139.44,0.512,16.353,2234.0,
bHph.L.bHph.dP.Me_dL.F,CC(C)C[C@@H]1NC(=O)C[C@H](Cc2ccccc2)NC(=O)[C@H](Cc2ccccc2)NC(=O)[C@@H](CC(C)C)N(C)C(=O)[C@H]2CCCN2C(=O)C[C@H](Cc2ccccc2)NC1=O,1394.0,298.15,89.8555,34.5252,55.3303,10.8071,55.3303,43.5211,0.056597,157.02,0.407,43.107,1394.0,
dP.Me_dA.Bn_Gly.L.P.Bn_Gly.F,CC(C)C[C@@H]1NC(=O)CN(Cc2ccccc2)C(=O)[C@@H](C)N(C)C(=O)[C@H]2CCCN2C(=O)[C@H](Cc2ccccc2)NC(=O)CN(Cc2ccccc2)C(=O)[C@@H]2CCCN2C1=O,1070.0,298.15,77.4445,50.6899,26.7546,7.2116,26.7546,73.1146,0.026058,159.75,0.77,24.462,1070.0,
dP.dA.L.L.P.L.F,CC(C)C[C@@H]1NC(=O)[C@@H](C)NC(=O)[C@H]2CCCN2C(=O)[C@H](Cc2ccccc2)NC(=O)[C@H](CC(C)C)NC(=O)[C@@H]2CCCN2C(=O)[C@H](CC(C)C)NC1=O,2809.0,298.15,102.8572,46.3128,56.5444,11.4397,56.5444,82.205,0.060697,186.12,0.226,74.207,2809.0,
Nal.Mono38.meL.Nle.dP.Mono42,CCCC[C@@H]1NC(=O)[C@H](CC(C)C)N(C)C(=O)CN(CC2CCOCC2)C(=O)[C@H](Cc2ccc3ccccc3c2)NC(=O)CN(CCN2CCOCC2)C(=O)[C@H]2CCCN2C1=O,7867.0,298.15,114.3859,80.7448,33.6411,8.2365,33.6411,98.9727,0.03101,161.14000000000001,0.977,19.53,7867.0,
dA.Me_dL.L.dP.meL.F,CC(C)C[C@@H]1NC(=O)[C@@H](CC(C)C)N(C)C(=O)[C@@H](C)NC(=O)[C@H](Cc2ccccc2)NC(=O)[C@H](CC(C)C)N(C)C(=O)[C@H]2CCCN2C1=O,1611.0,298.15,80.9702,34.6097,46.3605,7.6772,46.3605,63.6189,0.051689,148.23000000000002,0.551,43.577,1611.0,
Pr_Gly.Me_dL.dL.P.Bn_Gly.F,CCCN1CC(=O)N(C)[C@H](CC(C)C)C(=O)N[C@H](CC(C)C)C(=O)N2CCC[C@H]2C(=O)N(Cc2ccccc2)CC(=O)N[C@@H](Cc2ccccc2)C1=O,4390.0,298.15,79.6872,42.3187,37.3685,7.617,37.3685,52.5149,0.039908,139.44,0.415,52.962,4390.0,
A.L.bHph.P.meL.F,CC(C)C[C@@H]1NC(=O)[C@H](C)NC(=O)[C@H](Cc2ccccc2)NC(=O)[C@H](CC(C)C)N(C)C(=O)[C@@H]2CCCN2C(=O)C[C@H](Cc2ccccc2)NC1=O,893.0,298.15,103.1695,38.4193,64.7502,11.7658,64.7502,56.8639,0.06873,157.02,0.307,34.916,893.0,
A.Me_dL.dL.P.dL.F,CC(C)C[C@@H]1C(=O)N[C@H](CC(C)C)C(=O)N2CCC[C@H]2C(=O)N[C@H](CC(C)C)C(=O)N[C@@H](Cc2ccccc2)C(=O)N[C@@H](C)C(=O)N1C,2787.0,298.15,104.769,35.8061,68.9629,13.4337,68.9629,77.7169,0.075065,157.02,0.274,73.986,2787.0,
dP.dF.dA.P.P.dL,CC(C)C[C@H]1NC(=O)[C@@H]2CCCN2C(=O)[C@@H]2CCCN2C(=O)[C@@H](C)NC(=O)[C@@H](Cc2ccccc2)NC(=O)[C@H]2CCCN2C1=O,832.0,298.15,111.7839,63.3915,48.3924,14.9382,48.3924,74.4696,0.059148,148.23,0.818,6.578,832.0,
dA.Me_dL.Me_dL.P.Me_dL.F,CC(C)C[C@@H]1C(=O)N2CCC[C@H]2C(=O)N(C)[C@H](CC(C)C)C(=O)N[C@@H](Cc2ccccc2)C(=O)N[C@H](C)C(=O)N(C)[C@H](CC(C)C)C(=O)N1C,1340.0,298.15,83.7475,40.2006,43.5469,7.7435,43.5469,55.6969,0.048046,139.44,0.213,69.338,1340.0,
dP.Pr_Gly.meL.bHph.P.meL.F,CCCN1CC(=O)N(C)[C@@H](CC(C)C)C(=O)N[C@@H](Cc2ccccc2)CC(=O)N2CCC[C@H]2C(=O)N(C)[C@@H](CC(C)C)C(=O)N[C@@H](Cc2ccccc2)C(=O)N2CCC[C@@H]2C1=O,3455.0,298.15,79.3513,27.6392,51.7121,8.5767,51.7121,55.1697,0.047201,159.75,0.263,59.493,3455.0,
P.A.L.Me_dL.P.dL.F,CC(C)C[C@@H]1NC(=O)[C@H](C)NC(=O)[C@@H]2CCCN2C(=O)[C@H](Cc2ccccc2)NC(=O)[C@@H](CC(C)C)NC(=O)[C@@H]2CCCN2C(=O)[C@@H](CC(C)C)N(C)C1=O,2932.0,298.15,111.3918,62.3114,49.0804,9.4382,49.0804,80.6032,0.051852,177.33,0.652,21.635,2932.0,
dA.L.dL.P.Bn_Gly.F,CC(C)C[C@@H]1NC(=O)[C@@H](C)NC(=O)[C@H](Cc2ccccc2)NC(=O)CN(Cc2ccccc2)C(=O)[C@@H]2CCCN2C(=O)[C@@H](CC(C)C)NC1=O,1860.0,298.15,101.4132,57.2037,44.2095,11.0131,44.2095,67.5314,0.045406,157.02,0.727,8.697,1860.0,
dA.L.L.dP.dL.F,CC(C)C[C@@H]1NC(=O)[C@@H](C)NC(=O)[C@H](Cc2ccccc2)NC(=O)[C@@H](CC(C)C)NC(=O)[C@H]2CCCN2C(=O)[C@H](CC(C)C)NC1=O,2387.0,298.15,87.6278,48.0277,39.6001,8.2056,39.6001,63.9247,0.043683,165.81,0.503,40.875,2387.0,
P.bHph.Bn_Gly.Bn_Gly.dP.Bn_Gly.F,O=C1CN(Cc2ccccc2)C(=O)[C@H]2CCCN2C(=O)CN(Cc2ccccc2)C(=O)CN(Cc2ccccc2)C(=O)C[C@H](Cc2ccccc2)NC(=O)[C@@H]2CCCN2C(=O)[C@H](Cc2ccccc2)N1,661.0,298.15,116.9418,54.8232,62.1186,14.3666,62.1186,106.8458,0.056813,159.75,0.804,37.309,661.0,
dF.pentyl_Gly.L.Nle.dP.Mono1,CCCCCN1CC(=O)N[C@@H](CC(C)C)C(=O)N[C@@H](CCCC)C(=O)N2CCC[C@@H]2C(=O)N(Cc2ccc3c(c2)OCO3)CC(=O)N[C@H](Cc2ccccc2)C1=O,3145.0,298.15,126.9101,68.0786,58.8315,17.9417,58.8315,77.6812,0.05884,166.69,0.681,15.819,3145.0,
dP.Pr_Gly.meL.L.P.Bn_Gly.F,CCCN1CC(=O)N(C)[C@@H](CC(C)C)C(=O)N[C@@H](CC(C)C)C(=O)N2CCC[C@H]2C(=O)N(Cc2ccccc2)CC(=O)N[C@@H](Cc2ccccc2)C(=O)N2CCC[C@@H]2C1=O,2122.0,298.15,84.0086,59.2643,24.7443,5.2005,24.7443,70.78,0.02352,159.75,0.393,39.974,2122.0,
dA.Mono38.L.Nle.P.Et_Gly,CCCC[C@@H]1NC(=O)[C@H](CC(C)C)NC(=O)CN(CC2CCOCC2)C(=O)[C@@H](C)NC(=O)CN(CC)C(=O)[C@@H]2CCCN2C1=O,3431.0,298.15,126.9457,91.0739,35.8718,6.2867,35.8718,114.1738,0.039254,157.46,0.78,13.339,3431.0,
dP.meA.L.L.dP.Me_dL.F,CC(C)C[C@@H]1NC(=O)[C@H](C)N(C)C(=O)[C@H]2CCCN2C(=O)[C@H](Cc2ccccc2)NC(=O)[C@@H](CC(C)C)N(C)C(=O)[C@H]2CCCN2C(=O)[C@H](CC(C)C)NC1=O,2399.0,298.15,100.581,48.1666,52.4144,12.5886,52.4144,58.2931,0.053352,168.54,0.504,54.39,2399.0,
P.A.Me_dL.dL.P.meL.F,CC(C)C[C@@H]1C(=O)N[C@H](CC(C)C)C(=O)N2CCC[C@H]2C(=O)N(C)[C@@H](CC(C)C)C(=O)N[C@@H](Cc2ccccc2)C(=O)N2CCC[C@H]2C(=O)N[C@@H](C)C(=O)N1C,3800.0,298.15,71.5168,41.2574,30.2594,6.899,30.2594,60.2004,0.030606,168.54,0.517,45.63,3800.0,
P.A.meL.L.P.dL.F,CC(C)C[C@@H]1NC(=O)[C@H](CC(C)C)N(C)C(=O)[C@H](C)NC(=O)[C@@H]2CCCN2C(=O)[C@H](Cc2ccccc2)NC(=O)[C@@H](CC(C)C)NC(=O)[C@@H]2CCCN2C1=O,5194.0,298.15,109.2133,66.4715,42.7418,8.767,42.7418,96.6317,0.042507,177.32999999999998,0.297,67.474,5194.0,
dP.Pr_Gly.L.bHph.dP.L.F,CCCN1CC(=O)N[C@@H](CC(C)C)C(=O)N[C@@H](Cc2ccccc2)CC(=O)N2CCC[C@@H]2C(=O)N[C@@H](CC(C)C)C(=O)N[C@@H](Cc2ccccc2)C(=O)N2CCC[C@@H]2C1=O,3241.0,298.15,108.621,31.8222,76.7988,15.9059,76.7988,58.9284,0.076334,177.32999999999998,0.46,28.949,3241.0,
Pr_Gly.meL.L.dP.Bn_Gly.F,CCCN1CC(=O)N(C)[C@@H](CC(C)C)C(=O)N[C@@H](CC(C)C)C(=O)N2CCC[C@@H]2C(=O)N(Cc2ccccc2)CC(=O)N[C@@H](Cc2ccccc2)C1=O,2619.0,298.15,82.7263,43.4685,39.2578,6.175,39.2578,60.2788,0.041266,139.44,0.579,24.341,2619.0,
P.Pr_Gly.dL.bHph.P.Me_dL.F,CCCN1CC(=O)N[C@H](CC(C)C)C(=O)N[C@@H](Cc2ccccc2)CC(=O)N2CCC[C@H]2C(=O)N(C)[C@H](CC(C)C)C(=O)N[C@@H](Cc2ccccc2)C(=O)N2CCC[C@H]2C1=O,1933.0,298.15,101.1281,68.9496,32.1785,8.3459,32.1785,84.2472,0.031285,168.54,0.326,51.073,1933.0,
dP.bHph.meL.L.dP.Me_dL.F,CC(C)C[C@@H]1NC(=O)[C@H](CC(C)C)N(C)C(=O)C[C@H](Cc2ccccc2)NC(=O)[C@H]2CCCN2C(=O)[C@H](Cc2ccccc2)NC(=O)[C@@H](CC(C)C)N(C)C(=O)[C@H]2CCCN2C1=O,4914.0,298.15,87.1345,33.5865,53.548,10.971,53.548,48.2736,0.05419,168.54,0.784,28.965,4914.0,
Me_dA.Me_dL.L.P.meL.F,CC(C)C[C@@H]1NC(=O)[C@@H](CC(C)C)N(C)C(=O)[C@@H](C)N(C)C(=O)[C@H](Cc2ccccc2)NC(=O)[C@H](CC(C)C)N(C)C(=O)[C@@H]2CCCN2C1=O,3150.0,298.15,78.2507,40.9429,37.3078,7.0511,37.3078,56.1606,0.040141,139.44,0.819,14.829,3150.0,
P.A.Me_dL.L.dP.meL.F,CC(C)C[C@@H]1NC(=O)[C@@H](CC(C)C)N(C)C(=O)[C@H](C)NC(=O)[C@@H]2CCCN2C(=O)[C@H](Cc2ccccc2)NC(=O)[C@H](CC(C)C)N(C)C(=O)[C@H]2CCCN2C1=O,3438.0,298.15,102.7668,58.8138,43.953,8.7634,43.953,72.9711,0.043581,168.54,0.523,36.363,3438.0,
P.dA.dL.Bn_Gly.P.L.F,CC(C)C[C@@H]1NC(=O)[C@@H]2CCCN2C(=O)CN(Cc2ccccc2)C(=O)[C@@H](CC(C)C)NC(=O)[C@@H](C)NC(=O)[C@@H]2CCCN2C(=O)[C@H](Cc2ccccc2)NC1=O,2115.0,298.15,99.9833,52.3915,47.5918,10.1148,47.5918,70.0644,0.04934,177.32999999999998,0.642,36.5,2115.0,
P.meA.meL.L.dP.Bn_Gly.F,CC(C)C[C@@H]1NC(=O)[C@H](CC(C)C)N(C)C(=O)[C@H](C)N(C)C(=O)[C@@H]2CCCN2C(=O)[C@H](Cc2ccccc2)NC(=O)CN(Cc2ccccc2)C(=O)[C@H]2CCCN2C1=O,2012.0,298.15,90.9769,49.8555,41.1214,7.2266,41.1214,71.466,0.041286,159.75,0.517,35.319,2012.0,
dP.meA.Me_dL.Bn_Gly.dP.dL.F,CC(C)C[C@@H]1C(=O)N(Cc2ccccc2)CC(=O)N2CCC[C@@H]2C(=O)N[C@H](CC(C)C)C(=O)N[C@@H](Cc2ccccc2)C(=O)N2CCC[C@@H]2C(=O)N(C)[C@@H](C)C(=O)N1C,4153.0,298.15,94.0031,45.8069,48.1962,10.3508,48.1962,68.9883,0.049571,159.75,0.861,23.817,4153.0,
P.bHph.Bn_Gly.dL.dP.meL.F,CC(C)C[C@H]1NC(=O)CN(Cc2ccccc2)C(=O)C[C@H](Cc2ccccc2)NC(=O)[C@@H]2CCCN2C(=O)[C@H](Cc2ccccc2)NC(=O)[C@H](CC(C)C)N(C)C(=O)[C@H]2CCCN2C1=O,1332.0,298.15,106.8008,64.481,42.3198,7.1806,42.3198,87.5217,0.038983,168.54,0.561,27.526,1332.0,
A.PhPr_Gly.meL.Nle.dP.Mono34,CCCC[C@@H]1NC(=O)[C@H](CC(C)C)N(C)C(=O)CN(CCCc2ccccc2)C(=O)[C@H](C)NC(=O)CN(CCCOC(C)C)C(=O)[C@H]2CCCN2C1=O,8944.0,298.15,82.731,40.0062,42.7248,8.0233,42.7248,59.5726,0.043595,148.67,0.614,55.168,8944.0,
Pr_Gly.dL.bHph.P.L.F,CCCN1CC(=O)N[C@H](CC(C)C)C(=O)N[C@@H](Cc2ccccc2)CC(=O)N2CCC[C@H]2C(=O)N[C@@H](CC(C)C)C(=O)N[C@@H](Cc2ccccc2)C1=O,3827.0,298.15,91.2032,43.7905,47.4127,9.4676,47.4127,63.2939,0.050191,157.01999999999998,0.773,31.699,3827.0,
bHph.dL.bHph.P.Bn_Gly.F,CC(C)C[C@H]1NC(=O)C[C@H](Cc2ccccc2)NC(=O)[C@H](Cc2ccccc2)NC(=O)CN(Cc2ccccc2)C(=O)[C@@H]2CCCN2C(=O)C[C@H](Cc2ccccc2)NC1=O,899.0,298.15,113.1338,28.493,84.6408,15.6673,84.6408,86.2704,0.080318,157.02,0.596,12.991,899.0,
Me_dA.L.Bn_Gly.dP.Bn_Gly.F,CC(C)C[C@@H]1NC(=O)[C@@H](C)N(C)C(=O)[C@H](Cc2ccccc2)NC(=O)CN(Cc2ccccc2)C(=O)[C@H]2CCCN2C(=O)CN(Cc2ccccc2)C1=O,1570.0,298.15,93.0255,60.1064,32.9191,7.2439,32.9191,77.3857,0.036201,139.44,0.697,8.528,1570.0,
dP.Me_dA.dL.dL.dP.meL.F,CC(C)C[C@H]1NC(=O)[C@@H](C)N(C)C(=O)[C@H]2CCCN2C(=O)[C@H](Cc2ccccc2)NC(=O)[C@H](CC(C)C)N(C)C(=O)[C@H]2CCCN2C(=O)[C@@H](CC(C)C)NC1=O,1171.0,298.15,75.346,44.9207,30.4253,6.1421,30.4253,66.1609,0.031208,168.54,0.581,28.217,1171.0,
Pr_Gly.Bn_Gly.Bn_Gly.P.Bn_Gly.F,CCCN1CC(=O)N(Cc2ccccc2)CC(=O)N(Cc2ccccc2)CC(=O)N2CCC[C@H]2C(=O)N(Cc2ccccc2)CC(=O)N[C@@H](Cc2ccccc2)C1=O,2571.0,298.15,85.142,49.3347,35.8073,8.0346,35.8073,65.6894,0.037972,130.65,0.834,5.648,2571.0,
dF.cHexCH2_Gly.meL.Nle.dP.Et_Gly,CCCC[C@@H]1NC(=O)[C@H](CC(C)C)N(C)C(=O)CN(CC2CCCCC2)C(=O)[C@@H](Cc2ccccc2)NC(=O)CN(CC)C(=O)[C@H]2CCCN2C1=O,5787.0,298.15,73.9016,41.7312,32.1704,8.4248,32.1704,48.2842,0.034494,139.44,0.906,30.359,5787.0,
dP.A.dL.L.dP.L.F,CC(C)C[C@@H]1NC(=O)[C@H]2CCCN2C(=O)[C@H](CC(C)C)NC(=O)[C@@H](CC(C)C)NC(=O)[C@H](C)NC(=O)[C@H]2CCCN2C(=O)[C@H](Cc2ccccc2)NC1=O,1615.0,298.15,89.6557,49.4866,40.1691,9.4672,40.1691,74.9413,0.042484,186.12,0.255,59.657,1615.0,
P.Me_dA.dL.dL.P.Me_dL.F,CC(C)C[C@@H]1C(=O)N[C@@H](Cc2ccccc2)C(=O)N2CCC[C@H]2C(=O)N(C)[C@H](C)C(=O)N[C@H](CC(C)C)C(=O)N[C@H](CC(C)C)C(=O)N2CCC[C@H]2C(=O)N1C,5498.0,298.15,79.9033,45.0344,34.8689,8.5373,34.8689,71.6157,0.035491,168.54,0.604,46.573,5498.0,
dP.dA.Me_dL.meL.dP.Bn_Gly.F,CC(C)C[C@@H]1C(=O)N(C)[C@@H](CC(C)C)C(=O)N2CCC[C@@H]2C(=O)N(Cc2ccccc2)CC(=O)N[C@@H](Cc2ccccc2)C(=O)N2CCC[C@@H]2C(=O)N[C@H](C)C(=O)N1C,2516.0,298.15,81.8887,42.8291,39.0596,9.1533,39.0596,68.6732,0.039184,159.75,0.949,28.635,2516.0,
dP.bHph.Me_dL.bHph.dP.dL.F,CC(C)C[C@@H]1C(=O)N[C@@H](Cc2ccccc2)CC(=O)N2CCC[C@@H]2C(=O)N[C@H](CC(C)C)C(=O)N[C@@H](Cc2ccccc2)C(=O)N2CCC[C@@H]2C(=O)N[C@@H](Cc2ccccc2)CC(=O)N1C,2085.0,298.15,103.1922,37.8535,65.3387,8.92,65.3387,75.0806,0.064318,177.33,0.225,51.765,2085.0,
Me_dA.dL.bHph.P.L.F,CC(C)C[C@@H]1NC(=O)[C@@H]2CCCN2C(=O)C[C@H](Cc2ccccc2)NC(=O)[C@@H](CC(C)C)NC(=O)[C@@H](C)N(C)C(=O)[C@H](Cc2ccccc2)NC1=O,2150.0,298.15,100.5596,45.2556,55.304,11.8781,55.304,59.0216,0.059009,157.02,0.314,57.839,2150.0,
Pr_Gly.L.Bn_Gly.P.Bn_Gly.F,CCCN1CC(=O)N[C@@H](CC(C)C)C(=O)N(Cc2ccccc2)CC(=O)N2CCC[C@H]2C(=O)N(Cc2ccccc2)CC(=O)N[C@@H](Cc2ccccc2)C1=O,3085.0,298.15,83.5515,48.6601,34.8914,6.1757,34.8914,66.8319,0.037062,139.44,1.146,6.652,3085.0,
P.A.meL.Me_dL.P.Bn_Gly.F,CC(C)C[C@@H]1C(=O)N2CCC[C@H]2C(=O)N(Cc2ccccc2)CC(=O)N[C@@H](Cc2ccccc2)C(=O)N2CCC[C@H]2C(=O)N[C@@H](C)C(=O)N(C)[C@@H](CC(C)C)C(=O)N1C,2943.0,298.15,83.8304,51.6628,32.1676,7.8834,32.1676,60.2033,0.032788,159.75,0.526,35.59,2943.0,
dA.Me_dL.Me_dL.P.Bn_Gly.F,CC(C)C[C@@H]1C(=O)N2CCC[C@H]2C(=O)N(Cc2ccccc2)CC(=O)N[C@@H](Cc2ccccc2)C(=O)N[C@H](C)C(=O)N(C)[C@H](CC(C)C)C(=O)N1C,827.0,298.15,78.1146,40.3279,37.7867,7.8737,37.7867,58.8162,0.040334,139.44,0.552,24.1,827.0,
dA.dL.bHph.dP.Bn_Gly.F,CC(C)C[C@H]1NC(=O)[C@@H](C)NC(=O)[C@H](Cc2ccccc2)NC(=O)CN(Cc2ccccc2)C(=O)[C@H]2CCCN2C(=O)C[C@H](Cc2ccccc2)NC1=O,121.0,298.15,90.9032,50.8197,40.0835,9.3269,40.0835,63.7536,0.043914,157.02,0.462,68.016,121.0,
dP.bHph.dL.meL.P.dL.F,CC(C)C[C@H]1NC(=O)[C@@H]2CCCN2C(=O)[C@H](CC(C)C)N(C)C(=O)[C@@H](CC(C)C)NC(=O)C[C@H](Cc2ccccc2)NC(=O)[C@H]2CCCN2C(=O)[C@H](Cc2ccccc2)NC1=O,4201.0,298.15,87.2855,44.1648,43.1207,7.3665,43.1207,54.1553,0.03927,177.32999999999998,0.137,87.723,4201.0,
P.Pr_Gly.Me_dL.Bn_Gly.dP.meL.F,CCCN1CC(=O)N(C)[C@H](CC(C)C)C(=O)N(Cc2ccccc2)CC(=O)N2CCC[C@@H]2C(=O)N(C)[C@@H](CC(C)C)C(=O)N[C@@H](Cc2ccccc2)C(=O)N2CCC[C@H]2C1=O,3549.0,298.15,80.6858,33.6755,47.0103,8.8485,47.0103,61.5168,0.044543,150.96,0.451,50.384,3549.0,
A.3-pyridylethyl_Gly.meL.Nle.dP.Bn(4-Cl)_Gly,CCCC[C@@H]1NC(=O)[C@H](CC(C)C)N(C)C(=O)CN(CCc2cccnc2)C(=O)[C@H](C)NC(=O)CN(Cc2ccc(Cl)cc2)C(=O)[C@H]2CCCN2C1=O,3450.0,298.15,95.1604,58.7801,36.3803,7.4241,36.3803,84.3352,0.037427,152.33,0.715,30.162,3450.0,
Mono30.A.F.P.I.P,CC[C@H](C)[C@@H]1NC(=O)[C@@H]2CCCN2C(=O)[C@H](Cc2ccccc2)NC(=O)[C@H](C)NC(=O)c2csc(n2)[C@H](CC(C)C)NC(=O)[C@@H]2CCCN2C1=O,1163.0,298.15,149.3398,98.0357,51.3041,11.1147,51.3041,117.3457,0.059457,169.91,0.577,39.755,1163.0,
Me_dA.L.dL.P.L.F,CC(C)C[C@@H]1NC(=O)[C@@H](C)N(C)C(=O)[C@H](Cc2ccccc2)NC(=O)[C@H](CC(C)C)NC(=O)[C@@H]2CCCN2C(=O)[C@@H](CC(C)C)NC1=O,3090.0,298.15,95.2693,50.2541,45.0152,6.286,45.0152,67.4218,0.049102,157.02,0.237,40.898,3090.0,
dA.Mono38.Me_dL.Nle.P.Mono1,CCCC[C@@H]1NC(=O)[C@@H](CC(C)C)N(C)C(=O)CN(CC2CCOCC2)C(=O)[C@@H](C)NC(=O)CN(Cc2ccc3c(c2)OCO3)C(=O)[C@@H]2CCCN2C1=O,5111.0,298.15,149.4993,99.7802,49.7191,12.7654,49.7191,110.4468,0.052881,167.13,0.651,50.475,5111.0,
dP.Pr_Gly.L.Me_dL.P.meL.F,CCCN1CC(=O)N[C@@H](CC(C)C)C(=O)N(C)[C@H](CC(C)C)C(=O)N2CCC[C@H]2C(=O)N(C)[C@@H](CC(C)C)C(=O)N[C@@H](Cc2ccccc2)C(=O)N2CCC[C@@H]2C1=O,3375.0,298.15,71.5161,44.951,26.5651,5.1842,26.5651,55.068,0.026412,159.75,0.2,80.899,3375.0,
dP.Me_dA.L.Bn_Gly.dP.Bn_Gly.F,CC(C)C[C@@H]1NC(=O)[C@@H](C)N(C)C(=O)[C@H]2CCCN2C(=O)[C@H](Cc2ccccc2)NC(=O)CN(Cc2ccccc2)C(=O)[C@H]2CCCN2C(=O)CN(Cc2ccccc2)C1=O,404.0,298.15,94.5463,51.6152,42.9311,8.2576,42.9311,81.7513,0.043855,159.75,0.465,37.389,404.0,
P.Pr_Gly.dL.L.P.meL.F,CCCN1CC(=O)N[C@H](CC(C)C)C(=O)N[C@@H](CC(C)C)C(=O)N2CCC[C@H]2C(=O)N(C)[C@@H](CC(C)C)C(=O)N[C@@H](Cc2ccccc2)C(=O)N2CCC[C@H]2C1=O,3571.0,298.15,102.5892,53.351,49.2382,10.7246,49.2382,93.5935,0.049224,168.54,0.212,71.91,3571.0,
V.I.dP.F.I.dP.dA,CC[C@H](C)[C@@H]1NC(=O)[C@H](Cc2ccccc2)NC(=O)[C@H]2CCCN2C(=O)[C@H]([C@@H](C)CC)NC(=O)[C@H](C(C)C)NC(=O)[C@@H](C)NC(=O)[C@H]2CCCN2C1=O,708.0,298.15,80.7025,44.8466,35.8559,8.824,35.8559,57.8385,0.039763,186.12,0.505,40.939,708.0,
A.dL.bHph.P.L.F,CC(C)C[C@@H]1NC(=O)[C@@H]2CCCN2C(=O)C[C@H](Cc2ccccc2)NC(=O)[C@@H](CC(C)C)NC(=O)[C@H](C)NC(=O)[C@H](Cc2ccccc2)NC1=O,548.0,298.15,99.1569,44.4266,54.7303,8.2991,54.7303,65.6619,0.058846,165.81,0.402,39.108,548.0,
dA.A.meA.A.meA.A,C[C@@H]1NC(=O)[C@H](C)N(C)C(=O)[C@H](C)NC(=O)[C@H](C)N(C)C(=O)[C@H](C)NC(=O)[C@@H](C)NC1=O,159.0,298.15,122.6823,69.9087,52.7736,11.8491,52.7736,89.7165,0.077378,157.01999999999998,0.132,91.487,159.0,
P.Pr_Gly.dL.meL.dP.Me_dL.F,CCCN1CC(=O)N[C@H](CC(C)C)C(=O)N(C)[C@@H](CC(C)C)C(=O)N2CCC[C@@H]2C(=O)N(C)[C@H](CC(C)C)C(=O)N[C@@H](Cc2ccccc2)C(=O)N2CCC[C@H]2C1=O,3329.0,298.15,73.0919,52.5001,20.5918,4.3416,20.5918,64.9998,0.020622,159.75,0.422,54.1,3329.0,
P.A.Me_dL.L.dP.Me_dL.F,CC(C)C[C@@H]1NC(=O)[C@@H](CC(C)C)N(C)C(=O)[C@H](C)NC(=O)[C@@H]2CCCN2C(=O)[C@H](Cc2ccccc2)NC(=O)[C@@H](CC(C)C)N(C)C(=O)[C@H]2CCCN2C1=O,2348.0,298.15,97.9494,34.9183,63.0311,11.6556,63.0311,49.8862,0.062737,168.54,0.22,80.144,2348.0,
dF.pentyl_Gly.dL.Nle.dP.Et_Gly,CCCCCN1CC(=O)N[C@H](CC(C)C)C(=O)N[C@@H](CCCC)C(=O)N2CCC[C@@H]2C(=O)N(CC)CC(=O)N[C@H](Cc2ccccc2)C1=O,7679.0,298.15,84.3128,56.349,27.9638,7.1853,27.9638,74.9389,0.030104,148.23,1.061,5.986,7679.0,
dA.meL.Bn_Gly.P.dL.F,CC(C)C[C@H]1NC(=O)[C@@H]2CCCN2C(=O)CN(Cc2ccccc2)C(=O)[C@H](CC(C)C)N(C)C(=O)[C@@H](C)NC(=O)[C@H](Cc2ccccc2)NC1=O,1801.0,298.15,89.527,56.3832,33.1438,8.6675,33.1438,75.7808,0.036927,148.23,0.595,11.181,1801.0,
L.3-pyridylethyl_Gly.meL.Nle.dP.Et_Gly,CCCC[C@@H]1NC(=O)[C@H](CC(C)C)N(C)C(=O)CN(CCc2cccnc2)C(=O)[C@H](CC(C)C)NC(=O)CN(CC)C(=O)[C@H]2CCCN2C1=O,6071.0,298.15,102.2352,44.4995,57.7357,7.9276,57.7357,79.2933,0.064024,152.33,0.736,40.383,6071.0,
meA.dL.dL.dP.Bn_Gly.F,CC(C)C[C@H]1NC(=O)[C@H](C)N(C)C(=O)[C@H](Cc2ccccc2)NC(=O)CN(Cc2ccccc2)C(=O)[C@H]2CCCN2C(=O)[C@@H](CC(C)C)NC1=O,1444.0,298.15,98.1787,60.517,37.6617,7.1511,37.6617,84.4141,0.040706,148.23,0.392,58.2,1444.0,
P.Me_dA.L.Me_dL.dP.Bn_Gly.F,CC(C)C[C@@H]1NC(=O)[C@@H](C)N(C)C(=O)[C@@H]2CCCN2C(=O)[C@H](Cc2ccccc2)NC(=O)CN(Cc2ccccc2)C(=O)[C@H]2CCCN2C(=O)[C@@H](CC(C)C)N(C)C1=O,1184.0,298.15,86.1403,53.3007,32.8396,5.6448,32.8396,55.8432,0.032994,159.75,0.443,57.586,1184.0,
dA.L.L.dP.Me_dL.F,CC(C)C[C@@H]1NC(=O)[C@@H](C)NC(=O)[C@H](Cc2ccccc2)NC(=O)[C@@H](CC(C)C)N(C)C(=O)[C@H]2CCCN2C(=O)[C@H](CC(C)C)NC1=O,2154.0,298.15,77.3315,41.4471,35.8844,8.4018,35.8844,58.0233,0.039138,157.02,0.189,79.019,2154.0,
meA.dL.Me_dL.dP.dL.F,CC(C)C[C@@H]1C(=O)N2CCC[C@@H]2C(=O)N[C@H](CC(C)C)C(=O)N[C@@H](Cc2ccccc2)C(=O)N(C)[C@@H](C)C(=O)N[C@H](CC(C)C)C(=O)N1C,1088.0,298.15,74.6933,34.7337,39.9596,9.1429,39.9596,54.3863,0.044459,148.23000000000002,0.318,52.495,1088.0,
dP.A.dL.bHph.P.L.F,CC(C)C[C@@H]1NC(=O)[C@@H]2CCCN2C(=O)C[C@H](Cc2ccccc2)NC(=O)[C@@H](CC(C)C)NC(=O)[C@H](C)NC(=O)[C@H]2CCCN2C(=O)[C@H](Cc2ccccc2)NC1=O,1722.0,298.15,110.4771,37.549,72.9281,15.7201,72.9281,47.4288,0.077293,186.12,0.373,45.908,1722.0,
dP.dL.L.dL.Pye.L,CC(C)C[C@@H]1NC(=O)[C@@H](CC(C)C)NC(=O)[C@H]2CCCN2C(=O)[C@H](CC(C)C)NC(=O)[C@H](CCC(=O)N2CCCC2)NC(=O)[C@@H](CC(C)C)NC1=O,3812.0,298.15,91.7667,66.1575,25.6092,4.9722,25.6092,75.8282,0.026176,186.11999999999998,0.577,26.541,3812.0,
A.dL.Me_dL.dP.meL.F,CC(C)C[C@@H]1C(=O)N2CCC[C@@H]2C(=O)N(C)[C@@H](CC(C)C)C(=O)N[C@@H](Cc2ccccc2)C(=O)N[C@@H](C)C(=O)N[C@H](CC(C)C)C(=O)N1C,1845.0,298.15,87.1589,55.4137,31.7452,6.486,31.7452,79.0688,0.035788,148.23,0.42,27.823,1845.0,
P.Me_dA.meL.meL.P.Me_dL.F,CC(C)C[C@@H]1C(=O)N[C@@H](Cc2ccccc2)C(=O)N2CCC[C@H]2C(=O)N(C)[C@H](C)C(=O)N(C)[C@@H](CC(C)C)C(=O)N(C)[C@@H](CC(C)C)C(=O)N2CCC[C@H]2C(=O)N1C,3187.0,298.15,72.3337,39.6082,32.7255,6.0461,32.7255,68.3423,0.032062,150.96,0.488,39.568,3187.0,
dA.Mono38.dL.Nle.dP.Mono1,CCCC[C@@H]1NC(=O)[C@@H](CC(C)C)NC(=O)CN(CC2CCOCC2)C(=O)[C@@H](C)NC(=O)CN(Cc2ccc3c(c2)OCO3)C(=O)[C@H]2CCCN2C1=O,2217.0,298.15,150.6151,123.8132,26.8019,4.7469,26.8019,145.0262,0.027086,175.92,0.685,13.669,2217.0,
A.L.Me_dF.P.Sar.F.meY,CC(C)C[C@@H]1NC(=O)[C@H](C)NC(=O)[C@H](Cc2ccc(O)cc2)N(C)C(=O)[C@H](Cc2ccccc2)NC(=O)CN(C)C(=O)[C@@H]2CCCN2C(=O)[C@@H](Cc2ccccc2)N(C)C1=O,1411.0,298.15,126.3378,73.7778,52.56,10.5219,52.56,84.6571,0.052873,188.77,0.694,21.852,1411.0,
dA.L.L.P.Bn_Gly.F,CC(C)C[C@@H]1NC(=O)[C@@H](C)NC(=O)[C@H](Cc2ccccc2)NC(=O)CN(Cc2ccccc2)C(=O)[C@@H]2CCCN2C(=O)[C@H](CC(C)C)NC1=O,837.0,298.15,110.2742,58.9825,51.2917,8.674,51.2917,73.2006,0.055012,157.02,0.806,28.175,837.0,
dA.L.Me_dL.dP.dL.F,CC(C)C[C@@H]1NC(=O)[C@@H](C)NC(=O)[C@H](Cc2ccccc2)NC(=O)[C@@H](CC(C)C)NC(=O)[C@H]2CCCN2C(=O)[C@@H](CC(C)C)N(C)C1=O,1052.0,298.15,93.2846,47.7273,45.5573,9.4752,45.5573,59.6986,0.05053,157.02,0.269,64.404,1052.0,
dP.dA.Me_dL.Bn_Gly.dP.L.F,CC(C)C[C@@H]1NC(=O)[C@H]2CCCN2C(=O)CN(Cc2ccccc2)C(=O)[C@@H](CC(C)C)N(C)C(=O)[C@@H](C)NC(=O)[C@H]2CCCN2C(=O)[C@H](Cc2ccccc2)NC1=O,1662.0,298.15,103.7013,28.2156,75.4857,9.1158,75.4857,50.5368,0.077748,168.54,0.611,23.36,1662.0,
meA.Me_dL.Bn_Gly.dP.Me_dL.F,CC(C)C[C@@H]1C(=O)N[C@@H](Cc2ccccc2)C(=O)N(C)[C@@H](C)C(=O)N(C)[C@H](CC(C)C)C(=O)N(Cc2ccccc2)CC(=O)N2CCC[C@@H]2C(=O)N1C,2529.0,298.15,71.7548,33.5738,38.181,9.1664,38.181,48.912,0.04005,130.65,0.745,27.664,2529.0,
Mono6.A.meL.I.meF.meA.meV.F.T.Mono7,CC[C@H](C)[C@@H]1NC(=O)[C@H](CC(C)C)N(C)C(=O)[C@H](C)NC(=O)CCCN(C)C(=O)C[C@H](C)NC(=O)[C@H]([C@@H](C)O)NC(=O)[C@H](Cc2ccccc2)NC(=O)[C@H](C(C)C)N(C)C(=O)[C@H](C)N(C)C(=O)[C@H](Cc2ccccc2)N(C)C1=O,2009.0,298.15,136.1383,86.569,49.5693,9.2287,49.5693,108.7928,0.040157,267.28,0.297,50.574,2009.0,
F.MeOEt_Gly.meL.Nle.dP.iBu_Gly,CCCC[C@@H]1NC(=O)[C@H](CC(C)C)N(C)C(=O)CN(CCOC)C(=O)[C@H](Cc2ccccc2)NC(=O)CN(CC(C)C)C(=O)[C@H]2CCCN2C1=O,4380.0,298.15,87.7652,49.6775,38.0877,6.5696,38.0877,68.7647,0.039874,148.67000000000002,0.441,60.408,4380.0,
F.cHexCH2_Gly.Me_dL.Nle.P.Et_Gly,CCCC[C@@H]1NC(=O)[C@@H](CC(C)C)N(C)C(=O)CN(CC2CCCCC2)C(=O)[C@H](Cc2ccccc2)NC(=O)CN(CC)C(=O)[C@@H]2CCCN2C1=O,5302.0,298.15,79.3968,47.6586,31.7382,5.5468,31.7382,65.955,0.032468,139.44,0.877,13.463,5302.0,
dP.dA.L.L.dP.Bn_Gly.F,CC(C)C[C@@H]1NC(=O)[C@@H](C)NC(=O)[C@H]2CCCN2C(=O)[C@H](Cc2ccccc2)NC(=O)CN(Cc2ccccc2)C(=O)[C@H]2CCCN2C(=O)[C@H](CC(C)C)NC1=O,1531.0,298.15,92.8524,50.8624,41.99,9.3243,41.99,72.2673,0.042854,177.33,0.548,48.45,1531.0,
dP.A.meL.dL.dP.L.F,CC(C)C[C@@H]1NC(=O)[C@H]2CCCN2C(=O)[C@@H](CC(C)C)NC(=O)[C@H](CC(C)C)N(C)C(=O)[C@H](C)NC(=O)[C@H]2CCCN2C(=O)[C@H](Cc2ccccc2)NC1=O,792.0,298.15,95.4253,50.2908,45.1345,7.0998,45.1345,80.8748,0.047042,177.32999999999998,0.418,23.904,792.0,
dP.Pr_Gly.Bn_Gly.L.P.L.F,CCCN1CC(=O)N(Cc2ccccc2)CC(=O)N[C@@H](CC(C)C)C(=O)N2CCC[C@H]2C(=O)N[C@@H](CC(C)C)C(=O)N[C@@H](Cc2ccccc2)C(=O)N2CCC[C@@H]2C1=O,5371.0,298.15,115.3616,53.4512,61.9104,9.8943,61.9104,80.7868,0.062349,168.54,0.648,26.395,5371.0,
dP.Me_dA.meL.bHph.dP.meL.F,CC(C)C[C@H]1C(=O)N[C@@H](Cc2ccccc2)CC(=O)N2CCC[C@@H]2C(=O)N(C)[C@@H](CC(C)C)C(=O)N[C@@H](Cc2ccccc2)C(=O)N2CCC[C@@H]2C(=O)N(C)[C@H](C)C(=O)N1C,1253.0,298.15,73.0242,37.9079,35.1163,6.1748,35.1163,45.7366,0.036615,159.75,0.423,39.877,1253.0,
dA.Mono38.meL.Nle.P.Mono1,CCCC[C@@H]1NC(=O)[C@H](CC(C)C)N(C)C(=O)CN(CC2CCOCC2)C(=O)[C@@H](C)NC(=O)CN(Cc2ccc3c(c2)OCO3)C(=O)[C@@H]2CCCN2C1=O,2824.0,298.15,160.5423,123.4227,37.1196,7.8259,37.1196,152.7582,0.036291,167.13,0.75,16.746,2824.0,
meA.Me_dL.meL.dP.dL.F,CC(C)C[C@@H]1C(=O)N(C)[C@@H](CC(C)C)C(=O)N2CCC[C@@H]2C(=O)N[C@H](CC(C)C)C(=O)N[C@@H](Cc2ccccc2)C(=O)N(C)[C@@H](C)C(=O)N1C,1377.0,298.15,73.7883,40.5175,33.2708,7.1787,33.2708,51.7939,0.037743,139.44,0.688,21.687,1377.0,
Me_dA.Me_dL.meL.dP.dL.F,CC(C)C[C@@H]1C(=O)N(C)[C@@H](CC(C)C)C(=O)N2CCC[C@@H]2C(=O)N[C@H](CC(C)C)C(=O)N[C@@H](Cc2ccccc2)C(=O)N(C)[C@H](C)C(=O)N1C,2378.0,298.15,80.0173,28.3066,51.7107,9.1278,51.7107,56.3141,0.056171,139.44,0.757,27.755,2378.0,
P.A.Me_dL.meL.dP.Me_dL.F,CC(C)C[C@@H]1C(=O)N(C)[C@@H](CC(C)C)C(=O)N2CCC[C@@H]2C(=O)N(C)[C@H](CC(C)C)C(=O)N[C@@H](Cc2ccccc2)C(=O)N2CCC[C@H]2C(=O)N[C@@H](C)C(=O)N1C,2881.0,298.15,93.0563,37.2687,55.7876,14.4414,55.7876,70.1047,0.055375,159.75,0.322,75.156,2881.0,
dP.meA.dL.L.dP.L.F,CC(C)C[C@@H]1NC(=O)[C@H]2CCCN2C(=O)[C@H](CC(C)C)NC(=O)[C@@H](CC(C)C)NC(=O)[C@H](C)N(C)C(=O)[C@H]2CCCN2C(=O)[C@H](Cc2ccccc2)NC1=O,1572.0,298.15,96.4797,46.1701,50.3096,10.3487,50.3096,86.9426,0.051728,177.33,0.311,64.57,1572.0,
A.dL.Me_dL.P.L.F,CC(C)C[C@@H]1NC(=O)[C@@H]2CCCN2C(=O)[C@@H](CC(C)C)N(C)C(=O)[C@@H](CC(C)C)NC(=O)[C@H](C)NC(=O)[C@H](Cc2ccccc2)NC1=O,3310.0,298.15,103.2319,43.6648,59.5671,10.982,59.5671,65.5304,0.065173,157.01999999999998,0.462,50.101,3310.0,
P.F.F.Me_Ala(indol-2-yl).V.L,CC(C)C[C@@H]1NC(=O)[C@H](C(C)C)NC(=O)[C@H](Cc2cc3ccccc3[nH]2)N(C)C(=O)[C@H](Cc2ccccc2)NC(=O)[C@H](Cc2ccccc2)NC(=O)[C@@H]2CCCN2C1=O,1827.0,298.15,106.9482,56.5236,50.4246,10.4845,50.4246,83.6068,0.049185,172.81,0.681,18.333,1827.0,
P.Me_dL.dV.L.P.dP.I,CC[C@H](C)[C@@H]1NC(=O)[C@H]2CCCN2C(=O)[C@@H]2CCCN2C(=O)[C@H](CC(C)C)NC(=O)[C@@H](C(C)C)NC(=O)[C@@H](CC(C)C)N(C)C(=O)[C@@H]2CCCN2C1=O,833.0,298.15,95.1911,72.5101,22.681,3.8259,22.681,81.2185,0.024601,168.54,0.28,67.021,833.0,
L.Me_dA.Me_Abu.L.dP.meF,CC[C@H]1C(=O)N[C@@H](CC(C)C)C(=O)N2CCC[C@@H]2C(=O)N(C)[C@@H](Cc2ccccc2)C(=O)N[C@@H](CC(C)C)C(=O)N(C)[C@H](C)C(=O)N1C,2044.0,298.15,78.5859,28.5749,50.011,11.8958,50.011,47.1048,0.056881,139.44,0.522,16.127,2044.0,
dL.dL.dL.dL.dP.Y,CC(C)C[C@H]1NC(=O)[C@H](Cc2ccc(O)cc2)NC(=O)[C@H]2CCCN2C(=O)[C@@H](CC(C)C)NC(=O)[C@@H](CC(C)C)NC(=O)[C@@H](CC(C)C)NC1=O,2942.0,298.15,139.2666,79.1166,60.15,13.0756,60.15,95.0,0.064753,186.04,0.073,91.748,2942.0,
F.Mono39.meL.Nle.dP.Et_Gly,CCCC[C@@H]1NC(=O)[C@H](CC(C)C)N(C)C(=O)CN(CCOc2ccccc2)C(=O)[C@H](Cc2ccccc2)NC(=O)CN(CC)C(=O)[C@H]2CCCN2C1=O,5827.0,298.15,83.1139,38.2538,44.8601,8.5833,44.8601,63.3294,0.044275,148.67000000000002,0.861,34.015,5827.0,
dP.Pr_Gly.dL.bHph.dP.dL.F,CCCN1CC(=O)N[C@H](CC(C)C)C(=O)N[C@@H](Cc2ccccc2)CC(=O)N2CCC[C@@H]2C(=O)N[C@H](CC(C)C)C(=O)N[C@@H](Cc2ccccc2)C(=O)N2CCC[C@@H]2C1=O,3081.0,298.15,93.516,25.3525,68.1635,15.4185,68.1635,59.7784,0.06525,177.32999999999998,0.441,41.489,3081.0,
A.Bn_Gly.dL.dP.dL.F,CC(C)C[C@H]1NC(=O)[C@H]2CCCN2C(=O)[C@@H](CC(C)C)NC(=O)CN(Cc2ccccc2)C(=O)[C@H](C)NC(=O)[C@H](Cc2ccccc2)NC1=O,1319.0,298.15,113.7546,52.7688,60.9858,19.3576,60.9858,110.1173,0.066815,157.01999999999998,1.025,16.083,1319.0,
P.meA.dL.Bn_Gly.P.Bn_Gly.F,CC(C)C[C@H]1NC(=O)[C@H](C)N(C)C(=O)[C@@H]2CCCN2C(=O)[C@H](Cc2ccccc2)NC(=O)CN(Cc2ccccc2)C(=O)[C@@H]2CCCN2C(=O)CN(Cc2ccccc2)C1=O,2922.0,298.15,94.4345,42.3882,52.0463,8.3971,52.0463,70.1743,0.049738,159.75,1.021,8.009,2922.0,
Pr_Gly.meL.dL.dP.Me_dL.F,CCCN1CC(=O)N(C)[C@@H](CC(C)C)C(=O)N[C@H](CC(C)C)C(=O)N2CCC[C@@H]2C(=O)N(C)[C@H](CC(C)C)C(=O)N[C@@H](Cc2ccccc2)C1=O,5243.0,298.15,75.7773,30.0928,45.6845,9.7019,45.6845,43.5093,0.04927,139.44,0.528,53.574,5243.0,
Mono14.A.F.P.T.P,CC[C@@H](C)[C@@H]1NC(=O)[C@@H]2CCCN2C(=O)[C@H]([C@@H](C)O)NC(=O)[C@@H]2CCCN2C(=O)[C@H](Cc2ccccc2)NC(=O)[C@H](C)NC(=O)c2csc1n2,323.0,298.15,159.7628,108.9449,50.8179,11.8654,50.8179,127.4268,0.061655,190.14,0.553,24.5,323.0,
dP.meA.L.Me_dL.dP.Bn_Gly.F,CC(C)C[C@@H]1NC(=O)[C@H](C)N(C)C(=O)[C@H]2CCCN2C(=O)[C@H](Cc2ccccc2)NC(=O)CN(Cc2ccccc2)C(=O)[C@H]2CCCN2C(=O)[C@@H](CC(C)C)N(C)C1=O,778.0,298.15,89.5642,44.7949,44.7693,8.0322,44.7693,63.1942,0.047041,159.75,0.495,50.593,778.0,
L.Bn_Gly.meL.Nle.dP.Et_Gly,CCCC[C@@H]1NC(=O)[C@H](CC(C)C)N(C)C(=O)CN(Cc2ccccc2)C(=O)[C@H](CC(C)C)NC(=O)CN(CC)C(=O)[C@H]2CCCN2C1=O,5533.0,298.15,93.1528,42.9854,50.1674,7.8975,50.1674,60.4244,0.055342,139.44,0.784,19.459,5533.0,
dA.meL.L.P.Me_dL.F,CC(C)C[C@@H]1NC(=O)[C@H](CC(C)C)N(C)C(=O)[C@@H](C)NC(=O)[C@H](Cc2ccccc2)NC(=O)[C@@H](CC(C)C)N(C)C(=O)[C@@H]2CCCN2C1=O,2923.0,298.15,102.8039,40.7811,62.0228,11.4697,62.0228,71.4404,0.066234,148.23000000000002,0.948,10.837,2923.0,
F.cHexCH2_Gly.dL.Nle.dP.Et_Gly,CCCC[C@@H]1NC(=O)[C@@H](CC(C)C)NC(=O)CN(CC2CCCCC2)C(=O)[C@H](Cc2ccccc2)NC(=O)CN(CC)C(=O)[C@H]2CCCN2C1=O,3951.0,298.15,80.515,50.9902,29.5248,5.7261,29.5248,72.3699,0.031972,148.23000000000002,0.842,26.161,3951.0,
P.meA.meL.Bn_Gly.P.meL.F,CC(C)C[C@H]1C(=O)N(Cc2ccccc2)CC(=O)N2CCC[C@H]2C(=O)N(C)[C@@H](CC(C)C)C(=O)N[C@@H](Cc2ccccc2)C(=O)N2CCC[C@H]2C(=O)N(C)[C@@H](C)C(=O)N1C,1252.0,298.15,90.9535,49.1916,41.7619,10.9014,41.7619,85.2676,0.040566,150.96,0.39,17.885,1252.0,
Me_dA.Me_dL.L.dP.Bn_Gly.F,CC(C)C[C@@H]1NC(=O)[C@@H](CC(C)C)N(C)C(=O)[C@@H](C)N(C)C(=O)[C@H](Cc2ccccc2)NC(=O)CN(Cc2ccccc2)C(=O)[C@H]2CCCN2C1=O,1162.0,298.15,86.5281,39.8772,46.6509,6.9741,46.6509,68.7397,0.050411,139.44,0.551,38.816,1162.0,
dP.Me_dA.Me_dL.dL.dP.dL.F,CC(C)C[C@@H]1C(=O)N[C@H](CC(C)C)C(=O)N2CCC[C@@H]2C(=O)N[C@H](CC(C)C)C(=O)N[C@@H](Cc2ccccc2)C(=O)N2CCC[C@@H]2C(=O)N(C)[C@H](C)C(=O)N1C,2011.0,298.15,93.2269,45.224,48.0029,8.504,48.0029,72.3485,0.049877,168.54000000000002,0.168,81.657,2011.0,
P.dP.dL.dF.meL.dV.dF,CC(C)C[C@H]1NC(=O)[C@H]2CCCN2C(=O)[C@@H]2CCCN2C(=O)[C@@H](Cc2ccccc2)NC(=O)[C@@H](C(C)C)NC(=O)[C@H](CC(C)C)N(C)C(=O)[C@@H](Cc2ccccc2)NC1=O,2078.0,298.15,92.5513,53.3554,39.1959,10.045,39.1959,70.7315,0.039682,177.32999999999998,0.22,65.59,2078.0,
dA.cHexCH2_Gly.meL.Nle.dP.Mono1,CCCC[C@@H]1NC(=O)[C@H](CC(C)C)N(C)C(=O)CN(CC2CCCCC2)C(=O)[C@@H](C)NC(=O)CN(Cc2ccc3c(c2)OCO3)C(=O)[C@H]2CCCN2C1=O,6141.0,298.15,137.3906,71.9183,65.4723,17.807,65.4723,83.2861,0.068382,157.9,1.14,6.328,6141.0,
Me_dA.L.L.P.dL.F,CC(C)C[C@@H]1NC(=O)[C@@H](C)N(C)C(=O)[C@H](Cc2ccccc2)NC(=O)[C@@H](CC(C)C)NC(=O)[C@@H]2CCCN2C(=O)[C@H](CC(C)C)NC1=O,2032.0,298.15,92.6091,51.7257,40.8834,7.7138,40.8834,78.77,0.043798,157.02,0.285,53.38,2032.0,
dP.dA.L.Me_dL.P.L.F,CC(C)C[C@@H]1NC(=O)[C@@H]2CCCN2C(=O)[C@@H](CC(C)C)N(C)C(=O)[C@H](CC(C)C)NC(=O)[C@@H](C)NC(=O)[C@H]2CCCN2C(=O)[C@H](Cc2ccccc2)NC1=O,2888.0,298.15,90.3892,52.4434,37.9458,8.2132,37.9458,68.7413,0.039076,177.32999999999998,0.784,24.982,2888.0,
P.Me_dA.L.meL.dP.L.F,CC(C)C[C@@H]1NC(=O)[C@H]2CCCN2C(=O)[C@H](CC(C)C)N(C)C(=O)[C@H](CC(C)C)NC(=O)[C@@H](C)N(C)C(=O)[C@@H]2CCCN2C(=O)[C@H](Cc2ccccc2)NC1=O,2287.0,298.15,92.5142,59.6137,32.9005,7.6398,32.9005,89.3352,0.0342,168.54,0.568,17.269,2287.0,
P.Pr_Gly.meL.bHph.P.Bn_Gly.F,CCCN1CC(=O)N(C)[C@@H](CC(C)C)C(=O)N[C@@H](Cc2ccccc2)CC(=O)N2CCC[C@H]2C(=O)N(Cc2ccccc2)CC(=O)N[C@@H](Cc2ccccc2)C(=O)N2CCC[C@H]2C1=O,1837.0,298.15,98.1682,63.5634,34.6048,6.627,34.6048,70.8372,0.033204,159.75,0.636,9.192,1837.0,
dP.bHph.L.bHph.P.meL.F,CC(C)C[C@@H]1NC(=O)C[C@H](Cc2ccccc2)NC(=O)[C@H]2CCCN2C(=O)[C@H](Cc2ccccc2)NC(=O)[C@H](CC(C)C)N(C)C(=O)[C@@H]2CCCN2C(=O)C[C@H](Cc2ccccc2)NC1=O,3859.0,298.15,88.2003,36.0575,52.1428,14.251,52.1428,40.4222,0.048227,177.33,0.546,29.912,3859.0,
P.Pr_Gly.dL.bHph.dP.meL.F,CCCN1CC(=O)N[C@H](CC(C)C)C(=O)N[C@@H](Cc2ccccc2)CC(=O)N2CCC[C@@H]2C(=O)N(C)[C@@H](CC(C)C)C(=O)N[C@@H](Cc2ccccc2)C(=O)N2CCC[C@H]2C1=O,2516.0,298.15,100.7856,57.9609,42.8247,9.5063,42.8247,83.612,0.039858,168.54,0.57,22.458,2516.0,
dP.meA.dL.bHph.P.L.F,CC(C)C[C@@H]1NC(=O)[C@@H]2CCCN2C(=O)C[C@H](Cc2ccccc2)NC(=O)[C@@H](CC(C)C)NC(=O)[C@H](C)N(C)C(=O)[C@H]2CCCN2C(=O)[C@H](Cc2ccccc2)NC1=O,3605.0,298.15,97.0522,41.3083,55.7439,13.1357,55.7439,80.7194,0.054128,177.33,0.304,35.708,3605.0,
dP.dA.L.Bn_Gly.P.meL.F,CC(C)C[C@@H]1NC(=O)[C@@H](C)NC(=O)[C@H]2CCCN2C(=O)[C@H](Cc2ccccc2)NC(=O)[C@H](CC(C)C)N(C)C(=O)[C@@H]2CCCN2C(=O)CN(Cc2ccccc2)C1=O,712.0,298.15,87.0183,51.8644,35.1539,8.3641,35.1539,67.8922,0.035986,168.54000000000002,0.323,74.813,712.0,
P.meA.Me_dL.Bn_Gly.dP.Me_dL.F,CC(C)C[C@@H]1C(=O)N[C@@H](Cc2ccccc2)C(=O)N2CCC[C@H]2C(=O)N(C)[C@@H](C)C(=O)N(C)[C@H](CC(C)C)C(=O)N(Cc2ccccc2)CC(=O)N2CCC[C@@H]2C(=O)N1C,1583.0,298.15,60.3471,35.965,24.3821,5.4959,24.3821,51.9909,0.02362,150.96,0.153,83.902,1583.0,
P.Pr_Gly.L.meL.dP.Bn_Gly.F,CCCN1CC(=O)N[C@@H](CC(C)C)C(=O)N(C)[C@@H](CC(C)C)C(=O)N2CCC[C@@H]2C(=O)N(Cc2ccccc2)CC(=O)N[C@@H](Cc2ccccc2)C(=O)N2CCC[C@H]2C1=O,5383.0,298.15,103.0376,49.3846,53.653,9.3962,53.653,66.3272,0.050116,159.75,0.869,8.608,5383.0,
dP.dA.meL.L.P.Me_dL.F,CC(C)C[C@@H]1NC(=O)[C@H](CC(C)C)N(C)C(=O)[C@@H](C)NC(=O)[C@H]2CCCN2C(=O)[C@H](Cc2ccccc2)NC(=O)[C@@H](CC(C)C)N(C)C(=O)[C@@H]2CCCN2C1=O,1904.0,298.15,89.519,60.2963,29.2227,6.0231,29.2227,67.2289,0.02981,168.54,0.271,75.321,1904.0,
dP.bHph.L.L.P.dL.F,CC(C)C[C@@H]1NC(=O)C[C@H](Cc2ccccc2)NC(=O)[C@H]2CCCN2C(=O)[C@H](Cc2ccccc2)NC(=O)[C@@H](CC(C)C)NC(=O)[C@@H]2CCCN2C(=O)[C@H](CC(C)C)NC1=O,2392.0,298.15,102.9007,51.4028,51.4979,10.9836,51.4979,63.7486,0.048995,186.12,0.244,70.954,2392.0,
meA.Me_dL.Me_dL.dP.Me_dL.F,CC(C)C[C@@H]1C(=O)N2CCC[C@@H]2C(=O)N(C)[C@H](CC(C)C)C(=O)N[C@@H](Cc2ccccc2)C(=O)N(C)[C@@H](C)C(=O)N(C)[C@H](CC(C)C)C(=O)N1C,1336.0,298.15,72.3353,33.5969,38.7384,7.654,38.7384,58.7568,0.042595,130.65,0.354,53.482,1336.0,
meL.Me_dL.F.L.P.Y,CC(C)C[C@@H]1NC(=O)[C@H](Cc2ccccc2)NC(=O)[C@@H](CC(C)C)N(C)C(=O)[C@H](CC(C)C)N(C)C(=O)[C@H](Cc2ccc(O)cc2)NC(=O)[C@@H]2CCCN2C1=O,3620.0,298.15,107.5352,74.6321,32.9031,8.0878,32.9031,100.1854,0.032505,168.45999999999998,0.65,32.068,3620.0,
dA.L.bHph.dP.L.F,CC(C)C[C@@H]1NC(=O)[C@H]2CCCN2C(=O)C[C@H](Cc2ccccc2)NC(=O)[C@H](CC(C)C)NC(=O)[C@@H](C)NC(=O)[C@H](Cc2ccccc2)NC1=O,839.0,298.15,111.1793,34.6272,76.5521,17.7664,76.5521,44.498,0.083812,165.81,0.257,79.591,839.0,
meA.Bn_Gly.L.P.L.F,CC(C)C[C@@H]1NC(=O)[C@@H]2CCCN2C(=O)[C@H](CC(C)C)NC(=O)CN(Cc2ccccc2)C(=O)[C@H](C)N(C)C(=O)[C@H](Cc2ccccc2)NC1=O,2224.0,298.15,108.1701,48.8109,59.3592,16.6698,59.3592,64.3353,0.06517,148.23,0.681,14.542,2224.0,
P.meA.meL.meL.dP.dL.F,CC(C)C[C@H]1NC(=O)[C@H]2CCCN2C(=O)[C@H](CC(C)C)N(C)C(=O)[C@H](CC(C)C)N(C)C(=O)[C@H](C)N(C)C(=O)[C@@H]2CCCN2C(=O)[C@H](Cc2ccccc2)NC1=O,1807.0,298.15,101.9754,50.8392,51.1362,9.0423,51.1362,73.3669,0.053357,159.75,0.206,72.979,1807.0,
P.bHph.dL.Me_dL.P.dL.F,CC(C)C[C@@H]1C(=O)N2CCC[C@H]2C(=O)N[C@H](CC(C)C)C(=O)N[C@@H](Cc2ccccc2)C(=O)N2CCC[C@H]2C(=O)N[C@@H](Cc2ccccc2)CC(=O)N[C@H](CC(C)C)C(=O)N1C,3507.0,298.15,101.6093,37.0268,64.5825,14.2606,64.5825,46.9659,0.062588,177.33,0.555,40.23,3507.0,
dP.bHph.Me_dL.dL.dP.L.F,CC(C)C[C@@H]1NC(=O)[C@H]2CCCN2C(=O)[C@@H](CC(C)C)NC(=O)[C@@H](CC(C)C)N(C)C(=O)C[C@H](Cc2ccccc2)NC(=O)[C@H]2CCCN2C(=O)[C@H](Cc2ccccc2)NC1=O,2566.0,298.15,110.034,48.7568,61.2772,9.1216,61.2772,63.5715,0.059491,177.32999999999998,0.21,61.698,2566.0,
Aib.F.meF.F.L.P.meL,CC(C)C[C@@H]1NC(=O)[C@H](Cc2ccccc2)NC(=O)[C@H](Cc2ccccc2)N(C)C(=O)[C@H](Cc2ccccc2)NC(=O)C(C)(C)NC(=O)[C@H](CC(C)C)N(C)C(=O)[C@@H]2CCCN2C1=O,580.0,298.15,77.3277,46.8744,30.4533,5.1671,30.4533,61.1442,0.029247,177.33,0.099,84.021,580.0,
P.A.L.meL.dP.L.F,CC(C)C[C@@H]1NC(=O)[C@H]2CCCN2C(=O)[C@H](CC(C)C)N(C)C(=O)[C@H](CC(C)C)NC(=O)[C@H](C)NC(=O)[C@@H]2CCCN2C(=O)[C@H](Cc2ccccc2)NC1=O,2009.0,298.15,110.674,63.4955,47.1785,7.7108,47.1785,76.2268,0.050605,177.32999999999998,0.177,82.801,2009.0,
meA.L.L.dP.Me_dL.F,CC(C)C[C@@H]1NC(=O)[C@H](C)N(C)C(=O)[C@H](Cc2ccccc2)NC(=O)[C@@H](CC(C)C)N(C)C(=O)[C@H]2CCCN2C(=O)[C@H](CC(C)C)NC1=O,2206.0,298.15,71.9713,42.4034,29.5679,7.606,29.5679,57.2755,0.032497,148.23,0.561,31.747,2206.0,
dP.bHph.Bn_Gly.bHph.dP.Me_dL.F,CC(C)C[C@@H]1C(=O)N[C@@H](Cc2ccccc2)C(=O)N2CCC[C@@H]2C(=O)N[C@@H](Cc2ccccc2)CC(=O)N(Cc2ccccc2)CC(=O)N[C@@H](Cc2ccccc2)CC(=O)N2CCC[C@@H]2C(=O)N1C,2268.0,298.15,89.6936,37.5241,52.1695,12.7842,52.1695,46.5224,0.048297,168.54000000000002,0.788,30.55,2268.0,
F.Mono38.Me_dL.Nle.dP.Et_Gly,CCCC[C@@H]1NC(=O)[C@@H](CC(C)C)N(C)C(=O)CN(CC2CCOCC2)C(=O)[C@H](Cc2ccccc2)NC(=O)CN(CC)C(=O)[C@H]2CCCN2C1=O,4307.0,298.15,96.6182,68.9083,27.7099,6.0153,27.7099,90.6764,0.029392,148.67000000000002,0.704,17.395,4307.0,
dP.A.dL.Bn_Gly.P.Me_dL.F,CC(C)C[C@@H]1C(=O)N[C@@H](Cc2ccccc2)C(=O)N2CCC[C@@H]2C(=O)N[C@@H](C)C(=O)N[C@H](CC(C)C)C(=O)N(Cc2ccccc2)CC(=O)N2CCC[C@H]2C(=O)N1C,1597.0,298.15,102.5676,45.8107,56.7569,16.4107,56.7569,57.7492,0.057696,168.54000000000002,0.458,44.582,1597.0,
dP.Me_dA.meL.L.dP.Bn_Gly.F,CC(C)C[C@@H]1NC(=O)[C@H](CC(C)C)N(C)C(=O)[C@@H](C)N(C)C(=O)[C@H]2CCCN2C(=O)[C@H](Cc2ccccc2)NC(=O)CN(Cc2ccccc2)C(=O)[C@H]2CCCN2C1=O,1732.0,298.15,78.8803,48.5744,30.3059,5.5569,30.3059,61.5971,0.030645,159.75,0.615,21.958,1732.0,
Sar.meT.F.L.Y.T,CC(C)C[C@@H]1NC(=O)[C@H](Cc2ccccc2)NC(=O)[C@H]([C@@H](C)O)N(C)C(=O)CN(C)C(=O)[C@H]([C@@H](C)O)NC(=O)[C@H](Cc2ccc(O)cc2)NC1=O,1355.0,298.15,173.2408,95.1645,78.0763,17.4228,78.0763,122.9372,0.088441,217.70999999999998,0.451,15.059,1355.0,
P.bHph.meL.Bn_Gly.P.Me_dL.F,CC(C)C[C@@H]1C(=O)N[C@@H](Cc2ccccc2)C(=O)N2CCC[C@H]2C(=O)N[C@@H](Cc2ccccc2)CC(=O)N(C)[C@@H](CC(C)C)C(=O)N(Cc2ccccc2)CC(=O)N2CCC[C@H]2C(=O)N1C,3090.0,298.15,89.9127,43.7983,46.1144,7.9449,46.1144,66.4119,0.041826,159.75000000000003,0.544,17.92,3090.0,
dP.bHph.L.Me_dL.P.Bn_Gly.F,CC(C)C[C@@H]1NC(=O)C[C@H](Cc2ccccc2)NC(=O)[C@H]2CCCN2C(=O)[C@H](Cc2ccccc2)NC(=O)CN(Cc2ccccc2)C(=O)[C@@H]2CCCN2C(=O)[C@@H](CC(C)C)N(C)C1=O,3610.0,298.15,91.2508,33.2908,57.96,12.5914,57.96,52.6349,0.053011,168.54000000000002,0.484,27.048,3610.0,
dP.dA.meL.dL.dP.meL.F,CC(C)C[C@H]1NC(=O)[C@H](CC(C)C)N(C)C(=O)[C@@H](C)NC(=O)[C@H]2CCCN2C(=O)[C@H](Cc2ccccc2)NC(=O)[C@H](CC(C)C)N(C)C(=O)[C@H]2CCCN2C1=O,1357.0,298.15,81.5412,52.3381,29.2031,6.3993,29.2031,69.1554,0.028718,168.54,0.318,68.376,1357.0,
meA.L.dL.P.meL.F,CC(C)C[C@@H]1NC(=O)[C@H](C)N(C)C(=O)[C@H](Cc2ccccc2)NC(=O)[C@H](CC(C)C)N(C)C(=O)[C@@H]2CCCN2C(=O)[C@@H](CC(C)C)NC1=O,1759.0,298.15,77.6106,44.5681,33.0425,6.6597,33.0425,65.1257,0.036505,148.23,0.338,61.099,1759.0,
A.L.L.P.dL.F,CC(C)C[C@@H]1NC(=O)[C@H](C)NC(=O)[C@H](Cc2ccccc2)NC(=O)[C@@H](CC(C)C)NC(=O)[C@@H]2CCCN2C(=O)[C@H](CC(C)C)NC1=O,2535.0,298.15,113.6278,54.1514,59.4764,13.4726,59.4764,85.363,0.06503,165.81,0.136,81.662,2535.0,
Pr_Gly.dL.L.dP.Bn_Gly.F,CCCN1CC(=O)N[C@H](CC(C)C)C(=O)N[C@@H](CC(C)C)C(=O)N2CCC[C@@H]2C(=O)N(Cc2ccccc2)CC(=O)N[C@@H](Cc2ccccc2)C1=O,2479.0,298.15,87.4507,58.0252,29.4255,6.3343,29.4255,70.6687,0.031038,148.23,0.53,41.106,2479.0,
bHph.L.L.P.Bn_Gly.F,CC(C)C[C@@H]1NC(=O)C[C@H](Cc2ccccc2)NC(=O)[C@H](Cc2ccccc2)NC(=O)CN(Cc2ccccc2)C(=O)[C@@H]2CCCN2C(=O)[C@H](CC(C)C)NC1=O,1530.0,298.15,91.7699,46.7932,44.9767,10.6397,44.9767,79.5908,0.04402,157.02,0.475,54.491,1530.0,
P.dA.L.Bn_Gly.P.dL.F,CC(C)C[C@@H]1NC(=O)[C@@H](C)NC(=O)[C@@H]2CCCN2C(=O)[C@H](Cc2ccccc2)NC(=O)[C@@H](CC(C)C)NC(=O)[C@@H]2CCCN2C(=O)CN(Cc2ccccc2)C1=O,1592.0,298.15,107.3311,44.2538,63.0773,14.8536,63.0773,60.8022,0.066237,177.33,0.378,32.607,1592.0,
dP.dA.meL.meL.P.L.F,CC(C)C[C@@H]1NC(=O)[C@@H]2CCCN2C(=O)[C@H](CC(C)C)N(C)C(=O)[C@H](CC(C)C)N(C)C(=O)[C@@H](C)NC(=O)[C@H]2CCCN2C(=O)[C@H](Cc2ccccc2)NC1=O,4451.0,298.15,101.3842,61.0284,40.3558,9.1161,40.3558,85.2112,0.04108,168.54,0.649,22.15,4451.0,
dP.dL.dL.dL.L.Pye,CC(C)C[C@@H]1NC(=O)[C@@H](CC(C)C)NC(=O)[C@@H](CC(C)C)NC(=O)[C@@H](CC(C)C)NC(=O)[C@H]2CCCN2C(=O)[C@H](CCC(=O)N2CCCC2)NC1=O,3704.0,298.15,96.9042,48.4868,48.4174,14.2798,48.4174,57.756,0.050538,186.12,0.726,5.639,3704.0,
bHph.dL.L.P.meL.F,CC(C)C[C@@H]1NC(=O)[C@@H](CC(C)C)NC(=O)C[C@H](Cc2ccccc2)NC(=O)[C@H](Cc2ccccc2)NC(=O)[C@H](CC(C)C)N(C)C(=O)[C@@H]2CCCN2C1=O,4680.0,298.15,95.101,49.1852,45.9158,11.619,45.9158,58.7529,0.044478,157.02,0.317,56.731,4680.0,
L.Me_dL.meL.L.dP.Mono33,CC(C)C[C@@H]1NC(=O)CN(CN2CCOCC2)C(=O)[C@H]2CCCN2C(=O)[C@H](CC(C)C)NC(=O)[C@H](CC(C)C)N(C)C(=O)[C@@H](CC(C)C)N(C)C1=O,4575.0,298.15,97.3267,66.3056,31.0211,5.0686,31.0211,82.379,0.0315,151.91,0.64,34.254,4575.0,
A.G.F.L.dP.Y,CC(C)C[C@@H]1NC(=O)[C@H](Cc2ccccc2)NC(=O)CNC(=O)[C@H](C)NC(=O)[C@H](Cc2ccc(O)cc2)NC(=O)[C@H]2CCCN2C1=O,739.0,298.15,132.6496,104.968,27.6816,5.4519,27.6816,123.7774,0.032513,186.04,0.535,17.678,739.0,
dP.Pr_Gly.meL.bHph.P.Me_dL.F,CCCN1CC(=O)N(C)[C@@H](CC(C)C)C(=O)N[C@@H](Cc2ccccc2)CC(=O)N2CCC[C@H]2C(=O)N(C)[C@H](CC(C)C)C(=O)N[C@@H](Cc2ccccc2)C(=O)N2CCC[C@@H]2C1=O,3325.0,298.15,90.7814,37.6718,53.1096,11.2926,53.1096,42.2608,0.052934,159.75,0.388,53.518,3325.0,
dP.dA.dL.dL.P.dL.F,CC(C)C[C@H]1NC(=O)[C@@H](C)NC(=O)[C@H]2CCCN2C(=O)[C@H](Cc2ccccc2)NC(=O)[C@@H](CC(C)C)NC(=O)[C@@H]2CCCN2C(=O)[C@@H](CC(C)C)NC1=O,2638.0,298.15,97.5388,43.1923,54.3465,12.7523,54.3465,59.5063,0.055756,186.12,0.195,81.623,2638.0,
meV.d(N->O)aIle.meV.d(N->O)aIle.meV.d(N->O)Val,CC[C@H](C)[C@H]1OC(=O)[C@H](C(C)C)N(C)C(=O)[C@@H](C(C)C)OC(=O)[C@H](C(C)C)N(C)C(=O)[C@@H]([C@@H](C)CC)OC(=O)[C@H](C(C)C)N(C)C1=O,1599.0,298.15,61.6502,27.1778,34.4724,7.14,34.4724,57.3837,0.03922,139.83,0.414,40.85,1599.0,
meA.meL.Me_dL.dP.Me_dL.F,CC(C)C[C@@H]1C(=O)N[C@@H](Cc2ccccc2)C(=O)N(C)[C@@H](C)C(=O)N(C)[C@@H](CC(C)C)C(=O)N(C)[C@H](CC(C)C)C(=O)N2CCC[C@@H]2C(=O)N1C,2377.0,298.15,70.1319,34.8372,35.2947,7.7217,35.2947,53.8536,0.037147,130.65,0.634,10.612,2377.0,
P.Pr_Gly.Me_dL.Bn_Gly.P.Me_dL.F,CCCN1CC(=O)N(C)[C@H](CC(C)C)C(=O)N(Cc2ccccc2)CC(=O)N2CCC[C@H]2C(=O)N(C)[C@H](CC(C)C)C(=O)N[C@@H](Cc2ccccc2)C(=O)N2CCC[C@H]2C1=O,3785.0,298.15,72.395,49.8487,22.5463,5.0485,22.5463,59.129,0.021706,150.96,0.462,43.707,3785.0,
P.bHph.dL.L.dP.Me_dL.F,CC(C)C[C@@H]1NC(=O)[C@@H](CC(C)C)NC(=O)C[C@H](Cc2ccccc2)NC(=O)[C@@H]2CCCN2C(=O)[C@H](Cc2ccccc2)NC(=O)[C@@H](CC(C)C)N(C)C(=O)[C@H]2CCCN2C1=O,3346.0,298.15,96.1109,28.1554,67.9555,14.1498,67.9555,66.5917,0.066614,177.33,0.369,53.657,3346.0,
dP.dL.L.L.L.Y,CC(C)C[C@@H]1NC(=O)[C@H](CC(C)C)NC(=O)[C@@H](CC(C)C)NC(=O)[C@H]2CCCN2C(=O)[C@H](Cc2ccc(O)cc2)NC(=O)[C@H](CC(C)C)NC1=O,3090.0,298.15,113.0516,73.8384,39.2132,6.0095,39.2132,98.0054,0.041397,186.04,0.299,40.004,3090.0,
P.A.L.Me_dL.P.meL.F,CC(C)C[C@@H]1NC(=O)[C@H](C)NC(=O)[C@@H]2CCCN2C(=O)[C@H](Cc2ccccc2)NC(=O)[C@H](CC(C)C)N(C)C(=O)[C@@H]2CCCN2C(=O)[C@@H](CC(C)C)N(C)C1=O,3383.0,298.15,80.0185,46.501,33.5175,7.4897,33.5175,60.9274,0.033653,168.54000000000002,0.955,14.018,3383.0,
P.A.meL.bHph.P.dL.F,CC(C)C[C@H]1NC(=O)[C@@H]2CCCN2C(=O)C[C@H](Cc2ccccc2)NC(=O)[C@H](CC(C)C)N(C)C(=O)[C@H](C)NC(=O)[C@@H]2CCCN2C(=O)[C@H](Cc2ccccc2)NC1=O,1709.0,298.15,100.4294,43.0324,57.397,12.6104,57.397,74.4337,0.056322,177.32999999999998,0.343,64.92,1709.0,
dA.dL.L.dP.Me_dL.F,CC(C)C[C@@H]1NC(=O)[C@@H](CC(C)C)NC(=O)[C@@H](C)NC(=O)[C@H](Cc2ccccc2)NC(=O)[C@@H](CC(C)C)N(C)C(=O)[C@H]2CCCN2C1=O,1639.0,298.15,105.3561,35.8598,69.4963,9.259,69.4963,67.4043,0.077422,157.02,0.263,47.7,1639.0,
dF.cHexCH2_Gly.Me_dL.Nle.P.Mono34,CCCC[C@@H]1NC(=O)[C@@H](CC(C)C)N(C)C(=O)CN(CC2CCCCC2)C(=O)[C@@H](Cc2ccccc2)NC(=O)CN(CCCOC(C)C)C(=O)[C@@H]2CCCN2C1=O,4941.0,298.15,83.2514,35.9428,47.3086,11.4277,47.3086,39.6656,0.047246,148.67,0.177,76.166,4941.0,
dP.A.Me_dL.dL.dP.meL.F,CC(C)C[C@@H]1C(=O)N[C@H](CC(C)C)C(=O)N2CCC[C@@H]2C(=O)N(C)[C@@H](CC(C)C)C(=O)N[C@@H](Cc2ccccc2)C(=O)N2CCC[C@@H]2C(=O)N[C@@H](C)C(=O)N1C,2078.0,298.15,87.4589,54.3224,33.1365,5.3942,33.1365,70.6815,0.033574,168.54,0.376,58.152,2078.0,
meA.Me_dL.Me_dL.P.dL.F,CC(C)C[C@@H]1C(=O)N2CCC[C@H]2C(=O)N[C@H](CC(C)C)C(=O)N[C@@H](Cc2ccccc2)C(=O)N(C)[C@@H](C)C(=O)N(C)[C@H](CC(C)C)C(=O)N1C,1619.0,298.15,74.0351,29.4848,44.5503,8.7148,44.5503,52.6948,0.048892,139.44000000000003,0.642,32.274,1619.0,
P.A.Me_dL.bHph.P.Bn_Gly.F,CC(C)C[C@@H]1C(=O)N[C@@H](Cc2ccccc2)CC(=O)N2CCC[C@H]2C(=O)N(Cc2ccccc2)CC(=O)N[C@@H](Cc2ccccc2)C(=O)N2CCC[C@H]2C(=O)N[C@@H](C)C(=O)N1C,1298.0,298.15,102.898,68.2959,34.6021,10.1522,34.6021,73.4124,0.033715,168.54,0.713,50.942,1298.0,
A.Mono41.meL.Nle.dP.Bn(4-Cl)_Gly,CCCC[C@@H]1NC(=O)[C@H](CC(C)C)N(C)C(=O)CN(CCCN2CCCC2=O)C(=O)[C@H](C)NC(=O)CN(Cc2ccc(Cl)cc2)C(=O)[C@H]2CCCN2C1=O,5861.0,298.15,112.1043,50.866,61.2383,10.9534,61.2383,82.8582,0.060043,159.75,0.585,21.202,5861.0,
P.Pr_Gly.dL.Bn_Gly.P.Bn_Gly.F,CCCN1CC(=O)N[C@H](CC(C)C)C(=O)N(Cc2ccccc2)CC(=O)N2CCC[C@H]2C(=O)N(Cc2ccccc2)CC(=O)N[C@@H](Cc2ccccc2)C(=O)N2CCC[C@H]2C1=O,1308.0,298.15,96.5516,49.453,47.0986,7.7884,47.0986,75.2038,0.047877,159.75,0.796,32.688,1308.0,
dP.dPye.L.dL.Nal.L,CC(C)C[C@@H]1NC(=O)[C@@H](CCC(=O)N2CCCC2)NC(=O)[C@H]2CCCN2C(=O)[C@H](CC(C)C)NC(=O)[C@H](Cc2ccc3ccccc3c2)NC(=O)[C@@H](CC(C)C)NC1=O,1230.0,298.15,85.7732,51.8809,33.8923,4.981,33.8923,63.2816,0.032522,186.11999999999998,0.653,12.645,1230.0,
A.Bn_Gly.meL.Nle.dP.Bn(4-Cl)_Gly,CCCC[C@@H]1NC(=O)[C@H](CC(C)C)N(C)C(=O)CN(Cc2ccccc2)C(=O)[C@H](C)NC(=O)CN(Cc2ccc(Cl)cc2)C(=O)[C@H]2CCCN2C1=O,3237.0,298.15,93.0645,41.1896,51.8749,8.9492,51.8749,66.412,0.054159,139.44,0.681,15.608,3237.0,
bHph.dL.L.P.Me_dL.F,CC(C)C[C@@H]1NC(=O)[C@@H](CC(C)C)NC(=O)C[C@H](Cc2ccccc2)NC(=O)[C@H](Cc2ccccc2)NC(=O)[C@@H](CC(C)C)N(C)C(=O)[C@@H]2CCCN2C1=O,5281.0,298.15,86.2736,46.2206,40.053,10.0819,40.053,54.1268,0.039148,157.02,0.223,74.155,5281.0,
dA.cHexCH2_Gly.Me_dL.Nle.P.Mono34,CCCC[C@@H]1NC(=O)[C@@H](CC(C)C)N(C)C(=O)CN(CC2CCCCC2)C(=O)[C@@H](C)NC(=O)CN(CCCOC(C)C)C(=O)[C@@H]2CCCN2C1=O,3048.0,298.15,93.8193,41.8614,51.9579,9.5858,51.9579,48.451,0.052809,148.67,0.113,89.524,3048.0,
Pr_Gly.meL.L.P.L.F,CCCN1CC(=O)N(C)[C@@H](CC(C)C)C(=O)N[C@@H](CC(C)C)C(=O)N2CCC[C@H]2C(=O)N[C@@H](CC(C)C)C(=O)N[C@@H](Cc2ccccc2)C1=O,4516.0,298.15,101.3701,56.6297,44.7404,12.6207,44.7404,65.3439,0.047765,148.23,0.718,34.24,4516.0,
dP.A.L.Bn_Gly.dP.Bn_Gly.F,CC(C)C[C@@H]1NC(=O)[C@H](C)NC(=O)[C@H]2CCCN2C(=O)[C@H](Cc2ccccc2)NC(=O)CN(Cc2ccccc2)C(=O)[C@H]2CCCN2C(=O)CN(Cc2ccccc2)C1=O,575.0,298.15,78.7882,52.4253,26.3629,5.7729,26.3629,62.5765,0.026154,168.54000000000002,0.502,9.736,575.0,
dP.Pr_Gly.Me_dL.L.dP.meL.F,CCCN1CC(=O)N(C)[C@H](CC(C)C)C(=O)N[C@@H](CC(C)C)C(=O)N2CCC[C@@H]2C(=O)N(C)[C@@H](CC(C)C)C(=O)N[C@@H](Cc2ccccc2)C(=O)N2CCC[C@@H]2C1=O,4587.0,298.15,81.073,34.7095,46.3635,13.8077,46.3635,75.689,0.04552,159.75,0.637,29.149,4587.0,
dP.Pr_Gly.meL.bHph.P.dL.F,CCCN1CC(=O)N(C)[C@@H](CC(C)C)C(=O)N[C@@H](Cc2ccccc2)CC(=O)N2CCC[C@H]2C(=O)N[C@H](CC(C)C)C(=O)N[C@@H](Cc2ccccc2)C(=O)N2CCC[C@@H]2C1=O,3265.0,298.15,90.0448,39.3892,50.6556,10.8426,50.6556,54.109,0.050136,168.54,0.653,34.563,3265.0,
dP.meA.dL.Me_dL.dP.Bn_Gly.F,CC(C)C[C@@H]1C(=O)N2CCC[C@@H]2C(=O)N(Cc2ccccc2)CC(=O)N[C@@H](Cc2ccccc2)C(=O)N2CCC[C@@H]2C(=O)N(C)[C@@H](C)C(=O)N[C@H](CC(C)C)C(=O)N1C,1612.0,298.15,83.4657,46.8378,36.6279,7.0079,36.6279,59.2255,0.035829,159.75,0.31,44.292,1612.0,
dP.dA.Me_dL.L.P.meL.F,CC(C)C[C@@H]1NC(=O)[C@@H](CC(C)C)N(C)C(=O)[C@@H](C)NC(=O)[C@H]2CCCN2C(=O)[C@H](Cc2ccccc2)NC(=O)[C@H](CC(C)C)N(C)C(=O)[C@@H]2CCCN2C1=O,2179.0,298.15,84.4451,60.2392,24.2059,5.2983,24.2059,67.6752,0.024946,168.54,0.623,45.474,2179.0,
dP.A.Me_dL.meL.dP.L.F,CC(C)C[C@@H]1NC(=O)[C@H]2CCCN2C(=O)[C@H](CC(C)C)N(C)C(=O)[C@@H](CC(C)C)N(C)C(=O)[C@H](C)NC(=O)[C@H]2CCCN2C(=O)[C@H](Cc2ccccc2)NC1=O,3248.0,298.15,76.7564,42.7305,34.0259,7.0359,34.0259,53.2618,0.03385,168.54,0.424,44.76,3248.0,
P.A.dL.Bn_Gly.dP.dL.F,CC(C)C[C@H]1NC(=O)[C@H]2CCCN2C(=O)CN(Cc2ccccc2)C(=O)[C@@H](CC(C)C)NC(=O)[C@H](C)NC(=O)[C@@H]2CCCN2C(=O)[C@H](Cc2ccccc2)NC1=O,945.0,298.15,113.1411,48.7361,64.405,10.9408,64.405,85.2459,0.064745,177.32999999999998,0.401,54.236,945.0,
P.Me_dA.L.dL.P.meL.F,CC(C)C[C@@H]1NC(=O)[C@@H](C)N(C)C(=O)[C@@H]2CCCN2C(=O)[C@H](Cc2ccccc2)NC(=O)[C@H](CC(C)C)N(C)C(=O)[C@@H]2CCCN2C(=O)[C@@H](CC(C)C)NC1=O,5998.0,298.15,97.5843,67.9328,29.6515,6.4026,29.6515,83.0064,0.030031,168.54,0.921,18.954,5998.0,
P.Pr_Gly.dL.L.dP.L.F,CCCN1CC(=O)N[C@H](CC(C)C)C(=O)N[C@@H](CC(C)C)C(=O)N2CCC[C@@H]2C(=O)N[C@@H](CC(C)C)C(=O)N[C@@H](Cc2ccccc2)C(=O)N2CCC[C@H]2C1=O,3614.0,298.15,104.4011,57.5098,46.8913,7.751,46.8913,83.3595,0.045836,177.32999999999998,0.323,62.029,3614.0,
dP.dA.Me_dL.bHph.P.L.F,CC(C)C[C@@H]1NC(=O)[C@@H]2CCCN2C(=O)C[C@H](Cc2ccccc2)NC(=O)[C@@H](CC(C)C)N(C)C(=O)[C@@H](C)NC(=O)[C@H]2CCCN2C(=O)[C@H](Cc2ccccc2)NC1=O,825.0,298.15,98.9176,17.2148,81.7028,19.5597,81.7028,35.4403,0.081344,177.32999999999998,0.426,50.225,825.0,
dP.meA.meL.dL.P.meL.F,CC(C)C[C@H]1NC(=O)[C@H](CC(C)C)N(C)C(=O)[C@H](C)N(C)C(=O)[C@H]2CCCN2C(=O)[C@H](Cc2ccccc2)NC(=O)[C@H](CC(C)C)N(C)C(=O)[C@@H]2CCCN2C1=O,5085.0,298.15,92.2341,42.9031,49.331,7.7273,49.331,68.1591,0.049799,159.75,0.75,21.683,5085.0,
P.bHph.dL.meL.dP.meL.F,CC(C)C[C@H]1NC(=O)C[C@H](Cc2ccccc2)NC(=O)[C@@H]2CCCN2C(=O)[C@H](Cc2ccccc2)NC(=O)[C@H](CC(C)C)N(C)C(=O)[C@H]2CCCN2C(=O)[C@H](CC(C)C)N(C)C1=O,3138.0,298.15,99.6432,44.6978,54.9454,13.4087,54.9454,62.1472,0.051981,168.54000000000002,0.218,77.125,3138.0,
dA.Mono38.L.Nle.dP.Mono1,CCCC[C@@H]1NC(=O)[C@H](CC(C)C)NC(=O)CN(CC2CCOCC2)C(=O)[C@@H](C)NC(=O)CN(Cc2ccc3c(c2)OCO3)C(=O)[C@H]2CCCN2C1=O,1689.0,298.15,156.694,97.8235,58.8705,18.8777,58.8705,104.6451,0.065603,175.92,0.593,2.288,1689.0,
P.bHph.Me_dL.bHph.P.L.F,CC(C)C[C@@H]1NC(=O)[C@@H]2CCCN2C(=O)C[C@H](Cc2ccccc2)NC(=O)[C@@H](CC(C)C)N(C)C(=O)C[C@H](Cc2ccccc2)NC(=O)[C@@H]2CCCN2C(=O)[C@H](Cc2ccccc2)NC1=O,3690.0,298.15,111.8129,52.7707,59.0422,11.5841,59.0422,89.0536,0.052364,177.32999999999998,0.435,56.155,3690.0,
dP.Pr_Gly.Bn_Gly.Bn_Gly.P.L.F,CCCN1CC(=O)N(Cc2ccccc2)CC(=O)N(Cc2ccccc2)CC(=O)N2CCC[C@H]2C(=O)N[C@@H](CC(C)C)C(=O)N[C@@H](Cc2ccccc2)C(=O)N2CCC[C@@H]2C1=O,4151.0,298.15,96.3249,56.2866,40.0383,7.5236,40.0383,87.1374,0.038132,159.75,0.691,13.875,4151.0,
A.dL.meL.P.Me_dL.F,CC(C)C[C@@H]1C(=O)N[C@@H](Cc2ccccc2)C(=O)N[C@@H](C)C(=O)N[C@H](CC(C)C)C(=O)N(C)[C@@H](CC(C)C)C(=O)N2CCC[C@H]2C(=O)N1C,2844.0,298.15,79.9123,52.1737,27.7386,5.4923,27.7386,68.7152,0.02948,148.23000000000002,0.568,32.341,2844.0,
dP.meA.Bn_Gly.Bn_Gly.P.meL.F,CC(C)C[C@H]1C(=O)N[C@@H](Cc2ccccc2)C(=O)N2CCC[C@@H]2C(=O)N(C)[C@@H](C)C(=O)N(Cc2ccccc2)CC(=O)N(Cc2ccccc2)CC(=O)N2CCC[C@H]2C(=O)N1C,754.0,298.15,77.1717,41.8257,35.346,7.7516,35.346,55.949,0.035105,150.96,0.436,33.333,754.0,
dP.meA.L.dL.P.Bn_Gly.F,CC(C)C[C@@H]1NC(=O)[C@H](C)N(C)C(=O)[C@H]2CCCN2C(=O)[C@H](Cc2ccccc2)NC(=O)CN(Cc2ccccc2)C(=O)[C@@H]2CCCN2C(=O)[C@@H](CC(C)C)NC1=O,1593.0,298.15,104.6565,48.0632,56.5933,11.9011,56.5933,80.6027,0.05728,168.54,0.167,56.489,1593.0,
dP.meA.Me_dL.meL.P.Bn_Gly.F,CC(C)C[C@@H]1C(=O)N(C)[C@@H](CC(C)C)C(=O)N2CCC[C@H]2C(=O)N(Cc2ccccc2)CC(=O)N[C@@H](Cc2ccccc2)C(=O)N2CCC[C@@H]2C(=O)N(C)[C@@H](C)C(=O)N1C,2160.0,298.15,79.6931,50.1713,29.5218,5.6561,29.5218,69.5001,0.028963,150.96,0.495,52.726,2160.0,
dP.A.L.dL.P.L.F,CC(C)C[C@@H]1NC(=O)[C@H](C)NC(=O)[C@H]2CCCN2C(=O)[C@H](Cc2ccccc2)NC(=O)[C@H](CC(C)C)NC(=O)[C@@H]2CCCN2C(=O)[C@@H](CC(C)C)NC1=O,4161.0,298.15,107.4716,52.9465,54.5251,14.0227,54.5251,65.2889,0.058487,186.12,0.232,73.556,4161.0,
dP.A.Bn_Gly.meL.P.Bn_Gly.F,CC(C)C[C@H]1C(=O)N2CCC[C@H]2C(=O)N(Cc2ccccc2)CC(=O)N[C@@H](Cc2ccccc2)C(=O)N2CCC[C@@H]2C(=O)N[C@@H](C)C(=O)N(Cc2ccccc2)CC(=O)N1C,337.0,298.15,77.4156,55.1085,22.3071,5.1761,22.3071,65.1614,0.021085,159.75,0.749,35.343,337.0,
meA.meL.L.P.dL.F,CC(C)C[C@@H]1NC(=O)[C@H](CC(C)C)N(C)C(=O)[C@H](C)N(C)C(=O)[C@H](Cc2ccccc2)NC(=O)[C@@H](CC(C)C)NC(=O)[C@@H]2CCCN2C1=O,3759.0,298.15,86.7231,32.4526,54.2705,10.3511,54.2705,51.1375,0.058656,148.23,0.728,6.406,3759.0,
dP.dA.Me_dL.L.dP.L.F,CC(C)C[C@@H]1NC(=O)[C@H]2CCCN2C(=O)[C@H](CC(C)C)NC(=O)[C@@H](CC(C)C)N(C)C(=O)[C@@H](C)NC(=O)[C@H]2CCCN2C(=O)[C@H](Cc2ccccc2)NC1=O,3240.0,298.15,105.4193,34.9419,70.4774,14.9154,70.4774,52.8538,0.076275,177.32999999999998,0.216,76.358,3240.0,
dP.dA.dL.Me_dL.dP.Me_dL.F,CC(C)C[C@@H]1C(=O)N[C@@H](Cc2ccccc2)C(=O)N2CCC[C@@H]2C(=O)N[C@H](C)C(=O)N[C@H](CC(C)C)C(=O)N(C)[C@H](CC(C)C)C(=O)N2CCC[C@@H]2C(=O)N1C,3963.0,298.15,101.3861,52.3733,49.0128,7.6541,49.0128,73.0257,0.049234,168.54000000000002,1.049,11.191,3963.0,
Nal.Bn_Gly.meL.Nle.dP.iBu_Gly,CCCC[C@@H]1NC(=O)[C@H](CC(C)C)N(C)C(=O)CN(Cc2ccccc2)C(=O)[C@H](Cc2ccc3ccccc3c2)NC(=O)CN(CC(C)C)C(=O)[C@H]2CCCN2C1=O,5018.0,298.15,68.9743,43.2916,25.6827,5.6606,25.6827,62.2731,0.025235,139.44,0.565,37.431,5018.0,
P.A.Me_dL.dL.dP.L.F,CC(C)C[C@@H]1NC(=O)[C@H]2CCCN2C(=O)[C@@H](CC(C)C)NC(=O)[C@@H](CC(C)C)N(C)C(=O)[C@H](C)NC(=O)[C@@H]2CCCN2C(=O)[C@H](Cc2ccccc2)NC1=O,1126.0,298.15,90.181,69.6728,20.5082,3.627,20.5082,79.9945,0.020851,177.32999999999998,0.665,45.353,1126.0,
dP.meA.dL.dL.P.Bn_Gly.F,CC(C)C[C@H]1NC(=O)[C@H](C)N(C)C(=O)[C@H]2CCCN2C(=O)[C@H](Cc2ccccc2)NC(=O)CN(Cc2ccccc2)C(=O)[C@@H]2CCCN2C(=O)[C@@H](CC(C)C)NC1=O,1168.0,298.15,91.4402,48.7756,42.6646,11.1899,42.6646,70.2724,0.042528,168.54,0.231,73.955,1168.0,
P.bHph.Me_dL.L.dP.Me_dL.F,CC(C)C[C@@H]1NC(=O)[C@@H](CC(C)C)N(C)C(=O)C[C@H](Cc2ccccc2)NC(=O)[C@@H]2CCCN2C(=O)[C@H](Cc2ccccc2)NC(=O)[C@@H](CC(C)C)N(C)C(=O)[C@H]2CCCN2C1=O,4575.0,298.15,101.3706,31.5723,69.7983,14.3805,69.7983,45.7683,0.062171,168.54,0.431,57.255,4575.0,
P.Me_dA.dL.Bn_Gly.dP.Me_dL.F,CC(C)C[C@@H]1C(=O)N[C@@H](Cc2ccccc2)C(=O)N2CCC[C@H]2C(=O)N(C)[C@H](C)C(=O)N[C@H](CC(C)C)C(=O)N(Cc2ccccc2)CC(=O)N2CCC[C@@H]2C(=O)N1C,1279.0,298.15,86.6554,41.8002,44.8552,10.083,44.8552,58.572,0.046573,159.75,0.554,21.812,1279.0,
Me_dA.dL.Bn_Gly.dP.Me_dL.F,CC(C)C[C@@H]1C(=O)N[C@@H](Cc2ccccc2)C(=O)N(C)[C@H](C)C(=O)N[C@H](CC(C)C)C(=O)N(Cc2ccccc2)CC(=O)N2CCC[C@@H]2C(=O)N1C,2867.0,298.15,100.2718,29.7643,70.5075,9.7433,70.5075,70.8901,0.076006,139.44000000000003,0.515,25.433,2867.0,
Pr_Gly.meL.L.dP.meL.F,CCCN1CC(=O)N(C)[C@@H](CC(C)C)C(=O)N[C@@H](CC(C)C)C(=O)N2CCC[C@@H]2C(=O)N(C)[C@@H](CC(C)C)C(=O)N[C@@H](Cc2ccccc2)C1=O,4814.0,298.15,75.9336,32.2383,43.6953,8.0624,43.6953,51.238,0.045518,139.44,0.683,16.02,4814.0,
P.A.dL.dL.dP.Me_dL.F,CC(C)C[C@@H]1C(=O)N[C@@H](Cc2ccccc2)C(=O)N2CCC[C@H]2C(=O)N[C@@H](C)C(=O)N[C@H](CC(C)C)C(=O)N[C@H](CC(C)C)C(=O)N2CCC[C@@H]2C(=O)N1C,1340.0,298.15,93.67,57.0666,36.6034,6.7138,36.6034,72.7071,0.037212,177.33,0.571,42.851,1340.0,
bHph.L.Me_dL.P.Bn_Gly.F,CC(C)C[C@@H]1NC(=O)C[C@H](Cc2ccccc2)NC(=O)[C@H](Cc2ccccc2)NC(=O)CN(Cc2ccccc2)C(=O)[C@@H]2CCCN2C(=O)[C@@H](CC(C)C)N(C)C1=O,412.0,298.15,67.932,45.2204,22.7116,4.9001,22.7116,56.375,0.022984,148.23000000000002,0.331,71.893,412.0,
A.Me_dL.meL.P.Bn_Gly.F,CC(C)C[C@@H]1C(=O)N(C)[C@@H](CC(C)C)C(=O)N2CCC[C@H]2C(=O)N(Cc2ccccc2)CC(=O)N[C@@H](Cc2ccccc2)C(=O)N[C@@H](C)C(=O)N1C,429.0,298.15,80.7766,62.64,18.1366,4.2166,18.1366,70.504,0.020154,139.44,0.43,48.081,429.0,
dP.Pr_Gly.Bn_Gly.L.P.Me_dL.F,CCCN1CC(=O)N(Cc2ccccc2)CC(=O)N[C@@H](CC(C)C)C(=O)N2CCC[C@H]2C(=O)N(C)[C@H](CC(C)C)C(=O)N[C@@H](Cc2ccccc2)C(=O)N2CCC[C@@H]2C1=O,1382.0,298.15,84.5288,54.8119,29.7169,7.4482,29.7169,65.0303,0.028551,159.75,0.238,71.298,1382.0,
dP.dA.Me_dL.Me_dL.dP.Bn_Gly.F,CC(C)C[C@@H]1C(=O)N2CCC[C@@H]2C(=O)N(Cc2ccccc2)CC(=O)N[C@@H](Cc2ccccc2)C(=O)N2CCC[C@@H]2C(=O)N[C@H](C)C(=O)N(C)[C@H](CC(C)C)C(=O)N1C,1199.0,298.15,80.5847,53.2499,27.3348,5.6491,27.3348,68.6263,0.02711,159.75,0.617,22.885,1199.0,
dP.dA.dL.L.dP.L.F,CC(C)C[C@@H]1NC(=O)[C@H]2CCCN2C(=O)[C@H](CC(C)C)NC(=O)[C@@H](CC(C)C)NC(=O)[C@@H](C)NC(=O)[C@H]2CCCN2C(=O)[C@H](Cc2ccccc2)NC1=O,1803.0,298.15,95.6669,50.5682,45.0987,8.7026,45.0987,75.9668,0.048475,186.12,0.216,68.648,1803.0,
meA.dL.bHph.dP.Bn_Gly.F,CC(C)C[C@H]1NC(=O)[C@H](C)N(C)C(=O)[C@H](Cc2ccccc2)NC(=O)CN(Cc2ccccc2)C(=O)[C@H]2CCCN2C(=O)C[C@H](Cc2ccccc2)NC1=O,167.0,298.15,81.0828,33.3586,47.7242,9.9902,47.7242,56.353,0.049357,148.23,0.527,57.78,167.0,
dP.bHph.Me_dL.bHph.dP.Me_dL.F,CC(C)C[C@@H]1C(=O)N[C@@H](Cc2ccccc2)CC(=O)N2CCC[C@@H]2C(=O)N(C)[C@H](CC(C)C)C(=O)N[C@@H](Cc2ccccc2)C(=O)N2CCC[C@@H]2C(=O)N[C@@H](Cc2ccccc2)CC(=O)N1C,3149.0,298.15,85.942,34.6217,51.3203,9.5459,51.3203,54.3081,0.048584,168.54,0.243,82.068,3149.0,
dP.bHph.dL.Me_dL.P.L.F,CC(C)C[C@@H]1NC(=O)[C@@H]2CCCN2C(=O)[C@@H](CC(C)C)N(C)C(=O)[C@@H](CC(C)C)NC(=O)C[C@H](Cc2ccccc2)NC(=O)[C@H]2CCCN2C(=O)[C@H](Cc2ccccc2)NC1=O,4015.0,298.15,96.5111,40.996,55.5151,15.301,55.5151,55.5637,0.053202,177.32999999999998,0.219,50.467,4015.0,
A.3-pyridylethyl_Gly.meL.Nle.dP.Mono42,CCCC[C@@H]1NC(=O)[C@H](CC(C)C)N(C)C(=O)CN(CCc2cccnc2)C(=O)[C@H](C)NC(=O)CN(CCN2CCOCC2)C(=O)[C@H]2CCCN2C1=O,3677.0,298.15,117.9345,71.7474,46.1871,7.2178,46.1871,100.6054,0.047794,164.8,0.39,40.823,3677.0,
L.dAbu.A.L.dP.F,CC[C@H]1NC(=O)[C@H](CC(C)C)NC(=O)[C@H](Cc2ccccc2)NC(=O)[C@H]2CCCN2C(=O)[C@H](CC(C)C)NC(=O)[C@H](C)NC1=O,1775.0,298.15,98.4983,50.0162,48.4821,9.9547,48.4821,77.8873,0.055957,165.81,0.529,48.509,1775.0,
dP.meA.Bn_Gly.bHph.dP.Me_dL.F,CC(C)C[C@@H]1C(=O)N[C@@H](Cc2ccccc2)C(=O)N2CCC[C@@H]2C(=O)N(C)[C@@H](C)C(=O)N(Cc2ccccc2)CC(=O)N[C@@H](Cc2ccccc2)CC(=O)N2CCC[C@@H]2C(=O)N1C,2108.0,298.15,79.3208,49.1221,30.1987,6.4072,30.1987,71.5895,0.031101,159.75,0.523,20.953,2108.0,
dP.dA.L.dL.P.Bn_Gly.F,CC(C)C[C@@H]1NC(=O)[C@@H](C)NC(=O)[C@H]2CCCN2C(=O)[C@H](Cc2ccccc2)NC(=O)CN(Cc2ccccc2)C(=O)[C@@H]2CCCN2C(=O)[C@@H](CC(C)C)NC1=O,866.0,298.15,104.927,56.0846,48.8424,9.0538,48.8424,79.5265,0.04902,177.33,0.158,59.676,866.0,
dP.A.Me_dL.Bn_Gly.P.meL.F,CC(C)C[C@@H]1C(=O)N(Cc2ccccc2)CC(=O)N2CCC[C@H]2C(=O)N(C)[C@@H](CC(C)C)C(=O)N[C@@H](Cc2ccccc2)C(=O)N2CCC[C@@H]2C(=O)N[C@@H](C)C(=O)N1C,2186.0,298.15,96.5352,49.9563,46.5789,8.315,46.5789,73.8784,0.046162,159.75,0.618,42.103,2186.0,
P.Me_dA.L.Me_dL.P.L.F,CC(C)C[C@@H]1NC(=O)[C@@H]2CCCN2C(=O)[C@@H](CC(C)C)N(C)C(=O)[C@H](CC(C)C)NC(=O)[C@@H](C)N(C)C(=O)[C@@H]2CCCN2C(=O)[C@H](Cc2ccccc2)NC1=O,2841.0,298.15,95.1567,42.1038,53.0529,14.37,53.0529,57.4093,0.05392,168.54,0.262,73.685,2841.0,
Me_dA.dL.dL.P.Me_dL.F,CC(C)C[C@@H]1C(=O)N[C@@H](Cc2ccccc2)C(=O)N(C)[C@H](C)C(=O)N[C@H](CC(C)C)C(=O)N[C@H](CC(C)C)C(=O)N2CCC[C@H]2C(=O)N1C,6064.0,298.15,93.2746,39.7944,53.4802,8.5136,53.4802,68.6316,0.05994,148.23000000000002,0.964,13.728,6064.0,
P.dA.dL.dL.P.L.F,CC(C)C[C@@H]1NC(=O)[C@@H]2CCCN2C(=O)[C@@H](CC(C)C)NC(=O)[C@@H](CC(C)C)NC(=O)[C@@H](C)NC(=O)[C@@H]2CCCN2C(=O)[C@H](Cc2ccccc2)NC1=O,2314.0,298.15,86.9217,38.8704,48.0513,11.0525,48.0513,60.8912,0.049717,186.12,0.151,77.939,2314.0,
F.PhPr_Gly.meL.Nle.dP.Mono45,CCCC[C@@H]1NC(=O)[C@H](CC(C)C)N(C)C(=O)CN(CCCc2ccccc2)C(=O)[C@H](Cc2ccccc2)NC(=O)CN(Cc2ccccc2Cn2cccn2)C(=O)[C@H]2CCCN2C1=O,8705.0,298.15,88.3199,28.9425,59.3774,13.5418,59.3774,43.9426,0.054115,157.26,0.757,24.045,8705.0,
dP.meA.L.Me_dL.P.meL.F,CC(C)C[C@@H]1NC(=O)[C@H](C)N(C)C(=O)[C@H]2CCCN2C(=O)[C@H](Cc2ccccc2)NC(=O)[C@H](CC(C)C)N(C)C(=O)[C@@H]2CCCN2C(=O)[C@@H](CC(C)C)N(C)C1=O,4167.0,298.15,90.1908,37.0584,53.1324,7.5129,53.1324,58.5242,0.053026,159.75,0.26,72.389,4167.0,
dP.Pr_Gly.Bn_Gly.L.dP.Bn_Gly.F,CCCN1CC(=O)N(Cc2ccccc2)CC(=O)N[C@@H](CC(C)C)C(=O)N2CCC[C@@H]2C(=O)N(Cc2ccccc2)CC(=O)N[C@@H](Cc2ccccc2)C(=O)N2CCC[C@@H]2C1=O,1759.0,298.15,105.2008,63.8206,41.3802,8.5484,41.3802,72.5344,0.039921,159.75,0.573,26.679,1759.0,
Nal.Bn_Gly.meL.Nle.dP.Mono45,CCCC[C@@H]1NC(=O)[C@H](CC(C)C)N(C)C(=O)CN(Cc2ccccc2)C(=O)[C@H](Cc2ccc3ccccc3c2)NC(=O)CN(Cc2ccccc2Cn2cccn2)C(=O)[C@H]2CCCN2C1=O,4647.0,298.15,82.8254,43.9054,38.92,9.8382,38.92,50.3526,0.036498,157.26,0.661,23.402,4647.0,
dP.Pr_Gly.meL.L.dP.meL.F,CCCN1CC(=O)N(C)[C@@H](CC(C)C)C(=O)N[C@@H](CC(C)C)C(=O)N2CCC[C@@H]2C(=O)N(C)[C@@H](CC(C)C)C(=O)N[C@@H](Cc2ccccc2)C(=O)N2CCC[C@@H]2C1=O,4386.0,298.15,79.8857,40.3625,39.5232,8.0612,39.5232,60.0912,0.040341,159.75,0.677,29.337,4386.0,
dP.bHph.dL.meL.P.Bn_Gly.F,CC(C)C[C@H]1NC(=O)C[C@H](Cc2ccccc2)NC(=O)[C@H]2CCCN2C(=O)[C@H](Cc2ccccc2)NC(=O)CN(Cc2ccccc2)C(=O)[C@@H]2CCCN2C(=O)[C@H](CC(C)C)N(C)C1=O,2238.0,298.15,91.2652,53.3623,37.9029,6.9119,37.9029,61.6475,0.035011,168.54000000000002,0.45,43.249,2238.0,
F.cHexCH2_Gly.L.Nle.P.Mono1,CCCC[C@@H]1NC(=O)[C@H](CC(C)C)NC(=O)CN(CC2CCCCC2)C(=O)[C@H](Cc2ccccc2)NC(=O)CN(Cc2ccc3c(c2)OCO3)C(=O)[C@@H]2CCCN2C1=O,5709.0,298.15,137.3435,81.3214,56.0221,11.1957,56.0221,123.1357,0.053435,166.69,1.028,9.376,5709.0,
P.Pr_Gly.Bn_Gly.meL.dP.Me_dL.F,CCCN1CC(=O)N(Cc2ccccc2)CC(=O)N(C)[C@@H](CC(C)C)C(=O)N2CCC[C@@H]2C(=O)N(C)[C@H](CC(C)C)C(=O)N[C@@H](Cc2ccccc2)C(=O)N2CCC[C@H]2C1=O,3905.0,298.15,86.8455,42.9569,43.8886,7.3709,43.8886,67.0048,0.042634,150.96,0.182,82.603,3905.0,
P.meA.dL.bHph.dP.L.F,CC(C)C[C@@H]1NC(=O)[C@H]2CCCN2C(=O)C[C@H](Cc2ccccc2)NC(=O)[C@@H](CC(C)C)NC(=O)[C@H](C)N(C)C(=O)[C@@H]2CCCN2C(=O)[C@H](Cc2ccccc2)NC1=O,1457.0,298.15,100.4748,55.4395,45.0353,10.8148,45.0353,85.0594,0.044083,177.33,0.359,33.802,1457.0,
P.Me_dA.dL.dL.dP.dL.F,CC(C)C[C@H]1NC(=O)[C@@H](C)N(C)C(=O)[C@@H]2CCCN2C(=O)[C@H](Cc2ccccc2)NC(=O)[C@@H](CC(C)C)NC(=O)[C@H]2CCCN2C(=O)[C@@H](CC(C)C)NC1=O,2794.0,298.15,98.0126,53.9176,44.095,8.3821,44.095,81.7285,0.044582,177.32999999999998,0.276,74.182,2794.0,
bHph.Me_dL.L.P.Bn_Gly.F,CC(C)C[C@@H]1NC(=O)[C@@H](CC(C)C)N(C)C(=O)C[C@H](Cc2ccccc2)NC(=O)[C@H](Cc2ccccc2)NC(=O)CN(Cc2ccccc2)C(=O)[C@@H]2CCCN2C1=O,2084.0,298.15,82.092,38.8658,43.2262,10.985,43.2262,66.9806,0.042968,148.23000000000002,0.387,28.463,2084.0,
A.dL.Me_dL.dP.Me_dL.F,CC(C)C[C@@H]1C(=O)N[C@@H](Cc2ccccc2)C(=O)N[C@@H](C)C(=O)N[C@H](CC(C)C)C(=O)N(C)[C@H](CC(C)C)C(=O)N2CCC[C@@H]2C(=O)N1C,1728.0,298.15,68.7293,51.5341,17.1952,4.4602,17.1952,62.1915,0.019367,148.23000000000002,0.3,64.121,1728.0,
dP.Me_dA.L.meL.dP.meL.F,CC(C)C[C@@H]1NC(=O)[C@@H](C)N(C)C(=O)[C@H]2CCCN2C(=O)[C@H](Cc2ccccc2)NC(=O)[C@H](CC(C)C)N(C)C(=O)[C@H]2CCCN2C(=O)[C@H](CC(C)C)N(C)C1=O,902.0,298.15,71.869,45.9317,25.9373,5.8814,25.9373,51.6018,0.027067,159.75,0.734,41.937,902.0,
P.meA.L.bHph.dP.Me_dL.F,CC(C)C[C@@H]1NC(=O)[C@H](C)N(C)C(=O)[C@@H]2CCCN2C(=O)[C@H](Cc2ccccc2)NC(=O)[C@@H](CC(C)C)N(C)C(=O)[C@H]2CCCN2C(=O)C[C@H](Cc2ccccc2)NC1=O,1742.0,298.15,90.9678,45.8108,45.157,6.3452,45.157,85.7219,0.047259,168.54,0.439,47.713,1742.0,
dA.Me_dL.L.dP.Bn_Gly.F,CC(C)C[C@@H]1NC(=O)[C@@H](CC(C)C)N(C)C(=O)[C@@H](C)NC(=O)[C@H](Cc2ccccc2)NC(=O)CN(Cc2ccccc2)C(=O)[C@H]2CCCN2C1=O,1245.0,298.15,83.0165,40.0601,42.9564,8.4613,42.9564,73.7863,0.047184,148.23000000000002,0.656,25.492,1245.0,
dP.meA.Bn_Gly.meL.P.meL.F,CC(C)C[C@H]1C(=O)N2CCC[C@H]2C(=O)N(C)[C@@H](CC(C)C)C(=O)N[C@@H](Cc2ccccc2)C(=O)N2CCC[C@@H]2C(=O)N(C)[C@@H](C)C(=O)N(Cc2ccccc2)CC(=O)N1C,1301.0,298.15,70.9609,44.7418,26.2191,6.5068,26.2191,53.629,0.026995,150.96,0.632,36.633,1301.0,
A.meL.dL.dP.Bn_Gly.F,CC(C)C[C@H]1NC(=O)[C@H](CC(C)C)N(C)C(=O)[C@H](C)NC(=O)[C@H](Cc2ccccc2)NC(=O)CN(Cc2ccccc2)C(=O)[C@H]2CCCN2C1=O,749.0,298.15,88.8016,37.5893,51.2123,13.8797,51.2123,53.9333,0.053636,148.23000000000002,0.467,43.263,749.0,
S.Me_dL.meL.L.dP.meY,CC(C)C[C@@H]1NC(=O)[C@H](CC(C)C)N(C)C(=O)[C@@H](CC(C)C)N(C)C(=O)[C@H](CO)NC(=O)[C@H](Cc2ccc(O)cc2)N(C)C(=O)[C@H]2CCCN2C1=O,4454.0,298.15,137.3476,83.5856,53.762,10.9679,53.762,123.8842,0.055942,179.9,0.475,45.53,4454.0,
P.dA.dL.dL.P.dL.F,CC(C)C[C@H]1NC(=O)[C@@H](C)NC(=O)[C@@H]2CCCN2C(=O)[C@H](Cc2ccccc2)NC(=O)[C@@H](CC(C)C)NC(=O)[C@@H]2CCCN2C(=O)[C@@H](CC(C)C)NC1=O,4314.0,298.15,108.959,44.9761,63.9829,19.4646,63.9829,56.0133,0.067746,186.12,0.232,80.274,4314.0,
P.meA.Bn_Gly.bHph.P.meL.F,CC(C)C[C@H]1C(=O)N[C@@H](Cc2ccccc2)C(=O)N2CCC[C@H]2C(=O)N(C)[C@@H](C)C(=O)N(Cc2ccccc2)CC(=O)N[C@@H](Cc2ccccc2)CC(=O)N2CCC[C@H]2C(=O)N1C,1972.0,298.15,97.4473,50.9966,46.4507,8.5815,46.4507,77.944,0.043245,159.75,0.547,8.063,1972.0,
P.Pr_Gly.dL.L.dP.dL.F,CCCN1CC(=O)N[C@H](CC(C)C)C(=O)N[C@@H](CC(C)C)C(=O)N2CCC[C@@H]2C(=O)N[C@H](CC(C)C)C(=O)N[C@@H](Cc2ccccc2)C(=O)N2CCC[C@H]2C1=O,4296.0,298.15,110.8712,48.1543,62.7169,11.4842,62.7169,84.201,0.062429,177.32999999999998,0.508,43.211,4296.0,
P.Me_dA.dL.Me_dL.P.Me_dL.F,CC(C)C[C@@H]1C(=O)N2CCC[C@H]2C(=O)N(C)[C@H](CC(C)C)C(=O)N[C@@H](Cc2ccccc2)C(=O)N2CCC[C@H]2C(=O)N(C)[C@H](C)C(=O)N[C@H](CC(C)C)C(=O)N1C,1660.0,298.15,90.0842,71.03,19.0542,4.1853,19.0542,81.0111,0.019329,159.75,0.559,28.172,1660.0,
A.Me_dL.bHph.dP.dL.F,CC(C)C[C@@H]1C(=O)N[C@@H](Cc2ccccc2)CC(=O)N2CCC[C@@H]2C(=O)N[C@H](CC(C)C)C(=O)N[C@@H](Cc2ccccc2)C(=O)N[C@@H](C)C(=O)N1C,2115.0,298.15,109.8443,46.8801,62.9642,14.3636,62.9642,58.8835,0.066715,157.02,0.385,45.641,2115.0,
Pr_Gly.meL.Bn_Gly.P.Bn_Gly.F,CCCN1CC(=O)N(C)[C@@H](CC(C)C)C(=O)N(Cc2ccccc2)CC(=O)N2CCC[C@H]2C(=O)N(Cc2ccccc2)CC(=O)N[C@@H](Cc2ccccc2)C1=O,2808.0,298.15,86.1291,44.643,41.4861,8.7783,41.4861,69.2933,0.04362,130.65,1.172,11.661,2808.0,
P.A.L.Bn_Gly.P.meL.F,CC(C)C[C@@H]1NC(=O)[C@H](C)NC(=O)[C@@H]2CCCN2C(=O)[C@H](Cc2ccccc2)NC(=O)[C@H](CC(C)C)N(C)C(=O)[C@@H]2CCCN2C(=O)CN(Cc2ccccc2)C1=O,1163.0,298.15,115.6292,52.7676,62.8616,13.0238,62.8616,67.9935,0.061425,168.54000000000002,0.314,48.99,1163.0,
P.Me_dA.Me_dL.meL.P.Bn_Gly.F,CC(C)C[C@@H]1C(=O)N(C)[C@@H](CC(C)C)C(=O)N2CCC[C@H]2C(=O)N(Cc2ccccc2)CC(=O)N[C@@H](Cc2ccccc2)C(=O)N2CCC[C@H]2C(=O)N(C)[C@H](C)C(=O)N1C,1068.0,298.15,80.0353,46.184,33.8513,7.2091,33.8513,57.8155,0.034345,150.96,0.45,63.903,1068.0,
P.dA.L.Me_dL.P.L.F,CC(C)C[C@@H]1NC(=O)[C@@H]2CCCN2C(=O)[C@@H](CC(C)C)N(C)C(=O)[C@H](CC(C)C)NC(=O)[C@@H](C)NC(=O)[C@@H]2CCCN2C(=O)[C@H](Cc2ccccc2)NC1=O,2884.0,298.15,107.9822,47.5475,60.4347,11.8684,60.4347,62.135,0.063071,177.32999999999998,0.098,88.904,2884.0,
Ala(tBu).Tza.dP.Mono48.Ala(tBu).dF,CC(C)(C)C[C@@H]1NC(=O)CN(CCCc2ccc(F)cc2F)C(=O)[C@H]2CCCN2C(=O)[C@H](Cc2cscn2)NC(=O)[C@H](CC(C)(C)C)NC(=O)[C@@H](Cc2ccccc2)NC1=O,3980.0,298.15,141.144,73.2382,67.9058,12.0412,67.9058,107.4977,0.066548,169.91,0.461,41.876,3980.0,
P.dA.L.meL.dP.Bn_Gly.F,CC(C)C[C@@H]1NC(=O)[C@@H](C)NC(=O)[C@@H]2CCCN2C(=O)[C@H](Cc2ccccc2)NC(=O)CN(Cc2ccccc2)C(=O)[C@H]2CCCN2C(=O)[C@H](CC(C)C)N(C)C1=O,2022.0,298.15,114.4995,53.5754,60.9241,12.0048,60.9241,82.2631,0.061653,168.54000000000002,0.387,48.027,2022.0,
I.L.Me_dF.P.Sar.F.meF,CC[C@H](C)[C@@H]1NC(=O)[C@H](Cc2ccccc2)N(C)C(=O)[C@H](Cc2ccccc2)NC(=O)CN(C)C(=O)[C@@H]2CCCN2C(=O)[C@@H](Cc2ccccc2)N(C)C(=O)[C@H](CC(C)C)NC1=O,1231.0,298.15,90.4884,36.8823,53.6061,12.1982,53.6061,59.1963,0.053452,168.54,0.375,59.525,1231.0,
P.dA.meL.meL.P.meL.F,CC(C)C[C@H]1C(=O)N(C)[C@@H](CC(C)C)C(=O)N2CCC[C@H]2C(=O)N(C)[C@@H](CC(C)C)C(=O)N[C@@H](Cc2ccccc2)C(=O)N2CCC[C@H]2C(=O)N[C@H](C)C(=O)N1C,2558.0,298.15,94.3023,55.3558,38.9465,9.9265,38.9465,70.6223,0.038943,159.75,0.524,29.079,2558.0,
P.A.Me_dL.bHph.dP.meL.F,CC(C)C[C@@H]1C(=O)N[C@@H](Cc2ccccc2)CC(=O)N2CCC[C@@H]2C(=O)N(C)[C@@H](CC(C)C)C(=O)N[C@@H](Cc2ccccc2)C(=O)N2CCC[C@H]2C(=O)N[C@@H](C)C(=O)N1C,1281.0,298.15,91.8762,48.7254,43.1508,7.6934,43.1508,72.112,0.041767,168.54,0.73,48.971,1281.0,
P.A.dL.meL.dP.Me_dL.F,CC(C)C[C@@H]1C(=O)N[C@@H](Cc2ccccc2)C(=O)N2CCC[C@H]2C(=O)N[C@@H](C)C(=O)N[C@H](CC(C)C)C(=O)N(C)[C@@H](CC(C)C)C(=O)N2CCC[C@@H]2C(=O)N1C,3072.0,298.15,95.4753,45.7916,49.6837,9.767,49.6837,76.522,0.050032,168.54000000000002,0.729,32.962,3072.0,
dP.Pr_Gly.Me_dL.L.P.Bn_Gly.F,CCCN1CC(=O)N(C)[C@H](CC(C)C)C(=O)N[C@@H](CC(C)C)C(=O)N2CCC[C@H]2C(=O)N(Cc2ccccc2)CC(=O)N[C@@H](Cc2ccccc2)C(=O)N2CCC[C@@H]2C1=O,2293.0,298.15,86.2781,68.1426,18.1355,2.8726,18.1355,77.6535,0.017684,159.75,0.918,19.581,2293.0,
meA.L.L.P.Bn_Gly.F,CC(C)C[C@@H]1NC(=O)[C@H](C)N(C)C(=O)[C@H](Cc2ccccc2)NC(=O)CN(Cc2ccccc2)C(=O)[C@@H]2CCCN2C(=O)[C@H](CC(C)C)NC1=O,1060.0,298.15,91.5701,55.2372,36.3329,6.9635,36.3329,68.2603,0.039959,148.23,0.792,0.337,1060.0,
P.Pr_Gly.L.meL.P.L.F,CCCN1CC(=O)N[C@@H](CC(C)C)C(=O)N(C)[C@@H](CC(C)C)C(=O)N2CCC[C@H]2C(=O)N[C@@H](CC(C)C)C(=O)N[C@@H](Cc2ccccc2)C(=O)N2CCC[C@H]2C1=O,3074.0,298.15,115.4131,89.0444,26.3687,5.1377,26.3687,109.4309,0.0269,168.54,0.328,57.378,3074.0,
Pr_Gly.L.dL.dP.dL.F,CCCN1CC(=O)N[C@@H](CC(C)C)C(=O)N[C@H](CC(C)C)C(=O)N2CCC[C@@H]2C(=O)N[C@H](CC(C)C)C(=O)N[C@@H](Cc2ccccc2)C1=O,3494.0,298.15,98.6074,41.627,56.9804,15.3219,56.9804,57.9349,0.061986,157.01999999999998,0.211,81.588,3494.0,
dP.bHph.meL.L.P.meL.F,CC(C)C[C@@H]1NC(=O)[C@H](CC(C)C)N(C)C(=O)C[C@H](Cc2ccccc2)NC(=O)[C@H]2CCCN2C(=O)[C@H](Cc2ccccc2)NC(=O)[C@H](CC(C)C)N(C)C(=O)[C@@H]2CCCN2C1=O,4065.0,298.15,80.5176,46.0141,34.5035,8.1716,34.5035,53.4498,0.032861,168.54,0.697,26.507,4065.0,
Nal.MeOEt_Gly.meL.Nle.dP.Mono45,CCCC[C@@H]1NC(=O)[C@H](CC(C)C)N(C)C(=O)CN(CCOC)C(=O)[C@H](Cc2ccc3ccccc3c2)NC(=O)CN(Cc2ccccc2Cn2cccn2)C(=O)[C@H]2CCCN2C1=O,8197.0,298.15,98.954,48.1869,50.7671,11.5016,50.7671,66.2085,0.047085,166.49,0.722,42.508,8197.0,
dP.dA.meL.dL.P.Me_dL.F,CC(C)C[C@@H]1C(=O)N[C@@H](Cc2ccccc2)C(=O)N2CCC[C@@H]2C(=O)N[C@H](C)C(=O)N(C)[C@@H](CC(C)C)C(=O)N[C@H](CC(C)C)C(=O)N2CCC[C@H]2C(=O)N1C,4509.0,298.15,82.7954,43.2603,39.5351,5.9139,39.5351,64.1735,0.03964,168.54000000000002,0.182,75.084,4509.0,
meA.Me_dL.Me_dL.P.Me_dL.F,CC(C)C[C@@H]1C(=O)N2CCC[C@H]2C(=O)N(C)[C@H](CC(C)C)C(=O)N[C@@H](Cc2ccccc2)C(=O)N(C)[C@@H](C)C(=O)N(C)[C@H](CC(C)C)C(=O)N1C,3514.0,298.15,67.1236,39.6086,27.515,6.3328,27.515,48.7914,0.031182,130.65,0.613,32.419,3514.0,
F.Mono38.L.Nle.dP.Et_Gly,CCCC[C@@H]1NC(=O)[C@H](CC(C)C)NC(=O)CN(CC2CCOCC2)C(=O)[C@H](Cc2ccccc2)NC(=O)CN(CC)C(=O)[C@H]2CCCN2C1=O,4189.0,298.15,101.7742,66.8213,34.9529,7.9289,34.9529,89.2066,0.036057,157.46,0.77,12.831,4189.0,
dP.Pr_Gly.L.Me_dL.P.Bn_Gly.F,CCCN1CC(=O)N[C@@H](CC(C)C)C(=O)N(C)[C@H](CC(C)C)C(=O)N2CCC[C@H]2C(=O)N(Cc2ccccc2)CC(=O)N[C@@H](Cc2ccccc2)C(=O)N2CCC[C@@H]2C1=O,5515.0,298.15,95.8431,52.7895,43.0536,8.4557,43.0536,83.5972,0.040942,159.75,0.831,7.995,5515.0,
dP.meA.dL.Bn_Gly.dP.meL.F,CC(C)C[C@H]1NC(=O)[C@H](C)N(C)C(=O)[C@H]2CCCN2C(=O)[C@H](Cc2ccccc2)NC(=O)[C@H](CC(C)C)N(C)C(=O)[C@H]2CCCN2C(=O)CN(Cc2ccccc2)C1=O,2633.0,298.15,75.811,31.8981,43.9129,11.4175,43.9129,43.9346,0.044404,159.75,0.471,48.623,2633.0,
dP.A.meL.Bn_Gly.P.Bn_Gly.F,CC(C)C[C@H]1C(=O)N(Cc2ccccc2)CC(=O)N2CCC[C@H]2C(=O)N(Cc2ccccc2)CC(=O)N[C@@H](Cc2ccccc2)C(=O)N2CCC[C@@H]2C(=O)N[C@@H](C)C(=O)N1C,484.0,298.15,94.5949,55.5915,39.0034,7.2914,39.0034,65.0716,0.039627,159.75,0.56,21.961,484.0,
dA.pentyl_Gly.dL.Nle.dP.Mono1,CCCCCN1CC(=O)N[C@H](CC(C)C)C(=O)N[C@@H](CCCC)C(=O)N2CCC[C@@H]2C(=O)N(Cc2ccc3c(c2)OCO3)CC(=O)N[C@H](C)C1=O,4628.0,298.15,148.2326,71.2863,76.9463,19.9736,76.9463,94.826,0.085573,166.69,0.518,42.756,4628.0,
P.Pr_Gly.Bn_Gly.meL.dP.dL.F,CCCN1CC(=O)N(Cc2ccccc2)CC(=O)N(C)[C@@H](CC(C)C)C(=O)N2CCC[C@@H]2C(=O)N[C@H](CC(C)C)C(=O)N[C@@H](Cc2ccccc2)C(=O)N2CCC[C@H]2C1=O,3854.0,298.15,96.7004,57.8986,38.8018,9.3779,38.8018,88.5538,0.039272,159.75,0.612,32.178,3854.0,
P.bHph.dL.L.P.Bn_Gly.F,CC(C)C[C@@H]1NC(=O)[C@@H](CC(C)C)NC(=O)C[C@H](Cc2ccccc2)NC(=O)[C@@H]2CCCN2C(=O)[C@H](Cc2ccccc2)NC(=O)CN(Cc2ccccc2)C(=O)[C@@H]2CCCN2C1=O,2663.0,298.15,113.2715,78.0917,35.1798,8.7126,35.1798,107.2731,0.031657,177.33,0.727,22.505,2663.0,
A.meL.Me_dL.P.Me_dL.F,CC(C)C[C@@H]1C(=O)N2CCC[C@H]2C(=O)N(C)[C@H](CC(C)C)C(=O)N[C@@H](Cc2ccccc2)C(=O)N[C@@H](C)C(=O)N(C)[C@@H](CC(C)C)C(=O)N1C,4880.0,298.15,85.9346,31.9736,53.961,12.4334,53.961,54.4045,0.060175,139.44,0.811,10.698,4880.0,
bHph.Me_dL.Bn_Gly.dP.meL.F,CC(C)C[C@@H]1C(=O)N(Cc2ccccc2)CC(=O)N2CCC[C@@H]2C(=O)N(C)[C@@H](CC(C)C)C(=O)N[C@@H](Cc2ccccc2)C(=O)N[C@@H](Cc2ccccc2)CC(=O)N1C,3148.0,298.15,84.4206,41.6396,42.781,10.0045,42.781,70.8336,0.040484,139.44,0.572,45.257,3148.0,
P.Me_dA.dL.L.dP.dL.F,CC(C)C[C@@H]1NC(=O)[C@@H](CC(C)C)NC(=O)[C@@H](C)N(C)C(=O)[C@@H]2CCCN2C(=O)[C@H](Cc2ccccc2)NC(=O)[C@@H](CC(C)C)NC(=O)[C@H]2CCCN2C1=O,2096.0,298.15,105.9172,60.7424,45.1748,9.8267,45.1748,79.0767,0.045709,177.32999999999998,0.193,71.443,2096.0,
P.A.L.L.dP.meL.F,CC(C)C[C@@H]1NC(=O)[C@H](C)NC(=O)[C@@H]2CCCN2C(=O)[C@H](Cc2ccccc2)NC(=O)[C@H](CC(C)C)N(C)C(=O)[C@H]2CCCN2C(=O)[C@H](CC(C)C)NC1=O,4401.0,298.15,110.2166,52.7971,57.4195,12.7855,57.4195,73.7807,0.059392,177.33,0.29,60.405,4401.0,
P.bHph.L.meL.P.meL.F,CC(C)C[C@@H]1NC(=O)C[C@H](Cc2ccccc2)NC(=O)[C@@H]2CCCN2C(=O)[C@H](Cc2ccccc2)NC(=O)[C@H](CC(C)C)N(C)C(=O)[C@@H]2CCCN2C(=O)[C@H](CC(C)C)N(C)C1=O,5296.0,298.15,93.9189,49.0959,44.823,9.8017,44.823,62.4477,0.042289,168.54000000000002,0.35,65.292,5296.0,
dA.dL.Me_dL.dP.meL.F,CC(C)C[C@@H]1C(=O)N2CCC[C@@H]2C(=O)N(C)[C@@H](CC(C)C)C(=O)N[C@@H](Cc2ccccc2)C(=O)N[C@H](C)C(=O)N[C@H](CC(C)C)C(=O)N1C,2590.0,298.15,103.5506,53.5149,50.0357,9.4947,50.0357,70.7948,0.055143,148.23,0.35,49.397,2590.0,
dP.A.Me_dL.dL.P.L.F,CC(C)C[C@@H]1NC(=O)[C@@H]2CCCN2C(=O)[C@@H](CC(C)C)NC(=O)[C@@H](CC(C)C)N(C)C(=O)[C@H](C)NC(=O)[C@H]2CCCN2C(=O)[C@H](Cc2ccccc2)NC1=O,3207.0,298.15,101.7021,47.7408,53.9613,10.3578,53.9613,74.4257,0.058162,177.32999999999998,1.059,10.607,3207.0,
dP.Me_dA.dL.bHph.dP.meL.F,CC(C)C[C@H]1NC(=O)[C@@H](C)N(C)C(=O)[C@H]2CCCN2C(=O)[C@H](Cc2ccccc2)NC(=O)[C@H](CC(C)C)N(C)C(=O)[C@H]2CCCN2C(=O)C[C@H](Cc2ccccc2)NC1=O,887.0,298.15,98.3687,57.5245,40.8442,10.0125,40.8442,92.0465,0.043273,168.54,0.414,56.966,887.0,
P.A.L.dL.P.Bn_Gly.F,CC(C)C[C@@H]1NC(=O)[C@H](C)NC(=O)[C@@H]2CCCN2C(=O)[C@H](Cc2ccccc2)NC(=O)CN(Cc2ccccc2)C(=O)[C@@H]2CCCN2C(=O)[C@@H](CC(C)C)NC1=O,2359.0,298.15,108.9546,61.601,47.3536,9.5336,47.3536,74.2307,0.046646,177.33,0.432,30.909,2359.0,
A.Me_dL.Me_dL.P.Bn_Gly.F,CC(C)C[C@@H]1C(=O)N(C)[C@H](CC(C)C)C(=O)N2CCC[C@H]2C(=O)N(Cc2ccccc2)CC(=O)N[C@@H](Cc2ccccc2)C(=O)N[C@@H](C)C(=O)N1C,356.0,298.15,84.3447,56.9533,27.3914,5.5108,27.3914,69.6755,0.028679,139.44,0.363,47.247,356.0,
Me_dA.L.dL.P.meL.F,CC(C)C[C@@H]1NC(=O)[C@@H](C)N(C)C(=O)[C@H](Cc2ccccc2)NC(=O)[C@H](CC(C)C)N(C)C(=O)[C@@H]2CCCN2C(=O)[C@@H](CC(C)C)NC1=O,2661.0,298.15,92.4098,47.0268,45.383,8.2875,45.383,75.9883,0.049043,148.23,0.179,81.256,2661.0,
dA.pentyl_Gly.L.Nle.P.Et_Gly,CCCCCN1CC(=O)N[C@@H](CC(C)C)C(=O)N[C@@H](CCCC)C(=O)N2CCC[C@H]2C(=O)N(CC)CC(=O)N[C@H](C)C1=O,6342.0,298.15,104.7376,75.7572,28.9804,4.9948,28.9804,90.4025,0.034118,148.23,0.503,60.326,6342.0,
dP.A.L.L.dP.Bn_Gly.F,CC(C)C[C@@H]1NC(=O)[C@H](C)NC(=O)[C@H]2CCCN2C(=O)[C@H](Cc2ccccc2)NC(=O)CN(Cc2ccccc2)C(=O)[C@H]2CCCN2C(=O)[C@H](CC(C)C)NC1=O,2391.0,298.15,87.513,50.0808,37.4322,9.1197,37.4322,70.1274,0.038264,177.33,0.609,46.146,2391.0,
P.A.L.dL.P.Me_dL.F,CC(C)C[C@@H]1NC(=O)[C@H](C)NC(=O)[C@@H]2CCCN2C(=O)[C@H](Cc2ccccc2)NC(=O)[C@@H](CC(C)C)N(C)C(=O)[C@@H]2CCCN2C(=O)[C@@H](CC(C)C)NC1=O,3696.0,298.15,103.3658,58.5325,44.8333,9.1381,44.8333,66.0134,0.046344,177.33,0.166,85.141,3696.0,
P.A.meL.bHph.P.Me_dL.F,CC(C)C[C@@H]1C(=O)N[C@@H](Cc2ccccc2)C(=O)N2CCC[C@H]2C(=O)N[C@@H](C)C(=O)N(C)[C@@H](CC(C)C)C(=O)N[C@@H](Cc2ccccc2)CC(=O)N2CCC[C@H]2C(=O)N1C,1519.0,298.15,97.936,50.4847,47.4513,10.5247,47.4513,69.136,0.046618,168.54000000000002,0.202,80.924,1519.0,
F.cHexCH2_Gly.L.Nle.P.Et_Gly,CCCC[C@@H]1NC(=O)[C@H](CC(C)C)NC(=O)CN(CC2CCCCC2)C(=O)[C@H](Cc2ccccc2)NC(=O)CN(CC)C(=O)[C@@H]2CCCN2C1=O,5809.0,298.15,88.1899,55.371,32.8189,7.1416,32.8189,79.9134,0.034039,148.23000000000002,0.98,10.158,5809.0,
dP.Me_dA.meL.L.dP.Me_dL.F,CC(C)C[C@@H]1NC(=O)[C@H](CC(C)C)N(C)C(=O)[C@@H](C)N(C)C(=O)[C@H]2CCCN2C(=O)[C@H](Cc2ccccc2)NC(=O)[C@@H](CC(C)C)N(C)C(=O)[C@H]2CCCN2C1=O,2514.0,298.15,81.8964,51.2721,30.6243,7.1728,30.6243,66.9249,0.030838,159.75,0.793,9.611,2514.0,
dP.bHph.dL.Bn_Gly.dP.dL.F,CC(C)C[C@H]1NC(=O)[C@H]2CCCN2C(=O)CN(Cc2ccccc2)C(=O)[C@@H](CC(C)C)NC(=O)C[C@H](Cc2ccccc2)NC(=O)[C@H]2CCCN2C(=O)[C@H](Cc2ccccc2)NC1=O,1083.0,298.15,74.8801,33.7698,41.1103,7.5699,41.1103,50.5953,0.038699,177.32999999999998,0.383,26.075,1083.0,
dP.A.L.L.P.dL.F,CC(C)C[C@@H]1NC(=O)[C@H](C)NC(=O)[C@H]2CCCN2C(=O)[C@H](Cc2ccccc2)NC(=O)[C@@H](CC(C)C)NC(=O)[C@@H]2CCCN2C(=O)[C@H](CC(C)C)NC1=O,1643.0,298.15,101.9062,40.4953,61.4109,12.0647,61.4109,66.2315,0.063773,186.12,0.103,88.695,1643.0,
P.A.L.meL.dP.Bn_Gly.F,CC(C)C[C@@H]1NC(=O)[C@H](C)NC(=O)[C@@H]2CCCN2C(=O)[C@H](Cc2ccccc2)NC(=O)CN(Cc2ccccc2)C(=O)[C@H]2CCCN2C(=O)[C@H](CC(C)C)N(C)C1=O,1088.0,298.15,109.0467,57.1016,51.9451,10.9726,51.9451,71.3567,0.053827,168.54000000000002,0.471,38.748,1088.0,
A.dL.L.dP.L.F,CC(C)C[C@@H]1NC(=O)[C@H]2CCCN2C(=O)[C@H](CC(C)C)NC(=O)[C@@H](CC(C)C)NC(=O)[C@H](C)NC(=O)[C@H](Cc2ccccc2)NC1=O,1532.0,298.15,79.0511,57.8225,21.2286,4.5138,21.2286,67.1681,0.023614,165.81,0.269,70.079,1532.0,
dP.meA.L.dL.P.dL.F,CC(C)C[C@@H]1NC(=O)[C@H](C)N(C)C(=O)[C@H]2CCCN2C(=O)[C@H](Cc2ccccc2)NC(=O)[C@@H](CC(C)C)NC(=O)[C@@H]2CCCN2C(=O)[C@@H](CC(C)C)NC1=O,3486.0,298.15,99.4513,43.2666,56.1847,13.2189,56.1847,86.4131,0.057164,177.32999999999998,0.185,81.548,3486.0,
P.bHph.L.meL.dP.meL.F,CC(C)C[C@@H]1NC(=O)C[C@H](Cc2ccccc2)NC(=O)[C@@H]2CCCN2C(=O)[C@H](Cc2ccccc2)NC(=O)[C@H](CC(C)C)N(C)C(=O)[C@H]2CCCN2C(=O)[C@H](CC(C)C)N(C)C1=O,1796.0,298.15,89.8169,55.0835,34.7334,6.8541,34.7334,75.4945,0.03321,168.54000000000002,0.158,86.156,1796.0,
bHph.dL.dL.P.Bn_Gly.F,CC(C)C[C@H]1NC(=O)C[C@H](Cc2ccccc2)NC(=O)[C@H](Cc2ccccc2)NC(=O)CN(Cc2ccccc2)C(=O)[C@@H]2CCCN2C(=O)[C@@H](CC(C)C)NC1=O,1471.0,298.15,84.8562,39.7313,45.1249,10.3877,45.1249,63.5012,0.044268,157.02,0.514,44.31,1471.0,
dP.meA.Me_dL.Me_dL.P.Me_dL.F,CC(C)C[C@@H]1C(=O)N2CCC[C@H]2C(=O)N(C)[C@H](CC(C)C)C(=O)N[C@@H](Cc2ccccc2)C(=O)N2CCC[C@@H]2C(=O)N(C)[C@@H](C)C(=O)N(C)[C@H](CC(C)C)C(=O)N1C,4063.0,298.15,70.3428,42.6302,27.7126,6.4935,27.7126,46.7415,0.027566,150.96,0.796,33.389,4063.0,
bHph.L.dL.P.meL.F,CC(C)C[C@@H]1NC(=O)C[C@H](Cc2ccccc2)NC(=O)[C@H](Cc2ccccc2)NC(=O)[C@H](CC(C)C)N(C)C(=O)[C@@H]2CCCN2C(=O)[C@@H](CC(C)C)NC1=O,2289.0,298.15,78.256,25.2417,53.0143,9.5424,53.0143,40.607,0.05241,157.02,0.221,78.218,2289.0,
bHph.L.Bn_Gly.P.L.F,CC(C)C[C@@H]1NC(=O)[C@@H]2CCCN2C(=O)CN(Cc2ccccc2)C(=O)[C@H](CC(C)C)NC(=O)C[C@H](Cc2ccccc2)NC(=O)[C@H](Cc2ccccc2)NC1=O,2308.0,298.15,94.7677,43.3107,51.457,9.7864,51.457,68.6139,0.051865,157.01999999999998,0.493,48.337,2308.0,
P.Me_dA.Bn_Gly.dL.P.Bn_Gly.F,CC(C)C[C@H]1NC(=O)CN(Cc2ccccc2)C(=O)[C@@H](C)N(C)C(=O)[C@@H]2CCCN2C(=O)[C@H](Cc2ccccc2)NC(=O)CN(Cc2ccccc2)C(=O)[C@@H]2CCCN2C1=O,3705.0,298.15,96.1474,60.9866,35.1608,8.2156,35.1608,70.9779,0.035131,159.75,0.968,13.947,3705.0,
dP.Me_dA.Bn_Gly.Bn_Gly.P.Me_dL.F,CC(C)C[C@@H]1C(=O)N[C@@H](Cc2ccccc2)C(=O)N2CCC[C@@H]2C(=O)N(C)[C@H](C)C(=O)N(Cc2ccccc2)CC(=O)N(Cc2ccccc2)CC(=O)N2CCC[C@H]2C(=O)N1C,383.0,298.15,73.9706,49.2589,24.7117,5.8572,24.7117,62.6648,0.025122,150.96,0.585,30.005,383.0,
P.Pr_Gly.dL.meL.dP.dL.F,CCCN1CC(=O)N[C@H](CC(C)C)C(=O)N(C)[C@@H](CC(C)C)C(=O)N2CCC[C@@H]2C(=O)N[C@H](CC(C)C)C(=O)N[C@@H](Cc2ccccc2)C(=O)N2CCC[C@H]2C1=O,4188.0,298.15,97.6848,71.5867,26.0981,5.1281,26.0981,83.8333,0.0262,168.54,0.871,24.692,4188.0,
P.Me_dA.Bn_Gly.bHph.dP.Me_dL.F,CC(C)C[C@@H]1C(=O)N[C@@H](Cc2ccccc2)C(=O)N2CCC[C@H]2C(=O)N(C)[C@H](C)C(=O)N(Cc2ccccc2)CC(=O)N[C@@H](Cc2ccccc2)CC(=O)N2CCC[C@@H]2C(=O)N1C,2573.0,298.15,90.139,52.4779,37.6611,8.7518,37.6611,69.0355,0.035335,159.75,0.644,25.592,2573.0,
dA.Me_dL.dL.P.L.F,CC(C)C[C@@H]1NC(=O)[C@@H]2CCCN2C(=O)[C@@H](CC(C)C)NC(=O)[C@@H](CC(C)C)N(C)C(=O)[C@@H](C)NC(=O)[C@H](Cc2ccccc2)NC1=O,2052.0,298.15,83.5494,42.4559,41.0935,9.1136,41.0935,64.3484,0.046439,157.01999999999998,0.254,63.422,2052.0,
dP.A.Bn_Gly.bHph.P.Me_dL.F,CC(C)C[C@@H]1C(=O)N[C@@H](Cc2ccccc2)C(=O)N2CCC[C@@H]2C(=O)N[C@@H](C)C(=O)N(Cc2ccccc2)CC(=O)N[C@@H](Cc2ccccc2)CC(=O)N2CCC[C@H]2C(=O)N1C,849.0,298.15,78.2155,44.8098,33.4057,8.0559,33.4057,54.6649,0.032082,168.54000000000002,0.533,25.656,849.0,
A.meL.Bn_Gly.P.dL.F,CC(C)C[C@H]1NC(=O)[C@@H]2CCCN2C(=O)CN(Cc2ccccc2)C(=O)[C@H](CC(C)C)N(C)C(=O)[C@H](C)NC(=O)[C@H](Cc2ccccc2)NC1=O,1851.0,298.15,91.4984,40.9143,50.5841,11.0553,50.5841,61.903,0.055892,148.23,0.255,56.775,1851.0,
A.meL.L.dP.L.F,CC(C)C[C@@H]1NC(=O)[C@H]2CCCN2C(=O)[C@H](CC(C)C)NC(=O)[C@H](CC(C)C)N(C)C(=O)[C@H](C)NC(=O)[C@H](Cc2ccccc2)NC1=O,2307.0,298.15,90.2636,47.7181,42.5455,8.0636,42.5455,65.5736,0.048169,157.01999999999998,0.242,73.829,2307.0,
A.Mono39.meL.Nle.dP.Pr_Gly,CCCC[C@@H]1NC(=O)[C@H](CC(C)C)N(C)C(=O)CN(CCOc2ccccc2)C(=O)[C@H](C)NC(=O)CN(CCC)C(=O)[C@H]2CCCN2C1=O,4369.0,298.15,93.0318,50.1407,42.8911,8.3566,42.8911,63.2479,0.046032,148.67000000000002,0.422,55.03,4369.0,
dP.meA.Me_dL.Bn_Gly.P.Bn_Gly.F,CC(C)C[C@@H]1C(=O)N(Cc2ccccc2)CC(=O)N2CCC[C@H]2C(=O)N(Cc2ccccc2)CC(=O)N[C@@H](Cc2ccccc2)C(=O)N2CCC[C@@H]2C(=O)N(C)[C@@H](C)C(=O)N1C,1227.0,298.15,89.4647,49.9711,39.4936,7.2814,39.4936,70.5121,0.03803,150.96,0.625,9.171,1227.0,
dP.bHph.dL.dL.P.Bn_Gly.F,CC(C)C[C@H]1NC(=O)C[C@H](Cc2ccccc2)NC(=O)[C@H]2CCCN2C(=O)[C@H](Cc2ccccc2)NC(=O)CN(Cc2ccccc2)C(=O)[C@@H]2CCCN2C(=O)[C@@H](CC(C)C)NC1=O,2708.0,298.15,100.909,37.9461,62.9629,12.0709,62.9629,48.3148,0.056662,177.33,0.275,39.912,2708.0,
dP.meA.Bn_Gly.dL.dP.dL.F,CC(C)C[C@H]1NC(=O)[C@H]2CCCN2C(=O)[C@@H](CC(C)C)NC(=O)CN(Cc2ccccc2)C(=O)[C@H](C)N(C)C(=O)[C@H]2CCCN2C(=O)[C@H](Cc2ccccc2)NC1=O,2503.0,298.15,97.0985,50.1041,46.9944,10.6663,46.9944,82.0728,0.047544,168.54,1.167,9.871,2503.0,
Me_dA.Me_dL.Bn_Gly.dP.dL.F,CC(C)C[C@@H]1C(=O)N(Cc2ccccc2)CC(=O)N2CCC[C@@H]2C(=O)N[C@H](CC(C)C)C(=O)N[C@@H](Cc2ccccc2)C(=O)N(C)[C@H](C)C(=O)N1C,1191.0,298.15,73.0222,46.0636,26.9586,6.7745,26.9586,57.2195,0.028927,139.44,0.682,32.135,1191.0,
P.bHph.meL.bHph.dP.meL.F,CC(C)C[C@H]1C(=O)N[C@@H](Cc2ccccc2)CC(=O)N2CCC[C@@H]2C(=O)N(C)[C@@H](CC(C)C)C(=O)N[C@@H](Cc2ccccc2)C(=O)N2CCC[C@H]2C(=O)N[C@@H](Cc2ccccc2)CC(=O)N1C,1867.0,298.15,72.5275,28.3457,44.1818,8.979,44.1818,53.7242,0.041097,168.54,0.309,55.056,1867.0,
F.MeOEt_Gly.meL.Nle.dP.Et_Gly,CCCC[C@@H]1NC(=O)[C@H](CC(C)C)N(C)C(=O)CN(CCOC)C(=O)[C@H](Cc2ccccc2)NC(=O)CN(CC)C(=O)[C@H]2CCCN2C1=O,5522.0,298.15,94.3873,48.7679,45.6194,7.5974,45.6194,68.6728,0.049297,148.67000000000002,0.811,38.528,5522.0,
P.A.meL.L.dP.meL.F,CC(C)C[C@@H]1NC(=O)[C@H](CC(C)C)N(C)C(=O)[C@H](C)NC(=O)[C@@H]2CCCN2C(=O)[C@H](Cc2ccccc2)NC(=O)[C@H](CC(C)C)N(C)C(=O)[C@H]2CCCN2C1=O,2108.0,298.15,86.7608,40.912,45.8488,10.7117,45.8488,51.8859,0.047956,168.54,0.284,60.814,2108.0,
dP.Me_dA.dL.Bn_Gly.P.Bn_Gly.F,CC(C)C[C@H]1NC(=O)[C@@H](C)N(C)C(=O)[C@H]2CCCN2C(=O)[C@H](Cc2ccccc2)NC(=O)CN(Cc2ccccc2)C(=O)[C@@H]2CCCN2C(=O)CN(Cc2ccccc2)C1=O,1427.0,298.15,93.577,53.6608,39.9162,7.0007,39.9162,65.0102,0.0397,159.75,0.71,39.637,1427.0,
P.Pr_Gly.dL.L.P.dL.F,CCCN1CC(=O)N[C@H](CC(C)C)C(=O)N[C@@H](CC(C)C)C(=O)N2CCC[C@H]2C(=O)N[C@H](CC(C)C)C(=O)N[C@@H](Cc2ccccc2)C(=O)N2CCC[C@H]2C1=O,2613.0,298.15,107.7719,75.4575,32.3144,6.3319,32.3144,97.9855,0.031459,177.32999999999998,0.159,67.14,2613.0,
dP.bHph.Me_dL.dL.P.meL.F,CC(C)C[C@@H]1C(=O)N[C@H](CC(C)C)C(=O)N2CCC[C@H]2C(=O)N(C)[C@@H](CC(C)C)C(=O)N[C@@H](Cc2ccccc2)C(=O)N2CCC[C@@H]2C(=O)N[C@@H](Cc2ccccc2)CC(=O)N1C,1355.0,298.15,77.9962,37.054,40.9422,7.0633,40.9422,49.9123,0.039959,168.54,0.125,83.658,1355.0,
P.dA.meL.L.P.Me_dL.F,CC(C)C[C@@H]1NC(=O)[C@H](CC(C)C)N(C)C(=O)[C@@H](C)NC(=O)[C@@H]2CCCN2C(=O)[C@H](Cc2ccccc2)NC(=O)[C@@H](CC(C)C)N(C)C(=O)[C@@H]2CCCN2C1=O,3809.0,298.15,100.1113,62.7639,37.3474,6.3062,37.3474,82.3074,0.037519,168.54,0.698,15.802,3809.0,
dP.A.Me_dL.bHph.dP.meL.F,CC(C)C[C@@H]1C(=O)N[C@@H](Cc2ccccc2)CC(=O)N2CCC[C@@H]2C(=O)N(C)[C@@H](CC(C)C)C(=O)N[C@@H](Cc2ccccc2)C(=O)N2CCC[C@@H]2C(=O)N[C@@H](C)C(=O)N1C,1907.0,298.15,99.216,38.8536,60.3624,15.1968,60.3624,73.2346,0.058687,168.54,0.565,53.732,1907.0,
P.A.L.Bn_Gly.dP.Bn_Gly.F,CC(C)C[C@@H]1NC(=O)[C@H](C)NC(=O)[C@@H]2CCCN2C(=O)[C@H](Cc2ccccc2)NC(=O)CN(Cc2ccccc2)C(=O)[C@H]2CCCN2C(=O)CN(Cc2ccccc2)C1=O,836.0,298.15,103.2787,74.1648,29.1139,7.9108,29.1139,82.9482,0.02883,168.54000000000002,0.506,49.477,836.0,
meA.L.dL.P.L.F,CC(C)C[C@@H]1NC(=O)[C@H](C)N(C)C(=O)[C@H](Cc2ccccc2)NC(=O)[C@H](CC(C)C)NC(=O)[C@@H]2CCCN2C(=O)[C@@H](CC(C)C)NC1=O,1883.0,298.15,70.7833,45.4836,25.2997,6.5791,25.2997,67.1971,0.028191,157.02,0.178,77.71,1883.0,
P.dA.dL.bHph.P.dL.F,CC(C)C[C@H]1NC(=O)[C@@H](C)NC(=O)[C@@H]2CCCN2C(=O)[C@H](Cc2ccccc2)NC(=O)[C@@H](CC(C)C)NC(=O)[C@@H]2CCCN2C(=O)C[C@H](Cc2ccccc2)NC1=O,1302.0,298.15,104.7812,57.7337,47.0475,8.9189,47.0475,81.6144,0.04838,186.12,0.36,45.54,1302.0,
dP.Me_dA.L.meL.dP.Me_dL.F,CC(C)C[C@@H]1NC(=O)[C@@H](C)N(C)C(=O)[C@H]2CCCN2C(=O)[C@H](Cc2ccccc2)NC(=O)[C@@H](CC(C)C)N(C)C(=O)[C@H]2CCCN2C(=O)[C@H](CC(C)C)N(C)C1=O,1470.0,298.15,67.1655,33.3742,33.7913,7.5353,33.7913,39.5566,0.035996,159.75,0.637,36.868,1470.0,
dP.Pr_Gly.L.Bn_Gly.P.Bn_Gly.F,CCCN1CC(=O)N[C@@H](CC(C)C)C(=O)N(Cc2ccccc2)CC(=O)N2CCC[C@H]2C(=O)N(Cc2ccccc2)CC(=O)N[C@@H](Cc2ccccc2)C(=O)N2CCC[C@@H]2C1=O,506.0,298.15,74.7866,52.5461,22.2405,3.5358,22.2405,67.043,0.021986,159.75,0.499,15.971,506.0,
Pr_Gly.Me_dL.Bn_Gly.dP.meL.F,CCCN1CC(=O)N(C)[C@H](CC(C)C)C(=O)N(Cc2ccccc2)CC(=O)N2CCC[C@@H]2C(=O)N(C)[C@@H](CC(C)C)C(=O)N[C@@H](Cc2ccccc2)C1=O,3838.0,298.15,74.0832,42.7564,31.3268,6.9602,31.3268,67.7143,0.033319,130.65,0.653,10.953,3838.0,
A.meL.Bn_Gly.P.meL.F,CC(C)C[C@H]1C(=O)N(Cc2ccccc2)CC(=O)N2CCC[C@H]2C(=O)N(C)[C@@H](CC(C)C)C(=O)N[C@@H](Cc2ccccc2)C(=O)N[C@@H](C)C(=O)N1C,1062.0,298.15,86.0484,26.2104,59.838,12.6429,59.838,40.6823,0.064108,139.44,0.503,52.713,1062.0,
dP.Me_dA.dL.meL.dP.meL.F,CC(C)C[C@H]1NC(=O)[C@@H](C)N(C)C(=O)[C@H]2CCCN2C(=O)[C@H](Cc2ccccc2)NC(=O)[C@H](CC(C)C)N(C)C(=O)[C@H]2CCCN2C(=O)[C@H](CC(C)C)N(C)C1=O,2280.0,298.15,74.7884,36.7919,37.9965,7.2541,37.9965,48.4976,0.039898,159.75,0.231,73.472,2280.0,
A.Me_dL.L.P.L.F,CC(C)C[C@@H]1NC(=O)[C@@H]2CCCN2C(=O)[C@H](CC(C)C)NC(=O)[C@@H](CC(C)C)N(C)C(=O)[C@H](C)NC(=O)[C@H](Cc2ccccc2)NC1=O,2199.0,298.15,121.1323,61.808,59.3243,13.7315,59.3243,64.8471,0.063526,157.01999999999998,0.272,65.8,2199.0,
A.dL.Bn_Gly.dP.L.F,CC(C)C[C@@H]1NC(=O)[C@H]2CCCN2C(=O)CN(Cc2ccccc2)C(=O)[C@@H](CC(C)C)NC(=O)[C@H](C)NC(=O)[C@H](Cc2ccccc2)NC1=O,1701.0,298.15,96.6987,49.0528,47.6459,9.5293,47.6459,60.2988,0.052049,157.01999999999998,1.046,16.634,1701.0,
dP.bHph.Me_dL.L.P.L.F,CC(C)C[C@@H]1NC(=O)[C@@H]2CCCN2C(=O)[C@H](CC(C)C)NC(=O)[C@@H](CC(C)C)N(C)C(=O)C[C@H](Cc2ccccc2)NC(=O)[C@H]2CCCN2C(=O)[C@H](Cc2ccccc2)NC1=O,4514.0,298.15,104.2107,40.3058,63.9049,9.6811,63.9049,80.3968,0.059033,177.32999999999998,0.26,75.608,4514.0,
P.meA.meL.dL.P.Bn_Gly.F,CC(C)C[C@H]1NC(=O)[C@H](CC(C)C)N(C)C(=O)[C@H](C)N(C)C(=O)[C@@H]2CCCN2C(=O)[C@H](Cc2ccccc2)NC(=O)CN(Cc2ccccc2)C(=O)[C@@H]2CCCN2C1=O,2353.0,298.15,78.4274,37.248,41.1794,9.8254,41.1794,59.4666,0.040988,159.75,0.81,26.061,2353.0,
dP.Me_dA.L.Me_dL.dP.meL.F,CC(C)C[C@@H]1NC(=O)[C@@H](C)N(C)C(=O)[C@H]2CCCN2C(=O)[C@H](Cc2ccccc2)NC(=O)[C@H](CC(C)C)N(C)C(=O)[C@H]2CCCN2C(=O)[C@@H](CC(C)C)N(C)C1=O,1716.0,298.15,71.1257,39.4222,31.7035,6.4544,31.7035,58.6578,0.03233,159.75,1.07,20.421,1716.0,
L.dA.Cha.Cha.dP.F,CC(C)C[C@@H]1NC(=O)[C@H](Cc2ccccc2)NC(=O)[C@H]2CCCN2C(=O)[C@H](CC2CCCCC2)NC(=O)[C@H](CC2CCCCC2)NC(=O)[C@@H](C)NC1=O,3369.0,298.15,87.695,43.1631,44.5319,8.7755,44.5319,63.7028,0.045328,165.81,0.642,12.777,3369.0,
Me_Tza.3Pal.dP.PhPr_Gly.Nva(Ph).dF,CN1C(=O)[C@@H](Cc2ccccc2)NC(=O)[C@H](CCCc2ccccc2)NC(=O)CN(CCCc2ccccc2)C(=O)[C@H]2CCCN2C(=O)[C@H](Cc2cccnc2)NC(=O)[C@@H]1Cc1cscn1,2086.0,298.15,139.3843,100.6799,38.7044,8.1756,38.7044,128.827,0.035358,174.01,0.763,10.966,2086.0,
P.A.meL.bHph.P.meL.F,CC(C)C[C@H]1C(=O)N[C@@H](Cc2ccccc2)CC(=O)N2CCC[C@H]2C(=O)N(C)[C@@H](CC(C)C)C(=O)N[C@@H](Cc2ccccc2)C(=O)N2CCC[C@H]2C(=O)N[C@@H](C)C(=O)N1C,1564.0,298.15,79.1988,38.6425,40.5563,8.756,40.5563,56.737,0.039466,168.54,0.31,48.155,1564.0,
P.Me_dA.dL.bHph.dP.Bn_Gly.F,CC(C)C[C@H]1NC(=O)[C@@H](C)N(C)C(=O)[C@@H]2CCCN2C(=O)[C@H](Cc2ccccc2)NC(=O)CN(Cc2ccccc2)C(=O)[C@H]2CCCN2C(=O)C[C@H](Cc2ccccc2)NC1=O,962.0,298.15,108.2062,61.1299,47.0763,10.4665,47.0763,81.3226,0.045276,168.54,0.542,33.366,962.0,
F.3-pyridylethyl_Gly.meL.Nle.dP.Et_Gly,CCCC[C@@H]1NC(=O)[C@H](CC(C)C)N(C)C(=O)CN(CCc2cccnc2)C(=O)[C@H](Cc2ccccc2)NC(=O)CN(CC)C(=O)[C@H]2CCCN2C1=O,3666.0,298.15,96.4201,47.3713,49.0488,8.1792,49.0488,79.1372,0.05176,152.33,0.608,44.358,3666.0,
dP.Me_dA.Bn_Gly.bHph.dP.Bn_Gly.F,C[C@@H]1C(=O)N(Cc2ccccc2)CC(=O)N[C@@H](Cc2ccccc2)CC(=O)N2CCC[C@@H]2C(=O)N(Cc2ccccc2)CC(=O)N[C@@H](Cc2ccccc2)C(=O)N2CCC[C@@H]2C(=O)N1C,341.0,298.15,90.2214,54.2492,35.9722,7.5709,35.9722,67.4562,0.035141,159.75,0.362,36.274,341.0,
Nal.Bn_Gly.meL.Nle.dP.Et_Gly,CCCC[C@@H]1NC(=O)[C@H](CC(C)C)N(C)C(=O)CN(Cc2ccccc2)C(=O)[C@H](Cc2ccc3ccccc3c2)NC(=O)CN(CC)C(=O)[C@H]2CCCN2C1=O,4638.0,298.15,72.502,40.8556,31.6464,5.5924,31.6464,58.7623,0.033511,139.44,0.78,14.841,4638.0,
dP.dA.Me_dL.Bn_Gly.P.dL.F,CC(C)C[C@@H]1C(=O)N(Cc2ccccc2)CC(=O)N2CCC[C@H]2C(=O)N[C@H](CC(C)C)C(=O)N[C@@H](Cc2ccccc2)C(=O)N2CCC[C@@H]2C(=O)N[C@H](C)C(=O)N1C,1443.0,298.15,97.2205,49.6944,47.5261,10.2041,47.5261,72.9011,0.047191,168.54,0.302,62.173,1443.0,
Tyr(Me).dP.L.dP.dL.dL.L,COc1ccc(C[C@@H]2NC(=O)[C@H](CC(C)C)NC(=O)[C@@H](CC(C)C)NC(=O)[C@@H](CC(C)C)NC(=O)[C@H]3CCCN3C(=O)[C@H](CC(C)C)NC(=O)[C@H]3CCCN3C2=O)cc1,6567.0,298.15,98.9831,61.0754,37.9077,7.9044,37.9077,84.6764,0.035936,195.35,0.709,43.319,6567.0,
dP.Pr_Gly.L.meL.dP.meL.F,CCCN1CC(=O)N[C@@H](CC(C)C)C(=O)N(C)[C@@H](CC(C)C)C(=O)N2CCC[C@@H]2C(=O)N(C)[C@@H](CC(C)C)C(=O)N[C@@H](Cc2ccccc2)C(=O)N2CCC[C@@H]2C1=O,3339.0,298.15,62.8373,38.5453,24.292,4.9274,24.292,46.7508,0.024154,159.75,0.536,36.601,3339.0,
dP.dA.dL.L.dP.meL.F,CC(C)C[C@@H]1NC(=O)[C@@H](CC(C)C)NC(=O)[C@@H](C)NC(=O)[C@H]2CCCN2C(=O)[C@H](Cc2ccccc2)NC(=O)[C@H](CC(C)C)N(C)C(=O)[C@H]2CCCN2C1=O,1494.0,298.15,72.6995,44.9877,27.7118,5.8159,27.7118,57.8367,0.028426,177.33,0.39,63.754,1494.0,
dA.cHexCH2_Gly.dL.Nle.P.Mono1,CCCC[C@@H]1NC(=O)[C@@H](CC(C)C)NC(=O)CN(CC2CCCCC2)C(=O)[C@@H](C)NC(=O)CN(Cc2ccc3c(c2)OCO3)C(=O)[C@@H]2CCCN2C1=O,4418.0,298.15,161.7471,91.4391,70.308,15.4984,70.308,141.8727,0.068932,166.69,0.65,19.249,4418.0,
dP.dA.Me_dL.meL.P.Me_dL.F,CC(C)C[C@@H]1C(=O)N(C)[C@@H](CC(C)C)C(=O)N2CCC[C@H]2C(=O)N(C)[C@H](CC(C)C)C(=O)N[C@@H](Cc2ccccc2)C(=O)N2CCC[C@@H]2C(=O)N[C@H](C)C(=O)N1C,3365.0,298.15,77.7125,33.6175,44.095,6.7563,44.095,62.3065,0.044581,159.75,0.586,34.141,3365.0,
dP.dA.dL.dL.P.Bn_Gly.F,CC(C)C[C@H]1NC(=O)[C@@H](C)NC(=O)[C@H]2CCCN2C(=O)[C@H](Cc2ccccc2)NC(=O)CN(Cc2ccccc2)C(=O)[C@@H]2CCCN2C(=O)[C@@H](CC(C)C)NC1=O,922.0,298.15,107.4738,44.9794,62.4944,13.1728,62.4944,57.1202,0.061951,177.33,0.305,49.265,922.0,
bHph.dL.bHph.P.meL.F,CC(C)C[C@H]1NC(=O)C[C@H](Cc2ccccc2)NC(=O)[C@H](Cc2ccccc2)NC(=O)[C@H](CC(C)C)N(C)C(=O)[C@@H]2CCCN2C(=O)C[C@H](Cc2ccccc2)NC1=O,3022.0,298.15,84.9445,28.3884,56.5561,12.9358,56.5561,48.3492,0.054114,157.02,0.656,37.476,3022.0,
dP.bHph.meL.meL.P.Bn_Gly.F,CC(C)C[C@H]1C(=O)N(C)[C@@H](CC(C)C)C(=O)N2CCC[C@H]2C(=O)N(Cc2ccccc2)CC(=O)N[C@@H](Cc2ccccc2)C(=O)N2CCC[C@@H]2C(=O)N[C@@H](Cc2ccccc2)CC(=O)N1C,2802.0,298.15,77.0912,47.9532,29.138,6.6259,29.138,60.5776,0.026646,159.75,0.378,56.345,2802.0,
A.Me_dL.dL.dP.L.F,CC(C)C[C@@H]1NC(=O)[C@H]2CCCN2C(=O)[C@@H](CC(C)C)NC(=O)[C@@H](CC(C)C)N(C)C(=O)[C@H](C)NC(=O)[C@H](Cc2ccccc2)NC1=O,1042.0,298.15,96.5842,47.2749,49.3093,8.8737,49.3093,77.9664,0.054274,157.01999999999998,0.45,40.617,1042.0,
dP.Pr_Gly.Bn_Gly.L.dP.Me_dL.F,CCCN1CC(=O)N(Cc2ccccc2)CC(=O)N[C@@H](CC(C)C)C(=O)N2CCC[C@@H]2C(=O)N(C)[C@H](CC(C)C)C(=O)N[C@@H](Cc2ccccc2)C(=O)N2CCC[C@@H]2C1=O,4157.0,298.15,90.2434,53.9399,36.3035,8.9405,36.3035,62.0775,0.036388,159.75,0.934,6.764,4157.0,
P.Me_dA.Bn_Gly.meL.P.Bn_Gly.F,CC(C)C[C@H]1C(=O)N2CCC[C@H]2C(=O)N(Cc2ccccc2)CC(=O)N[C@@H](Cc2ccccc2)C(=O)N2CCC[C@H]2C(=O)N(C)[C@H](C)C(=O)N(Cc2ccccc2)CC(=O)N1C,1463.0,298.15,90.0135,48.5538,41.4597,9.6102,41.4597,78.3502,0.03997,150.96,0.675,26.303,1463.0,
P.Pr_Gly.Bn_Gly.L.dP.dL.F,CCCN1CC(=O)N(Cc2ccccc2)CC(=O)N[C@@H](CC(C)C)C(=O)N2CCC[C@@H]2C(=O)N[C@H](CC(C)C)C(=O)N[C@@H](Cc2ccccc2)C(=O)N2CCC[C@H]2C1=O,4035.0,298.15,103.3371,46.1448,57.1923,11.6176,57.1923,86.6977,0.055671,168.54,0.542,30.907,4035.0,
bHph.dL.bHph.P.Me_dL.F,CC(C)C[C@@H]1C(=O)N[C@@H](Cc2ccccc2)C(=O)N[C@@H](Cc2ccccc2)CC(=O)N[C@H](CC(C)C)C(=O)N[C@@H](Cc2ccccc2)CC(=O)N2CCC[C@H]2C(=O)N1C,1345.0,298.15,94.7884,27.1933,67.5951,10.2074,67.5951,72.8627,0.06426,157.02,0.57,45.353,1345.0,
dP.dA.Me_dL.Bn_Gly.dP.meL.F,CC(C)C[C@@H]1C(=O)N(Cc2ccccc2)CC(=O)N2CCC[C@@H]2C(=O)N(C)[C@@H](CC(C)C)C(=O)N[C@@H](Cc2ccccc2)C(=O)N2CCC[C@@H]2C(=O)N[C@H](C)C(=O)N1C,969.0,298.15,83.3923,55.1559,28.2364,4.4934,28.2364,69.9454,0.028911,159.75,0.578,14.341,969.0,
A.Me_dL.bHph.P.L.F,CC(C)C[C@@H]1NC(=O)[C@@H]2CCCN2C(=O)C[C@H](Cc2ccccc2)NC(=O)[C@@H](CC(C)C)N(C)C(=O)[C@H](C)NC(=O)[C@H](Cc2ccccc2)NC1=O,2460.0,298.15,119.2765,33.2719,86.0046,16.95,86.0046,84.4192,0.092643,157.01999999999998,0.303,66.416,2460.0,
meL.meL.dL.dP.P.Y,CC(C)C[C@H]1NC(=O)[C@H](CC(C)C)N(C)C(=O)[C@H](CC(C)C)N(C)C(=O)[C@H](Cc2ccc(O)cc2)NC(=O)[C@@H]2CCCN2C(=O)[C@H]2CCCN2C1=O,2535.0,298.15,106.8054,69.703,37.1024,6.9829,37.1024,81.3324,0.039262,159.67000000000002,0.737,20.419,2535.0,
P.bHph.L.dL.dP.meL.F,CC(C)C[C@@H]1NC(=O)C[C@H](Cc2ccccc2)NC(=O)[C@@H]2CCCN2C(=O)[C@H](Cc2ccccc2)NC(=O)[C@H](CC(C)C)N(C)C(=O)[C@H]2CCCN2C(=O)[C@@H](CC(C)C)NC1=O,3024.0,298.15,105.1349,61.6771,43.4578,10.8621,43.4578,98.6249,0.039693,177.33,0.223,83.856,3024.0,
bHph.meL.Me_dL.P.Bn_Gly.F,CC(C)C[C@@H]1C(=O)N2CCC[C@H]2C(=O)N(Cc2ccccc2)CC(=O)N[C@@H](Cc2ccccc2)C(=O)N[C@@H](Cc2ccccc2)CC(=O)N(C)[C@@H](CC(C)C)C(=O)N1C,659.0,298.15,74.8259,41.7516,33.0743,7.7075,33.0743,51.992,0.031806,139.44,0.38,62.261,659.0,
dP.dA.L.Me_dL.P.dL.F,CC(C)C[C@@H]1NC(=O)[C@@H](C)NC(=O)[C@H]2CCCN2C(=O)[C@H](Cc2ccccc2)NC(=O)[C@@H](CC(C)C)NC(=O)[C@@H]2CCCN2C(=O)[C@@H](CC(C)C)N(C)C1=O,2616.0,298.15,92.8303,46.5529,46.2774,11.0803,46.2774,64.5414,0.048267,177.33,0.683,6.892,2616.0,
meA.Me_dL.Bn_Gly.P.dL.F,CC(C)C[C@@H]1C(=O)N(Cc2ccccc2)CC(=O)N2CCC[C@H]2C(=O)N[C@H](CC(C)C)C(=O)N[C@@H](Cc2ccccc2)C(=O)N(C)[C@@H](C)C(=O)N1C,2292.0,298.15,94.4032,38.5635,55.8397,10.2782,55.8397,45.0003,0.060401,139.44,0.666,41.048,2292.0,
P.Pr_Gly.L.Bn_Gly.dP.meL.F,CCCN1CC(=O)N[C@@H](CC(C)C)C(=O)N(Cc2ccccc2)CC(=O)N2CCC[C@@H]2C(=O)N(C)[C@@H](CC(C)C)C(=O)N[C@@H](Cc2ccccc2)C(=O)N2CCC[C@H]2C1=O,2329.0,298.15,85.4058,55.6673,29.7385,6.1417,29.7385,74.8404,0.029205,159.75,0.575,38.058,2329.0,
Me_dA.dL.dL.dP.L.F,CC(C)C[C@@H]1NC(=O)[C@H]2CCCN2C(=O)[C@@H](CC(C)C)NC(=O)[C@@H](CC(C)C)NC(=O)[C@@H](C)N(C)C(=O)[C@H](Cc2ccccc2)NC1=O,924.0,298.15,90.2599,51.9276,38.3323,7.1166,38.3323,74.5229,0.042858,157.02,0.254,61.415,924.0,
P.Pr_Gly.L.bHph.P.Bn_Gly.F,CCCN1CC(=O)N[C@@H](CC(C)C)C(=O)N[C@@H](Cc2ccccc2)CC(=O)N2CCC[C@H]2C(=O)N(Cc2ccccc2)CC(=O)N[C@@H](Cc2ccccc2)C(=O)N2CCC[C@H]2C1=O,2312.0,298.15,97.332,51.1988,46.1332,12.864,46.1332,93.0423,0.04195,168.54,0.849,15.231,2312.0,
dP.bHph.L.Me_dL.P.meL.F,CC(C)C[C@@H]1NC(=O)C[C@H](Cc2ccccc2)NC(=O)[C@H]2CCCN2C(=O)[C@H](Cc2ccccc2)NC(=O)[C@H](CC(C)C)N(C)C(=O)[C@@H]2CCCN2C(=O)[C@@H](CC(C)C)N(C)C1=O,8047.0,298.15,90.717,41.1535,49.5635,9.7037,49.5635,59.0401,0.046452,168.54000000000002,0.195,71.285,8047.0,
dP.bHph.Bn_Gly.L.dP.Me_dL.F,CC(C)C[C@@H]1NC(=O)CN(Cc2ccccc2)C(=O)C[C@H](Cc2ccccc2)NC(=O)[C@H]2CCCN2C(=O)[C@H](Cc2ccccc2)NC(=O)[C@@H](CC(C)C)N(C)C(=O)[C@H]2CCCN2C1=O,3013.0,298.15,80.8263,33.5567,47.2696,10.5305,47.2696,65.913,0.043278,168.54,0.556,25.977,3013.0,
dP.dL.dL.dL.L.Y,CC(C)C[C@@H]1NC(=O)[C@@H](CC(C)C)NC(=O)[C@@H](CC(C)C)NC(=O)[C@@H](CC(C)C)NC(=O)[C@H]2CCCN2C(=O)[C@H](Cc2ccc(O)cc2)NC1=O,5167.0,298.15,124.3266,66.4167,57.9099,9.323,57.9099,100.6162,0.058256,186.04,0.293,56.485,5167.0,
dP.dPye.Cha.dL.Abu.L,CC[C@@H]1NC(=O)[C@@H](CC(C)C)NC(=O)[C@H](CC2CCCCC2)NC(=O)[C@@H](CCC(=O)N2CCCC2)NC(=O)[C@H]2CCCN2C(=O)[C@H](CC(C)C)NC1=O,1777.0,298.15,76.1821,49.6481,26.534,5.6831,26.534,56.3383,0.027469,186.12,0.365,32.114,1777.0,
dA.Me_dL.Bn_Gly.dP.dL.F,CC(C)C[C@@H]1C(=O)N(Cc2ccccc2)CC(=O)N2CCC[C@@H]2C(=O)N[C@H](CC(C)C)C(=O)N[C@@H](Cc2ccccc2)C(=O)N[C@H](C)C(=O)N1C,876.0,298.15,68.7671,50.2666,18.5005,4.106,18.5005,58.4762,0.02,148.23,0.458,61.393,876.0,
dA.meL.L.dP.meL.F,CC(C)C[C@@H]1NC(=O)[C@H](CC(C)C)N(C)C(=O)[C@@H](C)NC(=O)[C@H](Cc2ccccc2)NC(=O)[C@H](CC(C)C)N(C)C(=O)[C@H]2CCCN2C1=O,1400.0,298.15,83.3802,36.0099,47.3703,9.5669,47.3703,44.7506,0.052398,148.23000000000002,0.832,20.522,1400.0,
dP.Pr_Gly.dL.dL.P.Me_dL.F,CCCN1CC(=O)N[C@H](CC(C)C)C(=O)N[C@H](CC(C)C)C(=O)N2CCC[C@H]2C(=O)N(C)[C@H](CC(C)C)C(=O)N[C@@H](Cc2ccccc2)C(=O)N2CCC[C@@H]2C1=O,1499.0,298.15,78.9706,46.6138,32.3568,7.1145,32.3568,66.2683,0.031984,168.54,0.14,79.594,1499.0,
meA.Me_dL.L.P.Me_dL.F,CC(C)C[C@@H]1NC(=O)[C@@H](CC(C)C)N(C)C(=O)[C@H](C)N(C)C(=O)[C@H](Cc2ccccc2)NC(=O)[C@@H](CC(C)C)N(C)C(=O)[C@@H]2CCCN2C1=O,1932.0,298.15,70.4111,49.4643,20.9468,4.1239,20.9468,63.0774,0.023009,139.44,0.586,41.931,1932.0,
Mono14.A.meF.P.V.P,CC[C@@H](C)[C@@H]1NC(=O)[C@@H]2CCCN2C(=O)[C@H](C(C)C)NC(=O)[C@@H]2CCCN2C(=O)[C@H](Cc2ccccc2)N(C)C(=O)[C@H](C)NC(=O)c2csc1n2,781.0,298.15,149.8611,110.3684,39.4927,8.1633,39.4927,124.0964,0.045456,161.12,0.334,11.846,781.0,
meF.Me_Nle.Nle.P.Me_Nle.Mono100,CCCC[C@@H]1NC(=O)[C@H](CCCC)N(C)C(=O)[C@H](Cc2ccccc2)N(C)C(=O)CSC[C@@H](C(=O)NC)NC(=O)[C@H](CCCC)N(C)C(=O)[C@@H]2CCCN2C1=O,7487.0,298.15,126.7939,74.3778,52.4161,10.4577,52.4161,91.3915,0.050658,168.54,0.921,15.143,7487.0,
dP.bHph.dL.dL.P.dL.F,CC(C)C[C@H]1NC(=O)C[C@H](Cc2ccccc2)NC(=O)[C@H]2CCCN2C(=O)[C@H](Cc2ccccc2)NC(=O)[C@@H](CC(C)C)NC(=O)[C@@H]2CCCN2C(=O)[C@@H](CC(C)C)NC1=O,3458.0,298.15,82.4009,39.0678,43.3331,9.8046,43.3331,76.913,0.039661,186.12,0.249,44.842,3458.0,
Nal.3-pyridylethyl_Gly.meL.Nle.dP.Pr_Gly,CCCC[C@@H]1NC(=O)[C@H](CC(C)C)N(C)C(=O)CN(CCc2cccnc2)C(=O)[C@H](Cc2ccc3ccccc3c2)NC(=O)CN(CCC)C(=O)[C@H]2CCCN2C1=O,5874.0,298.15,91.9539,52.4697,39.4842,6.6386,39.4842,78.0492,0.038996,152.33,0.606,37.539,5874.0,
P.Sta.Me_dL.Me_dL.Sta.Me_dL,CC(C)C[C@@H]1NC(=O)[C@@H](CC(C)C)N(C)C(=O)[C@@H](CC(C)C)N(C)C(=O)C[C@H](O)[C@H](CC(C)C)NC(=O)[C@@H]2CCCN2C(=O)[C@@H](CC(C)C)N(C)C(=O)C[C@@H]1O,4622.0,298.15,99.9102,59.9676,39.9426,9.3011,39.9426,71.1428,0.037314,179.9,0.78,13.216,4622.0,
dP.dA.dL.Bn_Gly.P.Bn_Gly.F,CC(C)C[C@H]1NC(=O)[C@@H](C)NC(=O)[C@H]2CCCN2C(=O)[C@H](Cc2ccccc2)NC(=O)CN(Cc2ccccc2)C(=O)[C@@H]2CCCN2C(=O)CN(Cc2ccccc2)C1=O,525.0,298.15,103.2203,49.8095,53.4108,8.2384,53.4108,60.6064,0.053729,168.54000000000002,0.622,7.133,525.0,
P.Me_dA.meL.meL.dP.Me_dL.F,CC(C)C[C@@H]1C(=O)N[C@@H](Cc2ccccc2)C(=O)N2CCC[C@H]2C(=O)N(C)[C@H](C)C(=O)N(C)[C@@H](CC(C)C)C(=O)N(C)[C@@H](CC(C)C)C(=O)N2CCC[C@@H]2C(=O)N1C,1444.0,298.15,71.1054,35.4559,35.6495,7.574,35.6495,47.9804,0.036012,150.96,0.186,72.654,1444.0,
P.bHph.L.L.P.meL.F,CC(C)C[C@@H]1NC(=O)C[C@H](Cc2ccccc2)NC(=O)[C@@H]2CCCN2C(=O)[C@H](Cc2ccccc2)NC(=O)[C@H](CC(C)C)N(C)C(=O)[C@@H]2CCCN2C(=O)[C@H](CC(C)C)NC1=O,2180.0,298.15,78.4031,33.6224,44.7807,6.3553,44.7807,50.9722,0.043257,177.33,0.469,48.21,2180.0,
A.L.bHph.dP.meL.F,CC(C)C[C@@H]1NC(=O)[C@H](C)NC(=O)[C@H](Cc2ccccc2)NC(=O)[C@H](CC(C)C)N(C)C(=O)[C@H]2CCCN2C(=O)C[C@H](Cc2ccccc2)NC1=O,789.0,298.15,106.3252,32.5281,73.7971,16.9778,73.7971,45.1492,0.076896,157.02,0.524,64.359,789.0,
dP.dPye.Cha.dL.Phg.L,CC(C)C[C@@H]1NC(=O)[C@H](c2ccccc2)NC(=O)[C@@H](CC(C)C)NC(=O)[C@H](CC2CCCCC2)NC(=O)[C@@H](CCC(=O)N2CCCC2)NC(=O)[C@H]2CCCN2C1=O,1230.0,298.15,83.5109,48.7041,34.8068,7.0038,34.8068,56.6183,0.035054,186.12,0.641,16.983,1230.0,
dP.A.L.meL.dP.L.F,CC(C)C[C@@H]1NC(=O)[C@H]2CCCN2C(=O)[C@H](CC(C)C)N(C)C(=O)[C@H](CC(C)C)NC(=O)[C@H](C)NC(=O)[C@H]2CCCN2C(=O)[C@H](Cc2ccccc2)NC1=O,3328.0,298.15,93.118,39.4613,53.6567,8.7902,53.6567,57.9119,0.055668,177.32999999999998,0.949,6.583,3328.0,
P.dA.meL.meL.P.Me_dL.F,CC(C)C[C@@H]1C(=O)N[C@@H](Cc2ccccc2)C(=O)N2CCC[C@H]2C(=O)N[C@H](C)C(=O)N(C)[C@@H](CC(C)C)C(=O)N(C)[C@@H](CC(C)C)C(=O)N2CCC[C@H]2C(=O)N1C,3124.0,298.15,77.4516,51.3331,26.1185,5.2321,26.1185,71.6602,0.025408,159.75000000000003,0.849,27.376,3124.0,
P.A.Me_dL.dL.P.dL.F,CC(C)C[C@@H]1C(=O)N[C@H](CC(C)C)C(=O)N2CCC[C@H]2C(=O)N[C@H](CC(C)C)C(=O)N[C@@H](Cc2ccccc2)C(=O)N2CCC[C@H]2C(=O)N[C@@H](C)C(=O)N1C,3203.0,298.15,82.9981,42.3628,40.6353,9.1536,40.6353,65.9809,0.041284,177.33,0.136,86.395,3203.0,
dP.A.Me_dL.dL.dP.dL.F,CC(C)C[C@@H]1C(=O)N[C@H](CC(C)C)C(=O)N2CCC[C@@H]2C(=O)N[C@H](CC(C)C)C(=O)N[C@@H](Cc2ccccc2)C(=O)N2CCC[C@@H]2C(=O)N[C@@H](C)C(=O)N1C,3435.0,298.15,119.9878,49.565,70.4228,11.7815,70.4228,69.356,0.072659,177.33,0.681,32.035,3435.0,
meA.Bn_Gly.bHph.P.L.F,CC(C)C[C@@H]1NC(=O)[C@@H]2CCCN2C(=O)C[C@H](Cc2ccccc2)NC(=O)CN(Cc2ccccc2)C(=O)[C@H](C)N(C)C(=O)[C@H](Cc2ccccc2)NC1=O,534.0,298.15,101.8924,45.2897,56.6027,10.4548,56.6027,60.44,0.060532,148.23,0.352,46.666,534.0,
A.pentyl_Gly.meL.Nle.dP.iBu_Gly,CCCCCN1CC(=O)N(C)[C@@H](CC(C)C)C(=O)N[C@@H](CCCC)C(=O)N2CCC[C@@H]2C(=O)N(CC(C)C)CC(=O)N[C@@H](C)C1=O,5862.0,298.15,72.4602,42.493,29.9672,6.391,29.9672,68.8377,0.032561,139.44,0.865,19.563,5862.0,
dA.L.Me_dL.P.Bn_Gly.F,CC(C)C[C@@H]1NC(=O)[C@@H](C)NC(=O)[C@H](Cc2ccccc2)NC(=O)CN(Cc2ccccc2)C(=O)[C@@H]2CCCN2C(=O)[C@@H](CC(C)C)N(C)C1=O,1340.0,298.15,90.7002,49.7723,40.9279,9.2084,40.9279,60.1793,0.045622,148.23000000000002,0.404,39.808,1340.0,
bHph.Me_dL.bHph.dP.Me_dL.F,CC(C)C[C@@H]1C(=O)N[C@@H](Cc2ccccc2)CC(=O)N2CCC[C@@H]2C(=O)N(C)[C@H](CC(C)C)C(=O)N[C@@H](Cc2ccccc2)C(=O)N[C@@H](Cc2ccccc2)CC(=O)N1C,1463.0,298.15,82.2639,38.6624,43.6015,8.9586,43.6015,49.8314,0.041669,148.23,0.32,65.979,1463.0,
dP.Me_dA.Me_dL.Bn_Gly.dP.Bn_Gly.F,CC(C)C[C@@H]1C(=O)N(Cc2ccccc2)CC(=O)N2CCC[C@@H]2C(=O)N(Cc2ccccc2)CC(=O)N[C@@H](Cc2ccccc2)C(=O)N2CCC[C@@H]2C(=O)N(C)[C@H](C)C(=O)N1C,1943.0,298.15,89.1099,51.2599,37.85,9.0049,37.85,80.3689,0.037514,150.96,0.464,9.08,1943.0,
meA.meL.meL.P.Bn_Gly.F,CC(C)C[C@H]1C(=O)N(C)[C@@H](CC(C)C)C(=O)N2CCC[C@H]2C(=O)N(Cc2ccccc2)CC(=O)N[C@@H](Cc2ccccc2)C(=O)N(C)[C@@H](C)C(=O)N1C,772.0,298.15,77.0281,45.8729,31.1552,6.8799,31.1552,69.5254,0.034397,130.65,0.334,38.713,772.0,
dP.A.L.Me_dL.P.Me_dL.F,CC(C)C[C@@H]1NC(=O)[C@H](C)NC(=O)[C@H]2CCCN2C(=O)[C@H](Cc2ccccc2)NC(=O)[C@@H](CC(C)C)N(C)C(=O)[C@@H]2CCCN2C(=O)[C@@H](CC(C)C)N(C)C1=O,2199.0,298.15,87.1545,51.7322,35.4223,7.0505,35.4223,65.0897,0.035662,168.54000000000002,0.442,46.212,2199.0,
meA.Bn_Gly.Bn_Gly.dP.Bn_Gly.F,C[C@H]1C(=O)N(Cc2ccccc2)CC(=O)N(Cc2ccccc2)CC(=O)N2CCC[C@@H]2C(=O)N(Cc2ccccc2)CC(=O)N[C@@H](Cc2ccccc2)C(=O)N1C,251.0,298.15,92.3132,62.9548,29.3584,6.6517,29.3584,82.367,0.030745,130.65,0.429,41.733,251.0,
Me_dA.Me_dL.meL.dP.Bn_Gly.F,CC(C)C[C@@H]1C(=O)N(C)[C@@H](CC(C)C)C(=O)N2CCC[C@@H]2C(=O)N(Cc2ccccc2)CC(=O)N[C@@H](Cc2ccccc2)C(=O)N(C)[C@H](C)C(=O)N1C,1503.0,298.15,71.1095,33.8939,37.2156,7.5422,37.2156,55.295,0.038411,130.65,0.431,53.362,1503.0,
meV.d(N->O)Val.meV.d(N->O)Val.meV.d(N->O)Val,CC(C)[C@H]1C(=O)O[C@H](C(C)C)C(=O)N(C)[C@@H](C(C)C)C(=O)O[C@H](C(C)C)C(=O)N(C)[C@@H](C(C)C)C(=O)O[C@H](C(C)C)C(=O)N1C,552.0,298.15,64.6317,29.5325,35.0992,8.4302,35.0992,59.4716,0.042432,139.83000000000004,0.187,80.384,552.0,
dP.bHph.L.dL.dP.meL.F,CC(C)C[C@@H]1NC(=O)C[C@H](Cc2ccccc2)NC(=O)[C@H]2CCCN2C(=O)[C@H](Cc2ccccc2)NC(=O)[C@H](CC(C)C)N(C)C(=O)[C@H]2CCCN2C(=O)[C@@H](CC(C)C)NC1=O,1097.0,298.15,102.7798,58.774,44.0058,6.9541,44.0058,75.531,0.041222,177.33,0.125,87.251,1097.0,
dP.Pr_Gly.dL.meL.dP.L.F,CCCN1CC(=O)N[C@H](CC(C)C)C(=O)N(C)[C@@H](CC(C)C)C(=O)N2CCC[C@@H]2C(=O)N[C@@H](CC(C)C)C(=O)N[C@@H](Cc2ccccc2)C(=O)N2CCC[C@@H]2C1=O,1979.0,298.15,83.0742,40.2181,42.8561,9.4273,42.8561,45.5234,0.043711,168.54,0.091,89.622,1979.0,
Nal.Mono39.meL.Nle.dP.Mono1,CCCC[C@@H]1NC(=O)[C@H](CC(C)C)N(C)C(=O)CN(CCOc2ccccc2)C(=O)[C@H](Cc2ccc3ccccc3c2)NC(=O)CN(Cc2ccc3c(c2)OCO3)C(=O)[C@H]2CCCN2C1=O,6537.0,298.15,127.6016,65.8052,61.7964,14.8216,61.7964,81.8604,0.054564,167.13,0.677,27.372,6537.0,
dA.Me_dL.L.P.Me_dL.F,CC(C)C[C@@H]1NC(=O)[C@@H](CC(C)C)N(C)C(=O)[C@@H](C)NC(=O)[C@H](Cc2ccccc2)NC(=O)[C@@H](CC(C)C)N(C)C(=O)[C@@H]2CCCN2C1=O,2791.0,298.15,86.4168,38.671,47.7458,14.8736,47.7458,52.2303,0.052041,148.23000000000002,0.58,41.171,2791.0,
dP.A.dL.L.P.Bn_Gly.F,CC(C)C[C@@H]1NC(=O)[C@@H](CC(C)C)NC(=O)[C@H](C)NC(=O)[C@H]2CCCN2C(=O)[C@H](Cc2ccccc2)NC(=O)CN(Cc2ccccc2)C(=O)[C@@H]2CCCN2C1=O,2820.0,298.15,109.9197,50.9217,58.998,11.9907,58.998,62.0325,0.059532,177.33,0.531,30.274,2820.0,
meA.L.bHph.dP.Bn_Gly.F,CC(C)C[C@@H]1NC(=O)[C@H](C)N(C)C(=O)[C@H](Cc2ccccc2)NC(=O)CN(Cc2ccccc2)C(=O)[C@H]2CCCN2C(=O)C[C@H](Cc2ccccc2)NC1=O,581.0,298.15,90.7532,38.0573,52.6959,13.0653,52.6959,48.4658,0.054098,148.23,0.543,50.263,581.0,
P.dA.Bn_Gly.meL.P.Me_dL.F,CC(C)C[C@@H]1C(=O)N[C@@H](Cc2ccccc2)C(=O)N2CCC[C@H]2C(=O)N[C@H](C)C(=O)N(Cc2ccccc2)CC(=O)N(C)[C@@H](CC(C)C)C(=O)N2CCC[C@H]2C(=O)N1C,2396.0,298.15,94.3566,51.6754,42.6812,8.148,42.6812,68.6543,0.040982,159.75000000000003,0.49,51.271,2396.0,
Me_dA.Me_dL.L.dP.dL.F,CC(C)C[C@@H]1NC(=O)[C@@H](CC(C)C)N(C)C(=O)[C@@H](C)N(C)C(=O)[C@H](Cc2ccccc2)NC(=O)[C@@H](CC(C)C)NC(=O)[C@H]2CCCN2C1=O,2830.0,298.15,80.9171,31.8641,49.053,9.3566,49.053,57.7606,0.053757,148.23,0.627,32.263,2830.0,
A.Mono38.dL.Nle.dP.Et_Gly,CCCC[C@@H]1NC(=O)[C@@H](CC(C)C)NC(=O)CN(CC2CCOCC2)C(=O)[C@H](C)NC(=O)CN(CC)C(=O)[C@H]2CCCN2C1=O,3745.0,298.15,111.3015,71.4489,39.8526,6.4442,39.8526,100.5183,0.045738,157.46,0.846,5.07,3745.0,
P.bHph.meL.meL.dP.Bn_Gly.F,CC(C)C[C@H]1C(=O)N(C)[C@@H](CC(C)C)C(=O)N2CCC[C@@H]2C(=O)N(Cc2ccccc2)CC(=O)N[C@@H](Cc2ccccc2)C(=O)N2CCC[C@H]2C(=O)N[C@@H](Cc2ccccc2)CC(=O)N1C,2552.0,298.15,95.6031,52.4028,43.2003,8.4787,43.2003,88.8998,0.03831,159.75,0.297,61.814,2552.0,
dP.dA.L.dL.P.L.F,CC(C)C[C@@H]1NC(=O)[C@@H](C)NC(=O)[C@H]2CCCN2C(=O)[C@H](Cc2ccccc2)NC(=O)[C@H](CC(C)C)NC(=O)[C@@H]2CCCN2C(=O)[C@@H](CC(C)C)NC1=O,2402.0,298.15,96.0796,48.8448,47.2348,11.2862,47.2348,86.5718,0.048509,186.12,0.113,84.343,2402.0,
dP.Pr_Gly.Bn_Gly.Bn_Gly.P.Bn_Gly.F,CCCN1CC(=O)N(Cc2ccccc2)CC(=O)N(Cc2ccccc2)CC(=O)N2CCC[C@H]2C(=O)N(Cc2ccccc2)CC(=O)N[C@@H](Cc2ccccc2)C(=O)N2CCC[C@@H]2C1=O,361.0,298.15,87.4868,63.1458,24.341,6.9126,24.341,73.8332,0.0226,150.96,0.644,19.671,361.0,
dP.meA.L.Me_dL.dP.meL.F,CC(C)C[C@@H]1NC(=O)[C@H](C)N(C)C(=O)[C@H]2CCCN2C(=O)[C@H](Cc2ccccc2)NC(=O)[C@H](CC(C)C)N(C)C(=O)[C@H]2CCCN2C(=O)[C@@H](CC(C)C)N(C)C1=O,2008.0,298.15,82.4166,51.9025,30.5141,4.4825,30.5141,62.5033,0.031182,159.75,0.547,39.876,2008.0,
P.bHph.Me_dL.bHph.P.dL.F,CC(C)C[C@@H]1C(=O)N[C@@H](Cc2ccccc2)CC(=O)N2CCC[C@H]2C(=O)N[C@H](CC(C)C)C(=O)N[C@@H](Cc2ccccc2)C(=O)N2CCC[C@H]2C(=O)N[C@@H](Cc2ccccc2)CC(=O)N1C,5851.0,298.15,95.9136,44.1561,51.7575,11.9797,51.7575,52.8354,0.046792,177.33,0.338,63.766,5851.0,
dP.bHph.L.meL.dP.L.F,CC(C)C[C@@H]1NC(=O)[C@H]2CCCN2C(=O)[C@H](CC(C)C)N(C)C(=O)[C@H](CC(C)C)NC(=O)C[C@H](Cc2ccccc2)NC(=O)[C@H]2CCCN2C(=O)[C@H](Cc2ccccc2)NC1=O,2026.0,298.15,91.1408,42.145,48.9958,9.2932,48.9958,67.2488,0.049442,177.32999999999998,0.435,58.286,2026.0,
dP.bHph.Me_dL.Bn_Gly.dP.Me_dL.F,CC(C)C[C@@H]1C(=O)N(Cc2ccccc2)CC(=O)N2CCC[C@@H]2C(=O)N(C)[C@H](CC(C)C)C(=O)N[C@@H](Cc2ccccc2)C(=O)N2CCC[C@@H]2C(=O)N[C@@H](Cc2ccccc2)CC(=O)N1C,3935.0,298.15,82.8867,45.2359,37.6508,8.5609,37.6508,55.3543,0.034084,159.75,0.666,17.925,3935.0,
P.Me_dA.meL.bHph.dP.Me_dL.F,CC(C)C[C@@H]1C(=O)N[C@@H](Cc2ccccc2)C(=O)N2CCC[C@H]2C(=O)N(C)[C@H](C)C(=O)N(C)[C@@H](CC(C)C)C(=O)N[C@@H](Cc2ccccc2)CC(=O)N2CCC[C@@H]2C(=O)N1C,3592.0,298.15,94.6868,35.0845,59.6023,13.6892,59.6023,86.0263,0.05642,159.75,0.662,36.431,3592.0,
A.L.L.dP.L.F,CC(C)C[C@@H]1NC(=O)[C@H](C)NC(=O)[C@H](Cc2ccccc2)NC(=O)[C@H](CC(C)C)NC(=O)[C@H]2CCCN2C(=O)[C@H](CC(C)C)NC1=O,1652.0,298.15,85.3017,62.4925,22.8092,4.9423,22.8092,69.3501,0.0253,165.81,0.261,72.169,1652.0,
L.Me_dAbu.meL.L.dP.meF,CC[C@@H]1C(=O)N(C)[C@@H](CC(C)C)C(=O)N[C@@H](CC(C)C)C(=O)N2CCC[C@@H]2C(=O)N(C)[C@@H](Cc2ccccc2)C(=O)N[C@@H](CC(C)C)C(=O)N1C,3711.0,298.15,77.464,30.7267,46.7373,9.093,46.7373,49.9063,0.049103,139.44,0.436,53.297,3711.0,
dA.dL.dL.P.dL.F,CC(C)C[C@H]1NC(=O)[C@@H](C)NC(=O)[C@H](Cc2ccccc2)NC(=O)[C@@H](CC(C)C)NC(=O)[C@@H]2CCCN2C(=O)[C@@H](CC(C)C)NC1=O,2596.0,298.15,98.5969,52.4247,46.1722,7.4886,46.1722,74.8627,0.051635,165.81,0.485,42.062,2596.0,
P.Me_dA.L.bHph.dP.Bn_Gly.F,CC(C)C[C@@H]1NC(=O)[C@@H](C)N(C)C(=O)[C@@H]2CCCN2C(=O)[C@H](Cc2ccccc2)NC(=O)CN(Cc2ccccc2)C(=O)[C@H]2CCCN2C(=O)C[C@H](Cc2ccccc2)NC1=O,1546.0,298.15,117.561,54.516,63.045,16.5644,63.045,73.9102,0.063029,168.54,0.494,22.169,1546.0,
dP.A.Me_dL.L.dP.L.F,CC(C)C[C@@H]1NC(=O)[C@H]2CCCN2C(=O)[C@H](CC(C)C)NC(=O)[C@@H](CC(C)C)N(C)C(=O)[C@H](C)NC(=O)[C@H]2CCCN2C(=O)[C@H](Cc2ccccc2)NC1=O,3131.0,298.15,83.5091,49.9988,33.5103,8.1709,33.5103,72.8278,0.033305,177.32999999999998,0.419,55.77,3131.0,
A.Me_dL.dL.P.Bn_Gly.F,CC(C)C[C@@H]1C(=O)N[C@H](CC(C)C)C(=O)N2CCC[C@H]2C(=O)N(Cc2ccccc2)CC(=O)N[C@@H](Cc2ccccc2)C(=O)N[C@@H](C)C(=O)N1C,1193.0,298.15,82.3624,39.0429,43.3195,12.0311,43.3195,49.96,0.046388,148.23,0.64,17.952,1193.0,
bHph.Bn_Gly.bHph.P.L.F,CC(C)C[C@@H]1NC(=O)[C@@H]2CCCN2C(=O)C[C@H](Cc2ccccc2)NC(=O)CN(Cc2ccccc2)C(=O)C[C@H](Cc2ccccc2)NC(=O)[C@H](Cc2ccccc2)NC1=O,685.0,298.15,85.9939,38.298,47.6959,9.8219,47.6959,61.9821,0.045587,157.01999999999998,0.618,25.493,685.0,
dP.meA.L.meL.P.dL.F,CC(C)C[C@@H]1NC(=O)[C@H](C)N(C)C(=O)[C@H]2CCCN2C(=O)[C@H](Cc2ccccc2)NC(=O)[C@@H](CC(C)C)NC(=O)[C@@H]2CCCN2C(=O)[C@H](CC(C)C)N(C)C1=O,5523.0,298.15,99.9337,63.9975,35.9362,7.1671,35.9362,77.7364,0.036967,168.54,0.655,5.251,5523.0,
dP.bHph.dL.Bn_Gly.P.dL.F,CC(C)C[C@H]1NC(=O)[C@@H]2CCCN2C(=O)CN(Cc2ccccc2)C(=O)[C@@H](CC(C)C)NC(=O)C[C@H](Cc2ccccc2)NC(=O)[C@H]2CCCN2C(=O)[C@H](Cc2ccccc2)NC1=O,2390.0,298.15,98.0785,46.4287,51.6498,10.7217,51.6498,70.6857,0.048007,177.32999999999998,0.746,24.083,2390.0,
meA.dL.Me_dL.dP.Bn_Gly.F,CC(C)C[C@@H]1C(=O)N2CCC[C@@H]2C(=O)N(Cc2ccccc2)CC(=O)N[C@@H](Cc2ccccc2)C(=O)N(C)[C@@H](C)C(=O)N[C@H](CC(C)C)C(=O)N1C,517.0,298.15,71.7177,47.0228,24.6949,4.7656,24.6949,61.1496,0.026665,139.44,0.566,36.361,517.0,
meA.L.meL.dP.L.F,CC(C)C[C@@H]1NC(=O)[C@H]2CCCN2C(=O)[C@H](CC(C)C)N(C)C(=O)[C@H](CC(C)C)NC(=O)[C@H](C)N(C)C(=O)[C@H](Cc2ccccc2)NC1=O,1318.0,298.15,83.7789,48.5099,35.269,7.5747,35.269,74.9512,0.039698,148.23,0.241,64.361,1318.0,
Tyr(Me).P.dL.dL.dL.dL,COc1ccc(C[C@@H]2NC(=O)[C@@H](CC(C)C)NC(=O)[C@@H](CC(C)C)NC(=O)[C@@H](CC(C)C)NC(=O)[C@@H](CC(C)C)NC(=O)[C@@H]3CCCN3C2=O)cc1,2227.0,298.15,116.6188,61.0676,55.5512,11.5953,55.5512,71.8014,0.059678,175.04,0.088,91.774,2227.0,
meA.Mono67.d(N->O)aIle.dA.Me_dF.Sar.I,CCC[C@H](C)[C@H]1OC(=O)[C@H](C)N(C)C(=O)[C@H]([C@@H](C)CC)NC(=O)CN(C)C(=O)[C@@H](Cc2ccccc2)N(C)C(=O)[C@@H](C)NC(=O)[C@@H]([C@@H](C)CC)OC(=O)/C(C)=C/C[C@H](O)[C@@H]1C,4916.0,298.15,114.7426,54.9764,59.7662,12.8924,59.7662,98.3114,0.056977,191.95999999999998,0.689,14.049,4916.0,
dP.meA.Bn_Gly.bHph.P.meL.F,CC(C)C[C@H]1C(=O)N[C@@H](Cc2ccccc2)C(=O)N2CCC[C@@H]2C(=O)N(C)[C@@H](C)C(=O)N(Cc2ccccc2)CC(=O)N[C@@H](Cc2ccccc2)CC(=O)N2CCC[C@H]2C(=O)N1C,1291.0,298.15,78.9105,37.7658,41.1447,8.965,41.1447,63.4935,0.037911,159.75,0.422,30.834,1291.0,
A.Me_dL.L.dP.Me_dL.F,CC(C)C[C@@H]1NC(=O)[C@@H](CC(C)C)N(C)C(=O)[C@H](C)NC(=O)[C@H](Cc2ccccc2)NC(=O)[C@@H](CC(C)C)N(C)C(=O)[C@H]2CCCN2C1=O,1202.0,298.15,76.1112,39.1786,36.9326,5.5285,36.9326,53.4512,0.039692,148.23000000000002,0.535,38.86,1202.0,
A.L.dL.P.dL.F,CC(C)C[C@@H]1NC(=O)[C@H](C)NC(=O)[C@H](Cc2ccccc2)NC(=O)[C@@H](CC(C)C)NC(=O)[C@@H]2CCCN2C(=O)[C@@H](CC(C)C)NC1=O,1942.0,298.15,87.7824,51.9394,35.843,6.8254,35.843,75.2691,0.039767,165.81,0.173,52.862,1942.0,
L.Me_dL.meL.L.dP.Bn(4-OH)_Gly,CC(C)C[C@@H]1NC(=O)CN(Cc2ccc(O)cc2)C(=O)[C@H]2CCCN2C(=O)[C@H](CC(C)C)NC(=O)[C@H](CC(C)C)N(C)C(=O)[C@@H](CC(C)C)N(C)C1=O,4234.0,298.15,124.57,70.1664,54.4036,9.0214,54.4036,93.4183,0.055298,159.67000000000002,0.686,28.538,4234.0,
L.PhPr_Gly.meL.Nle.dP.Mono45,CCCC[C@@H]1NC(=O)[C@H](CC(C)C)N(C)C(=O)CN(CCCc2ccccc2)C(=O)[C@H](CC(C)C)NC(=O)CN(Cc2ccccc2Cn2cccn2)C(=O)[C@H]2CCCN2C1=O,5742.0,298.15,86.2284,35.2903,50.9381,14.174,50.9381,41.6159,0.046933,157.26,0.314,56.592,5742.0,
A.Mono38.meL.Nle.P.Et_Gly,CCCC[C@@H]1NC(=O)[C@H](CC(C)C)N(C)C(=O)CN(CC2CCOCC2)C(=O)[C@H](C)NC(=O)CN(CC)C(=O)[C@@H]2CCCN2C1=O,4007.0,298.15,116.2358,69.0704,47.1654,10.0218,47.1654,83.4076,0.051174,148.67000000000002,0.881,14.039,4007.0,
P.Me_dA.meL.Bn_Gly.dP.Me_dL.F,CC(C)C[C@@H]1C(=O)N[C@@H](Cc2ccccc2)C(=O)N2CCC[C@H]2C(=O)N(C)[C@H](C)C(=O)N(C)[C@@H](CC(C)C)C(=O)N(Cc2ccccc2)CC(=O)N2CCC[C@@H]2C(=O)N1C,1560.0,298.15,75.0129,34.5249,40.488,4.6472,40.488,68.429,0.039897,150.96,0.328,63.204,1560.0,
meA.L.Me_dL.P.Bn_Gly.F,CC(C)C[C@@H]1NC(=O)[C@H](C)N(C)C(=O)[C@H](Cc2ccccc2)NC(=O)CN(Cc2ccccc2)C(=O)[C@@H]2CCCN2C(=O)[C@@H](CC(C)C)N(C)C1=O,4099.0,298.15,83.7076,47.1107,36.5969,8.6908,36.5969,62.6123,0.037603,139.44,1.056,7.134,4099.0,
dP.meA.Bn_Gly.bHph.P.dL.F,CC(C)C[C@H]1NC(=O)[C@@H]2CCCN2C(=O)C[C@H](Cc2ccccc2)NC(=O)CN(Cc2ccccc2)C(=O)[C@H](C)N(C)C(=O)[C@H]2CCCN2C(=O)[C@H](Cc2ccccc2)NC1=O,653.0,298.15,81.2166,52.5714,28.6452,6.7843,28.6452,62.1908,0.027503,168.54,0.387,20.336,653.0,
bHph.meL.bHph.dP.Me_dL.F,CC(C)C[C@@H]1C(=O)N[C@@H](Cc2ccccc2)C(=O)N[C@@H](Cc2ccccc2)CC(=O)N(C)[C@@H](CC(C)C)C(=O)N[C@@H](Cc2ccccc2)CC(=O)N2CCC[C@@H]2C(=O)N1C,2336.0,298.15,75.0949,31.4251,43.6698,9.9758,43.6698,51.6725,0.042376,148.23000000000002,0.36,55.171,2336.0,
L.Me_dF.meL.L.dP.meY,CC(C)C[C@@H]1NC(=O)[C@H](Cc2ccc(O)cc2)N(C)C(=O)[C@H]2CCCN2C(=O)[C@H](CC(C)C)NC(=O)[C@H](CC(C)C)N(C)C(=O)[C@@H](Cc2ccccc2)N(C)C1=O,3605.0,298.15,103.0783,57.599,45.4793,8.6844,45.4793,81.8564,0.045443,159.67,0.638,40.598,3605.0,
dP.dA.Me_dL.bHph.dP.meL.F,CC(C)C[C@@H]1C(=O)N[C@@H](Cc2ccccc2)CC(=O)N2CCC[C@@H]2C(=O)N(C)[C@@H](CC(C)C)C(=O)N[C@@H](Cc2ccccc2)C(=O)N2CCC[C@@H]2C(=O)N[C@H](C)C(=O)N1C,1387.0,298.15,80.1373,37.9718,42.1655,9.2134,42.1655,50.8746,0.042471,168.54,1.067,18.868,1387.0,
dA.meL.bHph.dP.meL.F,CC(C)C[C@H]1C(=O)N[C@@H](Cc2ccccc2)C(=O)N[C@H](C)C(=O)N(C)[C@@H](CC(C)C)C(=O)N[C@@H](Cc2ccccc2)CC(=O)N2CCC[C@@H]2C(=O)N1C,763.0,298.15,71.1466,33.4096,37.737,5.6836,37.737,41.6051,0.039297,148.23000000000002,0.778,43.747,763.0,
A.dL.dL.P.Me_dL.F,CC(C)C[C@@H]1C(=O)N[C@@H](Cc2ccccc2)C(=O)N[C@@H](C)C(=O)N[C@H](CC(C)C)C(=O)N[C@H](CC(C)C)C(=O)N2CCC[C@H]2C(=O)N1C,2257.0,298.15,110.0192,48.4899,61.5293,9.4778,61.5293,59.6894,0.066449,157.02,0.265,47.05,2257.0,
P.Me_dA.meL.Bn_Gly.P.meL.F,CC(C)C[C@H]1C(=O)N(Cc2ccccc2)CC(=O)N2CCC[C@H]2C(=O)N(C)[C@@H](CC(C)C)C(=O)N[C@@H](Cc2ccccc2)C(=O)N2CCC[C@H]2C(=O)N(C)[C@H](C)C(=O)N1C,1255.0,298.15,81.8919,43.6358,38.2561,7.9179,38.2561,70.1527,0.037172,150.96,0.506,42.216,1255.0,
dP.meA.L.Me_dL.P.L.F,CC(C)C[C@@H]1NC(=O)[C@@H]2CCCN2C(=O)[C@@H](CC(C)C)N(C)C(=O)[C@H](CC(C)C)NC(=O)[C@H](C)N(C)C(=O)[C@H]2CCCN2C(=O)[C@H](Cc2ccccc2)NC1=O,3395.0,298.15,102.2187,54.6662,47.5525,13.0517,47.5525,59.4643,0.050624,168.54,0.299,66.699,3395.0,
bHph.L.bHph.P.meL.F,CC(C)C[C@@H]1NC(=O)C[C@H](Cc2ccccc2)NC(=O)[C@H](Cc2ccccc2)NC(=O)[C@H](CC(C)C)N(C)C(=O)[C@@H]2CCCN2C(=O)C[C@H](Cc2ccccc2)NC1=O,1243.0,298.15,88.0279,30.1703,57.8576,12.0726,57.8576,57.2642,0.05645,157.02,0.43,62.751,1243.0,
A.meL.bHph.P.meL.F,CC(C)C[C@H]1C(=O)N[C@@H](Cc2ccccc2)CC(=O)N2CCC[C@H]2C(=O)N(C)[C@@H](CC(C)C)C(=O)N[C@@H](Cc2ccccc2)C(=O)N[C@@H](C)C(=O)N1C,2020.0,298.15,85.9898,31.0965,54.8933,9.9353,54.8933,63.1835,0.058287,148.23,0.277,62.342,2020.0,
A.L.bHph.dP.Me_dL.F,CC(C)C[C@@H]1NC(=O)[C@H](C)NC(=O)[C@H](Cc2ccccc2)NC(=O)[C@@H](CC(C)C)N(C)C(=O)[C@H]2CCCN2C(=O)C[C@H](Cc2ccccc2)NC1=O,2214.0,298.15,85.8213,26.4244,59.3969,14.3721,59.3969,46.143,0.06515,157.02,0.351,70.145,2214.0,
P.meA.dL.bHph.P.meL.F,CC(C)C[C@H]1NC(=O)[C@H](C)N(C)C(=O)[C@@H]2CCCN2C(=O)[C@H](Cc2ccccc2)NC(=O)[C@H](CC(C)C)N(C)C(=O)[C@@H]2CCCN2C(=O)C[C@H](Cc2ccccc2)NC1=O,2463.0,298.15,99.3951,44.2369,55.1582,11.6256,55.1582,61.834,0.055062,168.54,0.436,41.175,2463.0,
P.bHph.meL.Bn_Gly.dP.L.F,CC(C)C[C@@H]1NC(=O)[C@H]2CCCN2C(=O)CN(Cc2ccccc2)C(=O)[C@H](CC(C)C)N(C)C(=O)C[C@H](Cc2ccccc2)NC(=O)[C@@H]2CCCN2C(=O)[C@H](Cc2ccccc2)NC1=O,2011.0,298.15,89.7562,47.5748,42.1814,7.8702,42.1814,67.7178,0.040837,168.54,0.286,68.359,2011.0,
P.Pr_Gly.dL.bHph.P.meL.F,CCCN1CC(=O)N[C@H](CC(C)C)C(=O)N[C@@H](Cc2ccccc2)CC(=O)N2CCC[C@H]2C(=O)N(C)[C@@H](CC(C)C)C(=O)N[C@@H](Cc2ccccc2)C(=O)N2CCC[C@H]2C1=O,3427.0,298.15,110.7086,60.0104,50.6982,10.7685,50.6982,83.8055,0.048411,168.54,0.368,50.957,3427.0,
P.bHph.dL.dL.P.L.F,CC(C)C[C@@H]1NC(=O)[C@@H]2CCCN2C(=O)[C@@H](CC(C)C)NC(=O)[C@@H](CC(C)C)NC(=O)C[C@H](Cc2ccccc2)NC(=O)[C@@H]2CCCN2C(=O)[C@H](Cc2ccccc2)NC1=O,1762.0,298.15,94.8229,45.8657,48.9572,8.3323,48.9572,58.5113,0.047323,186.12,0.374,72.125,1762.0,
dA.Me_dL.L.P.meL.F,CC(C)C[C@@H]1NC(=O)[C@@H](CC(C)C)N(C)C(=O)[C@@H](C)NC(=O)[C@H](Cc2ccccc2)NC(=O)[C@H](CC(C)C)N(C)C(=O)[C@@H]2CCCN2C1=O,2889.0,298.15,94.6391,37.5054,57.1337,12.8311,57.1337,60.7202,0.06192,148.23000000000002,0.529,28.75,2889.0,
P.Pr_Gly.L.dL.P.dL.F,CCCN1CC(=O)N[C@@H](CC(C)C)C(=O)N[C@H](CC(C)C)C(=O)N2CCC[C@H]2C(=O)N[C@H](CC(C)C)C(=O)N[C@@H](Cc2ccccc2)C(=O)N2CCC[C@H]2C1=O,8589.0,298.15,106.6773,58.2204,48.4569,9.6355,48.4569,99.6699,0.04819,177.32999999999998,0.467,66.331,8589.0,
bHph.Bn_Gly.Bn_Gly.dP.Bn_Gly.F,O=C1CN(Cc2ccccc2)C(=O)[C@H]2CCCN2C(=O)CN(Cc2ccccc2)C(=O)CN(Cc2ccccc2)C(=O)C[C@H](Cc2ccccc2)NC(=O)[C@H](Cc2ccccc2)N1,192.0,298.15,98.9582,41.339,57.6192,11.0132,57.6192,55.2838,0.060072,139.44,0.731,44.104,192.0,
A.Bn_Gly.meL.Nle.dP.Mono42,CCCC[C@@H]1NC(=O)[C@H](CC(C)C)N(C)C(=O)CN(Cc2ccccc2)C(=O)[C@H](C)NC(=O)CN(CCN2CCOCC2)C(=O)[C@H]2CCCN2C1=O,3567.0,298.15,106.6333,66.6618,39.9715,7.2244,39.9715,81.4905,0.040257,151.91,0.436,28.397,3567.0,
dP.meA.Bn_Gly.bHph.P.Bn_Gly.F,C[C@H]1C(=O)N(Cc2ccccc2)CC(=O)N[C@@H](Cc2ccccc2)CC(=O)N2CCC[C@H]2C(=O)N(Cc2ccccc2)CC(=O)N[C@@H](Cc2ccccc2)C(=O)N2CCC[C@@H]2C(=O)N1C,494.0,298.15,94.6351,62.1933,32.4418,6.7585,32.4418,73.2948,0.031359,159.75,0.382,44.177,494.0,
A.Mono38.L.Nle.dP.Et_Gly,CCCC[C@@H]1NC(=O)[C@H](CC(C)C)NC(=O)CN(CC2CCOCC2)C(=O)[C@H](C)NC(=O)CN(CC)C(=O)[C@H]2CCCN2C1=O,4090.0,298.15,127.5492,72.1963,55.3529,8.8089,55.3529,92.6337,0.062962,157.46,0.828,12.148,4090.0,
P.Me_dA.Bn_Gly.Bn_Gly.dP.L.F,CC(C)C[C@@H]1NC(=O)[C@H]2CCCN2C(=O)CN(Cc2ccccc2)C(=O)CN(Cc2ccccc2)C(=O)[C@@H](C)N(C)C(=O)[C@@H]2CCCN2C(=O)[C@H](Cc2ccccc2)NC1=O,1287.0,298.15,93.0045,56.1657,36.8388,8.6372,36.8388,83.5929,0.03535,159.75,0.48,13.371,1287.0,
dP.bHph.dL.Me_dL.P.dL.F,CC(C)C[C@@H]1C(=O)N2CCC[C@H]2C(=O)N[C@H](CC(C)C)C(=O)N[C@@H](Cc2ccccc2)C(=O)N2CCC[C@@H]2C(=O)N[C@@H](Cc2ccccc2)CC(=O)N[C@H](CC(C)C)C(=O)N1C,2739.0,298.15,86.3703,30.6217,55.7486,10.6647,55.7486,75.4718,0.052735,177.33,0.268,71.255,2739.0,
dP.meA.dL.dL.dP.Me_dL.F,CC(C)C[C@@H]1C(=O)N[C@@H](Cc2ccccc2)C(=O)N2CCC[C@@H]2C(=O)N(C)[C@@H](C)C(=O)N[C@H](CC(C)C)C(=O)N[C@H](CC(C)C)C(=O)N2CCC[C@@H]2C(=O)N1C,2437.0,298.15,85.6336,40.2442,45.3894,8.4926,45.3894,57.377,0.047055,168.54,0.151,76.965,2437.0,
P.Pr_Gly.Bn_Gly.meL.P.meL.F,CCCN1CC(=O)N(Cc2ccccc2)CC(=O)N(C)[C@@H](CC(C)C)C(=O)N2CCC[C@H]2C(=O)N(C)[C@@H](CC(C)C)C(=O)N[C@@H](Cc2ccccc2)C(=O)N2CCC[C@H]2C1=O,4021.0,298.15,88.5385,55.8227,32.7158,6.9521,32.7158,80.9602,0.031997,150.96,0.644,39.906,4021.0,
P.A.Me_dL.dL.dP.Bn_Gly.F,CC(C)C[C@@H]1C(=O)N[C@H](CC(C)C)C(=O)N2CCC[C@@H]2C(=O)N(Cc2ccccc2)CC(=O)N[C@@H](Cc2ccccc2)C(=O)N2CCC[C@H]2C(=O)N[C@@H](C)C(=O)N1C,829.0,298.15,91.0127,70.0854,20.9273,5.255,20.9273,87.5914,0.021247,168.54,0.685,20.306,829.0,
dP.Sta.Me_dL.meL.Sta.meL,CC(C)C[C@@H]1NC(=O)[C@H]2CCCN2C(=O)[C@H](CC(C)C)N(C)C(=O)C[C@H](O)[C@H](CC(C)C)NC(=O)[C@H](CC(C)C)N(C)C(=O)[C@@H](CC(C)C)N(C)C(=O)C[C@@H]1O,5764.0,298.15,111.5544,65.5063,46.0481,9.4344,46.0481,81.3331,0.042282,179.9,0.549,47.591,5764.0,
P.meA.L.L.P.Bn_Gly.F,CC(C)C[C@@H]1NC(=O)[C@H](C)N(C)C(=O)[C@@H]2CCCN2C(=O)[C@H](Cc2ccccc2)NC(=O)CN(Cc2ccccc2)C(=O)[C@@H]2CCCN2C(=O)[C@H](CC(C)C)NC1=O,1188.0,298.15,113.3725,76.0646,37.3079,9.266,37.3079,106.9584,0.037996,168.54,0.415,47.229,1188.0,
P.S.dL.F.F.A,CC(C)C[C@H]1NC(=O)[C@H](CO)NC(=O)[C@@H]2CCCN2C(=O)[C@H](C)NC(=O)[C@H](Cc2ccccc2)NC(=O)[C@H](Cc2ccccc2)NC1=O,475.0,298.15,121.452,81.0945,40.3575,7.5707,40.3575,101.5966,0.046967,186.04,0.617,43.737,475.0,
L.dP.meL.A.cHexCH2_Gly.A.dP.meL.A.Et_Gly,CCN1CC(=O)N[C@@H](CC(C)C)C(=O)N2CCC[C@@H]2C(=O)N(C)[C@@H](CC(C)C)C(=O)N[C@@H](C)C(=O)N(CC2CCCCC2)CC(=O)N[C@@H](C)C(=O)N2CCC[C@@H]2C(=O)N(C)[C@@H](CC(C)C)C(=O)N[C@@H](C)C1=O,3626.0,298.15,88.8095,39.8196,48.9899,14.614,48.9899,50.1503,0.038685,238.26,1.064,8.142,3626.0,
P.Me_dA.L.meL.P.dL.F,CC(C)C[C@@H]1NC(=O)[C@@H](C)N(C)C(=O)[C@@H]2CCCN2C(=O)[C@H](Cc2ccccc2)NC(=O)[C@@H](CC(C)C)NC(=O)[C@@H]2CCCN2C(=O)[C@H](CC(C)C)N(C)C1=O,2463.0,298.15,89.7314,55.8644,33.867,7.8865,33.867,69.843,0.033756,168.54,0.376,63.965,2463.0,
P.dA.meL.bHph.P.meL.F,CC(C)C[C@H]1C(=O)N[C@@H](Cc2ccccc2)CC(=O)N2CCC[C@H]2C(=O)N(C)[C@@H](CC(C)C)C(=O)N[C@@H](Cc2ccccc2)C(=O)N2CCC[C@H]2C(=O)N[C@H](C)C(=O)N1C,2672.0,298.15,99.0699,59.2786,39.7913,7.5148,39.7913,79.54,0.039314,168.54,1.034,9.312,2672.0,
bHph.meL.L.P.L.F,CC(C)C[C@@H]1NC(=O)[C@@H]2CCCN2C(=O)[C@H](CC(C)C)NC(=O)[C@H](CC(C)C)N(C)C(=O)C[C@H](Cc2ccccc2)NC(=O)[C@H](Cc2ccccc2)NC1=O,4612.0,298.15,85.1188,44.3334,40.7854,9.4703,40.7854,58.1222,0.042363,157.01999999999998,0.325,51.631,4612.0,
A.Me_dL.L.dP.meL.F,CC(C)C[C@@H]1NC(=O)[C@@H](CC(C)C)N(C)C(=O)[C@H](C)NC(=O)[C@H](Cc2ccccc2)NC(=O)[C@H](CC(C)C)N(C)C(=O)[C@H]2CCCN2C1=O,2514.0,298.15,89.9715,45.9277,44.0438,8.8189,44.0438,57.0074,0.047801,148.23000000000002,0.51,41.502,2514.0,
dP.Me_dA.L.dL.P.Me_dL.F,CC(C)C[C@@H]1NC(=O)[C@@H](C)N(C)C(=O)[C@H]2CCCN2C(=O)[C@H](Cc2ccccc2)NC(=O)[C@@H](CC(C)C)N(C)C(=O)[C@@H]2CCCN2C(=O)[C@@H](CC(C)C)NC1=O,751.0,298.15,80.1705,39.1109,41.0596,8.6096,41.0596,65.7763,0.04354,168.54,0.147,80.591,751.0,
P.dA.dL.bHph.dP.meL.F,CC(C)C[C@H]1NC(=O)[C@@H](C)NC(=O)[C@@H]2CCCN2C(=O)[C@H](Cc2ccccc2)NC(=O)[C@H](CC(C)C)N(C)C(=O)[C@H]2CCCN2C(=O)C[C@H](Cc2ccccc2)NC1=O,1275.0,298.15,96.8721,58.2007,38.6714,10.75,38.6714,70.2616,0.038527,177.33,0.326,52.0,1275.0,
P.bHph.dL.bHph.dP.L.F,CC(C)C[C@@H]1NC(=O)[C@H]2CCCN2C(=O)C[C@H](Cc2ccccc2)NC(=O)[C@@H](CC(C)C)NC(=O)C[C@H](Cc2ccccc2)NC(=O)[C@@H]2CCCN2C(=O)[C@H](Cc2ccccc2)NC1=O,1781.0,298.15,80.4749,38.7998,41.6751,8.236,41.6751,63.1318,0.038771,186.12,0.46,45.727,1781.0,
dP.A.Me_dL.meL.dP.dL.F,CC(C)C[C@@H]1C(=O)N(C)[C@@H](CC(C)C)C(=O)N2CCC[C@@H]2C(=O)N[C@H](CC(C)C)C(=O)N[C@@H](Cc2ccccc2)C(=O)N2CCC[C@@H]2C(=O)N[C@@H](C)C(=O)N1C,3243.0,298.15,92.0684,50.7331,41.3353,10.2803,41.3353,65.8329,0.042661,168.54,0.702,43.04,3243.0,
dP.dA.Me_dL.L.P.Me_dL.F,CC(C)C[C@@H]1NC(=O)[C@@H](CC(C)C)N(C)C(=O)[C@@H](C)NC(=O)[C@H]2CCCN2C(=O)[C@H](Cc2ccccc2)NC(=O)[C@@H](CC(C)C)N(C)C(=O)[C@@H]2CCCN2C1=O,3260.0,298.15,94.463,49.8425,44.6205,6.5413,44.6205,71.7818,0.045908,168.54,0.386,61.409,3260.0,
L.Bn_Gly.meL.Nle.dP.Bn(4-Cl)_Gly,CCCC[C@@H]1NC(=O)[C@H](CC(C)C)N(C)C(=O)CN(Cc2ccccc2)C(=O)[C@H](CC(C)C)NC(=O)CN(Cc2ccc(Cl)cc2)C(=O)[C@H]2CCCN2C1=O,5186.0,298.15,74.1807,42.4165,31.7642,6.5211,31.7642,60.1543,0.031128,139.44,0.648,32.234,5186.0,
L.dF.P.F.dL.I,CC[C@H](C)[C@@H]1NC(=O)[C@@H](CC(C)C)NC(=O)[C@H](Cc2ccccc2)NC(=O)[C@@H]2CCCN2C(=O)[C@@H](Cc2ccccc2)NC(=O)[C@H](CC(C)C)NC1=O,2396.0,298.15,68.5009,36.4367,32.0642,7.5904,32.0642,64.9951,0.032715,165.81,0.229,46.284,2396.0,
A.Me_dL.meL.dP.Bn_Gly.F,CC(C)C[C@@H]1C(=O)N(C)[C@@H](CC(C)C)C(=O)N2CCC[C@@H]2C(=O)N(Cc2ccccc2)CC(=O)N[C@@H](Cc2ccccc2)C(=O)N[C@@H](C)C(=O)N1C,2804.0,298.15,86.1095,49.9919,36.1176,7.487,36.1176,77.1239,0.037632,139.44,0.846,36.321,2804.0,
dL.dL.L.dL.P.Y,CC(C)C[C@@H]1NC(=O)[C@@H](CC(C)C)NC(=O)[C@@H](CC(C)C)NC(=O)[C@H](Cc2ccc(O)cc2)NC(=O)[C@@H]2CCCN2C(=O)[C@@H](CC(C)C)NC1=O,3210.0,298.15,125.3106,87.3971,37.9135,5.2333,37.9135,98.5366,0.039284,186.04000000000002,0.362,40.737,3210.0,
meA.dL.Me_dL.dP.L.F,CC(C)C[C@@H]1NC(=O)[C@H]2CCCN2C(=O)[C@@H](CC(C)C)N(C)C(=O)[C@@H](CC(C)C)NC(=O)[C@H](C)N(C)C(=O)[C@H](Cc2ccccc2)NC1=O,2118.0,298.15,62.158,34.5124,27.6456,5.2496,27.6456,49.2455,0.030457,148.23,0.341,54.705,2118.0,
dP.meA.L.dL.P.meL.F,CC(C)C[C@@H]1NC(=O)[C@H](C)N(C)C(=O)[C@H]2CCCN2C(=O)[C@H](Cc2ccccc2)NC(=O)[C@H](CC(C)C)N(C)C(=O)[C@@H]2CCCN2C(=O)[C@@H](CC(C)C)NC1=O,4094.0,298.15,91.8564,33.9665,57.8899,9.6555,57.8899,66.4455,0.058151,168.54,0.454,59.358,4094.0,
dA.Me_dL.meL.P.meL.F,CC(C)C[C@@H]1C(=O)N(C)[C@@H](CC(C)C)C(=O)N2CCC[C@H]2C(=O)N(C)[C@@H](CC(C)C)C(=O)N[C@@H](Cc2ccccc2)C(=O)N[C@H](C)C(=O)N1C,2475.0,298.15,83.6196,36.1249,47.4947,8.1585,47.4947,56.9309,0.051572,139.44,0.569,27.528,2475.0,
P.Me_dA.meL.bHph.P.Bn_Gly.F,CC(C)C[C@H]1C(=O)N[C@@H](Cc2ccccc2)CC(=O)N2CCC[C@H]2C(=O)N(Cc2ccccc2)CC(=O)N[C@@H](Cc2ccccc2)C(=O)N2CCC[C@H]2C(=O)N(C)[C@H](C)C(=O)N1C,1076.0,298.15,91.4296,52.9891,38.4405,7.1326,38.4405,71.6154,0.036937,159.75,0.687,28.64,1076.0,
dF.Mono38.dL.Nle.dP.Et_Gly,CCCC[C@@H]1NC(=O)[C@@H](CC(C)C)NC(=O)CN(CC2CCOCC2)C(=O)[C@@H](Cc2ccccc2)NC(=O)CN(CC)C(=O)[C@H]2CCCN2C1=O,3576.0,298.15,117.914,75.4251,42.4889,7.4647,42.4889,95.6427,0.043949,157.46,0.802,21.012,3576.0,
dP.dL.dL.dL.L.L,CC(C)C[C@@H]1NC(=O)[C@@H](CC(C)C)NC(=O)[C@@H](CC(C)C)NC(=O)[C@@H](CC(C)C)NC(=O)[C@H]2CCCN2C(=O)[C@H](CC(C)C)NC1=O,7165.0,298.15,98.0345,49.0352,48.9993,7.3167,48.9993,70.6522,0.051947,165.81,0.213,61.73,7165.0,
dA.dL.L.dP.L.F,CC(C)C[C@@H]1NC(=O)[C@H]2CCCN2C(=O)[C@H](CC(C)C)NC(=O)[C@@H](CC(C)C)NC(=O)[C@@H](C)NC(=O)[C@H](Cc2ccccc2)NC1=O,3544.0,298.15,79.3789,40.0704,39.3085,7.5215,39.3085,66.5697,0.04373,165.81,0.887,7.286,3544.0,
meV.d(N->O)Val.meV.d(N->O)aIle.meV.d(N->O)Val,CC[C@H](C)[C@H]1OC(=O)[C@H](C(C)C)N(C)C(=O)[C@@H](C(C)C)OC(=O)[C@H](C(C)C)N(C)C(=O)[C@@H](C(C)C)OC(=O)[C@H](C(C)C)N(C)C1=O,1061.0,298.15,61.0699,26.86,34.2099,8.9056,34.2099,57.8252,0.04061,139.83,0.276,54.356,1061.0,
A.dL.Bn_Gly.dP.Me_dL.F,CC(C)C[C@@H]1C(=O)N[C@@H](Cc2ccccc2)C(=O)N[C@@H](C)C(=O)N[C@H](CC(C)C)C(=O)N(Cc2ccccc2)CC(=O)N2CCC[C@@H]2C(=O)N1C,1139.0,298.15,66.5731,41.9861,24.587,5.1794,24.587,61.1834,0.026801,148.23000000000002,0.535,20.762,1139.0,
bHph.Me_dL.bHph.P.meL.F,CC(C)C[C@@H]1C(=O)N[C@@H](Cc2ccccc2)CC(=O)N2CCC[C@H]2C(=O)N(C)[C@@H](CC(C)C)C(=O)N[C@@H](Cc2ccccc2)C(=O)N[C@@H](Cc2ccccc2)CC(=O)N1C,4178.0,298.15,84.6089,47.4528,37.1561,9.4986,37.1561,54.9009,0.035249,148.23,0.84,13.058,4178.0,
P.bHph.meL.Bn_Gly.dP.Me_dL.F,CC(C)C[C@@H]1C(=O)N[C@@H](Cc2ccccc2)C(=O)N2CCC[C@H]2C(=O)N[C@@H](Cc2ccccc2)CC(=O)N(C)[C@@H](CC(C)C)C(=O)N(Cc2ccccc2)CC(=O)N2CCC[C@@H]2C(=O)N1C,1652.0,298.15,72.2492,32.2719,39.9773,9.2939,39.9773,60.1469,0.038609,159.75000000000003,0.25,77.571,1652.0,
dP.dL.dPye.dL.dL.L,CC(C)C[C@@H]1NC(=O)[C@@H](CC(C)C)NC(=O)[C@@H](CC(C)C)NC(=O)[C@@H](CCC(=O)N2CCCC2)NC(=O)[C@@H](CC(C)C)NC(=O)[C@H]2CCCN2C1=O,5131.0,298.15,117.4775,61.0494,56.4281,12.9248,56.4281,75.6932,0.057492,186.12,0.176,53.755,5131.0,
bHph.dL.meL.P.Bn_Gly.F,CC(C)C[C@H]1NC(=O)C[C@H](Cc2ccccc2)NC(=O)[C@H](Cc2ccccc2)NC(=O)CN(Cc2ccccc2)C(=O)[C@@H]2CCCN2C(=O)[C@H](CC(C)C)N(C)C1=O,1436.0,298.15,83.5853,37.3447,46.2406,10.8053,46.2406,55.7838,0.047048,148.23000000000002,0.481,45.1,1436.0,
A.Me_dL.dL.P.L.F,CC(C)C[C@@H]1NC(=O)[C@@H]2CCCN2C(=O)[C@@H](CC(C)C)NC(=O)[C@@H](CC(C)C)N(C)C(=O)[C@H](C)NC(=O)[C@H](Cc2ccccc2)NC1=O,1979.0,298.15,89.7037,39.0086,50.6951,10.0253,50.6951,74.2999,0.056163,157.01999999999998,0.561,14.438,1979.0,
A.dL.Bn_Gly.dP.meL.F,CC(C)C[C@H]1NC(=O)[C@H](C)NC(=O)[C@H](Cc2ccccc2)NC(=O)[C@H](CC(C)C)N(C)C(=O)[C@H]2CCCN2C(=O)CN(Cc2ccccc2)C1=O,1510.0,298.15,71.1022,40.8717,30.2305,5.0551,30.2305,58.6449,0.033742,148.23000000000002,0.473,35.463,1510.0,
dP.dA.meL.Bn_Gly.P.L.F,CC(C)C[C@@H]1NC(=O)[C@@H]2CCCN2C(=O)CN(Cc2ccccc2)C(=O)[C@H](CC(C)C)N(C)C(=O)[C@@H](C)NC(=O)[C@H]2CCCN2C(=O)[C@H](Cc2ccccc2)NC1=O,1301.0,298.15,91.647,47.0059,44.6411,8.1826,44.6411,66.5037,0.047007,168.54,0.486,33.051,1301.0,
dP.bHph.dL.bHph.P.meL.F,CC(C)C[C@H]1NC(=O)C[C@H](Cc2ccccc2)NC(=O)[C@H]2CCCN2C(=O)[C@H](Cc2ccccc2)NC(=O)[C@H](CC(C)C)N(C)C(=O)[C@@H]2CCCN2C(=O)C[C@H](Cc2ccccc2)NC1=O,5189.0,298.15,88.1312,37.6058,50.5254,9.3073,50.5254,52.3204,0.043828,177.33,0.532,35.066,5189.0,
dP.dA.L.L.P.dL.F,CC(C)C[C@@H]1NC(=O)[C@@H](C)NC(=O)[C@H]2CCCN2C(=O)[C@H](Cc2ccccc2)NC(=O)[C@@H](CC(C)C)NC(=O)[C@@H]2CCCN2C(=O)[C@H](CC(C)C)NC1=O,4435.0,298.15,115.8853,36.8911,78.9942,14.9312,78.9942,70.8627,0.082651,186.12,0.308,63.161,4435.0,
meA.dL.meL.P.Bn_Gly.F,CC(C)C[C@H]1NC(=O)[C@H](C)N(C)C(=O)[C@H](Cc2ccccc2)NC(=O)CN(Cc2ccccc2)C(=O)[C@@H]2CCCN2C(=O)[C@H](CC(C)C)N(C)C1=O,776.0,298.15,82.6152,43.2978,39.3174,8.6432,39.3174,72.1298,0.041499,139.44,0.369,39.918,776.0,
P.meA.L.Me_dL.dP.dL.F,CC(C)C[C@@H]1NC(=O)[C@H](C)N(C)C(=O)[C@@H]2CCCN2C(=O)[C@H](Cc2ccccc2)NC(=O)[C@@H](CC(C)C)NC(=O)[C@H]2CCCN2C(=O)[C@@H](CC(C)C)N(C)C1=O,4442.0,298.15,109.5095,41.7672,67.7423,14.2858,67.7423,68.4636,0.070788,168.54,0.956,8.979,4442.0,
P.A.Me_dL.Bn_Gly.dP.Me_dL.F,CC(C)C[C@@H]1C(=O)N(Cc2ccccc2)CC(=O)N2CCC[C@@H]2C(=O)N(C)[C@H](CC(C)C)C(=O)N[C@@H](Cc2ccccc2)C(=O)N2CCC[C@H]2C(=O)N[C@@H](C)C(=O)N1C,2581.0,298.15,71.3299,40.2021,31.1278,6.6077,31.1278,51.3529,0.031509,159.75,0.33,72.953,2581.0,
meA.dL.dL.dP.L.F,CC(C)C[C@@H]1NC(=O)[C@H]2CCCN2C(=O)[C@@H](CC(C)C)NC(=O)[C@@H](CC(C)C)NC(=O)[C@H](C)N(C)C(=O)[C@H](Cc2ccccc2)NC1=O,2898.0,298.15,100.4761,29.9098,70.5663,16.4804,70.5663,78.1074,0.080871,157.02,0.448,55.373,2898.0,
Pr_Gly.dL.bHph.dP.Me_dL.F,CCCN1CC(=O)N[C@H](CC(C)C)C(=O)N[C@@H](Cc2ccccc2)CC(=O)N2CCC[C@@H]2C(=O)N(C)[C@H](CC(C)C)C(=O)N[C@@H](Cc2ccccc2)C1=O,689.0,298.15,74.1892,37.0763,37.1129,8.7968,37.1129,50.3717,0.041042,148.23,0.225,75.822,689.0,
P.bHph.dL.dL.dP.Me_dL.F,CC(C)C[C@@H]1C(=O)N[C@@H](Cc2ccccc2)C(=O)N2CCC[C@H]2C(=O)N[C@@H](Cc2ccccc2)CC(=O)N[C@H](CC(C)C)C(=O)N[C@H](CC(C)C)C(=O)N2CCC[C@@H]2C(=O)N1C,1910.0,298.15,93.099,57.6742,35.4248,7.4592,35.4248,71.3586,0.032516,177.33,0.38,52.804,1910.0,
meA.Me_dA.dA.Me_dA.Me_dA.dA,C[C@@H]1C(=O)N[C@H](C)C(=O)N(C)[C@@H](C)C(=O)N(C)[C@H](C)C(=O)N[C@H](C)C(=O)N(C)[C@H](C)C(=O)N1C,60.0,298.15,113.0347,57.3098,55.7249,12.5103,55.7249,70.1995,0.082999,139.44,0.179,79.233,60.0,
A.Mono38.meL.Nle.dP.Bn(4-Cl)_Gly,CCCC[C@@H]1NC(=O)[C@H](CC(C)C)N(C)C(=O)CN(CC2CCOCC2)C(=O)[C@H](C)NC(=O)CN(Cc2ccc(Cl)cc2)C(=O)[C@H]2CCCN2C1=O,3358.0,298.15,94.1763,57.0111,37.1652,7.5445,37.1652,75.4759,0.036908,148.67000000000002,0.704,22.378,3358.0,
Nal.3-pyridylethyl_Gly.meL.Nle.dP.Mono1,CCCC[C@@H]1NC(=O)[C@H](CC(C)C)N(C)C(=O)CN(CCc2cccnc2)C(=O)[C@H](Cc2ccc3ccccc3c2)NC(=O)CN(Cc2ccc3c(c2)OCO3)C(=O)[C@H]2CCCN2C1=O,3977.0,298.15,149.7916,81.8098,67.9818,9.5115,67.9818,118.6142,0.064269,170.79,0.719,23.448,3977.0,
dP.dL.dL.dPye.L.L,CC(C)C[C@@H]1NC(=O)[C@@H](CCC(=O)N2CCCC2)NC(=O)[C@@H](CC(C)C)NC(=O)[C@@H](CC(C)C)NC(=O)[C@H]2CCCN2C(=O)[C@H](CC(C)C)NC1=O,2815.0,298.15,95.5368,49.3799,46.1569,9.0869,46.1569,79.3685,0.046605,186.12,0.117,79.914,2815.0,
W.3Pal.dP.PhPr_Gly.Nva(Ph).dF,O=C1CN(CCCc2ccccc2)C(=O)[C@H]2CCCN2C(=O)[C@H](Cc2cccnc2)NC(=O)[C@H](Cc2c[nH]c3ccccc23)NC(=O)[C@@H](Cc2ccccc2)NC(=O)[C@H](CCCc2ccccc2)N1,3212.0,298.15,100.1323,54.4461,45.6862,11.0681,45.6862,67.2413,0.041663,185.7,1.048,10.986,3212.0,
dP.A.Me_dL.Bn_Gly.dP.dL.F,CC(C)C[C@@H]1C(=O)N(Cc2ccccc2)CC(=O)N2CCC[C@@H]2C(=O)N[C@H](CC(C)C)C(=O)N[C@@H](Cc2ccccc2)C(=O)N2CCC[C@@H]2C(=O)N[C@@H](C)C(=O)N1C,4384.0,298.15,101.2425,50.7588,50.4837,10.4251,50.4837,70.2135,0.050521,168.54,0.671,30.082,4384.0,
dP.meA.dL.Bn_Gly.dP.L.F,CC(C)C[C@@H]1NC(=O)[C@H]2CCCN2C(=O)CN(Cc2ccccc2)C(=O)[C@@H](CC(C)C)NC(=O)[C@H](C)N(C)C(=O)[C@H]2CCCN2C(=O)[C@H](Cc2ccccc2)NC1=O,2307.0,298.15,91.9697,37.5924,54.3773,11.3528,54.3773,60.0512,0.05553,168.54,0.353,50.148,2307.0,
dA.meL.meL.dP.Me_dL.F,CC(C)C[C@@H]1C(=O)N[C@@H](Cc2ccccc2)C(=O)N[C@H](C)C(=O)N(C)[C@@H](CC(C)C)C(=O)N(C)[C@@H](CC(C)C)C(=O)N2CCC[C@@H]2C(=O)N1C,996.0,298.15,79.278,38.3066,40.9714,6.9293,40.9714,54.8757,0.044609,139.44000000000003,0.185,76.581,996.0,
dP.Pr_Gly.meL.L.dP.Me_dL.F,CCCN1CC(=O)N(C)[C@@H](CC(C)C)C(=O)N[C@@H](CC(C)C)C(=O)N2CCC[C@@H]2C(=O)N(C)[C@H](CC(C)C)C(=O)N[C@@H](Cc2ccccc2)C(=O)N2CCC[C@@H]2C1=O,2220.0,298.15,72.5631,44.9881,27.575,5.3471,27.575,56.5639,0.026528,159.75,0.211,77.466,2220.0,
P.meA.dL.L.dP.L.F,CC(C)C[C@@H]1NC(=O)[C@H]2CCCN2C(=O)[C@H](CC(C)C)NC(=O)[C@@H](CC(C)C)NC(=O)[C@H](C)N(C)C(=O)[C@@H]2CCCN2C(=O)[C@H](Cc2ccccc2)NC1=O,1547.0,298.15,104.5749,67.6666,36.9083,6.4166,36.9083,83.9277,0.037814,177.33,0.336,60.569,1547.0,
A.dL.bHph.P.Me_dL.F,CC(C)C[C@@H]1C(=O)N[C@@H](Cc2ccccc2)C(=O)N[C@@H](C)C(=O)N[C@H](CC(C)C)C(=O)N[C@@H](Cc2ccccc2)CC(=O)N2CCC[C@H]2C(=O)N1C,2089.0,298.15,102.5729,29.6019,72.971,12.7221,72.971,63.126,0.075561,157.02,0.27,51.162,2089.0,
P.meA.L.Me_dL.P.Me_dL.F,CC(C)C[C@@H]1NC(=O)[C@H](C)N(C)C(=O)[C@@H]2CCCN2C(=O)[C@H](Cc2ccccc2)NC(=O)[C@@H](CC(C)C)N(C)C(=O)[C@@H]2CCCN2C(=O)[C@@H](CC(C)C)N(C)C1=O,5009.0,298.15,93.5799,38.2866,55.2933,10.1868,55.2933,52.3362,0.05616,159.75,1.202,8.243,5009.0,
P.dA.L.L.P.meL.F,CC(C)C[C@@H]1NC(=O)[C@@H](C)NC(=O)[C@@H]2CCCN2C(=O)[C@H](Cc2ccccc2)NC(=O)[C@H](CC(C)C)N(C)C(=O)[C@@H]2CCCN2C(=O)[C@H](CC(C)C)NC1=O,6032.0,298.15,105.3218,43.3377,61.9841,11.4465,61.9841,92.1994,0.062105,177.33,1.152,15.616,6032.0,
A.L.Me_dL.dP.meL.F,CC(C)C[C@@H]1NC(=O)[C@H](C)NC(=O)[C@H](Cc2ccccc2)NC(=O)[C@H](CC(C)C)N(C)C(=O)[C@H]2CCCN2C(=O)[C@@H](CC(C)C)N(C)C1=O,2478.0,298.15,90.1924,47.7897,42.4027,9.017,42.4027,72.376,0.046867,148.23000000000002,0.799,11.51,2478.0,
dP.bHph.meL.bHph.P.L.F,CC(C)C[C@@H]1NC(=O)[C@@H]2CCCN2C(=O)C[C@H](Cc2ccccc2)NC(=O)[C@H](CC(C)C)N(C)C(=O)C[C@H](Cc2ccccc2)NC(=O)[C@H]2CCCN2C(=O)[C@H](Cc2ccccc2)NC1=O,2069.0,298.15,90.9032,40.1166,50.7866,10.278,50.7866,56.1965,0.047135,177.32999999999998,0.455,28.171,2069.0,
A.meL.dL.dP.Me_dL.F,CC(C)C[C@@H]1C(=O)N[C@@H](Cc2ccccc2)C(=O)N[C@@H](C)C(=O)N(C)[C@@H](CC(C)C)C(=O)N[C@H](CC(C)C)C(=O)N2CCC[C@@H]2C(=O)N1C,1458.0,298.15,78.7871,35.4517,43.3354,6.4216,43.3354,47.439,0.04751,148.23000000000002,0.526,28.882,1458.0,
dP.Pr_Gly.L.bHph.P.meL.F,CCCN1CC(=O)N[C@@H](CC(C)C)C(=O)N[C@@H](Cc2ccccc2)CC(=O)N2CCC[C@H]2C(=O)N(C)[C@@H](CC(C)C)C(=O)N[C@@H](Cc2ccccc2)C(=O)N2CCC[C@@H]2C1=O,2599.0,298.15,98.3963,65.7238,32.6725,6.7951,32.6725,90.1114,0.032143,168.54,0.5,39.133,2599.0,
Pr_Gly.meL.dL.P.L.F,CCCN1CC(=O)N(C)[C@@H](CC(C)C)C(=O)N[C@H](CC(C)C)C(=O)N2CCC[C@H]2C(=O)N[C@@H](CC(C)C)C(=O)N[C@@H](Cc2ccccc2)C1=O,5770.0,298.15,89.6062,40.496,49.1102,10.2137,49.1102,52.4069,0.052882,148.23,0.654,15.754,5770.0,
L.dL.Ala(indol-2-yl).L.dP.Ala(indol-2-yl),CC(C)C[C@@H]1NC(=O)[C@H](Cc2cc3ccccc3[nH]2)NC(=O)[C@H]2CCCN2C(=O)[C@H](CC(C)C)NC(=O)[C@H](Cc2cc3ccccc3[nH]2)NC(=O)[C@@H](CC(C)C)NC1=O,1954.0,298.15,100.7368,40.5758,60.161,9.731,60.161,62.0965,0.060442,197.39,0.272,30.296,1954.0,
P.dA.L.meL.P.meL.F,CC(C)C[C@@H]1NC(=O)[C@@H](C)NC(=O)[C@@H]2CCCN2C(=O)[C@H](Cc2ccccc2)NC(=O)[C@H](CC(C)C)N(C)C(=O)[C@@H]2CCCN2C(=O)[C@H](CC(C)C)N(C)C1=O,1247.0,298.15,92.5797,49.403,43.1767,7.4677,43.1767,65.7458,0.044075,168.54000000000002,0.479,36.224,1247.0,
bHph.Bn_Gly.bHph.P.Bn_Gly.F,O=C1CN(Cc2ccccc2)C(=O)C[C@H](Cc2ccccc2)NC(=O)[C@H](Cc2ccccc2)NC(=O)CN(Cc2ccccc2)C(=O)[C@@H]2CCCN2C(=O)C[C@H](Cc2ccccc2)N1,690.0,298.15,108.0925,37.7859,70.3066,17.1812,70.3066,54.1668,0.069733,148.23000000000002,0.599,11.179,690.0,
A.L.L.P.meL.F,CC(C)C[C@@H]1NC(=O)[C@H](C)NC(=O)[C@H](Cc2ccccc2)NC(=O)[C@H](CC(C)C)N(C)C(=O)[C@@H]2CCCN2C(=O)[C@H](CC(C)C)NC1=O,1284.0,298.15,88.3517,60.2968,28.0549,5.907,28.0549,78.3338,0.032237,157.02,0.312,57.35,1284.0,
L.Bn_Gly.meL.Nle.dP.iBu_Gly,CCCC[C@@H]1NC(=O)[C@H](CC(C)C)N(C)C(=O)CN(Cc2ccccc2)C(=O)[C@H](CC(C)C)NC(=O)CN(CC(C)C)C(=O)[C@H]2CCCN2C1=O,6399.0,298.15,81.8793,43.2058,38.6735,7.08,38.6735,60.8009,0.039512,139.44,0.653,38.037,6399.0,
Me_dA.L.L.dP.dL.F,CC(C)C[C@@H]1NC(=O)[C@@H](C)N(C)C(=O)[C@H](Cc2ccccc2)NC(=O)[C@@H](CC(C)C)NC(=O)[C@H]2CCCN2C(=O)[C@H](CC(C)C)NC1=O,2628.0,298.15,90.3159,31.697,58.6189,12.967,58.6189,52.5622,0.065463,157.02,0.283,62.499,2628.0,
P.Pr_Gly.dL.Bn_Gly.dP.Bn_Gly.F,CCCN1CC(=O)N[C@H](CC(C)C)C(=O)N(Cc2ccccc2)CC(=O)N2CCC[C@@H]2C(=O)N(Cc2ccccc2)CC(=O)N[C@@H](Cc2ccccc2)C(=O)N2CCC[C@H]2C1=O,1506.0,298.15,97.9308,71.3344,26.5964,4.4039,26.5964,89.6842,0.025583,159.75,0.668,12.323,1506.0,
dP.bHph.dL.bHph.P.dL.F,CC(C)C[C@H]1NC(=O)C[C@H](Cc2ccccc2)NC(=O)[C@H]2CCCN2C(=O)[C@H](Cc2ccccc2)NC(=O)[C@@H](CC(C)C)NC(=O)[C@@H]2CCCN2C(=O)C[C@H](Cc2ccccc2)NC1=O,3019.0,298.15,84.2479,30.8861,53.3618,12.1962,53.3618,43.0799,0.051365,186.12,0.335,44.889,3019.0,
Nal.Mono40.meL.Nle.dP.Mono1,CCCC[C@@H]1NC(=O)[C@H](CC(C)C)N(C)C(=O)CN(CCCc2cnn(C)c2)C(=O)[C@H](Cc2ccc3ccccc3c2)NC(=O)CN(Cc2ccc3c(c2)OCO3)C(=O)[C@H]2CCCN2C1=O,5883.0,298.15,139.9198,65.7475,74.1723,21.7627,74.1723,71.8439,0.071975,175.71999999999997,0.872,25.444,5883.0,
P.dA.dL.Me_dL.dP.Me_dL.F,CC(C)C[C@@H]1C(=O)N[C@@H](Cc2ccccc2)C(=O)N2CCC[C@H]2C(=O)N[C@H](C)C(=O)N[C@H](CC(C)C)C(=O)N(C)[C@H](CC(C)C)C(=O)N2CCC[C@@H]2C(=O)N1C,2258.0,298.15,96.8043,59.0234,37.7809,7.9305,37.7809,89.4631,0.038834,168.54000000000002,0.653,7.902,2258.0,
Pr_Gly.dL.meL.P.Me_dL.F,CCCN1CC(=O)N[C@H](CC(C)C)C(=O)N(C)[C@@H](CC(C)C)C(=O)N2CCC[C@H]2C(=O)N(C)[C@H](CC(C)C)C(=O)N[C@@H](Cc2ccccc2)C1=O,3608.0,298.15,67.1153,34.7679,32.3474,6.6043,32.3474,58.9684,0.033874,139.44,0.669,15.767,3608.0,
A.Mono38.meL.Nle.dP.Mono45,CCCC[C@@H]1NC(=O)[C@H](CC(C)C)N(C)C(=O)CN(CC2CCOCC2)C(=O)[C@H](C)NC(=O)CN(Cc2ccccc2Cn2cccn2)C(=O)[C@H]2CCCN2C1=O,3825.0,298.15,109.1051,55.5034,53.6017,15.403,53.6017,62.3161,0.053864,166.49,0.446,39.39,3825.0,
Nal.Bn_Gly.meL.Nle.dP.Mono42,CCCC[C@@H]1NC(=O)[C@H](CC(C)C)N(C)C(=O)CN(Cc2ccccc2)C(=O)[C@H](Cc2ccc3ccccc3c2)NC(=O)CN(CCN2CCOCC2)C(=O)[C@H]2CCCN2C1=O,5959.0,298.15,103.1765,58.7097,44.4668,7.5699,44.4668,77.0552,0.042711,151.91,0.842,17.82,5959.0,
dP.bHph.L.Me_dL.dP.dL.F,CC(C)C[C@@H]1NC(=O)C[C@H](Cc2ccccc2)NC(=O)[C@H]2CCCN2C(=O)[C@H](Cc2ccccc2)NC(=O)[C@@H](CC(C)C)NC(=O)[C@H]2CCCN2C(=O)[C@@H](CC(C)C)N(C)C1=O,3169.0,298.15,94.5273,52.9843,41.543,6.526,41.543,74.4056,0.038543,177.33,0.214,74.748,3169.0,
dP.dA.L.Me_dL.dP.dL.F,CC(C)C[C@@H]1NC(=O)[C@@H](C)NC(=O)[C@H]2CCCN2C(=O)[C@H](Cc2ccccc2)NC(=O)[C@@H](CC(C)C)NC(=O)[C@H]2CCCN2C(=O)[C@@H](CC(C)C)N(C)C1=O,2888.0,298.15,123.9402,51.2974,72.6428,14.4396,72.6428,90.3695,0.076184,177.33,0.249,83.211,2888.0,
dP.A.dL.bHph.P.Bn_Gly.F,CC(C)C[C@H]1NC(=O)[C@H](C)NC(=O)[C@H]2CCCN2C(=O)[C@H](Cc2ccccc2)NC(=O)CN(Cc2ccccc2)C(=O)[C@@H]2CCCN2C(=O)C[C@H](Cc2ccccc2)NC1=O,981.0,298.15,93.9809,48.0989,45.882,8.42,45.882,59.8047,0.045271,177.33,0.71,26.266,981.0,
meA.dL.L.dP.meL.F,CC(C)C[C@@H]1NC(=O)[C@@H](CC(C)C)NC(=O)[C@H](C)N(C)C(=O)[C@H](Cc2ccccc2)NC(=O)[C@H](CC(C)C)N(C)C(=O)[C@H]2CCCN2C1=O,2329.0,298.15,87.0738,41.8752,45.1986,8.1645,45.1986,54.5633,0.049351,148.23000000000002,0.539,21.277,2329.0,
dP.Me_dA.meL.Bn_Gly.dP.Bn_Gly.F,CC(C)C[C@H]1C(=O)N(Cc2ccccc2)CC(=O)N2CCC[C@@H]2C(=O)N(Cc2ccccc2)CC(=O)N[C@@H](Cc2ccccc2)C(=O)N2CCC[C@@H]2C(=O)N(C)[C@H](C)C(=O)N1C,939.0,298.15,89.2135,45.71,43.5035,8.335,43.5035,63.3554,0.042281,150.96,0.374,44.06,939.0,
dP.A.meL.meL.P.Me_dL.F,CC(C)C[C@@H]1C(=O)N[C@@H](Cc2ccccc2)C(=O)N2CCC[C@@H]2C(=O)N[C@@H](C)C(=O)N(C)[C@@H](CC(C)C)C(=O)N(C)[C@@H](CC(C)C)C(=O)N2CCC[C@H]2C(=O)N1C,1176.0,298.15,73.6859,48.0075,25.6784,5.0366,25.6784,58.8526,0.025776,159.75000000000003,0.553,35.348,1176.0,
dP.Pr_Gly.dL.Bn_Gly.dP.Bn_Gly.F,CCCN1CC(=O)N[C@H](CC(C)C)C(=O)N(Cc2ccccc2)CC(=O)N2CCC[C@@H]2C(=O)N(Cc2ccccc2)CC(=O)N[C@@H](Cc2ccccc2)C(=O)N2CCC[C@@H]2C1=O,2492.0,298.15,104.2182,51.9654,52.2528,9.4425,52.2528,77.3739,0.047994,159.75,0.648,9.768,2492.0,
P.Pr_Gly.dL.meL.dP.L.F,CCCN1CC(=O)N[C@H](CC(C)C)C(=O)N(C)[C@@H](CC(C)C)C(=O)N2CCC[C@@H]2C(=O)N[C@@H](CC(C)C)C(=O)N[C@@H](Cc2ccccc2)C(=O)N2CCC[C@H]2C1=O,3579.0,298.15,85.2494,61.9059,23.3435,3.9449,23.3435,70.0635,0.022952,168.54,0.336,53.023,3579.0,
dA.Mono38.dL.Nle.P.Mono1,CCCC[C@@H]1NC(=O)[C@@H](CC(C)C)NC(=O)CN(CC2CCOCC2)C(=O)[C@@H](C)NC(=O)CN(Cc2ccc3c(c2)OCO3)C(=O)[C@@H]2CCCN2C1=O,6836.0,298.15,185.995,112.6256,73.3694,12.7731,73.3694,153.7039,0.076772,175.92,0.999,17.248,6836.0,
bHph.dL.meL.P.dL.F,CC(C)C[C@H]1NC(=O)[C@@H]2CCCN2C(=O)[C@H](CC(C)C)N(C)C(=O)[C@@H](CC(C)C)NC(=O)C[C@H](Cc2ccccc2)NC(=O)[C@H](Cc2ccccc2)NC1=O,3290.0,298.15,84.2755,41.9101,42.3654,9.9508,42.3654,51.2977,0.041883,157.01999999999998,0.125,74.723,3290.0,
P.dA.L.dL.P.L.F,CC(C)C[C@@H]1NC(=O)[C@@H](C)NC(=O)[C@@H]2CCCN2C(=O)[C@H](Cc2ccccc2)NC(=O)[C@H](CC(C)C)NC(=O)[C@@H]2CCCN2C(=O)[C@@H](CC(C)C)NC1=O,1405.0,298.15,101.634,45.9235,55.7105,13.4219,55.7105,56.902,0.058627,186.12,0.191,82.657,1405.0,
dP.dA.dL.L.dP.Bn_Gly.F,CC(C)C[C@@H]1NC(=O)[C@@H](CC(C)C)NC(=O)[C@@H](C)NC(=O)[C@H]2CCCN2C(=O)[C@H](Cc2ccccc2)NC(=O)CN(Cc2ccccc2)C(=O)[C@H]2CCCN2C1=O,1066.0,298.15,117.349,49.5903,67.7587,13.181,67.7587,69.4642,0.067994,177.33,0.45,50.739,1066.0,
P.A.Me_dL.L.P.Me_dL.F,CC(C)C[C@@H]1NC(=O)[C@@H](CC(C)C)N(C)C(=O)[C@H](C)NC(=O)[C@@H]2CCCN2C(=O)[C@H](Cc2ccccc2)NC(=O)[C@@H](CC(C)C)N(C)C(=O)[C@@H]2CCCN2C1=O,2977.0,298.15,92.7776,69.5931,23.1845,5.2422,23.1845,88.201,0.022723,168.54,0.523,42.636,2977.0,
dP.dA.dL.bHph.dP.meL.F,CC(C)C[C@H]1NC(=O)[C@@H](C)NC(=O)[C@H]2CCCN2C(=O)[C@H](Cc2ccccc2)NC(=O)[C@H](CC(C)C)N(C)C(=O)[C@H]2CCCN2C(=O)C[C@H](Cc2ccccc2)NC1=O,2005.0,298.15,109.2409,41.3149,67.926,15.9237,67.926,84.9312,0.06978,177.33,0.282,55.551,2005.0,
dL.dP.meA.L.dP.P.L,CC(C)C[C@@H]1NC(=O)[C@@H]2CCCN2C(=O)[C@H]2CCCN2C(=O)[C@H](CC(C)C)NC(=O)[C@H](C)N(C)C(=O)[C@H]2CCCN2C(=O)[C@@H](CC(C)C)NC1=O,573.0,298.15,88.8556,73.5633,15.2923,3.2912,15.2923,80.8227,0.01721,168.54,0.383,39.653,573.0,
Me_dA.L.bHph.dP.dL.F,CC(C)C[C@@H]1NC(=O)[C@@H](C)N(C)C(=O)[C@H](Cc2ccccc2)NC(=O)[C@@H](CC(C)C)NC(=O)[C@H]2CCCN2C(=O)C[C@H](Cc2ccccc2)NC1=O,950.0,298.15,76.9977,23.3393,53.6584,11.3526,53.6584,60.0067,0.057834,157.02,0.268,68.414,950.0,
P.dA.L.Me_dL.P.Me_dL.F,CC(C)C[C@@H]1NC(=O)[C@@H](C)NC(=O)[C@@H]2CCCN2C(=O)[C@H](Cc2ccccc2)NC(=O)[C@@H](CC(C)C)N(C)C(=O)[C@@H]2CCCN2C(=O)[C@@H](CC(C)C)N(C)C1=O,2774.0,298.15,98.607,50.9781,47.6289,10.5933,47.6289,72.0175,0.049577,168.54000000000002,0.636,39.934,2774.0,
Pr_Gly.L.L.dP.L.F,CCCN1CC(=O)N[C@@H](CC(C)C)C(=O)N[C@@H](CC(C)C)C(=O)N2CCC[C@@H]2C(=O)N[C@@H](CC(C)C)C(=O)N[C@@H](Cc2ccccc2)C1=O,2460.0,298.15,85.8374,56.3648,29.4726,5.8188,29.4726,78.124,0.031343,157.01999999999998,0.244,72.011,2460.0,
P.dA.Bn_Gly.L.P.Bn_Gly.F,CC(C)C[C@@H]1NC(=O)CN(Cc2ccccc2)C(=O)[C@@H](C)NC(=O)[C@@H]2CCCN2C(=O)[C@H](Cc2ccccc2)NC(=O)CN(Cc2ccccc2)C(=O)[C@@H]2CCCN2C1=O,1546.0,298.15,112.2633,57.5373,54.726,11.6394,54.726,72.1846,0.055312,168.54,0.999,14.193,1546.0,
dP.dA.Pye.dL.Phg.L,CC(C)C[C@@H]1NC(=O)[C@H](c2ccccc2)NC(=O)[C@@H](CC(C)C)NC(=O)[C@H](CCC(=O)N2CCCC2)NC(=O)[C@@H](C)NC(=O)[C@H]2CCCN2C1=O,1010.0,298.15,109.3823,51.5164,57.8659,11.7159,57.8659,74.859,0.06504,186.12,0.374,48.895,1010.0,
P.dA.Me_dL.bHph.dP.Me_dL.F,CC(C)C[C@@H]1C(=O)N[C@@H](Cc2ccccc2)C(=O)N2CCC[C@H]2C(=O)N[C@H](C)C(=O)N(C)[C@H](CC(C)C)C(=O)N[C@@H](Cc2ccccc2)CC(=O)N2CCC[C@@H]2C(=O)N1C,3419.0,298.15,88.8655,37.3727,51.4928,12.3657,51.4928,66.155,0.048854,168.54000000000002,0.85,15.583,3419.0,
P.A.Me_dL.bHph.dP.dL.F,CC(C)C[C@@H]1C(=O)N[C@@H](Cc2ccccc2)CC(=O)N2CCC[C@@H]2C(=O)N[C@H](CC(C)C)C(=O)N[C@@H](Cc2ccccc2)C(=O)N2CCC[C@H]2C(=O)N[C@@H](C)C(=O)N1C,2098.0,298.15,109.9636,47.7879,62.1757,15.4607,62.1757,56.5931,0.059903,177.33,0.644,28.853,2098.0,
dP.bHph.Me_dL.L.P.dL.F,CC(C)C[C@@H]1NC(=O)[C@@H](CC(C)C)N(C)C(=O)C[C@H](Cc2ccccc2)NC(=O)[C@H]2CCCN2C(=O)[C@H](Cc2ccccc2)NC(=O)[C@@H](CC(C)C)NC(=O)[C@@H]2CCCN2C1=O,5459.0,298.15,97.9775,30.2895,67.688,12.7891,67.688,59.4292,0.061123,177.32999999999998,0.415,59.895,5459.0,
dP.dA.meL.Me_dL.P.L.F,CC(C)C[C@@H]1NC(=O)[C@@H]2CCCN2C(=O)[C@@H](CC(C)C)N(C)C(=O)[C@H](CC(C)C)N(C)C(=O)[C@@H](C)NC(=O)[C@H]2CCCN2C(=O)[C@H](Cc2ccccc2)NC1=O,3031.0,298.15,104.6459,46.912,57.7339,10.6809,57.7339,68.1545,0.057409,168.54,0.078,93.615,3031.0,
bHph.meL.dL.P.Me_dL.F,CC(C)C[C@@H]1C(=O)N[C@@H](Cc2ccccc2)C(=O)N[C@@H](Cc2ccccc2)CC(=O)N(C)[C@@H](CC(C)C)C(=O)N[C@H](CC(C)C)C(=O)N2CCC[C@H]2C(=O)N1C,2293.0,298.15,78.4025,31.9795,46.423,8.6326,46.423,46.3587,0.045839,148.23000000000002,0.106,91.247,2293.0,
bHph.dL.Me_dL.P.Me_dL.F,CC(C)C[C@@H]1C(=O)N2CCC[C@H]2C(=O)N(C)[C@H](CC(C)C)C(=O)N[C@@H](Cc2ccccc2)C(=O)N[C@@H](Cc2ccccc2)CC(=O)N[C@H](CC(C)C)C(=O)N1C,2188.0,298.15,99.8491,60.9804,38.8687,7.8692,38.8687,89.0861,0.03866,148.23,0.539,8.197,2188.0,
P.A.meL.Me_dL.P.meL.F,CC(C)C[C@@H]1C(=O)N2CCC[C@H]2C(=O)N(C)[C@@H](CC(C)C)C(=O)N[C@@H](Cc2ccccc2)C(=O)N2CCC[C@H]2C(=O)N[C@@H](C)C(=O)N(C)[C@@H](CC(C)C)C(=O)N1C,2228.0,298.15,85.3934,50.7116,34.6818,7.7402,34.6818,70.5362,0.035301,159.75,0.711,40.535,2228.0,
P.Me_dA.L.Me_dL.P.Bn_Gly.F,CC(C)C[C@@H]1NC(=O)[C@@H](C)N(C)C(=O)[C@@H]2CCCN2C(=O)[C@H](Cc2ccccc2)NC(=O)CN(Cc2ccccc2)C(=O)[C@@H]2CCCN2C(=O)[C@@H](CC(C)C)N(C)C1=O,2736.0,298.15,95.7497,52.6625,43.0872,9.3812,43.0872,79.0178,0.042469,159.75,0.624,15.348,2736.0,
dA.pentyl_Gly.dL.Nle.P.Et_Gly,CCCCCN1CC(=O)N[C@H](CC(C)C)C(=O)N[C@@H](CCCC)C(=O)N2CCC[C@H]2C(=O)N(CC)CC(=O)N[C@H](C)C1=O,6378.0,298.15,118.9736,68.9052,50.0684,10.0658,50.0684,89.1851,0.06043,148.23,0.917,15.936,6378.0,
dP.Me_dA.dL.meL.dP.L.F,CC(C)C[C@@H]1NC(=O)[C@H]2CCCN2C(=O)[C@H](CC(C)C)N(C)C(=O)[C@@H](CC(C)C)NC(=O)[C@@H](C)N(C)C(=O)[C@H]2CCCN2C(=O)[C@H](Cc2ccccc2)NC1=O,1718.0,298.15,74.08,38.5716,35.5084,6.1237,35.5084,45.8646,0.036492,168.54,0.137,80.654,1718.0,
dP.meA.Me_dL.meL.P.dL.F,CC(C)C[C@@H]1C(=O)N(C)[C@@H](CC(C)C)C(=O)N2CCC[C@H]2C(=O)N[C@H](CC(C)C)C(=O)N[C@@H](Cc2ccccc2)C(=O)N2CCC[C@@H]2C(=O)N(C)[C@@H](C)C(=O)N1C,3234.0,298.15,78.1048,48.8587,29.2461,4.5668,29.2461,58.3723,0.029441,159.75,0.267,74.708,3234.0,
Me_dA.L.Bn_Gly.P.meL.F,CC(C)C[C@@H]1NC(=O)[C@@H](C)N(C)C(=O)[C@H](Cc2ccccc2)NC(=O)[C@H](CC(C)C)N(C)C(=O)[C@@H]2CCCN2C(=O)CN(Cc2ccccc2)C1=O,1439.0,298.15,81.4949,36.6229,44.872,9.8166,44.872,63.3049,0.048144,139.44,0.416,57.179,1439.0,
P.bHph.dL.Me_dL.P.meL.F,CC(C)C[C@@H]1C(=O)N2CCC[C@H]2C(=O)N(C)[C@@H](CC(C)C)C(=O)N[C@@H](Cc2ccccc2)C(=O)N2CCC[C@H]2C(=O)N[C@@H](Cc2ccccc2)CC(=O)N[C@H](CC(C)C)C(=O)N1C,1791.0,298.15,73.9062,25.886,48.0202,10.9509,48.0202,41.6731,0.046528,168.54,0.508,29.011,1791.0,
meA.meL.L.P.meL.F,CC(C)C[C@@H]1NC(=O)[C@H](CC(C)C)N(C)C(=O)[C@H](C)N(C)C(=O)[C@H](Cc2ccccc2)NC(=O)[C@H](CC(C)C)N(C)C(=O)[C@@H]2CCCN2C1=O,2017.0,298.15,86.3868,43.8126,42.5742,8.9361,42.5742,73.8466,0.046165,139.44,0.55,31.751,2017.0,
bHph.dL.dL.P.meL.F,CC(C)C[C@H]1NC(=O)C[C@H](Cc2ccccc2)NC(=O)[C@H](Cc2ccccc2)NC(=O)[C@H](CC(C)C)N(C)C(=O)[C@@H]2CCCN2C(=O)[C@@H](CC(C)C)NC1=O,1408.0,298.15,74.0294,42.0326,31.9968,6.7744,31.9968,52.1385,0.032478,157.02,0.142,83.153,1408.0,
P.bHph.Me_dL.dL.P.L.F,CC(C)C[C@@H]1NC(=O)[C@@H]2CCCN2C(=O)[C@@H](CC(C)C)NC(=O)[C@@H](CC(C)C)N(C)C(=O)C[C@H](Cc2ccccc2)NC(=O)[C@@H]2CCCN2C(=O)[C@H](Cc2ccccc2)NC1=O,2366.0,298.15,96.7351,41.1842,55.5509,9.6925,55.5509,68.1432,0.054715,177.32999999999998,0.339,63.517,2366.0,
dP.meA.meL.Bn_Gly.P.Me_dL.F,CC(C)C[C@@H]1C(=O)N[C@@H](Cc2ccccc2)C(=O)N2CCC[C@@H]2C(=O)N(C)[C@@H](C)C(=O)N(C)[C@@H](CC(C)C)C(=O)N(Cc2ccccc2)CC(=O)N2CCC[C@H]2C(=O)N1C,1558.0,298.15,80.3934,38.2637,42.1297,6.757,42.1297,49.9387,0.041634,150.96,0.473,44.18,1558.0,
dP.dA.L.dL.P.Me_dL.F,CC(C)C[C@@H]1NC(=O)[C@@H](C)NC(=O)[C@H]2CCCN2C(=O)[C@H](Cc2ccccc2)NC(=O)[C@@H](CC(C)C)N(C)C(=O)[C@@H]2CCCN2C(=O)[C@@H](CC(C)C)NC1=O,1947.0,298.15,97.1503,50.0274,47.1229,7.5658,47.1229,70.1407,0.048812,177.33,0.091,88.317,1947.0,
meW.Me_dK.dT.Me_dF.dP.dF,C[C@H](O)[C@H]1NC(=O)[C@@H](CCCCN)N(C)C(=O)[C@H](Cc2c[nH]c3ccccc23)N(C)C(=O)[C@@H](Cc2ccccc2)NC(=O)[C@H]2CCCN2C(=O)[C@@H](Cc2ccccc2)N(C)C1=O,1553.0,298.15,119.7934,72.2048,47.5886,9.534,47.5886,96.2478,0.045143,201.48,0.725,27.945,1553.0,
dA.meL.Me_dL.dP.Bn_Gly.F,CC(C)C[C@@H]1C(=O)N2CCC[C@@H]2C(=O)N(Cc2ccccc2)CC(=O)N[C@@H](Cc2ccccc2)C(=O)N[C@H](C)C(=O)N(C)[C@@H](CC(C)C)C(=O)N1C,925.0,298.15,92.7279,51.9669,40.761,5.799,40.761,68.8712,0.042543,139.44,0.755,20.573,925.0,
dP.dA.dL.meL.P.L.F,CC(C)C[C@@H]1NC(=O)[C@@H]2CCCN2C(=O)[C@H](CC(C)C)N(C)C(=O)[C@@H](CC(C)C)NC(=O)[C@@H](C)NC(=O)[C@H]2CCCN2C(=O)[C@H](Cc2ccccc2)NC1=O,2516.0,298.15,118.3708,44.3921,73.9787,12.6358,73.9787,75.5855,0.078442,177.32999999999998,0.61,52.25,2516.0,
"dP.Sta(3R,4R).meL.meL.Sta(3R,4R).meL",CC(C)C[C@H]1NC(=O)[C@H]2CCCN2C(=O)[C@H](CC(C)C)N(C)C(=O)C[C@@H](O)[C@@H](CC(C)C)NC(=O)[C@H](CC(C)C)N(C)C(=O)[C@H](CC(C)C)N(C)C(=O)C[C@H]1O,5101.0,298.15,94.8371,62.9624,31.8747,8.0972,31.8747,68.857,0.029639,179.9,0.415,51.631,5101.0,
P.meA.meL.meL.P.Bn_Gly.F,CC(C)C[C@H]1C(=O)N(C)[C@@H](CC(C)C)C(=O)N2CCC[C@H]2C(=O)N(Cc2ccccc2)CC(=O)N[C@@H](Cc2ccccc2)C(=O)N2CCC[C@H]2C(=O)N(C)[C@@H](C)C(=O)N1C,2265.0,298.15,93.7968,57.6466,36.1502,7.718,36.1502,79.9319,0.034932,150.96,0.557,44.578,2265.0,
P.dA.meL.dL.P.meL.F,CC(C)C[C@H]1NC(=O)[C@H](CC(C)C)N(C)C(=O)[C@@H](C)NC(=O)[C@@H]2CCCN2C(=O)[C@H](Cc2ccccc2)NC(=O)[C@H](CC(C)C)N(C)C(=O)[C@@H]2CCCN2C1=O,2453.0,298.15,81.9646,41.5552,40.4094,9.9082,40.4094,56.5214,0.042135,168.54,0.378,63.605,2453.0,
Me_dA.Me_dL.meL.dP.L.F,CC(C)C[C@@H]1NC(=O)[C@H]2CCCN2C(=O)[C@H](CC(C)C)N(C)C(=O)[C@@H](CC(C)C)N(C)C(=O)[C@@H](C)N(C)C(=O)[C@H](Cc2ccccc2)NC1=O,2752.0,298.15,74.8622,28.897,45.9652,8.0617,45.9652,54.8114,0.050276,139.44,0.802,20.561,2752.0,
dP.A.Me_dL.Me_dL.dP.meL.F,CC(C)C[C@@H]1C(=O)N(C)[C@H](CC(C)C)C(=O)N2CCC[C@@H]2C(=O)N(C)[C@@H](CC(C)C)C(=O)N[C@@H](Cc2ccccc2)C(=O)N2CCC[C@@H]2C(=O)N[C@@H](C)C(=O)N1C,3031.0,298.15,81.5736,33.3077,48.2659,8.9358,48.2659,52.8426,0.0478,159.75,0.685,37.481,3031.0,
dP.dA.meL.dL.P.Bn_Gly.F,CC(C)C[C@H]1NC(=O)[C@H](CC(C)C)N(C)C(=O)[C@@H](C)NC(=O)[C@H]2CCCN2C(=O)[C@H](Cc2ccccc2)NC(=O)CN(Cc2ccccc2)C(=O)[C@@H]2CCCN2C1=O,3201.0,298.15,94.6789,50.2686,44.4103,8.6948,44.4103,66.2592,0.043925,168.54,0.39,59.902,3201.0,
dA.dL.Bn_Gly.P.Me_dL.F,CC(C)C[C@@H]1C(=O)N[C@@H](Cc2ccccc2)C(=O)N[C@H](C)C(=O)N[C@H](CC(C)C)C(=O)N(Cc2ccccc2)CC(=O)N2CCC[C@H]2C(=O)N1C,2759.0,298.15,95.3117,48.2966,47.0151,11.4146,47.0151,62.8306,0.050716,148.23000000000002,0.504,49.794,2759.0,
Me_dA.Me_dL.Bn_Gly.P.Me_dL.F,CC(C)C[C@@H]1C(=O)N(Cc2ccccc2)CC(=O)N2CCC[C@H]2C(=O)N(C)[C@H](CC(C)C)C(=O)N[C@@H](Cc2ccccc2)C(=O)N(C)[C@H](C)C(=O)N1C,1166.0,298.15,70.5089,37.0649,33.444,7.213,33.444,39.9033,0.034779,130.65,0.466,57.183,1166.0,
iBu_Gly.Me_dL.meL.L.dP.meY,CC(C)C[C@@H]1NC(=O)[C@H](CC(C)C)N(C)C(=O)[C@@H](CC(C)C)N(C)C(=O)CN(CC(C)C)C(=O)[C@H](Cc2ccc(O)cc2)N(C)C(=O)[C@H]2CCCN2C1=O,5146.0,298.15,103.0966,72.3686,30.728,5.8928,30.728,81.694,0.0317,150.88,0.596,35.972,5146.0,
P.A.Me_dL.Bn_Gly.dP.L.F,CC(C)C[C@@H]1NC(=O)[C@H]2CCCN2C(=O)CN(Cc2ccccc2)C(=O)[C@@H](CC(C)C)N(C)C(=O)[C@H](C)NC(=O)[C@@H]2CCCN2C(=O)[C@H](Cc2ccccc2)NC1=O,3247.0,298.15,96.7164,54.513,42.2034,11.5128,42.2034,63.9563,0.045372,168.54,0.643,40.432,3247.0,
dP.Me_dA.L.bHph.P.Bn_Gly.F,CC(C)C[C@@H]1NC(=O)[C@@H](C)N(C)C(=O)[C@H]2CCCN2C(=O)[C@H](Cc2ccccc2)NC(=O)CN(Cc2ccccc2)C(=O)[C@@H]2CCCN2C(=O)C[C@H](Cc2ccccc2)NC1=O,911.0,298.15,96.6383,63.3015,33.3368,6.923,33.3368,87.202,0.032435,168.54,0.466,15.278,911.0,
meA.dL.dL.dP.meL.F,CC(C)C[C@H]1NC(=O)[C@H](C)N(C)C(=O)[C@H](Cc2ccccc2)NC(=O)[C@H](CC(C)C)N(C)C(=O)[C@H]2CCCN2C(=O)[C@@H](CC(C)C)NC1=O,1562.0,298.15,88.7883,46.6349,42.1534,7.1852,42.1534,71.1909,0.047178,148.23,0.261,68.963,1562.0,
dP.Me_dA.L.L.dP.meL.F,CC(C)C[C@@H]1NC(=O)[C@@H](C)N(C)C(=O)[C@H]2CCCN2C(=O)[C@H](Cc2ccccc2)NC(=O)[C@H](CC(C)C)N(C)C(=O)[C@H]2CCCN2C(=O)[C@H](CC(C)C)NC1=O,1743.0,298.15,83.6772,58.6144,25.0628,4.3538,25.0628,68.3438,0.025435,168.54,0.279,69.4,1743.0,
L.dP.meL.A.Mono38.F.dP.meL.A.Mono1,CC(C)C[C@@H]1NC(=O)CN(Cc2ccc3c(c2)OCO3)C(=O)[C@H](C)NC(=O)[C@H](CC(C)C)N(C)C(=O)[C@H]2CCCN2C(=O)[C@H](Cc2ccccc2)NC(=O)CN(CC2CCOCC2)C(=O)[C@H](C)NC(=O)[C@H](CC(C)C)N(C)C(=O)[C@H]2CCCN2C1=O,7015.0,298.15,150.3479,94.0865,56.2614,12.7766,56.2614,116.7642,0.039837,265.95,1.196,1.45,7015.0,
dF.cHexCH2_Gly.dL.Nle.dP.Et_Gly,CCCC[C@@H]1NC(=O)[C@@H](CC(C)C)NC(=O)CN(CC2CCCCC2)C(=O)[C@@H](Cc2ccccc2)NC(=O)CN(CC)C(=O)[C@H]2CCCN2C1=O,2694.0,298.15,79.6666,53.9578,25.7088,5.4102,25.7088,67.0657,0.027525,148.23000000000002,0.68,18.647,2694.0,
dA.dL.L.P.Bn_Gly.F,CC(C)C[C@@H]1NC(=O)[C@@H](CC(C)C)NC(=O)[C@@H](C)NC(=O)[C@H](Cc2ccccc2)NC(=O)CN(Cc2ccccc2)C(=O)[C@@H]2CCCN2C1=O,1332.0,298.15,109.4974,55.4295,54.0679,12.1405,54.0679,71.6025,0.059603,157.02,0.528,41.932,1332.0,
dP.dA.dL.L.P.dL.F,CC(C)C[C@@H]1NC(=O)[C@@H](CC(C)C)NC(=O)[C@@H](C)NC(=O)[C@H]2CCCN2C(=O)[C@H](Cc2ccccc2)NC(=O)[C@@H](CC(C)C)NC(=O)[C@@H]2CCCN2C1=O,3760.0,298.15,104.482,52.1224,52.3596,10.6703,52.3596,73.9364,0.053418,186.12,0.243,67.288,3760.0,
meA.Bn_Gly.dL.P.dL.F,CC(C)C[C@H]1NC(=O)[C@@H]2CCCN2C(=O)[C@@H](CC(C)C)NC(=O)CN(Cc2ccccc2)C(=O)[C@H](C)N(C)C(=O)[C@H](Cc2ccccc2)NC1=O,2748.0,298.15,88.714,44.5969,44.1171,9.6076,44.1171,57.5676,0.04631,148.23,0.579,40.721,2748.0,
A.meL.Me_dL.P.meL.F,CC(C)C[C@@H]1C(=O)N2CCC[C@H]2C(=O)N(C)[C@@H](CC(C)C)C(=O)N[C@@H](Cc2ccccc2)C(=O)N[C@@H](C)C(=O)N(C)[C@@H](CC(C)C)C(=O)N1C,3006.0,298.15,76.8509,23.5395,53.3114,10.1705,53.3114,41.9234,0.057307,139.44,0.768,31.571,3006.0,
P.dA.L.dL.P.Bn_Gly.F,CC(C)C[C@@H]1NC(=O)[C@@H](C)NC(=O)[C@@H]2CCCN2C(=O)[C@H](Cc2ccccc2)NC(=O)CN(Cc2ccccc2)C(=O)[C@@H]2CCCN2C(=O)[C@@H](CC(C)C)NC1=O,3278.0,298.15,109.4594,62.1334,47.326,10.2164,47.326,80.8863,0.047528,177.33,0.78,38.306,3278.0,
I.L.Me_dF.meA.Sar.F.meY,CC[C@H](C)[C@@H]1NC(=O)[C@H](Cc2ccc(O)cc2)N(C)C(=O)[C@H](Cc2ccccc2)NC(=O)CN(C)C(=O)[C@H](C)N(C)C(=O)[C@@H](Cc2ccccc2)N(C)C(=O)[C@H](CC(C)C)NC1=O,3000.0,298.15,133.5589,74.6445,58.9144,13.804,58.9144,88.6842,0.053839,188.77,0.519,11.764,3000.0,
F.Mono38.L.Nle.P.Et_Gly,CCCC[C@@H]1NC(=O)[C@H](CC(C)C)NC(=O)CN(CC2CCOCC2)C(=O)[C@H](Cc2ccccc2)NC(=O)CN(CC)C(=O)[C@@H]2CCCN2C1=O,4659.0,298.15,112.3836,80.2481,32.1355,7.3274,32.1355,101.4875,0.033209,157.46,0.945,13.486,4659.0,
dP.meA.Bn_Gly.dL.P.Bn_Gly.F,CC(C)C[C@H]1NC(=O)CN(Cc2ccccc2)C(=O)[C@H](C)N(C)C(=O)[C@H]2CCCN2C(=O)[C@H](Cc2ccccc2)NC(=O)CN(Cc2ccccc2)C(=O)[C@@H]2CCCN2C1=O,2022.0,298.15,95.5031,42.7319,52.7712,9.0837,52.7712,76.9749,0.049861,159.75,0.971,48.25,2022.0,
P.dA.dL.meL.dP.Bn_Gly.F,CC(C)C[C@H]1NC(=O)[C@@H](C)NC(=O)[C@@H]2CCCN2C(=O)[C@H](Cc2ccccc2)NC(=O)CN(Cc2ccccc2)C(=O)[C@H]2CCCN2C(=O)[C@H](CC(C)C)N(C)C1=O,897.0,298.15,101.0114,58.4301,42.5813,9.3022,42.5813,78.726,0.043154,168.54000000000002,0.291,63.227,897.0,
Me_dA.meL.meL.P.Bn_Gly.F,CC(C)C[C@H]1C(=O)N(C)[C@@H](CC(C)C)C(=O)N2CCC[C@H]2C(=O)N(Cc2ccccc2)CC(=O)N[C@@H](Cc2ccccc2)C(=O)N(C)[C@H](C)C(=O)N1C,1349.0,298.15,72.8382,36.9805,35.8577,5.7873,35.8577,49.1938,0.039018,130.65,0.589,17.043,1349.0,
Me_dA.dL.L.P.dL.F,CC(C)C[C@@H]1NC(=O)[C@@H](CC(C)C)NC(=O)[C@@H](C)N(C)C(=O)[C@H](Cc2ccccc2)NC(=O)[C@@H](CC(C)C)NC(=O)[C@@H]2CCCN2C1=O,3653.0,298.15,97.2739,49.3104,47.9635,9.9894,47.9635,65.1518,0.053808,157.02,0.669,5.375,3653.0,
dA.cHexCH2_Gly.meL.Nle.P.Mono1,CCCC[C@@H]1NC(=O)[C@H](CC(C)C)N(C)C(=O)CN(CC2CCCCC2)C(=O)[C@@H](C)NC(=O)CN(Cc2ccc3c(c2)OCO3)C(=O)[C@@H]2CCCN2C1=O,2582.0,298.15,139.9838,106.2695,33.7143,7.4069,33.7143,133.6413,0.033652,157.9,0.885,8.23,2582.0,
dP.A.L.L.dP.L.F,CC(C)C[C@@H]1NC(=O)[C@H](C)NC(=O)[C@H]2CCCN2C(=O)[C@H](Cc2ccccc2)NC(=O)[C@H](CC(C)C)NC(=O)[C@H]2CCCN2C(=O)[C@H](CC(C)C)NC1=O,2402.0,298.15,100.7927,44.8217,55.971,10.1336,55.971,74.842,0.058722,186.12,0.18,72.318,2402.0,
P.dA.dL.Bn_Gly.P.dL.F,CC(C)C[C@H]1NC(=O)[C@@H]2CCCN2C(=O)CN(Cc2ccccc2)C(=O)[C@@H](CC(C)C)NC(=O)[C@@H](C)NC(=O)[C@@H]2CCCN2C(=O)[C@H](Cc2ccccc2)NC1=O,2959.0,298.15,102.4391,58.4524,43.9867,8.0389,43.9867,87.1397,0.04737,177.32999999999998,0.77,34.867,2959.0,
dF.Mono38.L.Nle.dP.Mono1,CCCC[C@@H]1NC(=O)[C@H](CC(C)C)NC(=O)CN(CC2CCOCC2)C(=O)[C@@H](Cc2ccccc2)NC(=O)CN(Cc2ccc3c(c2)OCO3)C(=O)[C@H]2CCCN2C1=O,4288.0,298.15,152.3081,88.7098,63.5983,17.4113,63.5983,99.9674,0.066907,175.92,0.669,10.232,4288.0,
A.Me_dL.Me_dL.dP.Bn_Gly.F,CC(C)C[C@@H]1C(=O)N(C)[C@H](CC(C)C)C(=O)N2CCC[C@@H]2C(=O)N(Cc2ccccc2)CC(=O)N[C@@H](Cc2ccccc2)C(=O)N[C@@H](C)C(=O)N1C,733.0,298.15,78.6778,43.7725,34.9053,6.8316,34.9053,58.925,0.037474,139.44,0.514,17.448,733.0,
dP.A.L.dL.P.Bn_Gly.F,CC(C)C[C@@H]1NC(=O)[C@H](C)NC(=O)[C@H]2CCCN2C(=O)[C@H](Cc2ccccc2)NC(=O)CN(Cc2ccccc2)C(=O)[C@@H]2CCCN2C(=O)[C@@H](CC(C)C)NC1=O,740.0,298.15,94.1283,56.8414,37.2869,10.3015,37.2869,83.9143,0.037806,177.33,0.158,41.756,740.0,
A.L.dL.P.Bn_Gly.F,CC(C)C[C@@H]1NC(=O)[C@H](C)NC(=O)[C@H](Cc2ccccc2)NC(=O)CN(Cc2ccccc2)C(=O)[C@@H]2CCCN2C(=O)[C@@H](CC(C)C)NC1=O,958.0,298.15,104.3196,43.922,60.3976,9.4413,60.3976,71.4914,0.065936,157.02,0.464,32.081,958.0,
P.Me_dA.L.Bn_Gly.P.Me_dL.F,CC(C)C[C@@H]1NC(=O)[C@@H](C)N(C)C(=O)[C@@H]2CCCN2C(=O)[C@H](Cc2ccccc2)NC(=O)[C@@H](CC(C)C)N(C)C(=O)[C@@H]2CCCN2C(=O)CN(Cc2ccccc2)C1=O,1749.0,298.15,79.2159,53.0878,26.1281,6.6059,26.1281,65.653,0.025057,159.75,0.434,37.208,1749.0,
P.A.Me_dL.L.dP.dL.F,CC(C)C[C@@H]1NC(=O)[C@@H](CC(C)C)N(C)C(=O)[C@H](C)NC(=O)[C@@H]2CCCN2C(=O)[C@H](Cc2ccccc2)NC(=O)[C@@H](CC(C)C)NC(=O)[C@H]2CCCN2C1=O,1645.0,298.15,104.7902,41.899,62.8912,13.1423,62.8912,57.536,0.063263,177.32999999999998,0.122,90.48,1645.0,
P.meA.Me_dL.L.dP.dL.F,CC(C)C[C@@H]1NC(=O)[C@@H](CC(C)C)N(C)C(=O)[C@H](C)N(C)C(=O)[C@@H]2CCCN2C(=O)[C@H](Cc2ccccc2)NC(=O)[C@@H](CC(C)C)NC(=O)[C@H]2CCCN2C1=O,1337.0,298.15,87.0007,37.2559,49.7448,7.0139,49.7448,53.7358,0.051254,168.54,0.11,0.067,1337.0,
dP.Pr_Gly.Me_dL.dL.P.dL.F,CCCN1CC(=O)N(C)[C@H](CC(C)C)C(=O)N[C@H](CC(C)C)C(=O)N2CCC[C@H]2C(=O)N[C@H](CC(C)C)C(=O)N[C@@H](Cc2ccccc2)C(=O)N2CCC[C@@H]2C1=O,6647.0,298.15,100.7902,41.9664,58.8238,13.9112,58.8238,51.1899,0.058499,168.54,0.178,56.608,6647.0,
Me_dA.L.meL.P.Me_dL.F,CC(C)C[C@@H]1NC(=O)[C@@H](C)N(C)C(=O)[C@H](Cc2ccccc2)NC(=O)[C@@H](CC(C)C)N(C)C(=O)[C@@H]2CCCN2C(=O)[C@H](CC(C)C)N(C)C1=O,2554.0,298.15,78.7923,35.792,43.0003,8.0018,43.0003,58.9765,0.048245,139.44,0.447,17.726,2554.0,
dP.dPye.dL.dL.dL.L,CC(C)C[C@@H]1NC(=O)[C@@H](CC(C)C)NC(=O)[C@@H](CC(C)C)NC(=O)[C@@H](CC(C)C)NC(=O)[C@@H](CCC(=O)N2CCCC2)NC(=O)[C@H]2CCCN2C1=O,3829.0,298.15,115.4077,60.8294,54.5783,10.4745,54.5783,80.1926,0.057953,186.12,0.493,34.727,3829.0,
Ala(tBu).Tza.dP.PhPr_Gly.F.dF,CC(C)(C)C[C@@H]1NC(=O)[C@@H](Cc2ccccc2)NC(=O)[C@H](Cc2ccccc2)NC(=O)CN(CCCc2ccccc2)C(=O)[C@H]2CCCN2C(=O)[C@H](Cc2cscn2)NC1=O,1980.0,298.15,149.6808,87.0944,62.5864,11.1262,62.5864,104.9253,0.061201,169.91,0.433,53.904,1980.0,
A.dL.bHph.dP.Me_dL.F,CC(C)C[C@@H]1C(=O)N[C@@H](Cc2ccccc2)C(=O)N[C@@H](C)C(=O)N[C@H](CC(C)C)C(=O)N[C@@H](Cc2ccccc2)CC(=O)N2CCC[C@@H]2C(=O)N1C,354.0,298.15,75.2047,35.1542,40.0505,10.1978,40.0505,46.5832,0.042771,157.02,0.386,72.72,354.0,
L.Me_dA.Me_Abu.L.dP.meY,CC[C@H]1C(=O)N[C@@H](CC(C)C)C(=O)N2CCC[C@@H]2C(=O)N(C)[C@@H](Cc2ccc(O)cc2)C(=O)N[C@@H](CC(C)C)C(=O)N(C)[C@H](C)C(=O)N1C,2486.0,298.15,103.9477,61.6158,42.3319,7.5824,42.3319,82.8701,0.047344,159.67000000000002,0.576,2.969,2486.0,
dP.bHph.Me_dL.dL.P.Me_dL.F,CC(C)C[C@@H]1C(=O)N[C@H](CC(C)C)C(=O)N2CCC[C@H]2C(=O)N(C)[C@H](CC(C)C)C(=O)N[C@@H](Cc2ccccc2)C(=O)N2CCC[C@@H]2C(=O)N[C@@H](Cc2ccccc2)CC(=O)N1C,1565.0,298.15,48.6451,32.9781,15.667,4.4016,15.667,43.3028,0.015157,168.54,0.101,75.94,1565.0,
dP.dL.dL.dL.dL.Pye,CC(C)C[C@H]1NC(=O)[C@H]2CCCN2C(=O)[C@H](CCC(=O)N2CCCC2)NC(=O)[C@@H](CC(C)C)NC(=O)[C@@H](CC(C)C)NC(=O)[C@@H](CC(C)C)NC1=O,3451.0,298.15,99.1034,46.7736,52.3298,13.5779,52.3298,62.1,0.056119,186.11999999999998,0.134,57.817,3451.0,
P.dA.dL.Bn_Gly.P.Me_dL.F,CC(C)C[C@@H]1C(=O)N[C@@H](Cc2ccccc2)C(=O)N2CCC[C@H]2C(=O)N[C@H](C)C(=O)N[C@H](CC(C)C)C(=O)N(Cc2ccccc2)CC(=O)N2CCC[C@H]2C(=O)N1C,1072.0,298.15,97.6921,65.9785,31.7136,6.9217,31.7136,87.2021,0.031536,168.54000000000002,0.4,55.233,1072.0,
meA.Me_dL.dL.P.L.F,CC(C)C[C@@H]1NC(=O)[C@@H]2CCCN2C(=O)[C@@H](CC(C)C)NC(=O)[C@@H](CC(C)C)N(C)C(=O)[C@H](C)N(C)C(=O)[C@H](Cc2ccccc2)NC1=O,2339.0,298.15,80.0995,43.6831,36.4164,8.0044,36.4164,69.6395,0.040322,148.23,0.41,61.719,2339.0,
I.A.Me_dF.P.Sar.F.meY,CC[C@H](C)[C@@H]1NC(=O)[C@H](Cc2ccc(O)cc2)N(C)C(=O)[C@H](Cc2ccccc2)NC(=O)CN(C)C(=O)[C@@H]2CCCN2C(=O)[C@@H](Cc2ccccc2)N(C)C(=O)[C@H](C)NC1=O,1388.0,298.15,122.4627,76.6652,45.7975,11.0309,45.7975,78.2163,0.045848,188.77,0.777,12.725,1388.0,
P.bHph.Bn_Gly.L.P.meL.F,CC(C)C[C@@H]1NC(=O)CN(Cc2ccccc2)C(=O)C[C@H](Cc2ccccc2)NC(=O)[C@@H]2CCCN2C(=O)[C@H](Cc2ccccc2)NC(=O)[C@H](CC(C)C)N(C)C(=O)[C@@H]2CCCN2C1=O,1269.0,298.15,102.9109,65.5643,37.3466,6.9701,37.3466,91.2028,0.035393,168.54,0.74,12.185,1269.0,
Pr_Gly.Me_dL.Bn_Gly.P.meL.F,CCCN1CC(=O)N(C)[C@H](CC(C)C)C(=O)N(Cc2ccccc2)CC(=O)N2CCC[C@H]2C(=O)N(C)[C@@H](CC(C)C)C(=O)N[C@@H](Cc2ccccc2)C1=O,2977.0,298.15,73.1877,43.0588,30.1289,7.377,30.1289,63.7598,0.031498,130.65,0.542,26.459,2977.0,
dA.L.meL.P.Me_dL.F,CC(C)C[C@@H]1NC(=O)[C@@H](C)NC(=O)[C@H](Cc2ccccc2)NC(=O)[C@@H](CC(C)C)N(C)C(=O)[C@@H]2CCCN2C(=O)[C@H](CC(C)C)N(C)C1=O,2281.0,298.15,82.5841,47.2637,35.3204,6.1126,35.3204,64.9687,0.039532,148.23000000000002,0.707,0.113,2281.0,
dP.A.Bn_Gly.L.dP.L.F,CC(C)C[C@@H]1NC(=O)[C@H]2CCCN2C(=O)[C@H](CC(C)C)NC(=O)CN(Cc2ccccc2)C(=O)[C@H](C)NC(=O)[C@H]2CCCN2C(=O)[C@H](Cc2ccccc2)NC1=O,2858.0,298.15,102.2062,47.7504,54.4558,7.3337,54.4558,79.8167,0.055573,177.32999999999998,0.5,38.74,2858.0,
bHph.Bn_Gly.L.P.L.F,CC(C)C[C@@H]1NC(=O)[C@@H]2CCCN2C(=O)[C@H](CC(C)C)NC(=O)CN(Cc2ccccc2)C(=O)C[C@H](Cc2ccccc2)NC(=O)[C@H](Cc2ccccc2)NC1=O,2757.0,298.15,115.6395,52.4714,63.1681,12.7017,63.1681,70.4053,0.064312,157.01999999999998,0.448,28.095,2757.0,
L.dP.Mono38.L.meA.A.dP.Mono1.L.meA,CC(C)C[C@@H]1NC(=O)CN(CC2CCOCC2)C(=O)[C@H]2CCCN2C(=O)[C@H](CC(C)C)NC(=O)[C@H](C)N(C)C(=O)[C@H](CC(C)C)NC(=O)CN(Cc2ccc3c(c2)OCO3)C(=O)[C@H]2CCCN2C(=O)[C@H](C)NC(=O)[C@H](C)N(C)C1=O,4118.0,298.15,181.1823,133.3728,47.8095,10.7582,47.8095,170.681,0.036364,265.95,0.665,14.813,4118.0,
Me_dA.meL.dL.P.Bn_Gly.F,CC(C)C[C@H]1NC(=O)[C@H](CC(C)C)N(C)C(=O)[C@@H](C)N(C)C(=O)[C@H](Cc2ccccc2)NC(=O)CN(Cc2ccccc2)C(=O)[C@@H]2CCCN2C1=O,2341.0,298.15,88.6085,59.4012,29.2073,7.2087,29.2073,69.0773,0.031747,139.44,0.893,24.356,2341.0,
bHph.Me_dL.dL.P.Me_dL.F,CC(C)C[C@@H]1C(=O)N[C@H](CC(C)C)C(=O)N2CCC[C@H]2C(=O)N(C)[C@H](CC(C)C)C(=O)N[C@@H](Cc2ccccc2)C(=O)N[C@@H](Cc2ccccc2)CC(=O)N1C,3639.0,298.15,70.483,24.8318,45.6512,9.0981,45.6512,53.5001,0.043329,148.23,0.345,58.418,3639.0,
dP.A.Me_dL.L.dP.Bn_Gly.F,CC(C)C[C@@H]1NC(=O)[C@@H](CC(C)C)N(C)C(=O)[C@H](C)NC(=O)[C@H]2CCCN2C(=O)[C@H](Cc2ccccc2)NC(=O)CN(Cc2ccccc2)C(=O)[C@H]2CCCN2C1=O,1522.0,298.15,93.6087,53.8805,39.7282,9.7616,39.7282,70.807,0.039407,168.54,0.636,45.072,1522.0,
dP.dL.dL.L.L.Y,CC(C)C[C@@H]1NC(=O)[C@H](CC(C)C)NC(=O)[C@@H](CC(C)C)NC(=O)[C@@H](CC(C)C)NC(=O)[C@H]2CCCN2C(=O)[C@H](Cc2ccc(O)cc2)NC1=O,2793.0,298.15,104.1774,70.9146,33.2628,6.4642,33.2628,91.9257,0.034125,186.04,0.213,50.424,2793.0,
Pr_Gly.L.L.dP.meL.F,CCCN1CC(=O)N[C@@H](CC(C)C)C(=O)N[C@@H](CC(C)C)C(=O)N2CCC[C@@H]2C(=O)N(C)[C@@H](CC(C)C)C(=O)N[C@@H](Cc2ccccc2)C1=O,4643.0,298.15,89.2378,40.2174,49.0204,11.3833,49.0204,56.0891,0.05176,148.23,0.444,39.566,4643.0,
P.A.meL.dL.dP.Me_dL.F,CC(C)C[C@@H]1C(=O)N[C@@H](Cc2ccccc2)C(=O)N2CCC[C@H]2C(=O)N[C@@H](C)C(=O)N(C)[C@@H](CC(C)C)C(=O)N[C@H](CC(C)C)C(=O)N2CCC[C@@H]2C(=O)N1C,2514.0,298.15,80.5719,56.3072,24.2647,4.6781,24.2647,70.5993,0.024735,168.54000000000002,0.638,33.331,2514.0,
P.meA.Me_dL.bHph.dP.meL.F,CC(C)C[C@@H]1C(=O)N[C@@H](Cc2ccccc2)CC(=O)N2CCC[C@@H]2C(=O)N(C)[C@@H](CC(C)C)C(=O)N[C@@H](Cc2ccccc2)C(=O)N2CCC[C@H]2C(=O)N(C)[C@@H](C)C(=O)N1C,1398.0,298.15,87.3365,45.0409,42.2956,6.9731,42.2956,65.5015,0.039472,159.75,0.378,70.218,1398.0,
meA.Bn_Gly.bHph.P.meL.F,CC(C)C[C@H]1C(=O)N[C@@H](Cc2ccccc2)C(=O)N(C)[C@@H](C)C(=O)N(Cc2ccccc2)CC(=O)N[C@@H](Cc2ccccc2)CC(=O)N2CCC[C@H]2C(=O)N1C,380.0,298.15,84.1348,36.8516,47.2832,9.2754,47.2832,53.8178,0.047435,139.44,0.55,25.571,380.0,
P.dA.Me_dL.bHph.P.Me_dL.F,CC(C)C[C@@H]1C(=O)N[C@@H](Cc2ccccc2)CC(=O)N2CCC[C@H]2C(=O)N(C)[C@H](CC(C)C)C(=O)N[C@@H](Cc2ccccc2)C(=O)N2CCC[C@H]2C(=O)N[C@H](C)C(=O)N1C,1989.0,298.15,97.923,61.5197,36.4033,6.5447,36.4033,78.0924,0.036088,168.54,0.547,22.096,1989.0,
Pr_Gly.dL.L.dP.meL.F,CCCN1CC(=O)N[C@H](CC(C)C)C(=O)N[C@@H](CC(C)C)C(=O)N2CCC[C@@H]2C(=O)N(C)[C@@H](CC(C)C)C(=O)N[C@@H](Cc2ccccc2)C1=O,4625.0,298.15,77.7615,40.79,36.9715,7.3063,36.9715,60.5232,0.04055,148.23,0.414,58.557,4625.0,
P.dA.meL.Bn_Gly.P.meL.F,CC(C)C[C@H]1C(=O)N(Cc2ccccc2)CC(=O)N2CCC[C@H]2C(=O)N(C)[C@@H](CC(C)C)C(=O)N[C@@H](Cc2ccccc2)C(=O)N2CCC[C@H]2C(=O)N[C@H](C)C(=O)N1C,2268.0,298.15,80.3328,53.9905,26.3423,5.9877,26.3423,64.5151,0.026428,159.75,0.544,37.969,2268.0,
dF.cHexCH2_Gly.dL.Nle.P.Mono1,CCCC[C@@H]1NC(=O)[C@@H](CC(C)C)NC(=O)CN(CC2CCCCC2)C(=O)[C@@H](Cc2ccccc2)NC(=O)CN(Cc2ccc3c(c2)OCO3)C(=O)[C@@H]2CCCN2C1=O,5479.0,298.15,152.5008,79.6748,72.826,13.3171,72.826,126.5771,0.069661,166.69,0.88,8.98,5479.0,
P.Me_dA.dL.meL.dP.Me_dL.F,CC(C)C[C@@H]1C(=O)N[C@@H](Cc2ccccc2)C(=O)N2CCC[C@H]2C(=O)N(C)[C@H](C)C(=O)N[C@H](CC(C)C)C(=O)N(C)[C@@H](CC(C)C)C(=O)N2CCC[C@@H]2C(=O)N1C,4260.0,298.15,90.0532,32.922,57.1312,14.4589,57.1312,83.9636,0.059504,159.75,0.342,61.202,4260.0,
P.Me_dA.meL.bHph.dP.meL.F,CC(C)C[C@H]1C(=O)N[C@@H](Cc2ccccc2)CC(=O)N2CCC[C@@H]2C(=O)N(C)[C@@H](CC(C)C)C(=O)N[C@@H](Cc2ccccc2)C(=O)N2CCC[C@H]2C(=O)N(C)[C@H](C)C(=O)N1C,1985.0,298.15,98.1531,43.1688,54.9843,10.0127,54.9843,61.7094,0.054117,159.75,0.687,45.498,1985.0,
P.meA.Bn_Gly.L.dP.Me_dL.F,CC(C)C[C@@H]1NC(=O)CN(Cc2ccccc2)C(=O)[C@H](C)N(C)C(=O)[C@@H]2CCCN2C(=O)[C@H](Cc2ccccc2)NC(=O)[C@@H](CC(C)C)N(C)C(=O)[C@H]2CCCN2C1=O,624.0,298.15,71.0044,41.0264,29.978,6.6213,29.978,55.3969,0.030161,159.75,0.474,39.715,624.0,
P.Me_dA.dL.dL.P.L.F,CC(C)C[C@@H]1NC(=O)[C@@H]2CCCN2C(=O)[C@@H](CC(C)C)NC(=O)[C@@H](CC(C)C)NC(=O)[C@@H](C)N(C)C(=O)[C@@H]2CCCN2C(=O)[C@H](Cc2ccccc2)NC1=O,1641.0,298.15,90.531,51.9223,38.6087,6.6435,38.6087,83.2357,0.042098,177.33,0.079,91.26,1641.0,
A.Mono39.meL.Nle.dP.Et_Gly,CCCC[C@@H]1NC(=O)[C@H](CC(C)C)N(C)C(=O)CN(CCOc2ccccc2)C(=O)[C@H](C)NC(=O)CN(CC)C(=O)[C@H]2CCCN2C1=O,4822.0,298.15,87.8972,49.511,38.3862,8.6465,38.3862,63.4941,0.042688,148.67000000000002,0.829,29.011,4822.0,
dA.meA.(N->O)Val(3-OH).A.(N->O)Leu.Me_dF,CC(C)C[C@@H]1OC(=O)[C@H](C)NC(=O)[C@H](C(C)(C)O)OC(=O)[C@H](C)N(C)C(=O)[C@@H](C)NC(=O)[C@@H](Cc2ccccc2)N(C)C1=O,438.0,298.15,118.0595,82.1511,35.9084,7.5857,35.9084,111.4272,0.044528,171.65,0.211,56.541,438.0,
Me_dA.meL.L.dP.Bn_Gly.F,CC(C)C[C@@H]1NC(=O)[C@H](CC(C)C)N(C)C(=O)[C@@H](C)N(C)C(=O)[C@H](Cc2ccccc2)NC(=O)CN(Cc2ccccc2)C(=O)[C@H]2CCCN2C1=O,1482.0,298.15,91.7309,40.7202,51.0107,10.2865,51.0107,60.9483,0.05489,139.44,0.631,24.807,1482.0,
dP.bHph.Me_dL.dL.dP.Me_dL.F,CC(C)C[C@@H]1C(=O)N[C@H](CC(C)C)C(=O)N2CCC[C@@H]2C(=O)N(C)[C@H](CC(C)C)C(=O)N[C@@H](Cc2ccccc2)C(=O)N2CCC[C@@H]2C(=O)N[C@@H](Cc2ccccc2)CC(=O)N1C,4149.0,298.15,95.4432,43.557,51.8862,7.0178,51.8862,59.1844,0.049557,168.54,0.362,61.29,4149.0,
P.A.Me_dL.Bn_Gly.dP.meL.F,CC(C)C[C@@H]1C(=O)N(Cc2ccccc2)CC(=O)N2CCC[C@@H]2C(=O)N(C)[C@@H](CC(C)C)C(=O)N[C@@H](Cc2ccccc2)C(=O)N2CCC[C@H]2C(=O)N[C@@H](C)C(=O)N1C,2631.0,298.15,105.647,47.5482,58.0988,10.0146,58.0988,88.6577,0.056923,159.75,0.56,51.385,2631.0,
L.dL.L.L.dP.F,CC(C)C[C@@H]1NC(=O)[C@H](Cc2ccccc2)NC(=O)[C@H]2CCCN2C(=O)[C@H](CC(C)C)NC(=O)[C@H](CC(C)C)NC(=O)[C@@H](CC(C)C)NC1=O,4906.0,298.15,90.2503,47.8129,42.4374,7.3306,42.4374,58.6434,0.0453,165.81,0.118,56.69,4906.0,
Pr_Gly.L.Bn_Gly.dP.Bn_Gly.F,CCCN1CC(=O)N[C@@H](CC(C)C)C(=O)N(Cc2ccccc2)CC(=O)N2CCC[C@@H]2C(=O)N(Cc2ccccc2)CC(=O)N[C@@H](Cc2ccccc2)C1=O,1190.0,298.15,88.2866,47.5326,40.754,9.413,40.754,59.9717,0.042684,139.44,0.577,5.688,1190.0,
P.A.meL.Bn_Gly.P.dL.F,CC(C)C[C@H]1NC(=O)[C@@H]2CCCN2C(=O)CN(Cc2ccccc2)C(=O)[C@H](CC(C)C)N(C)C(=O)[C@H](C)NC(=O)[C@@H]2CCCN2C(=O)[C@H](Cc2ccccc2)NC1=O,1499.0,298.15,93.7225,57.1798,36.5427,6.5473,36.5427,70.7449,0.039178,168.54,0.473,33.014,1499.0,
P.meA.L.L.P.L.F,CC(C)C[C@@H]1NC(=O)[C@H](C)N(C)C(=O)[C@@H]2CCCN2C(=O)[C@H](Cc2ccccc2)NC(=O)[C@H](CC(C)C)NC(=O)[C@@H]2CCCN2C(=O)[C@H](CC(C)C)NC1=O,1680.0,298.15,114.8202,81.5032,33.317,5.9485,33.317,106.5711,0.03449,177.32999999999998,0.606,45.667,1680.0,
dP.Me_dA.Bn_Gly.bHph.dP.meL.F,CC(C)C[C@H]1C(=O)N[C@@H](Cc2ccccc2)C(=O)N2CCC[C@@H]2C(=O)N(C)[C@H](C)C(=O)N(Cc2ccccc2)CC(=O)N[C@@H](Cc2ccccc2)CC(=O)N2CCC[C@@H]2C(=O)N1C,518.0,298.15,76.2708,38.5941,37.6767,6.2795,37.6767,49.4628,0.036183,159.75,0.367,12.966,518.0,
meA.meL.Bn_Gly.P.Bn_Gly.F,CC(C)C[C@H]1C(=O)N(Cc2ccccc2)CC(=O)N2CCC[C@H]2C(=O)N(Cc2ccccc2)CC(=O)N[C@@H](Cc2ccccc2)C(=O)N(C)[C@@H](C)C(=O)N1C,485.0,298.15,78.8418,51.0961,27.7457,9.1502,27.7457,72.9715,0.029866,130.65,0.551,48.797,485.0,
Me_dA.L.Me_dL.dP.dL.F,CC(C)C[C@@H]1NC(=O)[C@@H](C)N(C)C(=O)[C@H](Cc2ccccc2)NC(=O)[C@@H](CC(C)C)NC(=O)[C@H]2CCCN2C(=O)[C@@H](CC(C)C)N(C)C1=O,3079.0,298.15,98.734,52.277,46.457,10.6123,46.457,82.8778,0.050136,148.23000000000002,0.349,52.859,3079.0,
dP.dPye.A.dL.Abu.L,CC[C@@H]1NC(=O)[C@@H](CC(C)C)NC(=O)[C@H](C)NC(=O)[C@@H](CCC(=O)N2CCCC2)NC(=O)[C@H]2CCCN2C(=O)[C@H](CC(C)C)NC1=O,935.0,298.15,94.7447,67.6065,27.1382,4.8433,27.1382,79.9135,0.031184,186.12,0.348,33.976,935.0,
dP.Pr_Gly.L.L.dP.Bn_Gly.F,CCCN1CC(=O)N[C@@H](CC(C)C)C(=O)N[C@@H](CC(C)C)C(=O)N2CCC[C@@H]2C(=O)N(Cc2ccccc2)CC(=O)N[C@@H](Cc2ccccc2)C(=O)N2CCC[C@@H]2C1=O,2518.0,298.15,113.5086,72.0574,41.4512,6.3598,41.4512,79.8251,0.041037,168.54,0.51,47.188,2518.0,
dP.Me_dA.meL.dL.dP.Me_dL.F,CC(C)C[C@@H]1C(=O)N[C@@H](Cc2ccccc2)C(=O)N2CCC[C@@H]2C(=O)N(C)[C@H](C)C(=O)N(C)[C@@H](CC(C)C)C(=O)N[C@H](CC(C)C)C(=O)N2CCC[C@@H]2C(=O)N1C,4239.0,298.15,72.4769,46.5938,25.8831,5.6836,25.8831,61.5802,0.026043,159.75,0.872,3.971,4239.0,
dP.bHph.L.dL.P.Bn_Gly.F,CC(C)C[C@@H]1NC(=O)C[C@H](Cc2ccccc2)NC(=O)[C@H]2CCCN2C(=O)[C@H](Cc2ccccc2)NC(=O)CN(Cc2ccccc2)C(=O)[C@@H]2CCCN2C(=O)[C@@H](CC(C)C)NC1=O,1246.0,298.15,105.8786,36.7432,69.1354,12.318,69.1354,81.1869,0.065404,177.33,0.372,62.055,1246.0,
P.bHph.Bn_Gly.bHph.P.L.F,CC(C)C[C@@H]1NC(=O)[C@@H]2CCCN2C(=O)C[C@H](Cc2ccccc2)NC(=O)CN(Cc2ccccc2)C(=O)C[C@H](Cc2ccccc2)NC(=O)[C@@H]2CCCN2C(=O)[C@H](Cc2ccccc2)NC1=O,1585.0,298.15,95.6772,42.7373,52.9399,8.1064,52.9399,62.9704,0.050095,177.32999999999998,0.532,24.639,1585.0,
P.dA.Bn_Gly.Bn_Gly.P.L.F,CC(C)C[C@@H]1NC(=O)[C@@H]2CCCN2C(=O)CN(Cc2ccccc2)C(=O)CN(Cc2ccccc2)C(=O)[C@@H](C)NC(=O)[C@@H]2CCCN2C(=O)[C@H](Cc2ccccc2)NC1=O,1425.0,298.15,110.9381,44.9874,65.9507,13.6109,65.9507,62.4292,0.066385,168.54,0.597,8.361,1425.0,
A.MeOEt_Gly.meL.Nle.dP.Bn(4-Cl)_Gly,CCCC[C@@H]1NC(=O)[C@H](CC(C)C)N(C)C(=O)CN(CCOC)C(=O)[C@H](C)NC(=O)CN(Cc2ccc(Cl)cc2)C(=O)[C@H]2CCCN2C1=O,6242.0,298.15,90.5541,52.3932,38.1609,8.2099,38.1609,76.0062,0.042085,148.67000000000002,1.018,16.292,6242.0,
P.A.dL.dL.dP.dL.F,CC(C)C[C@H]1NC(=O)[C@H](C)NC(=O)[C@@H]2CCCN2C(=O)[C@H](Cc2ccccc2)NC(=O)[C@@H](CC(C)C)NC(=O)[C@H]2CCCN2C(=O)[C@@H](CC(C)C)NC1=O,1783.0,298.15,107.5222,66.9814,40.5408,10.353,40.5408,84.1403,0.041925,186.12,0.127,87.249,1783.0,
P.dA.dL.meL.P.dL.F,CC(C)C[C@H]1NC(=O)[C@@H]2CCCN2C(=O)[C@H](CC(C)C)N(C)C(=O)[C@@H](CC(C)C)NC(=O)[C@@H](C)NC(=O)[C@@H]2CCCN2C(=O)[C@H](Cc2ccccc2)NC1=O,2897.0,298.15,101.2629,61.2224,40.0405,8.1333,40.0405,83.9752,0.039421,177.32999999999998,0.187,75.675,2897.0,
P.Me_dA.Me_dL.Me_dL.dP.L.F,CC(C)C[C@@H]1NC(=O)[C@H]2CCCN2C(=O)[C@@H](CC(C)C)N(C)C(=O)[C@@H](CC(C)C)N(C)C(=O)[C@@H](C)N(C)C(=O)[C@@H]2CCCN2C(=O)[C@H](Cc2ccccc2)NC1=O,2135.0,298.15,92.5671,57.1752,35.3919,7.9452,35.3919,83.0572,0.035488,159.75,0.563,34.211,2135.0,
dP.meA.dL.Me_dL.dP.L.F,CC(C)C[C@@H]1NC(=O)[C@H]2CCCN2C(=O)[C@@H](CC(C)C)N(C)C(=O)[C@@H](CC(C)C)NC(=O)[C@H](C)N(C)C(=O)[C@H]2CCCN2C(=O)[C@H](Cc2ccccc2)NC1=O,2687.0,298.15,90.5268,57.9066,32.6202,6.37,32.6202,75.3386,0.034932,168.54,0.054,92.598,2687.0,
dP.bHph.Me_dL.Bn_Gly.P.Me_dL.F,CC(C)C[C@@H]1C(=O)N(Cc2ccccc2)CC(=O)N2CCC[C@H]2C(=O)N(C)[C@H](CC(C)C)C(=O)N[C@@H](Cc2ccccc2)C(=O)N2CCC[C@@H]2C(=O)N[C@@H](Cc2ccccc2)CC(=O)N1C,2929.0,298.15,77.7641,42.0008,35.7633,7.9463,35.7633,53.806,0.031619,159.75,0.258,73.784,2929.0,
F.Mono38.meL.Nle.dP.Mono34,CCCC[C@@H]1NC(=O)[C@H](CC(C)C)N(C)C(=O)CN(CC2CCOCC2)C(=O)[C@H](Cc2ccccc2)NC(=O)CN(CCCOC(C)C)C(=O)[C@H]2CCCN2C1=O,7208.0,298.15,99.1323,58.473,40.6593,8.7437,40.6593,63.6548,0.038373,157.9,0.584,48.868,7208.0,
A.L.bHph.P.dL.F,CC(C)C[C@@H]1NC(=O)[C@H](C)NC(=O)[C@H](Cc2ccccc2)NC(=O)[C@@H](CC(C)C)NC(=O)[C@@H]2CCCN2C(=O)C[C@H](Cc2ccccc2)NC1=O,1341.0,298.15,99.2715,51.0812,48.1903,11.0749,48.1903,67.6909,0.052779,165.81,0.405,34.463,1341.0,
Mono14.Tle.F.P.I.P,CC[C@@H](C)[C@@H]1NC(=O)[C@@H]2CCCN2C(=O)[C@H]([C@@H](C)CC)NC(=O)[C@@H]2CCCN2C(=O)[C@H](Cc2ccccc2)NC(=O)[C@H](C(C)(C)C)NC(=O)c2csc1n2,1613.0,298.15,119.1294,79.9881,39.1413,6.245,39.1413,109.1471,0.04287,169.90999999999997,0.758,24.906,1613.0,
dP.A.L.bHph.dP.meL.F,CC(C)C[C@@H]1NC(=O)[C@H](C)NC(=O)[C@H]2CCCN2C(=O)[C@H](Cc2ccccc2)NC(=O)[C@H](CC(C)C)N(C)C(=O)[C@H]2CCCN2C(=O)C[C@H](Cc2ccccc2)NC1=O,1083.0,298.15,94.0672,28.0731,65.9941,17.1267,65.9941,37.6392,0.068449,177.33,0.177,75.317,1083.0,
dA.L.dL.P.meL.F,CC(C)C[C@@H]1NC(=O)[C@@H](C)NC(=O)[C@H](Cc2ccccc2)NC(=O)[C@H](CC(C)C)N(C)C(=O)[C@@H]2CCCN2C(=O)[C@@H](CC(C)C)NC1=O,3846.0,298.15,90.3554,46.405,43.9504,11.4989,43.9504,58.6097,0.048363,157.02,0.785,7.266,3846.0,
dA.L.L.dP.Bn_Gly.F,CC(C)C[C@@H]1NC(=O)[C@@H](C)NC(=O)[C@H](Cc2ccccc2)NC(=O)CN(Cc2ccccc2)C(=O)[C@H]2CCCN2C(=O)[C@H](CC(C)C)NC1=O,1484.0,298.15,104.4929,59.6038,44.8891,9.1573,44.8891,72.1007,0.048887,157.02,0.508,31.57,1484.0,
dP.meA.Me_dL.dL.dP.Me_dL.F,CC(C)C[C@@H]1C(=O)N[C@@H](Cc2ccccc2)C(=O)N2CCC[C@@H]2C(=O)N(C)[C@@H](C)C(=O)N(C)[C@H](CC(C)C)C(=O)N[C@H](CC(C)C)C(=O)N2CCC[C@@H]2C(=O)N1C,4013.0,298.15,81.1087,44.5408,36.5679,6.8163,36.5679,61.0345,0.037277,159.75,0.745,39.754,4013.0,
L.dF.P.L.dL.L,CC(C)C[C@@H]1NC(=O)[C@H](CC(C)C)NC(=O)[C@@H](CC(C)C)NC(=O)[C@H](CC(C)C)NC(=O)[C@@H]2CCCN2C(=O)[C@@H](Cc2ccccc2)NC1=O,3810.0,298.15,79.6882,38.7449,40.9433,8.2137,40.9433,66.4388,0.043742,165.81,0.114,68.796,3810.0,
L.dP.meY.L.Me_dL.Mono5,CC(C)C[C@@H]1NC(=O)[C@H](Cc2ccc(O)cc2)N(C)C(=O)[C@H]2CCCN2C(=O)[C@H](CC(C)C)NC(=O)[C@H](CC(=O)N2CCOCC2)N(C)C(=O)[C@@H](CC(C)C)N(C)C1=O,3419.0,298.15,140.636,78.6947,61.9413,12.9059,61.9413,88.8371,0.060879,189.20999999999998,0.333,69.463,3419.0,
dP.Pr_Gly.L.dL.P.meL.F,CCCN1CC(=O)N[C@@H](CC(C)C)C(=O)N[C@H](CC(C)C)C(=O)N2CCC[C@H]2C(=O)N(C)[C@@H](CC(C)C)C(=O)N[C@@H](Cc2ccccc2)C(=O)N2CCC[C@@H]2C1=O,3313.0,298.15,89.5902,48.6651,40.9251,7.8453,40.9251,73.4056,0.040676,168.54,0.195,69.838,3313.0,
Pr_Gly.L.Bn_Gly.dP.dL.F,CCCN1CC(=O)N[C@@H](CC(C)C)C(=O)N(Cc2ccccc2)CC(=O)N2CCC[C@@H]2C(=O)N[C@H](CC(C)C)C(=O)N[C@@H](Cc2ccccc2)C1=O,1459.0,298.15,78.6112,43.1637,35.4475,7.4658,35.4475,58.2235,0.037094,148.23,0.469,37.909,1459.0,
dA.Bn_Gly.bHph.P.dL.F,CC(C)C[C@H]1NC(=O)[C@@H]2CCCN2C(=O)C[C@H](Cc2ccccc2)NC(=O)CN(Cc2ccccc2)C(=O)[C@@H](C)NC(=O)[C@H](Cc2ccccc2)NC1=O,443.0,298.15,84.1952,46.5462,37.649,5.7826,37.649,67.338,0.03956,157.01999999999998,0.437,33.675,443.0,
dF.pentyl_Gly.dL.Nle.dP.Mono1,CCCCCN1CC(=O)N[C@H](CC(C)C)C(=O)N[C@@H](CCCC)C(=O)N2CCC[C@@H]2C(=O)N(Cc2ccc3c(c2)OCO3)CC(=O)N[C@H](Cc2ccccc2)C1=O,5920.0,298.15,150.1352,69.419,80.7162,18.4647,80.7162,88.0383,0.08427,166.69,0.639,13.797,5920.0,
dP.bHph.L.L.dP.L.F,CC(C)C[C@@H]1NC(=O)C[C@H](Cc2ccccc2)NC(=O)[C@H]2CCCN2C(=O)[C@H](Cc2ccccc2)NC(=O)[C@H](CC(C)C)NC(=O)[C@H]2CCCN2C(=O)[C@H](CC(C)C)NC1=O,3690.0,298.15,94.7134,48.3023,46.4111,10.2858,46.4111,83.2686,0.044547,186.12,0.325,65.83,3690.0,
A.L.meL.dP.Me_dL.F,CC(C)C[C@@H]1NC(=O)[C@H](C)NC(=O)[C@H](Cc2ccccc2)NC(=O)[C@@H](CC(C)C)N(C)C(=O)[C@H]2CCCN2C(=O)[C@H](CC(C)C)N(C)C1=O,780.0,298.15,67.6431,36.2783,31.3648,5.7125,31.3648,57.2927,0.035326,148.23000000000002,0.258,40.768,780.0,
P.bHph.dL.bHph.dP.dL.F,CC(C)C[C@H]1NC(=O)C[C@H](Cc2ccccc2)NC(=O)[C@@H]2CCCN2C(=O)[C@H](Cc2ccccc2)NC(=O)[C@@H](CC(C)C)NC(=O)[C@H]2CCCN2C(=O)C[C@H](Cc2ccccc2)NC1=O,1847.0,298.15,98.3566,36.4713,61.8853,13.0165,61.8853,51.2059,0.055582,186.12,0.494,28.624,1847.0,
Me_dA.L.L.P.Bn_Gly.F,CC(C)C[C@@H]1NC(=O)[C@@H](C)N(C)C(=O)[C@H](Cc2ccccc2)NC(=O)CN(Cc2ccccc2)C(=O)[C@@H]2CCCN2C(=O)[C@H](CC(C)C)NC1=O,1218.0,298.15,98.8128,60.9566,37.8562,7.9459,37.8562,80.4015,0.040418,148.23,0.42,41.924,1218.0,
A.meL.Bn_Gly.P.Bn_Gly.F,CC(C)C[C@H]1C(=O)N(Cc2ccccc2)CC(=O)N2CCC[C@H]2C(=O)N(Cc2ccccc2)CC(=O)N[C@@H](Cc2ccccc2)C(=O)N[C@@H](C)C(=O)N1C,792.0,298.15,100.5932,67.3686,33.2246,7.0204,33.2246,84.5053,0.036097,139.44,0.795,32.789,792.0,
Pr_Gly.dL.L.P.L.F,CCCN1CC(=O)N[C@H](CC(C)C)C(=O)N[C@@H](CC(C)C)C(=O)N2CCC[C@H]2C(=O)N[C@@H](CC(C)C)C(=O)N[C@@H](Cc2ccccc2)C1=O,2400.0,298.15,92.4702,50.6756,41.7946,9.5057,41.7946,68.3537,0.046618,157.01999999999998,0.2,65.463,2400.0,
P.A.meL.dL.dP.meL.F,CC(C)C[C@H]1NC(=O)[C@H](CC(C)C)N(C)C(=O)[C@H](C)NC(=O)[C@@H]2CCCN2C(=O)[C@H](Cc2ccccc2)NC(=O)[C@H](CC(C)C)N(C)C(=O)[C@H]2CCCN2C1=O,1910.0,298.15,94.4852,67.0819,27.4033,6.2453,27.4033,79.3118,0.027649,168.54,0.594,12.208,1910.0,
P.A.Me_dL.Bn_Gly.P.meL.F,CC(C)C[C@@H]1C(=O)N(Cc2ccccc2)CC(=O)N2CCC[C@H]2C(=O)N(C)[C@@H](CC(C)C)C(=O)N[C@@H](Cc2ccccc2)C(=O)N2CCC[C@H]2C(=O)N[C@@H](C)C(=O)N1C,2198.0,298.15,107.9631,54.8924,53.0707,9.7854,53.0707,83.0536,0.052452,159.75,0.66,36.159,2198.0,
dP.dPye.Cha.dL.Nal.L,CC(C)C[C@@H]1NC(=O)[C@H](Cc2ccc3ccccc3c2)NC(=O)[C@@H](CC(C)C)NC(=O)[C@H](CC2CCCCC2)NC(=O)[C@@H](CCC(=O)N2CCCC2)NC(=O)[C@H]2CCCN2C1=O,1798.0,298.15,73.909,48.6055,25.3035,6.075,25.3035,53.8007,0.023355,186.12,0.716,14.136,1798.0,
P.A.L.dL.dP.Me_dL.F,CC(C)C[C@@H]1NC(=O)[C@H](C)NC(=O)[C@@H]2CCCN2C(=O)[C@H](Cc2ccccc2)NC(=O)[C@@H](CC(C)C)N(C)C(=O)[C@H]2CCCN2C(=O)[C@@H](CC(C)C)NC1=O,3702.0,298.15,115.109,49.1361,65.9729,17.952,65.9729,63.7437,0.068752,177.33,0.416,56.499,3702.0,
dAla(indol-2-yl).dK.T.dF.P.F,C[C@@H](O)[C@@H]1NC(=O)[C@@H](CCCCN)NC(=O)[C@@H](Cc2cc3ccccc3[nH]2)NC(=O)[C@H](Cc2ccccc2)NC(=O)[C@@H]2CCCN2C(=O)[C@@H](Cc2ccccc2)NC1=O,1654.0,298.15,122.218,60.9831,61.2349,14.2194,61.2349,79.7346,0.06569,227.84999999999997,0.689,24.322,1654.0,
meA.L.Me_dL.P.dL.F,CC(C)C[C@@H]1NC(=O)[C@H](C)N(C)C(=O)[C@H](Cc2ccccc2)NC(=O)[C@@H](CC(C)C)NC(=O)[C@@H]2CCCN2C(=O)[C@@H](CC(C)C)N(C)C1=O,4591.0,298.15,87.2937,49.0037,38.29,8.7945,38.29,60.7739,0.04081,148.23000000000002,0.334,51.985,4591.0,
dP.dA.Me_dL.bHph.P.meL.F,CC(C)C[C@@H]1C(=O)N[C@@H](Cc2ccccc2)CC(=O)N2CCC[C@H]2C(=O)N(C)[C@@H](CC(C)C)C(=O)N[C@@H](Cc2ccccc2)C(=O)N2CCC[C@@H]2C(=O)N[C@H](C)C(=O)N1C,2340.0,298.15,75.5734,25.9581,49.6153,11.7928,49.6153,33.9616,0.047801,168.54,0.256,64.07,2340.0,
dP.meA.meL.meL.dP.L.F,CC(C)C[C@@H]1NC(=O)[C@H]2CCCN2C(=O)[C@H](CC(C)C)N(C)C(=O)[C@H](CC(C)C)N(C)C(=O)[C@H](C)N(C)C(=O)[C@H]2CCCN2C(=O)[C@H](Cc2ccccc2)NC1=O,3783.0,298.15,96.8936,49.0217,47.8719,7.0112,47.8719,58.2769,0.049451,159.75,0.685,28.584,3783.0,
P.meA.L.Bn_Gly.dP.meL.F,CC(C)C[C@@H]1NC(=O)[C@H](C)N(C)C(=O)[C@@H]2CCCN2C(=O)[C@H](Cc2ccccc2)NC(=O)[C@H](CC(C)C)N(C)C(=O)[C@H]2CCCN2C(=O)CN(Cc2ccccc2)C1=O,2120.0,298.15,79.3151,49.9453,29.3698,6.1516,29.3698,70.1255,0.029382,159.75,0.587,4.919,2120.0,
dP.meA.meL.bHph.dP.meL.F,CC(C)C[C@H]1C(=O)N[C@@H](Cc2ccccc2)C(=O)N2CCC[C@@H]2C(=O)N(C)[C@@H](C)C(=O)N(C)[C@@H](CC(C)C)C(=O)N[C@@H](Cc2ccccc2)CC(=O)N2CCC[C@@H]2C(=O)N1C,1193.0,298.15,69.9156,34.2491,35.6665,7.6231,35.6665,65.6327,0.034534,159.75,0.403,34.763,1193.0,
Me_dA.meL.L.P.meL.F,CC(C)C[C@@H]1NC(=O)[C@H](CC(C)C)N(C)C(=O)[C@@H](C)N(C)C(=O)[C@H](Cc2ccccc2)NC(=O)[C@H](CC(C)C)N(C)C(=O)[C@@H]2CCCN2C1=O,1521.0,298.15,81.4194,50.4852,30.9342,5.5982,30.9342,60.7171,0.034079,139.44,0.861,29.439,1521.0,
P.dA.dL.bHph.dP.L.F,CC(C)C[C@@H]1NC(=O)[C@H]2CCCN2C(=O)C[C@H](Cc2ccccc2)NC(=O)[C@@H](CC(C)C)NC(=O)[C@@H](C)NC(=O)[C@@H]2CCCN2C(=O)[C@H](Cc2ccccc2)NC1=O,1072.0,298.15,95.8638,40.3509,55.5129,11.5058,55.5129,67.6964,0.057705,186.12,0.469,28.257,1072.0,
P.Me_dA.meL.Bn_Gly.P.Me_dL.F,CC(C)C[C@@H]1C(=O)N[C@@H](Cc2ccccc2)C(=O)N2CCC[C@H]2C(=O)N(C)[C@H](C)C(=O)N(C)[C@@H](CC(C)C)C(=O)N(Cc2ccccc2)CC(=O)N2CCC[C@H]2C(=O)N1C,2122.0,298.15,73.3418,37.8487,35.4931,5.5463,35.4931,58.8305,0.035165,150.96,0.74,32.889,2122.0,
A.L.dL.dP.dL.F,CC(C)C[C@@H]1NC(=O)[C@H](C)NC(=O)[C@H](Cc2ccccc2)NC(=O)[C@@H](CC(C)C)NC(=O)[C@H]2CCCN2C(=O)[C@@H](CC(C)C)NC1=O,2793.0,298.15,114.312,47.119,67.193,12.2537,67.193,67.115,0.074869,165.81,0.399,46.789,2793.0,
bHph.Me_dL.meL.P.dL.F,CC(C)C[C@@H]1C(=O)N(C)[C@@H](CC(C)C)C(=O)N2CCC[C@H]2C(=O)N[C@H](CC(C)C)C(=O)N[C@@H](Cc2ccccc2)C(=O)N[C@@H](Cc2ccccc2)CC(=O)N1C,2958.0,298.15,88.4281,29.6856,58.7425,10.9384,58.7425,46.0196,0.057401,148.23,0.351,50.557,2958.0,
meA.dA.dA.dA.Me_dA.dA,C[C@@H]1C(=O)N[C@H](C)C(=O)N(C)[C@@H](C)C(=O)N[C@H](C)C(=O)N[C@H](C)C(=O)N[C@H](C)C(=O)N1C,49.0,298.15,123.8179,75.9833,47.8346,13.4413,47.8346,90.2867,0.073621,157.02,0.132,78.21,49.0,
A.3-pyridylethyl_Gly.meL.Nle.dP.Pr_Gly,CCCC[C@@H]1NC(=O)[C@H](CC(C)C)N(C)C(=O)CN(CCc2cccnc2)C(=O)[C@H](C)NC(=O)CN(CCC)C(=O)[C@H]2CCCN2C1=O,4756.0,298.15,98.5987,59.2431,39.3556,6.6444,39.3556,81.2563,0.043544,152.33,0.686,37.256,4756.0,
dA.Me_dL.bHph.dP.dL.F,CC(C)C[C@@H]1C(=O)N[C@@H](Cc2ccccc2)CC(=O)N2CCC[C@@H]2C(=O)N[C@H](CC(C)C)C(=O)N[C@@H](Cc2ccccc2)C(=O)N[C@H](C)C(=O)N1C,1258.0,298.15,105.383,45.7186,59.6644,10.6768,59.6644,64.1323,0.063304,157.02,0.604,54.836,1258.0,
A.Mono38.L.Nle.P.Mono1,CCCC[C@@H]1NC(=O)[C@H](CC(C)C)NC(=O)CN(CC2CCOCC2)C(=O)[C@H](C)NC(=O)CN(Cc2ccc3c(c2)OCO3)C(=O)[C@@H]2CCCN2C1=O,6108.0,298.15,164.665,98.7955,65.8695,15.3976,65.8695,156.572,0.067566,175.92,0.836,2.615,6108.0,
P.meA.L.Bn_Gly.dP.dL.F,CC(C)C[C@@H]1NC(=O)[C@H](C)N(C)C(=O)[C@@H]2CCCN2C(=O)[C@H](Cc2ccccc2)NC(=O)[C@@H](CC(C)C)NC(=O)[C@H]2CCCN2C(=O)CN(Cc2ccccc2)C1=O,4250.0,298.15,96.0241,51.7781,44.246,11.0543,44.246,79.3994,0.044039,168.54,0.533,2.235,4250.0,
P.bHph.dL.Bn_Gly.P.L.F,CC(C)C[C@@H]1NC(=O)[C@@H]2CCCN2C(=O)CN(Cc2ccccc2)C(=O)[C@@H](CC(C)C)NC(=O)C[C@H](Cc2ccccc2)NC(=O)[C@@H]2CCCN2C(=O)[C@H](Cc2ccccc2)NC1=O,3479.0,298.15,99.4469,46.1468,53.3001,10.5579,53.3001,65.5885,0.048504,177.32999999999998,0.699,10.903,3479.0,
dA.dL.Bn_Gly.dP.meL.F,CC(C)C[C@H]1NC(=O)[C@@H](C)NC(=O)[C@H](Cc2ccccc2)NC(=O)[C@H](CC(C)C)N(C)C(=O)[C@H]2CCCN2C(=O)CN(Cc2ccccc2)C1=O,554.0,298.15,110.6325,47.4541,63.1784,12.6285,63.1784,53.2701,0.068637,148.23000000000002,0.201,81.111,554.0,
P.Pr_Gly.dL.dL.P.dL.F,CCCN1CC(=O)N[C@H](CC(C)C)C(=O)N[C@H](CC(C)C)C(=O)N2CCC[C@H]2C(=O)N[C@H](CC(C)C)C(=O)N[C@@H](Cc2ccccc2)C(=O)N2CCC[C@H]2C1=O,7285.0,298.15,114.5061,55.5336,58.9725,14.122,58.9725,108.4645,0.059308,177.32999999999998,0.444,50.49,7285.0,
A.Bn_Gly.meL.Nle.dP.Mono45,CCCC[C@@H]1NC(=O)[C@H](CC(C)C)N(C)C(=O)CN(Cc2ccccc2)C(=O)[C@H](C)NC(=O)CN(Cc2ccccc2Cn2cccn2)C(=O)[C@H]2CCCN2C1=O,4812.0,298.15,91.9669,42.6498,49.3171,11.6233,49.3171,51.6453,0.050422,157.26,0.483,28.301,4812.0,
dA.L.L.P.L.F,CC(C)C[C@@H]1NC(=O)[C@@H](C)NC(=O)[C@H](Cc2ccccc2)NC(=O)[C@H](CC(C)C)NC(=O)[C@@H]2CCCN2C(=O)[C@H](CC(C)C)NC1=O,1054.0,298.15,94.0971,57.1756,36.9215,6.1447,36.9215,77.1199,0.040804,165.81,0.203,72.87,1054.0,
P.Pr_Gly.dL.meL.dP.Bn_Gly.F,CCCN1CC(=O)N[C@H](CC(C)C)C(=O)N(C)[C@@H](CC(C)C)C(=O)N2CCC[C@@H]2C(=O)N(Cc2ccccc2)CC(=O)N[C@@H](Cc2ccccc2)C(=O)N2CCC[C@H]2C1=O,1410.0,298.15,110.4449,63.028,47.4169,7.9353,47.4169,83.8581,0.046948,159.75,0.53,35.011,1410.0,
P.bHph.L.Bn_Gly.P.L.F,CC(C)C[C@@H]1NC(=O)[C@@H]2CCCN2C(=O)CN(Cc2ccccc2)C(=O)[C@H](CC(C)C)NC(=O)C[C@H](Cc2ccccc2)NC(=O)[C@@H]2CCCN2C(=O)[C@H](Cc2ccccc2)NC1=O,1366.0,298.15,96.8136,42.5042,54.3094,9.8048,54.3094,78.2339,0.051629,177.32999999999998,0.42,42.657,1366.0,
P.P.V.dF.P.dF,CC(C)[C@@H]1NC(=O)[C@@H]2CCCN2C(=O)[C@@H]2CCCN2C(=O)[C@@H](Cc2ccccc2)NC(=O)[C@@H]2CCCN2C(=O)[C@@H](Cc2ccccc2)NC1=O,815.0,298.15,90.709,54.3645,36.3445,9.6654,36.3445,64.4434,0.044844,148.23,0.662,4.947,815.0,
Pr_Gly.meL.bHph.dP.Me_dL.F,CCCN1CC(=O)N(C)[C@@H](CC(C)C)C(=O)N[C@@H](Cc2ccccc2)CC(=O)N2CCC[C@@H]2C(=O)N(C)[C@H](CC(C)C)C(=O)N[C@@H](Cc2ccccc2)C1=O,3035.0,298.15,76.8774,24.3253,52.5521,9.5577,52.5521,57.4298,0.051515,139.44,0.754,30.904,3035.0,
P.bHph.L.bHph.P.dL.F,CC(C)C[C@@H]1NC(=O)C[C@H](Cc2ccccc2)NC(=O)[C@@H]2CCCN2C(=O)[C@H](Cc2ccccc2)NC(=O)[C@@H](CC(C)C)NC(=O)[C@@H]2CCCN2C(=O)C[C@H](Cc2ccccc2)NC1=O,1241.0,298.15,82.5385,45.8034,36.7351,9.2839,36.7351,55.8169,0.036633,186.12,0.455,43.436,1241.0,
Me_dA.meL.Bn_Gly.P.Me_dL.F,CC(C)C[C@@H]1C(=O)N[C@@H](Cc2ccccc2)C(=O)N(C)[C@H](C)C(=O)N(C)[C@@H](CC(C)C)C(=O)N(Cc2ccccc2)CC(=O)N2CCC[C@H]2C(=O)N1C,2037.0,298.15,79.0113,41.2018,37.8095,8.1779,37.8095,65.733,0.042438,130.65,0.42,25.305,2037.0,
dP.Pr_Gly.L.Bn_Gly.dP.dL.F,CCCN1CC(=O)N[C@@H](CC(C)C)C(=O)N(Cc2ccccc2)CC(=O)N2CCC[C@@H]2C(=O)N[C@H](CC(C)C)C(=O)N[C@@H](Cc2ccccc2)C(=O)N2CCC[C@@H]2C1=O,2220.0,298.15,106.1322,60.421,45.7112,8.729,45.7112,76.4531,0.046282,168.54,0.539,19.353,2220.0,
dP.dPye.L.dL.Phg.L,CC(C)C[C@@H]1NC(=O)[C@@H](CCC(=O)N2CCCC2)NC(=O)[C@H]2CCCN2C(=O)[C@H](CC(C)C)NC(=O)[C@H](c2ccccc2)NC(=O)[C@@H](CC(C)C)NC1=O,850.0,298.15,88.8761,47.6741,41.202,6.1868,41.202,62.3264,0.042118,186.11999999999998,0.248,29.213,850.0,
dP.Pr_Gly.dL.dL.dP.Bn_Gly.F,CCCN1CC(=O)N[C@H](CC(C)C)C(=O)N[C@H](CC(C)C)C(=O)N2CCC[C@@H]2C(=O)N(Cc2ccccc2)CC(=O)N[C@@H](Cc2ccccc2)C(=O)N2CCC[C@@H]2C1=O,2689.0,298.15,112.5163,51.7596,60.7567,14.2166,60.7567,64.6755,0.059751,168.54,0.34,19.405,2689.0,
A.pentyl_Gly.meL.Nle.dP.Mono45,CCCCCN1CC(=O)N(C)[C@@H](CC(C)C)C(=O)N[C@@H](CCCC)C(=O)N2CCC[C@@H]2C(=O)N(Cc2ccccc2Cn2cccn2)CC(=O)N[C@@H](C)C1=O,8171.0,298.15,88.8163,45.0699,43.7464,10.452,43.7464,57.4353,0.043534,157.26,0.681,44.038,8171.0,
dP.meA.Me_dL.L.P.L.F,CC(C)C[C@@H]1NC(=O)[C@@H]2CCCN2C(=O)[C@H](CC(C)C)NC(=O)[C@@H](CC(C)C)N(C)C(=O)[C@H](C)N(C)C(=O)[C@H]2CCCN2C(=O)[C@H](Cc2ccccc2)NC1=O,3252.0,298.15,91.2413,61.9762,29.2651,5.4881,29.2651,80.544,0.02941,168.54,0.565,42.426,3252.0,
L.dL.Cha.Cha.dP.F,CC(C)C[C@@H]1NC(=O)[C@H](Cc2ccccc2)NC(=O)[C@H]2CCCN2C(=O)[C@H](CC2CCCCC2)NC(=O)[C@H](CC2CCCCC2)NC(=O)[C@@H](CC(C)C)NC1=O,4922.0,298.15,98.5744,43.5688,55.0056,9.7083,55.0056,73.3653,0.051637,165.81,0.595,21.191,4922.0,
meA.dL.L.P.dL.F,CC(C)C[C@@H]1NC(=O)[C@@H](CC(C)C)NC(=O)[C@H](C)N(C)C(=O)[C@H](Cc2ccccc2)NC(=O)[C@@H](CC(C)C)NC(=O)[C@@H]2CCCN2C1=O,2901.0,298.15,86.1058,31.7862,54.3196,9.9586,54.3196,63.1318,0.060301,157.02,0.674,4.625,2901.0,
dA.dL.dL.P.L.F,CC(C)C[C@@H]1NC(=O)[C@@H]2CCCN2C(=O)[C@@H](CC(C)C)NC(=O)[C@@H](CC(C)C)NC(=O)[C@@H](C)NC(=O)[C@H](Cc2ccccc2)NC1=O,1369.0,298.15,76.4706,57.1851,19.2855,4.6323,19.2855,73.37,0.021117,165.81,0.195,57.447,1369.0,
P.bHph.L.bHph.P.meL.F,CC(C)C[C@@H]1NC(=O)C[C@H](Cc2ccccc2)NC(=O)[C@@H]2CCCN2C(=O)[C@H](Cc2ccccc2)NC(=O)[C@H](CC(C)C)N(C)C(=O)[C@@H]2CCCN2C(=O)C[C@H](Cc2ccccc2)NC1=O,2405.0,298.15,103.2847,46.023,57.2617,8.658,57.2617,78.9508,0.054017,177.33,0.232,57.35,2405.0,
dA.Me_dL.L.P.Bn_Gly.F,CC(C)C[C@@H]1NC(=O)[C@@H](CC(C)C)N(C)C(=O)[C@@H](C)NC(=O)[C@H](Cc2ccccc2)NC(=O)CN(Cc2ccccc2)C(=O)[C@@H]2CCCN2C1=O,1428.0,298.15,105.2638,49.216,56.0478,17.233,56.0478,59.1136,0.061428,148.23000000000002,0.429,45.567,1428.0,
dP.Pr_Gly.meL.Bn_Gly.P.Me_dL.F,CCCN1CC(=O)N(C)[C@@H](CC(C)C)C(=O)N(Cc2ccccc2)CC(=O)N2CCC[C@H]2C(=O)N(C)[C@H](CC(C)C)C(=O)N[C@@H](Cc2ccccc2)C(=O)N2CCC[C@@H]2C1=O,3908.0,298.15,64.1862,37.6367,26.5495,6.684,26.5495,57.9802,0.025206,150.96,0.506,42.385,3908.0,
meA.Mono67.d(N->O)aIle.A.dF.Sar.I,CCC[C@H](C)[C@H]1OC(=O)[C@H](C)N(C)C(=O)[C@H]([C@@H](C)CC)NC(=O)CN(C)C(=O)[C@@H](Cc2ccccc2)NC(=O)[C@H](C)NC(=O)[C@@H]([C@@H](C)CC)OC(=O)/C(C)=C/C[C@H](O)[C@@H]1C,2231.0,298.15,82.6369,40.3179,42.319,7.3671,42.319,55.0911,0.041165,200.74999999999997,0.515,14.348,2231.0,
Me_dA.dL.dL.dP.meL.F,CC(C)C[C@H]1NC(=O)[C@@H](C)N(C)C(=O)[C@H](Cc2ccccc2)NC(=O)[C@H](CC(C)C)N(C)C(=O)[C@H]2CCCN2C(=O)[C@@H](CC(C)C)NC1=O,1134.0,298.15,85.1588,57.6895,27.4693,4.5923,27.4693,69.6022,0.029297,148.23,0.242,74.446,1134.0,
P.A.meL.meL.P.Bn_Gly.F,CC(C)C[C@H]1C(=O)N(C)[C@@H](CC(C)C)C(=O)N2CCC[C@H]2C(=O)N(Cc2ccccc2)CC(=O)N[C@@H](Cc2ccccc2)C(=O)N2CCC[C@H]2C(=O)N[C@@H](C)C(=O)N1C,1967.0,298.15,98.3066,62.5805,35.7261,6.8557,35.7261,84.8015,0.036591,159.75,0.782,24.896,1967.0,
P.Pr_Gly.Me_dL.Bn_Gly.P.L.F,CCCN1CC(=O)N(C)[C@H](CC(C)C)C(=O)N(Cc2ccccc2)CC(=O)N2CCC[C@H]2C(=O)N[C@@H](CC(C)C)C(=O)N[C@@H](Cc2ccccc2)C(=O)N2CCC[C@H]2C1=O,4830.0,298.15,103.6988,51.5864,52.1124,10.7058,52.1124,65.9947,0.052731,159.75,0.292,66.703,4830.0,
dP.Pr_Gly.meL.Me_dL.dP.Bn_Gly.F,CCCN1CC(=O)N(C)[C@@H](CC(C)C)C(=O)N(C)[C@H](CC(C)C)C(=O)N2CCC[C@@H]2C(=O)N(Cc2ccccc2)CC(=O)N[C@@H](Cc2ccccc2)C(=O)N2CCC[C@@H]2C1=O,4117.0,298.15,79.5553,40.7781,38.7772,8.0008,38.7772,64.5514,0.035499,150.96,0.555,60.419,4117.0,
dP.dA.dL.Bn_Gly.P.meL.F,CC(C)C[C@H]1NC(=O)[C@@H](C)NC(=O)[C@H]2CCCN2C(=O)[C@H](Cc2ccccc2)NC(=O)[C@H](CC(C)C)N(C)C(=O)[C@@H]2CCCN2C(=O)CN(Cc2ccccc2)C1=O,969.0,298.15,89.2907,35.4869,53.8038,11.1104,53.8038,62.4183,0.055805,168.54000000000002,0.354,65.254,969.0,
P.A.L.Bn_Gly.dP.Me_dL.F,CC(C)C[C@@H]1NC(=O)[C@H](C)NC(=O)[C@@H]2CCCN2C(=O)[C@H](Cc2ccccc2)NC(=O)[C@@H](CC(C)C)N(C)C(=O)[C@H]2CCCN2C(=O)CN(Cc2ccccc2)C1=O,1654.0,298.15,93.0362,43.4517,49.5845,13.7296,49.5845,71.0241,0.050415,168.54000000000002,0.847,21.956,1654.0,
F.pentyl_Gly.dL.Nle.P.Mono1,CCCCCN1CC(=O)N[C@H](CC(C)C)C(=O)N[C@@H](CCCC)C(=O)N2CCC[C@H]2C(=O)N(Cc2ccc3c(c2)OCO3)CC(=O)N[C@@H](Cc2ccccc2)C1=O,4527.0,298.15,140.1052,80.2664,59.8388,13.0961,59.8388,88.8007,0.060578,166.69,0.692,44.071,4527.0,
A.Me_dL.dL.dP.Me_dL.F,CC(C)C[C@@H]1C(=O)N[C@H](CC(C)C)C(=O)N2CCC[C@@H]2C(=O)N(C)[C@H](CC(C)C)C(=O)N[C@@H](Cc2ccccc2)C(=O)N[C@@H](C)C(=O)N1C,1219.0,298.15,90.0667,40.1384,49.9283,13.9868,49.9283,87.4166,0.054127,148.23,0.617,32.504,1219.0,
dP.meA.Bn_Gly.dL.dP.meL.F,CC(C)C[C@H]1NC(=O)CN(Cc2ccccc2)C(=O)[C@H](C)N(C)C(=O)[C@H]2CCCN2C(=O)[C@H](Cc2ccccc2)NC(=O)[C@H](CC(C)C)N(C)C(=O)[C@H]2CCCN2C1=O,1097.0,298.15,85.2064,52.2822,32.9242,7.4893,32.9242,75.0231,0.032035,159.75,0.347,33.035,1097.0,
meA.meL.meL.P.Me_dL.F,CC(C)C[C@@H]1C(=O)N[C@@H](Cc2ccccc2)C(=O)N(C)[C@@H](C)C(=O)N(C)[C@@H](CC(C)C)C(=O)N(C)[C@@H](CC(C)C)C(=O)N2CCC[C@H]2C(=O)N1C,2948.0,298.15,70.3143,33.4893,36.825,6.9424,36.825,52.9305,0.03939,130.65,0.521,40.28,2948.0,
Pr_Gly.L.meL.dP.L.F,CCCN1CC(=O)N[C@@H](CC(C)C)C(=O)N(C)[C@@H](CC(C)C)C(=O)N2CCC[C@@H]2C(=O)N[C@@H](CC(C)C)C(=O)N[C@@H](Cc2ccccc2)C1=O,2682.0,298.15,81.8995,52.5496,29.3499,7.1556,29.3499,79.4968,0.032147,148.23,0.423,47.218,2682.0,
dA.meL.Me_dL.P.Bn_Gly.F,CC(C)C[C@@H]1C(=O)N2CCC[C@H]2C(=O)N(Cc2ccccc2)CC(=O)N[C@@H](Cc2ccccc2)C(=O)N[C@H](C)C(=O)N(C)[C@@H](CC(C)C)C(=O)N1C,4057.0,298.15,96.5406,49.9702,46.5704,8.1295,46.5704,71.4693,0.048254,139.44,0.47,58.743,4057.0,
dP.Me_dA.Bn_Gly.bHph.P.meL.F,CC(C)C[C@H]1C(=O)N[C@@H](Cc2ccccc2)C(=O)N2CCC[C@@H]2C(=O)N(C)[C@H](C)C(=O)N(Cc2ccccc2)CC(=O)N[C@@H](Cc2ccccc2)CC(=O)N2CCC[C@H]2C(=O)N1C,684.0,298.15,86.5384,36.4659,50.0725,8.9381,50.0725,67.7797,0.051673,159.75,0.684,28.221,684.0,
P.bHph.Me_dL.meL.dP.Me_dL.F,CC(C)C[C@@H]1C(=O)N(C)[C@@H](CC(C)C)C(=O)N2CCC[C@@H]2C(=O)N(C)[C@H](CC(C)C)C(=O)N[C@@H](Cc2ccccc2)C(=O)N2CCC[C@H]2C(=O)N[C@@H](Cc2ccccc2)CC(=O)N1C,3015.0,298.15,96.5436,29.5849,66.9587,10.719,66.9587,73.3504,0.06134,159.75,0.61,39.98,3015.0,
meA.Me_dL.meL.dP.L.F,CC(C)C[C@@H]1NC(=O)[C@H]2CCCN2C(=O)[C@H](CC(C)C)N(C)C(=O)[C@@H](CC(C)C)N(C)C(=O)[C@H](C)N(C)C(=O)[C@H](Cc2ccccc2)NC1=O,2777.0,298.15,79.6194,41.2555,38.3639,11.2391,38.3639,45.675,0.042003,139.44,0.568,25.116,2777.0,
L.Me_dA.Me_Cha.Cha.dP.meF,CC(C)C[C@@H]1NC(=O)[C@H](Cc2ccccc2)N(C)C(=O)[C@H]2CCCN2C(=O)[C@H](CC2CCCCC2)NC(=O)[C@H](CC2CCCCC2)N(C)C(=O)[C@@H](C)N(C)C1=O,4829.0,298.15,74.498,25.1641,49.3339,10.316,49.3339,45.0059,0.048885,139.44,0.797,7.666,4829.0,
A.Me_dL.meL.P.meL.F,CC(C)C[C@@H]1C(=O)N(C)[C@@H](CC(C)C)C(=O)N2CCC[C@H]2C(=O)N(C)[C@@H](CC(C)C)C(=O)N[C@@H](Cc2ccccc2)C(=O)N[C@@H](C)C(=O)N1C,1244.0,298.15,76.4057,55.8617,20.544,4.2622,20.544,68.1442,0.021925,139.44,0.644,29.672,1244.0,
L.F.dP.L.L.I,CC[C@H](C)[C@@H]1NC(=O)[C@H](CC(C)C)NC(=O)[C@H](CC(C)C)NC(=O)[C@H]2CCCN2C(=O)[C@H](Cc2ccccc2)NC(=O)[C@H](CC(C)C)NC1=O,2902.0,298.15,83.706,53.6332,30.0728,6.2006,30.0728,67.0738,0.032213,165.81,0.143,82.834,2902.0,
dA.dL.Me_dL.P.meL.F,CC(C)C[C@@H]1C(=O)N2CCC[C@H]2C(=O)N(C)[C@@H](CC(C)C)C(=O)N[C@@H](Cc2ccccc2)C(=O)N[C@H](C)C(=O)N[C@H](CC(C)C)C(=O)N1C,1742.0,298.15,76.1872,35.0188,41.1684,8.6043,41.1684,50.1342,0.045043,148.23,0.156,78.996,1742.0,
P.A.L.A.F.A,CC(C)C[C@@H]1NC(=O)[C@H](C)NC(=O)[C@@H]2CCCN2C(=O)[C@H](C)NC(=O)[C@H](Cc2ccccc2)NC(=O)[C@H](C)NC1=O,432.0,298.15,124.619,76.0051,48.6139,9.9136,48.6139,92.8472,0.060483,165.81,0.289,59.472,432.0,
A.dL.meL.dP.Me_dL.F,CC(C)C[C@@H]1C(=O)N[C@@H](Cc2ccccc2)C(=O)N[C@@H](C)C(=O)N[C@H](CC(C)C)C(=O)N(C)[C@@H](CC(C)C)C(=O)N2CCC[C@@H]2C(=O)N1C,2164.0,298.15,82.5969,45.6757,36.9212,9.089,36.9212,51.3037,0.042023,148.23000000000002,0.696,11.105,2164.0,
bHph.dL.L.P.Bn_Gly.F,CC(C)C[C@@H]1NC(=O)[C@@H](CC(C)C)NC(=O)C[C@H](Cc2ccccc2)NC(=O)[C@H](Cc2ccccc2)NC(=O)CN(Cc2ccccc2)C(=O)[C@@H]2CCCN2C1=O,2645.0,298.15,97.8654,48.1717,49.6937,10.6699,49.6937,78.8894,0.050036,157.02,0.629,26.926,2645.0,
P.dA.dL.meL.P.Me_dL.F,CC(C)C[C@@H]1C(=O)N[C@@H](Cc2ccccc2)C(=O)N2CCC[C@H]2C(=O)N[C@H](C)C(=O)N[C@H](CC(C)C)C(=O)N(C)[C@@H](CC(C)C)C(=O)N2CCC[C@H]2C(=O)N1C,2292.0,298.15,93.9109,60.9094,33.0015,6.8019,33.0015,77.044,0.033018,168.54000000000002,0.254,71.418,2292.0,
bHph.L.Bn_Gly.P.Bn_Gly.F,CC(C)C[C@@H]1NC(=O)C[C@H](Cc2ccccc2)NC(=O)[C@H](Cc2ccccc2)NC(=O)CN(Cc2ccccc2)C(=O)[C@@H]2CCCN2C(=O)CN(Cc2ccccc2)C1=O,1030.0,298.15,95.0652,51.2865,43.7787,9.9031,43.7787,62.8439,0.044547,148.23000000000002,0.909,32.1,1030.0,
dP.Me_dA.L.Bn_Gly.dP.L.F,CC(C)C[C@@H]1NC(=O)[C@H]2CCCN2C(=O)CN(Cc2ccccc2)C(=O)[C@H](CC(C)C)NC(=O)[C@@H](C)N(C)C(=O)[C@H]2CCCN2C(=O)[C@H](Cc2ccccc2)NC1=O,1433.0,298.15,85.7736,35.7482,50.0254,9.7759,50.0254,58.8658,0.052843,168.54,0.284,57.196,1433.0,
bHph.L.meL.P.meL.F,CC(C)C[C@@H]1NC(=O)C[C@H](Cc2ccccc2)NC(=O)[C@H](Cc2ccccc2)NC(=O)[C@H](CC(C)C)N(C)C(=O)[C@@H]2CCCN2C(=O)[C@H](CC(C)C)N(C)C1=O,2101.0,298.15,87.3468,44.4104,42.9364,11.2917,42.9364,63.2628,0.043597,148.23000000000002,0.362,60.681,2101.0,
dA.Bn_Gly.Me_dL.dP.Me_dL.F,CC(C)C[C@@H]1C(=O)N2CCC[C@@H]2C(=O)N(C)[C@H](CC(C)C)C(=O)N[C@@H](Cc2ccccc2)C(=O)N[C@H](C)C(=O)N(Cc2ccccc2)CC(=O)N1C,1897.0,298.15,84.5342,54.7655,29.7687,5.9881,29.7687,75.9067,0.032805,139.44,0.406,63.003,1897.0,
P.Me_dA.Bn_Gly.dL.P.Me_dL.F,CC(C)C[C@@H]1C(=O)N[C@@H](Cc2ccccc2)C(=O)N2CCC[C@H]2C(=O)N(C)[C@H](C)C(=O)N(Cc2ccccc2)CC(=O)N[C@H](CC(C)C)C(=O)N2CCC[C@H]2C(=O)N1C,5417.0,298.15,92.4895,58.6261,33.8634,7.2395,33.8634,76.9624,0.03341,159.75,0.491,57.131,5417.0,
bHph.meL.Me_dL.P.Me_dL.F,CC(C)C[C@@H]1C(=O)N2CCC[C@H]2C(=O)N(C)[C@H](CC(C)C)C(=O)N[C@@H](Cc2ccccc2)C(=O)N[C@@H](Cc2ccccc2)CC(=O)N(C)[C@@H](CC(C)C)C(=O)N1C,1185.0,298.15,65.6722,27.6587,38.0135,7.5464,38.0135,40.9593,0.039136,139.44,0.336,61.504,1185.0,
A.meL.Me_dL.dP.Me_dL.F,CC(C)C[C@@H]1C(=O)N[C@@H](Cc2ccccc2)C(=O)N[C@@H](C)C(=O)N(C)[C@@H](CC(C)C)C(=O)N(C)[C@H](CC(C)C)C(=O)N2CCC[C@@H]2C(=O)N1C,1558.0,298.15,56.4242,35.2753,21.1489,4.3712,21.1489,48.8287,0.023262,139.44000000000003,0.448,28.056,1558.0,
meA.meL.L.dP.L.F,CC(C)C[C@@H]1NC(=O)[C@H]2CCCN2C(=O)[C@H](CC(C)C)NC(=O)[C@H](CC(C)C)N(C)C(=O)[C@H](C)N(C)C(=O)[C@H](Cc2ccccc2)NC1=O,3173.0,298.15,84.1535,39.1879,44.9656,11.057,44.9656,48.9252,0.049191,148.23,0.513,45.255,3173.0,
P.bHph.dL.L.P.L.F,CC(C)C[C@@H]1NC(=O)[C@@H]2CCCN2C(=O)[C@H](CC(C)C)NC(=O)[C@@H](CC(C)C)NC(=O)C[C@H](Cc2ccccc2)NC(=O)[C@@H]2CCCN2C(=O)[C@H](Cc2ccccc2)NC1=O,1401.0,298.15,80.6982,47.8114,32.8868,7.6439,32.8868,67.3799,0.031447,186.12,0.272,63.01,1401.0,
P.A.dL.dL.P.Me_dL.F,CC(C)C[C@@H]1C(=O)N[C@@H](Cc2ccccc2)C(=O)N2CCC[C@H]2C(=O)N[C@@H](C)C(=O)N[C@H](CC(C)C)C(=O)N[C@H](CC(C)C)C(=O)N2CCC[C@H]2C(=O)N1C,4069.0,298.15,89.3822,46.1625,43.2197,7.5753,43.2197,63.3028,0.043545,177.33,0.511,58.67,4069.0,
dP.bHph.meL.L.dP.L.F,CC(C)C[C@@H]1NC(=O)[C@H]2CCCN2C(=O)[C@H](CC(C)C)NC(=O)[C@H](CC(C)C)N(C)C(=O)C[C@H](Cc2ccccc2)NC(=O)[C@H]2CCCN2C(=O)[C@H](Cc2ccccc2)NC1=O,4288.0,298.15,82.3429,39.2508,43.0921,8.9633,43.0921,56.0535,0.041625,177.32999999999998,0.227,69.332,4288.0,
Me_dA.dL.Bn_Gly.P.L.F,CC(C)C[C@@H]1NC(=O)[C@@H]2CCCN2C(=O)CN(Cc2ccccc2)C(=O)[C@@H](CC(C)C)NC(=O)[C@@H](C)N(C)C(=O)[C@H](Cc2ccccc2)NC1=O,1412.0,298.15,87.2184,40.9085,46.3099,11.2589,46.3099,51.3435,0.050904,148.23,0.339,45.84,1412.0,
dP.meA.Bn_Gly.dL.P.meL.F,CC(C)C[C@H]1NC(=O)CN(Cc2ccccc2)C(=O)[C@H](C)N(C)C(=O)[C@H]2CCCN2C(=O)[C@H](Cc2ccccc2)NC(=O)[C@H](CC(C)C)N(C)C(=O)[C@@H]2CCCN2C1=O,3493.0,298.15,99.2401,50.3431,48.897,9.8209,48.897,73.1258,0.049999,159.75,0.282,54.903,3493.0,
Me_dA.dL.L.dP.dL.F,CC(C)C[C@@H]1NC(=O)[C@@H](CC(C)C)NC(=O)[C@@H](C)N(C)C(=O)[C@H](Cc2ccccc2)NC(=O)[C@@H](CC(C)C)NC(=O)[C@H]2CCCN2C1=O,1377.0,298.15,62.6495,29.0773,33.5722,7.9751,33.5722,54.9368,0.036546,157.02,0.14,83.953,1377.0,
Me_dL.Me_dL.L.dL.P.Y,CC(C)C[C@@H]1NC(=O)[C@@H](CC(C)C)N(C)C(=O)[C@@H](CC(C)C)N(C)C(=O)[C@H](Cc2ccc(O)cc2)NC(=O)[C@@H]2CCCN2C(=O)[C@@H](CC(C)C)NC1=O,4003.0,298.15,102.4627,67.8823,34.5804,6.261,34.5804,87.4378,0.035576,168.46,0.641,35.962,4003.0,
P.dA.L.Bn_Gly.P.meL.F,CC(C)C[C@@H]1NC(=O)[C@@H](C)NC(=O)[C@@H]2CCCN2C(=O)[C@H](Cc2ccccc2)NC(=O)[C@H](CC(C)C)N(C)C(=O)[C@@H]2CCCN2C(=O)CN(Cc2ccccc2)C1=O,1298.0,298.15,108.0245,54.7387,53.2858,11.0201,53.2858,96.8353,0.05447,168.54000000000002,0.495,55.085,1298.0,
dP.dA.dL.Bn_Gly.dP.Me_dL.F,CC(C)C[C@@H]1C(=O)N[C@@H](Cc2ccccc2)C(=O)N2CCC[C@@H]2C(=O)N[C@H](C)C(=O)N[C@H](CC(C)C)C(=O)N(Cc2ccccc2)CC(=O)N2CCC[C@@H]2C(=O)N1C,1460.0,298.15,93.1319,48.9109,44.221,6.9315,44.221,60.0014,0.045657,168.54000000000002,0.396,51.94,1460.0,
dP.Pr_Gly.L.dL.dP.meL.F,CCCN1CC(=O)N[C@@H](CC(C)C)C(=O)N[C@H](CC(C)C)C(=O)N2CCC[C@@H]2C(=O)N(C)[C@@H](CC(C)C)C(=O)N[C@@H](Cc2ccccc2)C(=O)N2CCC[C@@H]2C1=O,2789.0,298.15,86.9515,63.0295,23.922,4.6212,23.922,81.7424,0.02408,168.54,0.175,77.535,2789.0,
dP.bHph.dL.bHph.dP.dL.F,CC(C)C[C@H]1NC(=O)C[C@H](Cc2ccccc2)NC(=O)[C@H]2CCCN2C(=O)[C@H](Cc2ccccc2)NC(=O)[C@@H](CC(C)C)NC(=O)[C@H]2CCCN2C(=O)C[C@H](Cc2ccccc2)NC1=O,1873.0,298.15,82.7915,25.0568,57.7347,11.24,57.7347,51.3988,0.052617,186.12,0.607,42.011,1873.0,
P.P.meV.dF.P.dF,CC(C)[C@H]1C(=O)N[C@H](Cc2ccccc2)C(=O)N2CCC[C@H]2C(=O)N[C@H](Cc2ccccc2)C(=O)N2CCC[C@H]2C(=O)N2CCC[C@H]2C(=O)N1C,916.0,298.15,78.5887,48.7213,29.8674,6.8422,29.8674,68.7262,0.033678,139.44000000000003,0.9,8.835,916.0,
dA.meL.Bn_Gly.dP.L.F,CC(C)C[C@@H]1NC(=O)[C@H]2CCCN2C(=O)CN(Cc2ccccc2)C(=O)[C@H](CC(C)C)N(C)C(=O)[C@@H](C)NC(=O)[C@H](Cc2ccccc2)NC1=O,2526.0,298.15,92.4902,66.2568,26.2334,5.802,26.2334,85.1976,0.02789,148.23,0.318,49.108,2526.0,
dP.Me_dA.Me_dL.dL.dP.Bn_Gly.F,CC(C)C[C@@H]1C(=O)N[C@H](CC(C)C)C(=O)N2CCC[C@@H]2C(=O)N(Cc2ccccc2)CC(=O)N[C@@H](Cc2ccccc2)C(=O)N2CCC[C@@H]2C(=O)N(C)[C@H](C)C(=O)N1C,1094.0,298.15,96.6851,54.6837,42.0014,6.0858,42.0014,72.7124,0.040759,159.75,0.501,42.484,1094.0,
meA.L.bHph.dP.dL.F,CC(C)C[C@@H]1NC(=O)[C@H](C)N(C)C(=O)[C@H](Cc2ccccc2)NC(=O)[C@@H](CC(C)C)NC(=O)[C@H]2CCCN2C(=O)C[C@H](Cc2ccccc2)NC1=O,528.0,298.15,71.4508,26.657,44.7938,9.7232,44.7938,50.5335,0.050208,157.02,0.345,39.433,528.0,
dA.meL.L.dP.Me_dL.F,CC(C)C[C@@H]1NC(=O)[C@H](CC(C)C)N(C)C(=O)[C@@H](C)NC(=O)[C@H](Cc2ccccc2)NC(=O)[C@@H](CC(C)C)N(C)C(=O)[C@H]2CCCN2C1=O,1292.0,298.15,71.9904,39.7661,32.2243,6.0911,32.2243,55.0653,0.03572,148.23000000000002,0.723,45.14,1292.0,
dA.cHexCH2_Gly.meL.Nle.P.Et_Gly,CCCC[C@@H]1NC(=O)[C@H](CC(C)C)N(C)C(=O)CN(CC2CCCCC2)C(=O)[C@@H](C)NC(=O)CN(CC)C(=O)[C@@H]2CCCN2C1=O,1926.0,298.15,92.6536,74.4234,18.2302,3.7711,18.2302,87.0672,0.020038,139.44,0.81,20.29,1926.0,
A.dL.L.dP.dL.F,CC(C)C[C@@H]1NC(=O)[C@@H](CC(C)C)NC(=O)[C@H](C)NC(=O)[C@H](Cc2ccccc2)NC(=O)[C@@H](CC(C)C)NC(=O)[C@H]2CCCN2C1=O,1726.0,298.15,81.7656,42.03,39.7356,5.3165,39.7356,66.6156,0.043787,165.81,0.246,55.877,1726.0,
Me_dA.meL.bHph.dP.Me_dL.F,CC(C)C[C@@H]1C(=O)N[C@@H](Cc2ccccc2)C(=O)N(C)[C@H](C)C(=O)N(C)[C@@H](CC(C)C)C(=O)N[C@@H](Cc2ccccc2)CC(=O)N2CCC[C@@H]2C(=O)N1C,1450.0,298.15,76.049,30.1773,45.8717,9.713,45.8717,59.1444,0.048619,139.44,0.878,22.885,1450.0,
Me_dA.dL.dL.dP.Bn_Gly.F,CC(C)C[C@H]1NC(=O)[C@@H](C)N(C)C(=O)[C@H](Cc2ccccc2)NC(=O)CN(Cc2ccccc2)C(=O)[C@H]2CCCN2C(=O)[C@@H](CC(C)C)NC1=O,1040.0,298.15,97.3521,62.8216,34.5305,6.5185,34.5305,84.0936,0.036479,148.23,0.422,51.911,1040.0,
A.L.bHph.dP.L.F,CC(C)C[C@@H]1NC(=O)[C@H](C)NC(=O)[C@H](Cc2ccccc2)NC(=O)[C@H](CC(C)C)NC(=O)[C@H]2CCCN2C(=O)C[C@H](Cc2ccccc2)NC1=O,813.0,298.15,77.5806,57.5238,20.0568,4.5438,20.0568,69.5543,0.020991,165.81,0.459,37.954,813.0,
Nal.Mono39.meL.Nle.dP.Mono42,CCCC[C@@H]1NC(=O)[C@H](CC(C)C)N(C)C(=O)CN(CCOc2ccccc2)C(=O)[C@H](Cc2ccc3ccccc3c2)NC(=O)CN(CCN2CCOCC2)C(=O)[C@H]2CCCN2C1=O,7452.0,298.15,113.7025,55.1838,58.5187,10.9716,58.5187,75.9554,0.055002,161.14000000000001,0.575,30.122,7452.0,
Pr_Gly.Me_dL.bHph.P.L.F,CCCN1CC(=O)N(C)[C@H](CC(C)C)C(=O)N[C@@H](Cc2ccccc2)CC(=O)N2CCC[C@H]2C(=O)N[C@@H](CC(C)C)C(=O)N[C@@H](Cc2ccccc2)C1=O,4315.0,298.15,85.7583,45.6841,40.0742,9.5707,40.0742,74.0076,0.040634,148.23,0.544,45.92,4315.0,
P.A.dL.meL.P.Bn_Gly.F,CC(C)C[C@H]1NC(=O)[C@H](C)NC(=O)[C@@H]2CCCN2C(=O)[C@H](Cc2ccccc2)NC(=O)CN(Cc2ccccc2)C(=O)[C@@H]2CCCN2C(=O)[C@H](CC(C)C)N(C)C1=O,1876.0,298.15,111.8937,63.7336,48.1601,9.6415,48.1601,89.4538,0.045977,168.54000000000002,0.543,43.953,1876.0,
Nal.Mono38.meL.Nle.dP.Bn(4-Cl)_Gly,CCCC[C@@H]1NC(=O)[C@H](CC(C)C)N(C)C(=O)CN(CC2CCOCC2)C(=O)[C@H](Cc2ccc3ccccc3c2)NC(=O)CN(Cc2ccc(Cl)cc2)C(=O)[C@H]2CCCN2C1=O,4173.0,298.15,101.5893,52.0713,49.518,7.4534,49.518,84.637,0.045676,148.67000000000002,0.823,17.578,4173.0,
P.Pr_Gly.dL.Me_dL.P.L.F,CCCN1CC(=O)N[C@H](CC(C)C)C(=O)N(C)[C@H](CC(C)C)C(=O)N2CCC[C@H]2C(=O)N[C@@H](CC(C)C)C(=O)N[C@@H](Cc2ccccc2)C(=O)N2CCC[C@H]2C1=O,3184.0,298.15,80.6868,54.6845,26.0023,4.9675,26.0023,65.4754,0.025648,168.54,0.382,55.497,3184.0,
dA.L.L.P.meL.F,CC(C)C[C@@H]1NC(=O)[C@@H](C)NC(=O)[C@H](Cc2ccccc2)NC(=O)[C@H](CC(C)C)N(C)C(=O)[C@@H]2CCCN2C(=O)[C@H](CC(C)C)NC1=O,1589.0,298.15,96.137,48.9099,47.2271,7.6715,47.2271,70.0734,0.052878,157.02,0.364,48.296,1589.0,
dP.bHph.L.meL.dP.Me_dL.F,CC(C)C[C@@H]1NC(=O)C[C@H](Cc2ccccc2)NC(=O)[C@H]2CCCN2C(=O)[C@H](Cc2ccccc2)NC(=O)[C@@H](CC(C)C)N(C)C(=O)[C@H]2CCCN2C(=O)[C@H](CC(C)C)N(C)C1=O,2071.0,298.15,84.6908,35.1615,49.5293,8.5345,49.5293,49.3743,0.047651,168.54000000000002,0.1,86.182,2071.0,
dF.cHexCH2_Gly.dL.Nle.dP.Mono34,CCCC[C@@H]1NC(=O)[C@@H](CC(C)C)NC(=O)CN(CC2CCCCC2)C(=O)[C@@H](Cc2ccccc2)NC(=O)CN(CCCOC(C)C)C(=O)[C@H]2CCCN2C1=O,8967.0,298.15,90.2528,44.1545,46.0983,8.5267,46.0983,75.2084,0.044363,157.46,0.318,47.064,8967.0,
A.Mono38.dL.Nle.dP.Mono1,CCCC[C@@H]1NC(=O)[C@@H](CC(C)C)NC(=O)CN(CC2CCOCC2)C(=O)[C@H](C)NC(=O)CN(Cc2ccc3c(c2)OCO3)C(=O)[C@H]2CCCN2C1=O,4207.0,298.15,153.5094,117.8474,35.662,9.6221,35.662,145.1954,0.036331,175.92,0.971,20.952,4207.0,
Aib.F.meF.F.L.Mono2.meL,CC(C)C[C@@H]1NC(=O)[C@H](Cc2ccccc2)NC(=O)[C@H](Cc2ccccc2)N(C)C(=O)[C@H](Cc2ccccc2)NC(=O)C(C)(C)NC(=O)[C@H](CC(C)C)N(C)C(=O)[C@@H]2[C@@H](C)CCN2C1=O,426.0,298.15,67.603,43.6027,24.0003,5.4489,24.0003,60.2987,0.023049,177.33,0.088,83.181,426.0,
dP.bHph.L.bHph.dP.L.F,CC(C)C[C@@H]1NC(=O)C[C@H](Cc2ccccc2)NC(=O)[C@H]2CCCN2C(=O)[C@H](Cc2ccccc2)NC(=O)[C@H](CC(C)C)NC(=O)[C@H]2CCCN2C(=O)C[C@H](Cc2ccccc2)NC1=O,2273.0,298.15,95.2659,35.2639,60.002,12.7068,60.002,48.296,0.057203,186.12,0.251,81.379,2273.0,
bHph.Me_dL.L.P.meL.F,CC(C)C[C@@H]1NC(=O)[C@@H](CC(C)C)N(C)C(=O)C[C@H](Cc2ccccc2)NC(=O)[C@H](Cc2ccccc2)NC(=O)[C@H](CC(C)C)N(C)C(=O)[C@@H]2CCCN2C1=O,4745.0,298.15,88.1175,44.5995,43.518,10.7042,43.518,64.3232,0.042888,148.23000000000002,0.655,11.544,4745.0,
Mono31.V.F.P.V.P,CC(C)[C@@H]1NC(=O)c2csc(n2)[C@H](C(C)C)NC(=O)[C@@H]2CCCN2C(=O)[C@H](C(C)C)NC(=O)[C@@H]2CCCN2C(=O)[C@H](Cc2ccccc2)NC1=O,890.0,298.15,147.8056,91.061,56.7446,13.2016,56.7446,111.8602,0.063551,169.91,0.319,59.72,890.0,
A.dL.meL.dP.Bn_Gly.F,CC(C)C[C@H]1NC(=O)[C@H](C)NC(=O)[C@H](Cc2ccccc2)NC(=O)CN(Cc2ccccc2)C(=O)[C@H]2CCCN2C(=O)[C@H](CC(C)C)N(C)C1=O,962.0,298.15,98.6702,53.6453,45.0249,10.492,45.0249,61.8566,0.048747,148.23000000000002,0.439,62.576,962.0,
bHph.meL.Bn_Gly.P.Bn_Gly.F,CC(C)C[C@H]1C(=O)N(Cc2ccccc2)CC(=O)N2CCC[C@H]2C(=O)N(Cc2ccccc2)CC(=O)N[C@@H](Cc2ccccc2)C(=O)N[C@@H](Cc2ccccc2)CC(=O)N1C,941.0,298.15,88.6712,39.0417,49.6295,9.0998,49.6295,60.8583,0.046726,139.44,0.646,43.559,941.0,
dP.bHph.L.Bn_Gly.P.dL.F,CC(C)C[C@@H]1NC(=O)C[C@H](Cc2ccccc2)NC(=O)[C@H]2CCCN2C(=O)[C@H](Cc2ccccc2)NC(=O)[C@@H](CC(C)C)NC(=O)[C@@H]2CCCN2C(=O)CN(Cc2ccccc2)C1=O,956.0,298.15,105.8856,37.184,68.7016,9.8455,68.7016,64.2779,0.063727,177.33,0.546,38.197,956.0,
dF.cHexCH2_Gly.dL.Nle.dP.Mono1,CCCC[C@@H]1NC(=O)[C@@H](CC(C)C)NC(=O)CN(CC2CCCCC2)C(=O)[C@@H](Cc2ccccc2)NC(=O)CN(Cc2ccc3c(c2)OCO3)C(=O)[C@H]2CCCN2C1=O,2766.0,298.15,124.9393,89.2814,35.6579,6.2057,35.6579,113.4857,0.033667,166.69,0.742,8.093,2766.0,
Me_dA.Bn_Gly.Bn_Gly.dP.Bn_Gly.F,C[C@@H]1C(=O)N(Cc2ccccc2)CC(=O)N(Cc2ccccc2)CC(=O)N2CCC[C@@H]2C(=O)N(Cc2ccccc2)CC(=O)N[C@@H](Cc2ccccc2)C(=O)N1C,820.0,298.15,90.2646,50.5043,39.7603,9.5995,39.7603,75.736,0.041185,130.65,0.491,8.808,820.0,
dP.Pr_Gly.Me_dL.bHph.dP.Bn_Gly.F,CCCN1CC(=O)N(C)[C@H](CC(C)C)C(=O)N[C@@H](Cc2ccccc2)CC(=O)N2CCC[C@@H]2C(=O)N(Cc2ccccc2)CC(=O)N[C@@H](Cc2ccccc2)C(=O)N2CCC[C@@H]2C1=O,2169.0,298.15,81.1208,47.4368,33.684,6.8531,33.684,74.0546,0.032108,159.75,0.545,25.267,2169.0,
P.Pr_Gly.L.Me_dL.dP.dL.F,CCCN1CC(=O)N[C@@H](CC(C)C)C(=O)N(C)[C@H](CC(C)C)C(=O)N2CCC[C@@H]2C(=O)N[C@H](CC(C)C)C(=O)N[C@@H](Cc2ccccc2)C(=O)N2CCC[C@H]2C1=O,6920.0,298.15,100.0892,41.4786,58.6106,13.1093,58.6106,50.3928,0.060934,168.54,0.859,17.584,6920.0,
dP.bHph.meL.meL.dP.Bn_Gly.F,CC(C)C[C@H]1C(=O)N(C)[C@@H](CC(C)C)C(=O)N2CCC[C@@H]2C(=O)N(Cc2ccccc2)CC(=O)N[C@@H](Cc2ccccc2)C(=O)N2CCC[C@@H]2C(=O)N[C@@H](Cc2ccccc2)CC(=O)N1C,2852.0,298.15,87.4911,43.8396,43.6515,9.4333,43.6515,70.2055,0.039496,159.75,0.21,80.926,2852.0,
A.Me_dL.Bn_Gly.P.L.F,CC(C)C[C@@H]1NC(=O)[C@@H]2CCCN2C(=O)CN(Cc2ccccc2)C(=O)[C@@H](CC(C)C)N(C)C(=O)[C@H](C)NC(=O)[C@H](Cc2ccccc2)NC1=O,1926.0,298.15,109.4438,45.5669,63.8769,11.5764,63.8769,68.2884,0.072783,148.23,0.521,57.253,1926.0,
Me_dA.L.Me_dL.P.L.F,CC(C)C[C@@H]1NC(=O)[C@@H]2CCCN2C(=O)[C@@H](CC(C)C)N(C)C(=O)[C@H](CC(C)C)NC(=O)[C@@H](C)N(C)C(=O)[C@H](Cc2ccccc2)NC1=O,2423.0,298.15,84.7404,51.5589,33.1815,5.8342,33.1815,66.7637,0.036176,148.23,0.288,60.144,2423.0,
Tyr(Me).P.dL.L.dL.dL,COc1ccc(C[C@@H]2NC(=O)[C@@H](CC(C)C)NC(=O)[C@@H](CC(C)C)NC(=O)[C@H](CC(C)C)NC(=O)[C@@H](CC(C)C)NC(=O)[C@@H]3CCCN3C2=O)cc1,7928.0,298.15,103.7809,52.3035,51.4774,11.3464,51.4774,73.1753,0.05046,175.04,0.91,3.845,7928.0,
A.Me_dL.Bn_Gly.P.meL.F,CC(C)C[C@@H]1C(=O)N(Cc2ccccc2)CC(=O)N2CCC[C@H]2C(=O)N(C)[C@@H](CC(C)C)C(=O)N[C@@H](Cc2ccccc2)C(=O)N[C@@H](C)C(=O)N1C,1684.0,298.15,98.7861,45.4875,53.2986,9.7337,53.2986,76.4224,0.056083,139.44,0.552,27.097,1684.0,
dA.Me_dL.Me_dL.P.meL.F,CC(C)C[C@@H]1C(=O)N2CCC[C@H]2C(=O)N(C)[C@@H](CC(C)C)C(=O)N[C@@H](Cc2ccccc2)C(=O)N[C@H](C)C(=O)N(C)[C@H](CC(C)C)C(=O)N1C,2898.0,298.15,88.0658,47.9205,40.1453,5.9735,40.1453,77.4536,0.043852,139.44,0.727,23.792,2898.0,
P.A.dL.dL.P.dL.F,CC(C)C[C@H]1NC(=O)[C@H](C)NC(=O)[C@@H]2CCCN2C(=O)[C@H](Cc2ccccc2)NC(=O)[C@@H](CC(C)C)NC(=O)[C@@H]2CCCN2C(=O)[C@@H](CC(C)C)NC1=O,3859.0,298.15,118.8885,43.4153,75.4732,16.3939,75.4732,69.1772,0.077704,186.12,0.207,76.869,3859.0,
P.Pr_Gly.L.bHph.dP.meL.F,CCCN1CC(=O)N[C@@H](CC(C)C)C(=O)N[C@@H](Cc2ccccc2)CC(=O)N2CCC[C@@H]2C(=O)N(C)[C@@H](CC(C)C)C(=O)N[C@@H](Cc2ccccc2)C(=O)N2CCC[C@H]2C1=O,3795.0,298.15,107.4244,47.1035,60.3209,14.812,60.3209,85.4623,0.058751,168.54,0.514,4.206,3795.0,
P.Me_dA.dL.Bn_Gly.dP.L.F,CC(C)C[C@@H]1NC(=O)[C@H]2CCCN2C(=O)CN(Cc2ccccc2)C(=O)[C@@H](CC(C)C)NC(=O)[C@@H](C)N(C)C(=O)[C@@H]2CCCN2C(=O)[C@H](Cc2ccccc2)NC1=O,1316.0,298.15,81.8096,46.4933,35.3163,7.2499,35.3163,60.3651,0.035217,168.54,0.698,30.454,1316.0,
G.T.F.L.Y.A,CC(C)C[C@@H]1NC(=O)[C@H](Cc2ccccc2)NC(=O)[C@H]([C@@H](C)O)NC(=O)CNC(=O)[C@H](C)NC(=O)[C@H](Cc2ccc(O)cc2)NC1=O,1296.0,298.15,167.137,98.1357,69.0013,17.7364,69.0013,112.8905,0.08389,215.05999999999997,0.661,16.419,1296.0,
A.dL.Me_dL.P.Me_dL.F,CC(C)C[C@@H]1C(=O)N2CCC[C@H]2C(=O)N(C)[C@H](CC(C)C)C(=O)N[C@@H](Cc2ccccc2)C(=O)N[C@@H](C)C(=O)N[C@H](CC(C)C)C(=O)N1C,2054.0,298.15,94.2633,50.1307,44.1326,10.0437,44.1326,87.1633,0.048108,148.23,0.668,13.15,2054.0,
dP.bHph.dL.dL.P.meL.F,CC(C)C[C@H]1NC(=O)C[C@H](Cc2ccccc2)NC(=O)[C@H]2CCCN2C(=O)[C@H](Cc2ccccc2)NC(=O)[C@H](CC(C)C)N(C)C(=O)[C@@H]2CCCN2C(=O)[C@@H](CC(C)C)NC1=O,4690.0,298.15,94.7837,34.4533,60.3304,9.8137,60.3304,58.5436,0.05376,177.33,0.301,69.882,4690.0,
P.A.L.bHph.P.L.F,CC(C)C[C@@H]1NC(=O)[C@H](C)NC(=O)[C@@H]2CCCN2C(=O)[C@H](Cc2ccccc2)NC(=O)[C@H](CC(C)C)NC(=O)[C@@H]2CCCN2C(=O)C[C@H](Cc2ccccc2)NC1=O,1890.0,298.15,102.2446,50.8643,51.3803,12.629,51.3803,79.9848,0.054092,186.12,0.331,50.341,1890.0,
A.Mono38.dL.Nle.P.Mono1,CCCC[C@@H]1NC(=O)[C@@H](CC(C)C)NC(=O)CN(CC2CCOCC2)C(=O)[C@H](C)NC(=O)CN(Cc2ccc3c(c2)OCO3)C(=O)[C@@H]2CCCN2C1=O,3494.0,298.15,148.3543,112.6201,35.7342,7.9173,35.7342,122.8339,0.036407,175.92,0.612,15.523,3494.0,
dP.Pr_Gly.L.Me_dL.dP.dL.F,CCCN1CC(=O)N[C@@H](CC(C)C)C(=O)N(C)[C@H](CC(C)C)C(=O)N2CCC[C@@H]2C(=O)N[C@H](CC(C)C)C(=O)N[C@@H](Cc2ccccc2)C(=O)N2CCC[C@@H]2C1=O,5164.0,298.15,107.5841,65.0542,42.5299,11.2014,42.5299,103.3758,0.043033,168.54,0.644,33.932,5164.0,
meA.dL.L.P.L.F,CC(C)C[C@@H]1NC(=O)[C@@H]2CCCN2C(=O)[C@H](CC(C)C)NC(=O)[C@@H](CC(C)C)NC(=O)[C@H](C)N(C)C(=O)[C@H](Cc2ccccc2)NC1=O,2423.0,298.15,91.3962,26.3141,65.0821,14.0639,65.0821,54.0829,0.072617,157.02,0.299,58.726,2423.0,
dP.Pr_Gly.dL.meL.P.dL.F,CCCN1CC(=O)N[C@H](CC(C)C)C(=O)N(C)[C@@H](CC(C)C)C(=O)N2CCC[C@H]2C(=O)N[C@H](CC(C)C)C(=O)N[C@@H](Cc2ccccc2)C(=O)N2CCC[C@@H]2C1=O,4983.0,298.15,74.7364,49.3161,25.4203,5.8291,25.4203,57.8189,0.025196,168.54,0.421,54.477,4983.0,
P.meA.Bn_Gly.Me_dL.P.dL.F,CC(C)C[C@@H]1C(=O)N2CCC[C@H]2C(=O)N[C@H](CC(C)C)C(=O)N[C@@H](Cc2ccccc2)C(=O)N2CCC[C@H]2C(=O)N(C)[C@@H](C)C(=O)N(Cc2ccccc2)CC(=O)N1C,761.0,298.15,81.1339,37.3148,43.8191,7.4171,43.8191,58.195,0.045459,159.75000000000003,0.466,38.957,761.0,
Pr_Gly.meL.meL.dP.dL.F,CCCN1CC(=O)N(C)[C@@H](CC(C)C)C(=O)N(C)[C@@H](CC(C)C)C(=O)N2CCC[C@@H]2C(=O)N[C@H](CC(C)C)C(=O)N[C@@H](Cc2ccccc2)C1=O,2745.0,298.15,69.538,30.8734,38.6646,6.1988,38.6646,52.1097,0.040937,139.44,0.421,40.454,2745.0,
dA.Me_dL.L.P.L.F,CC(C)C[C@@H]1NC(=O)[C@@H]2CCCN2C(=O)[C@H](CC(C)C)NC(=O)[C@@H](CC(C)C)N(C)C(=O)[C@@H](C)NC(=O)[C@H](Cc2ccccc2)NC1=O,2205.0,298.15,101.0773,49.0876,51.9897,10.8354,51.9897,57.169,0.059211,157.01999999999998,0.63,27.99,2205.0,
meA.Me_dL.dL.dP.Me_dL.F,CC(C)C[C@@H]1C(=O)N[C@@H](Cc2ccccc2)C(=O)N(C)[C@@H](C)C(=O)N(C)[C@H](CC(C)C)C(=O)N[C@H](CC(C)C)C(=O)N2CCC[C@@H]2C(=O)N1C,978.0,298.15,88.0773,36.9638,51.1135,10.2398,51.1135,76.2065,0.057807,139.44,0.383,50.375,978.0,
P.A.meL.dL.P.meL.F,CC(C)C[C@H]1NC(=O)[C@H](CC(C)C)N(C)C(=O)[C@H](C)NC(=O)[C@@H]2CCCN2C(=O)[C@H](Cc2ccccc2)NC(=O)[C@H](CC(C)C)N(C)C(=O)[C@@H]2CCCN2C1=O,3755.0,298.15,74.0593,49.1477,24.9116,5.4532,24.9116,58.8674,0.025893,168.54,0.493,47.148,3755.0,
P.A.meL.Bn_Gly.dP.meL.F,CC(C)C[C@H]1C(=O)N(Cc2ccccc2)CC(=O)N2CCC[C@@H]2C(=O)N(C)[C@@H](CC(C)C)C(=O)N[C@@H](Cc2ccccc2)C(=O)N2CCC[C@H]2C(=O)N[C@@H](C)C(=O)N1C,2623.0,298.15,75.6144,43.2151,32.3993,5.9455,32.3993,52.5554,0.03392,159.75,0.27,77.454,2623.0,
dP.meA.L.bHph.P.L.F,CC(C)C[C@@H]1NC(=O)[C@H](C)N(C)C(=O)[C@H]2CCCN2C(=O)[C@H](Cc2ccccc2)NC(=O)[C@H](CC(C)C)NC(=O)[C@@H]2CCCN2C(=O)C[C@H](Cc2ccccc2)NC1=O,2298.0,298.15,103.2865,61.2355,42.051,9.4321,42.051,96.1715,0.043216,177.32999999999998,0.424,61.429,2298.0,
dA.dL.dL.dP.L.F,CC(C)C[C@@H]1NC(=O)[C@H]2CCCN2C(=O)[C@@H](CC(C)C)NC(=O)[C@@H](CC(C)C)NC(=O)[C@@H](C)NC(=O)[C@H](Cc2ccccc2)NC1=O,1502.0,298.15,102.4669,58.6148,43.8521,8.9286,43.8521,86.7579,0.048072,165.81,0.175,76.795,1502.0,
Ala(tBu).Tza.dP.Mono48.F.dF,CC(C)(C)C[C@@H]1NC(=O)[C@@H](Cc2ccccc2)NC(=O)[C@H](Cc2ccccc2)NC(=O)CN(CCCc2ccc(F)cc2F)C(=O)[C@H]2CCCN2C(=O)[C@H](Cc2cscn2)NC1=O,3299.0,298.15,143.4131,79.7583,63.6548,11.7346,63.6548,109.4537,0.061851,169.91,0.472,27.189,3299.0,
dP.meA.Bn_Gly.bHph.P.Me_dL.F,CC(C)C[C@@H]1C(=O)N[C@@H](Cc2ccccc2)C(=O)N2CCC[C@@H]2C(=O)N(C)[C@@H](C)C(=O)N(Cc2ccccc2)CC(=O)N[C@@H](Cc2ccccc2)CC(=O)N2CCC[C@H]2C(=O)N1C,683.0,298.15,79.9361,48.7231,31.213,7.095,31.213,57.9632,0.029447,159.75,0.425,44.77,683.0,
P.bHph.dL.bHph.P.L.F,CC(C)C[C@@H]1NC(=O)[C@@H]2CCCN2C(=O)C[C@H](Cc2ccccc2)NC(=O)[C@@H](CC(C)C)NC(=O)C[C@H](Cc2ccccc2)NC(=O)[C@@H]2CCCN2C(=O)[C@H](Cc2ccccc2)NC1=O,1929.0,298.15,94.1943,48.5335,45.6608,8.7214,45.6608,66.0864,0.045414,186.12,0.43,45.241,1929.0,
A.cHexCH2_Gly.meL.Nle.P.Mono1,CCCC[C@@H]1NC(=O)[C@H](CC(C)C)N(C)C(=O)CN(CC2CCCCC2)C(=O)[C@H](C)NC(=O)CN(Cc2ccc3c(c2)OCO3)C(=O)[C@@H]2CCCN2C1=O,6150.0,298.15,134.3456,82.6411,51.7045,10.2901,51.7045,102.9046,0.050908,157.9,0.961,2.953,6150.0,
P.Pr_Gly.Me_dL.L.dP.Me_dL.F,CCCN1CC(=O)N(C)[C@H](CC(C)C)C(=O)N[C@@H](CC(C)C)C(=O)N2CCC[C@@H]2C(=O)N(C)[C@H](CC(C)C)C(=O)N[C@@H](Cc2ccccc2)C(=O)N2CCC[C@H]2C1=O,4466.0,298.15,71.6609,34.7124,36.9485,10.4891,36.9485,62.8982,0.034902,159.75,0.591,38.29,4466.0,
F.cHexCH2_Gly.meL.Nle.dP.Et_Gly,CCCC[C@@H]1NC(=O)[C@H](CC(C)C)N(C)C(=O)CN(CC2CCCCC2)C(=O)[C@H](Cc2ccccc2)NC(=O)CN(CC)C(=O)[C@H]2CCCN2C1=O,4171.0,298.15,77.4616,40.4941,36.9675,6.5448,36.9675,61.2225,0.037989,139.44,0.822,12.742,4171.0,
dP.dA.dL.bHph.dP.L.F,CC(C)C[C@@H]1NC(=O)[C@H]2CCCN2C(=O)C[C@H](Cc2ccccc2)NC(=O)[C@@H](CC(C)C)NC(=O)[C@@H](C)NC(=O)[C@H]2CCCN2C(=O)[C@H](Cc2ccccc2)NC1=O,2394.0,298.15,97.0257,41.1296,55.8961,11.3074,55.8961,71.0422,0.056751,186.12,0.871,31.292,2394.0,
dP.bHph.Bn_Gly.bHph.P.dL.F,CC(C)C[C@H]1NC(=O)[C@@H]2CCCN2C(=O)C[C@H](Cc2ccccc2)NC(=O)CN(Cc2ccccc2)C(=O)C[C@H](Cc2ccccc2)NC(=O)[C@H]2CCCN2C(=O)[C@H](Cc2ccccc2)NC1=O,2147.0,298.15,90.3514,40.7645,49.5869,9.4738,49.5869,54.0586,0.044353,177.32999999999998,0.651,38.586,2147.0,
P.F.F.Ala(indol-2-yl).V.L,CC(C)C[C@@H]1NC(=O)[C@H](C(C)C)NC(=O)[C@H](Cc2cc3ccccc3[nH]2)NC(=O)[C@H](Cc2ccccc2)NC(=O)[C@H](Cc2ccccc2)NC(=O)[C@@H]2CCCN2C1=O,743.0,298.15,94.7615,59.589,35.1725,6.2158,35.1725,77.9535,0.037166,181.6,0.476,41.4,743.0,
meA.dL.bHph.P.meL.F,CC(C)C[C@H]1NC(=O)[C@H](C)N(C)C(=O)[C@H](Cc2ccccc2)NC(=O)[C@H](CC(C)C)N(C)C(=O)[C@@H]2CCCN2C(=O)C[C@H](Cc2ccccc2)NC1=O,1844.0,298.15,83.647,26.783,56.864,12.2581,56.864,39.3541,0.062714,148.23,0.616,19.206,1844.0,
dP.Pr_Gly.meL.Bn_Gly.dP.Bn_Gly.F,CCCN1CC(=O)N(C)[C@@H](CC(C)C)C(=O)N(Cc2ccccc2)CC(=O)N2CCC[C@@H]2C(=O)N(Cc2ccccc2)CC(=O)N[C@@H](Cc2ccccc2)C(=O)N2CCC[C@@H]2C1=O,941.0,298.15,89.9215,49.9906,39.9309,6.4803,39.9309,68.1498,0.040278,150.96,0.517,37.728,941.0,
A.Me_dL.L.P.Bn_Gly.F,CC(C)C[C@@H]1NC(=O)[C@@H](CC(C)C)N(C)C(=O)[C@H](C)NC(=O)[C@H](Cc2ccccc2)NC(=O)CN(Cc2ccccc2)C(=O)[C@@H]2CCCN2C1=O,894.0,298.15,85.7987,66.5634,19.2353,4.1225,19.2353,76.3789,0.019766,148.23000000000002,0.448,41.657,894.0,
Me_dA.dL.Bn_Gly.P.Me_dL.F,CC(C)C[C@@H]1C(=O)N[C@@H](Cc2ccccc2)C(=O)N(C)[C@H](C)C(=O)N[C@H](CC(C)C)C(=O)N(Cc2ccccc2)CC(=O)N2CCC[C@H]2C(=O)N1C,3918.0,298.15,80.8093,41.8846,38.9247,7.9204,38.9247,58.1417,0.042026,139.44000000000003,0.567,43.981,3918.0,
dP.dA.L.bHph.P.L.F,CC(C)C[C@@H]1NC(=O)[C@@H](C)NC(=O)[C@H]2CCCN2C(=O)[C@H](Cc2ccccc2)NC(=O)[C@H](CC(C)C)NC(=O)[C@@H]2CCCN2C(=O)C[C@H](Cc2ccccc2)NC1=O,723.0,298.15,53.2283,33.39,19.8383,4.4121,19.8383,45.6717,0.020315,186.12,0.61,37.96,723.0,
P.A.L.meL.dP.meL.F,CC(C)C[C@@H]1NC(=O)[C@H](C)NC(=O)[C@@H]2CCCN2C(=O)[C@H](Cc2ccccc2)NC(=O)[C@H](CC(C)C)N(C)C(=O)[C@H]2CCCN2C(=O)[C@H](CC(C)C)N(C)C1=O,1181.0,298.15,87.3704,41.9479,45.4225,7.2118,45.4225,53.8194,0.048444,168.54000000000002,0.154,77.757,1181.0,
dP.dA.dL.Me_dL.P.Bn_Gly.F,CC(C)C[C@@H]1C(=O)N2CCC[C@H]2C(=O)N(Cc2ccccc2)CC(=O)N[C@@H](Cc2ccccc2)C(=O)N2CCC[C@@H]2C(=O)N[C@H](C)C(=O)N[C@H](CC(C)C)C(=O)N1C,2202.0,298.15,111.091,43.354,67.737,20.1151,67.737,62.2327,0.068504,168.54,1.008,0.342,2202.0,
dF.pentyl_Gly.meL.Nle.P.Mono1,CCCCCN1CC(=O)N(C)[C@@H](CC(C)C)C(=O)N[C@@H](CCCC)C(=O)N2CCC[C@H]2C(=O)N(Cc2ccc3c(c2)OCO3)CC(=O)N[C@H](Cc2ccccc2)C1=O,7134.0,298.15,133.6718,89.8721,43.7997,9.5065,43.7997,117.0308,0.040795,157.9,1.028,30.691,7134.0,
P.Me_dA.dL.meL.P.L.F,CC(C)C[C@@H]1NC(=O)[C@@H]2CCCN2C(=O)[C@H](CC(C)C)N(C)C(=O)[C@@H](CC(C)C)NC(=O)[C@@H](C)N(C)C(=O)[C@@H]2CCCN2C(=O)[C@H](Cc2ccccc2)NC1=O,1864.0,298.15,93.0035,50.0766,42.9269,8.113,42.9269,76.8388,0.04395,168.54,0.225,77.76,1864.0,
dP.Pr_Gly.dL.meL.P.Bn_Gly.F,CCCN1CC(=O)N[C@H](CC(C)C)C(=O)N(C)[C@@H](CC(C)C)C(=O)N2CCC[C@H]2C(=O)N(Cc2ccccc2)CC(=O)N[C@@H](Cc2ccccc2)C(=O)N2CCC[C@@H]2C1=O,3212.0,298.15,86.9054,51.1705,35.7349,6.0633,35.7349,64.5454,0.035657,159.75,0.615,31.412,3212.0,
dP.bHph.dL.L.P.L.F,CC(C)C[C@@H]1NC(=O)[C@@H]2CCCN2C(=O)[C@H](CC(C)C)NC(=O)[C@@H](CC(C)C)NC(=O)C[C@H](Cc2ccccc2)NC(=O)[C@H]2CCCN2C(=O)[C@H](Cc2ccccc2)NC1=O,3089.0,298.15,104.954,51.6679,53.2861,14.4609,53.2861,65.134,0.051563,186.12,0.295,50.454,3089.0,
P.Me_dA.meL.Bn_Gly.dP.Bn_Gly.F,CC(C)C[C@H]1C(=O)N(Cc2ccccc2)CC(=O)N2CCC[C@@H]2C(=O)N(Cc2ccccc2)CC(=O)N[C@@H](Cc2ccccc2)C(=O)N2CCC[C@H]2C(=O)N(C)[C@H](C)C(=O)N1C,1748.0,298.15,87.4856,59.9951,27.4905,7.1772,27.4905,79.6483,0.027586,150.96,0.517,9.121,1748.0,
P.Pr_Gly.Me_dL.meL.dP.Bn_Gly.F,CCCN1CC(=O)N(C)[C@H](CC(C)C)C(=O)N(C)[C@@H](CC(C)C)C(=O)N2CCC[C@@H]2C(=O)N(Cc2ccccc2)CC(=O)N[C@@H](Cc2ccccc2)C(=O)N2CCC[C@H]2C1=O,5475.0,298.15,86.0475,41.4016,44.6459,11.411,44.6459,67.4514,0.04174,150.96,0.485,55.67,5475.0,
P.meA.Bn_Gly.dL.P.meL.F,CC(C)C[C@H]1NC(=O)CN(Cc2ccccc2)C(=O)[C@H](C)N(C)C(=O)[C@@H]2CCCN2C(=O)[C@H](Cc2ccccc2)NC(=O)[C@H](CC(C)C)N(C)C(=O)[C@@H]2CCCN2C1=O,1392.0,298.15,96.719,48.2938,48.4252,8.5771,48.4252,60.5865,0.048352,159.75,0.437,30.601,1392.0,
dP.meA.Me_dL.bHph.dP.Me_dL.F,CC(C)C[C@@H]1C(=O)N[C@@H](Cc2ccccc2)C(=O)N2CCC[C@@H]2C(=O)N(C)[C@@H](C)C(=O)N(C)[C@H](CC(C)C)C(=O)N[C@@H](Cc2ccccc2)CC(=O)N2CCC[C@@H]2C(=O)N1C,2316.0,298.15,86.8422,43.7749,43.0673,9.3776,43.0673,66.7577,0.042353,159.75,0.328,32.625,2316.0,
Me_dA.dL.dL.P.L.F,CC(C)C[C@@H]1NC(=O)[C@@H]2CCCN2C(=O)[C@@H](CC(C)C)NC(=O)[C@@H](CC(C)C)NC(=O)[C@@H](C)N(C)C(=O)[C@H](Cc2ccccc2)NC1=O,2706.0,298.15,97.9929,47.7684,50.2245,8.5742,50.2245,63.4123,0.054461,157.02,0.269,53.362,2706.0,
dA.L.bHph.P.dL.F,CC(C)C[C@@H]1NC(=O)[C@@H](C)NC(=O)[C@H](Cc2ccccc2)NC(=O)[C@@H](CC(C)C)NC(=O)[C@@H]2CCCN2C(=O)C[C@H](Cc2ccccc2)NC1=O,1135.0,298.15,95.7799,37.201,58.5789,10.1428,58.5789,57.0932,0.065737,165.81,0.292,68.046,1135.0,
dP.Pr_Gly.Me_dL.Me_dL.dP.Bn_Gly.F,CCCN1CC(=O)N(C)[C@H](CC(C)C)C(=O)N(C)[C@H](CC(C)C)C(=O)N2CCC[C@@H]2C(=O)N(Cc2ccccc2)CC(=O)N[C@@H](Cc2ccccc2)C(=O)N2CCC[C@@H]2C1=O,2382.0,298.15,79.0174,38.1513,40.8661,7.5445,40.8661,59.4277,0.038848,150.96,0.421,48.928,2382.0,
dP.dA.Me_dL.Bn_Gly.dP.Me_dL.F,CC(C)C[C@@H]1C(=O)N[C@@H](Cc2ccccc2)C(=O)N2CCC[C@@H]2C(=O)N[C@H](C)C(=O)N(C)[C@H](CC(C)C)C(=O)N(Cc2ccccc2)CC(=O)N2CCC[C@@H]2C(=O)N1C,2291.0,298.15,98.245,57.1626,41.0824,8.5868,41.0824,81.3207,0.040468,159.75000000000003,0.354,59.596,2291.0,
A.dL.Me_dL.dP.L.F,CC(C)C[C@@H]1NC(=O)[C@H]2CCCN2C(=O)[C@@H](CC(C)C)N(C)C(=O)[C@@H](CC(C)C)NC(=O)[C@H](C)NC(=O)[C@H](Cc2ccccc2)NC1=O,1510.0,298.15,93.5238,43.3222,50.2016,10.1162,50.2016,59.4214,0.055541,157.01999999999998,0.269,59.878,1510.0,
meA.meL.dL.dP.Bn_Gly.F,CC(C)C[C@H]1NC(=O)[C@H](CC(C)C)N(C)C(=O)[C@H](C)N(C)C(=O)[C@H](Cc2ccccc2)NC(=O)CN(Cc2ccccc2)C(=O)[C@H]2CCCN2C1=O,1606.0,298.15,92.139,46.5355,45.6035,14.4044,45.6035,84.0865,0.049273,139.44,0.581,27.789,1606.0,
dI.P.Me_dF.dI.P.Me_dF,CC[C@@H](C)[C@H]1NC(=O)[C@@H](Cc2ccccc2)N(C)C(=O)[C@@H]2CCCN2C(=O)[C@@H]([C@H](C)CC)NC(=O)[C@@H](Cc2ccccc2)N(C)C(=O)[C@@H]2CCCN2C1=O,1268.0,298.15,71.9244,15.6749,56.2495,10.9734,56.2495,37.1696,0.059952,139.44,0.528,44.61,1268.0,
A.Mono38.meL.Nle.dP.Et_Gly,CCCC[C@@H]1NC(=O)[C@H](CC(C)C)N(C)C(=O)CN(CC2CCOCC2)C(=O)[C@H](C)NC(=O)CN(CC)C(=O)[C@H]2CCCN2C1=O,3022.0,298.15,96.1463,64.3471,31.7992,6.9369,31.7992,74.2971,0.036307,148.67000000000002,0.681,12.937,3022.0,
dP.A.L.Bn_Gly.P.meL.F,CC(C)C[C@@H]1NC(=O)[C@H](C)NC(=O)[C@H]2CCCN2C(=O)[C@H](Cc2ccccc2)NC(=O)[C@H](CC(C)C)N(C)C(=O)[C@@H]2CCCN2C(=O)CN(Cc2ccccc2)C1=O,761.0,298.15,78.6932,39.943,38.7502,8.0836,38.7502,60.1147,0.039077,168.54000000000002,0.215,73.925,761.0,
P.A.Me_dL.meL.P.dL.F,CC(C)C[C@@H]1C(=O)N(C)[C@@H](CC(C)C)C(=O)N2CCC[C@H]2C(=O)N[C@H](CC(C)C)C(=O)N[C@@H](Cc2ccccc2)C(=O)N2CCC[C@H]2C(=O)N[C@@H](C)C(=O)N1C,3696.0,298.15,102.8008,62.3513,40.4495,7.7639,40.4495,97.359,0.039854,168.54,0.438,45.191,3696.0,
F.cHexCH2_Gly.dL.Nle.P.Mono1,CCCC[C@@H]1NC(=O)[C@@H](CC(C)C)NC(=O)CN(CC2CCCCC2)C(=O)[C@H](Cc2ccccc2)NC(=O)CN(Cc2ccc3c(c2)OCO3)C(=O)[C@@H]2CCCN2C1=O,2751.0,298.15,127.1445,83.059,44.0855,10.3766,44.0855,97.7478,0.042963,166.69,0.78,27.545,2751.0,
A.Bn_Gly.bHph.dP.L.F,CC(C)C[C@@H]1NC(=O)[C@H]2CCCN2C(=O)C[C@H](Cc2ccccc2)NC(=O)CN(Cc2ccccc2)C(=O)[C@H](C)NC(=O)[C@H](Cc2ccccc2)NC1=O,655.0,298.15,102.2957,46.6645,55.6312,13.4259,55.6312,53.8998,0.057029,157.01999999999998,0.754,20.361,655.0,
A.Mono39.meL.Nle.dP.Mono42,CCCC[C@@H]1NC(=O)[C@H](CC(C)C)N(C)C(=O)CN(CCOc2ccccc2)C(=O)[C@H](C)NC(=O)CN(CCN2CCOCC2)C(=O)[C@H]2CCCN2C1=O,7774.0,298.15,110.4485,61.6595,48.789,9.4953,48.789,83.7858,0.049532,161.14000000000001,0.639,41.47,7774.0,
dP.Me_dA.meL.meL.dP.Bn_Gly.F,CC(C)C[C@H]1C(=O)N(C)[C@@H](CC(C)C)C(=O)N2CCC[C@@H]2C(=O)N(Cc2ccccc2)CC(=O)N[C@@H](Cc2ccccc2)C(=O)N2CCC[C@@H]2C(=O)N(C)[C@H](C)C(=O)N1C,1063.0,298.15,89.2686,50.7214,38.5472,7.4313,38.5472,73.0832,0.038045,150.96,0.399,59.999,1063.0,
meA.dL.Bn_Gly.dP.Bn_Gly.F,CC(C)C[C@H]1NC(=O)[C@H](C)N(C)C(=O)[C@H](Cc2ccccc2)NC(=O)CN(Cc2ccccc2)C(=O)[C@H]2CCCN2C(=O)CN(Cc2ccccc2)C1=O,666.0,298.15,95.8861,49.2906,46.5955,11.2619,46.5955,56.3718,0.050585,139.44,0.596,48.082,666.0,
A.G.dF.dL.P.Y,CC(C)C[C@H]1NC(=O)[C@@H](Cc2ccccc2)NC(=O)CNC(=O)[C@H](C)NC(=O)[C@H](Cc2ccc(O)cc2)NC(=O)[C@@H]2CCCN2C1=O,674.0,298.15,150.6332,95.548,55.0852,9.22,55.0852,120.1096,0.063158,186.04,0.479,25.599,674.0,
P.Me_dA.Me_dL.meL.P.dL.F,CC(C)C[C@@H]1C(=O)N(C)[C@@H](CC(C)C)C(=O)N2CCC[C@H]2C(=O)N[C@H](CC(C)C)C(=O)N[C@@H](Cc2ccccc2)C(=O)N2CCC[C@H]2C(=O)N(C)[C@H](C)C(=O)N1C,3069.0,298.15,77.1454,47.7701,29.3753,5.3053,29.3753,62.3606,0.02859,159.75,0.608,33.244,3069.0,
P.Me_dA.meL.L.P.Bn_Gly.F,CC(C)C[C@@H]1NC(=O)[C@H](CC(C)C)N(C)C(=O)[C@@H](C)N(C)C(=O)[C@@H]2CCCN2C(=O)[C@H](Cc2ccccc2)NC(=O)CN(Cc2ccccc2)C(=O)[C@@H]2CCCN2C1=O,3542.0,298.15,96.7764,66.359,30.4174,6.3602,30.4174,80.5037,0.029127,159.75,1.106,6.846,3542.0,
P.Pr_Gly.Me_dL.Bn_Gly.dP.Me_dL.F,CCCN1CC(=O)N(C)[C@H](CC(C)C)C(=O)N(Cc2ccccc2)CC(=O)N2CCC[C@@H]2C(=O)N(C)[C@H](CC(C)C)C(=O)N[C@@H](Cc2ccccc2)C(=O)N2CCC[C@H]2C1=O,4630.0,298.15,77.4722,36.0098,41.4624,7.4818,41.4624,47.6011,0.03926,150.96,0.582,47.093,4630.0,
Pr_Gly.dL.bHph.dP.Bn_Gly.F,CCCN1CC(=O)N[C@H](CC(C)C)C(=O)N[C@@H](Cc2ccccc2)CC(=O)N2CCC[C@@H]2C(=O)N(Cc2ccccc2)CC(=O)N[C@@H](Cc2ccccc2)C1=O,497.0,298.15,90.563,49.9633,40.5997,9.9802,40.5997,61.0242,0.04198,148.23,0.719,35.302,497.0,
P.meA.dL.Me_dL.P.Me_dL.F,CC(C)C[C@@H]1C(=O)N2CCC[C@H]2C(=O)N(C)[C@H](CC(C)C)C(=O)N[C@@H](Cc2ccccc2)C(=O)N2CCC[C@H]2C(=O)N(C)[C@@H](C)C(=O)N[C@H](CC(C)C)C(=O)N1C,2056.0,298.15,88.6729,40.9326,47.7403,12.9341,47.7403,60.6302,0.049048,159.75,0.918,21.539,2056.0,
P.bHph.L.dL.P.Bn_Gly.F,CC(C)C[C@@H]1NC(=O)C[C@H](Cc2ccccc2)NC(=O)[C@@H]2CCCN2C(=O)[C@H](Cc2ccccc2)NC(=O)CN(Cc2ccccc2)C(=O)[C@@H]2CCCN2C(=O)[C@@H](CC(C)C)NC1=O,3053.0,298.15,106.4731,43.5721,62.901,11.0295,62.901,75.6865,0.0601,177.33,0.628,15.906,3053.0,
Pr_Gly.Me_dL.dL.dP.dL.F,CCCN1CC(=O)N(C)[C@H](CC(C)C)C(=O)N[C@H](CC(C)C)C(=O)N2CCC[C@@H]2C(=O)N[C@H](CC(C)C)C(=O)N[C@@H](Cc2ccccc2)C1=O,2550.0,298.15,89.689,49.4778,40.2112,9.6498,40.2112,79.5635,0.042606,148.23,0.584,37.137,2550.0,
dP.meA.Me_dL.Bn_Gly.dP.Me_dL.F,CC(C)C[C@@H]1C(=O)N[C@@H](Cc2ccccc2)C(=O)N2CCC[C@@H]2C(=O)N(C)[C@@H](C)C(=O)N(C)[C@H](CC(C)C)C(=O)N(Cc2ccccc2)CC(=O)N2CCC[C@@H]2C(=O)N1C,2228.0,298.15,69.3518,35.3239,34.0279,5.5411,34.0279,42.6042,0.03378,150.96,0.592,40.96,2228.0,
L.dP.meL.L.dP.meY,CC(C)C[C@@H]1NC(=O)[C@H](CC(C)C)N(C)C(=O)[C@H]2CCCN2C(=O)[C@H](CC(C)C)NC(=O)[C@H](Cc2ccc(O)cc2)N(C)C(=O)[C@H]2CCCN2C1=O,5783.0,298.15,103.6203,59.6693,43.951,6.9427,43.951,72.8196,0.046033,159.67,1.016,8.031,5783.0,
P.Me_dA.L.Bn_Gly.dP.Me_dL.F,CC(C)C[C@@H]1NC(=O)[C@@H](C)N(C)C(=O)[C@@H]2CCCN2C(=O)[C@H](Cc2ccccc2)NC(=O)[C@@H](CC(C)C)N(C)C(=O)[C@H]2CCCN2C(=O)CN(Cc2ccccc2)C1=O,1713.0,298.15,93.9083,47.5212,46.3871,12.3114,46.3871,56.9988,0.045573,159.75,0.501,36.315,1713.0,
Mono14.I.F.P.I.P,CC[C@@H](C)[C@@H]1NC(=O)[C@@H]2CCCN2C(=O)[C@H]([C@@H](C)CC)NC(=O)[C@@H]2CCCN2C(=O)[C@H](Cc2ccccc2)NC(=O)[C@H]([C@@H](C)CC)NC(=O)c2csc1n2,2532.0,298.15,139.5115,86.6213,52.8902,10.3063,52.8902,111.368,0.05924,169.90999999999997,0.3,57.549,2532.0,
P.dA.Bn_Gly.bHph.P.L.F,CC(C)C[C@@H]1NC(=O)[C@@H]2CCCN2C(=O)C[C@H](Cc2ccccc2)NC(=O)CN(Cc2ccccc2)C(=O)[C@@H](C)NC(=O)[C@@H]2CCCN2C(=O)[C@H](Cc2ccccc2)NC1=O,570.0,298.15,64.5318,28.6017,35.9301,8.5907,35.9301,48.1741,0.036812,177.32999999999998,0.741,8.824,570.0,
dP.bHph.dL.Bn_Gly.dP.meL.F,CC(C)C[C@H]1NC(=O)C[C@H](Cc2ccccc2)NC(=O)[C@H]2CCCN2C(=O)[C@H](Cc2ccccc2)NC(=O)[C@H](CC(C)C)N(C)C(=O)[C@H]2CCCN2C(=O)CN(Cc2ccccc2)C1=O,3314.0,298.15,84.8957,37.0354,47.8603,8.8698,47.8603,64.6833,0.044044,168.54000000000002,0.465,21.189,3314.0,
dP.Sta.meL.meL.Sta.meL,CC(C)C[C@@H]1NC(=O)[C@H]2CCCN2C(=O)[C@H](CC(C)C)N(C)C(=O)C[C@H](O)[C@H](CC(C)C)NC(=O)[C@H](CC(C)C)N(C)C(=O)[C@H](CC(C)C)N(C)C(=O)C[C@@H]1O,3756.0,298.15,92.2294,39.9609,52.2685,6.6598,52.2685,71.713,0.048205,179.9,0.802,22.786,3756.0,
dP.Pr_Gly.L.Me_dL.dP.Me_dL.F,CCCN1CC(=O)N[C@@H](CC(C)C)C(=O)N(C)[C@H](CC(C)C)C(=O)N2CCC[C@@H]2C(=O)N(C)[C@H](CC(C)C)C(=O)N[C@@H](Cc2ccccc2)C(=O)N2CCC[C@@H]2C1=O,3449.0,298.15,83.9057,53.1369,30.7688,7.1742,30.7688,71.9969,0.031187,159.75,0.391,46.128,3449.0,
bHph.Bn_Gly.bHph.P.dL.F,CC(C)C[C@H]1NC(=O)[C@@H]2CCCN2C(=O)C[C@H](Cc2ccccc2)NC(=O)CN(Cc2ccccc2)C(=O)C[C@H](Cc2ccccc2)NC(=O)[C@H](Cc2ccccc2)NC1=O,1097.0,298.15,94.1832,34.1102,60.073,14.9288,60.073,46.7095,0.058906,157.01999999999998,0.556,16.146,1097.0,
L.Me_dL.meL.L.dP.Y,CC(C)C[C@@H]1NC(=O)[C@H](Cc2ccc(O)cc2)NC(=O)[C@H]2CCCN2C(=O)[C@H](CC(C)C)NC(=O)[C@H](CC(C)C)N(C)C(=O)[C@@H](CC(C)C)N(C)C1=O,5831.0,298.15,121.2909,68.898,52.3929,10.8968,52.3929,82.7787,0.051322,168.46,0.687,30.672,5831.0,
P.Pr_Gly.L.bHph.dP.L.F,CCCN1CC(=O)N[C@@H](CC(C)C)C(=O)N[C@@H](Cc2ccccc2)CC(=O)N2CCC[C@@H]2C(=O)N[C@@H](CC(C)C)C(=O)N[C@@H](Cc2ccccc2)C(=O)N2CCC[C@H]2C1=O,2008.0,298.15,118.4873,57.8379,60.6494,12.0102,60.6494,96.8877,0.058223,177.32999999999998,0.509,33.88,2008.0,
dP.meA.meL.L.dP.dL.F,CC(C)C[C@@H]1NC(=O)[C@H](CC(C)C)N(C)C(=O)[C@H](C)N(C)C(=O)[C@H]2CCCN2C(=O)[C@H](Cc2ccccc2)NC(=O)[C@@H](CC(C)C)NC(=O)[C@H]2CCCN2C1=O,3931.0,298.15,91.2259,35.1734,56.0525,11.848,56.0525,61.9004,0.056974,168.54,0.561,41.845,3931.0,
Me_dA.dL.bHph.P.Bn_Gly.F,CC(C)C[C@H]1NC(=O)[C@@H](C)N(C)C(=O)[C@H](Cc2ccccc2)NC(=O)CN(Cc2ccccc2)C(=O)[C@@H]2CCCN2C(=O)C[C@H](Cc2ccccc2)NC1=O,799.0,298.15,90.4906,44.664,45.8266,8.7525,45.8266,64.8834,0.049244,148.23,0.463,21.258,799.0,
P.dA.dL.Bn_Gly.dP.meL.F,CC(C)C[C@H]1NC(=O)[C@@H](C)NC(=O)[C@@H]2CCCN2C(=O)[C@H](Cc2ccccc2)NC(=O)[C@H](CC(C)C)N(C)C(=O)[C@H]2CCCN2C(=O)CN(Cc2ccccc2)C1=O,1897.0,298.15,102.6889,47.4764,55.2125,13.3057,55.2125,63.3386,0.055756,168.54000000000002,0.49,54.154,1897.0,
P.bHph.L.dL.P.Me_dL.F,CC(C)C[C@@H]1NC(=O)C[C@H](Cc2ccccc2)NC(=O)[C@@H]2CCCN2C(=O)[C@H](Cc2ccccc2)NC(=O)[C@@H](CC(C)C)N(C)C(=O)[C@@H]2CCCN2C(=O)[C@@H](CC(C)C)NC1=O,3514.0,298.15,89.1931,39.6737,49.5194,8.253,49.5194,56.5419,0.046333,177.33,0.19,68.142,3514.0,
dA.Mono38.meL.Nle.dP.Et_Gly,CCCC[C@@H]1NC(=O)[C@H](CC(C)C)N(C)C(=O)CN(CC2CCOCC2)C(=O)[C@@H](C)NC(=O)CN(CC)C(=O)[C@H]2CCCN2C1=O,5885.0,298.15,108.7671,76.7948,31.9723,7.3623,31.9723,83.6499,0.035604,148.67000000000002,0.966,8.594,5885.0,
dP.Me_dA.L.bHph.dP.Bn_Gly.F,CC(C)C[C@@H]1NC(=O)[C@@H](C)N(C)C(=O)[C@H]2CCCN2C(=O)[C@H](Cc2ccccc2)NC(=O)CN(Cc2ccccc2)C(=O)[C@H]2CCCN2C(=O)C[C@H](Cc2ccccc2)NC1=O,689.0,298.15,80.052,44.5313,35.5207,7.0242,35.5207,55.1862,0.035458,168.54,0.612,24.044,689.0,
dP.dA.meL.Bn_Gly.P.Bn_Gly.F,CC(C)C[C@H]1C(=O)N(Cc2ccccc2)CC(=O)N2CCC[C@H]2C(=O)N(Cc2ccccc2)CC(=O)N[C@@H](Cc2ccccc2)C(=O)N2CCC[C@@H]2C(=O)N[C@H](C)C(=O)N1C,2050.0,298.15,105.2401,53.7178,51.5223,10.1704,51.5223,83.7494,0.050416,159.75,0.652,20.178,2050.0,
P.Me_dA.dL.L.dP.Bn_Gly.F,CC(C)C[C@@H]1NC(=O)[C@@H](CC(C)C)NC(=O)[C@@H](C)N(C)C(=O)[C@@H]2CCCN2C(=O)[C@H](Cc2ccccc2)NC(=O)CN(Cc2ccccc2)C(=O)[C@H]2CCCN2C1=O,1388.0,298.15,111.6632,71.6154,40.0478,7.5225,40.0478,92.3512,0.040297,168.54,0.573,31.7,1388.0,
bHph.meL.Bn_Gly.P.Me_dL.F,CC(C)C[C@@H]1C(=O)N[C@@H](Cc2ccccc2)C(=O)N[C@@H](Cc2ccccc2)CC(=O)N(C)[C@@H](CC(C)C)C(=O)N(Cc2ccccc2)CC(=O)N2CCC[C@H]2C(=O)N1C,2452.0,298.15,73.795,31.1266,42.6684,7.7589,42.6684,62.91,0.042506,139.44000000000003,0.695,34.303,2452.0,
dA.L.bHph.dP.dL.F,CC(C)C[C@@H]1NC(=O)[C@@H](C)NC(=O)[C@H](Cc2ccccc2)NC(=O)[C@@H](CC(C)C)NC(=O)[C@H]2CCCN2C(=O)C[C@H](Cc2ccccc2)NC1=O,1256.0,298.15,79.3551,33.7591,45.596,8.1721,45.596,64.6811,0.049332,165.81,0.331,30.297,1256.0,
F.Mono39.meL.Nle.dP.Mono45,CCCC[C@@H]1NC(=O)[C@H](CC(C)C)N(C)C(=O)CN(CCOc2ccccc2)C(=O)[C@H](Cc2ccccc2)NC(=O)CN(Cc2ccccc2Cn2cccn2)C(=O)[C@H]2CCCN2C1=O,6624.0,298.15,100.7931,36.9009,63.8922,12.9445,63.8922,61.999,0.056791,166.49,0.66,26.64,6624.0,
P.bHph.dL.meL.dP.Bn_Gly.F,CC(C)C[C@H]1NC(=O)C[C@H](Cc2ccccc2)NC(=O)[C@@H]2CCCN2C(=O)[C@H](Cc2ccccc2)NC(=O)CN(Cc2ccccc2)C(=O)[C@H]2CCCN2C(=O)[C@H](CC(C)C)N(C)C1=O,1463.0,298.15,102.9276,42.4599,60.4677,10.6964,60.4677,70.7174,0.057145,168.54000000000002,0.09,91.373,1463.0,
dP.A.Bn_Gly.bHph.dP.meL.F,CC(C)C[C@H]1C(=O)N[C@@H](Cc2ccccc2)C(=O)N2CCC[C@@H]2C(=O)N[C@@H](C)C(=O)N(Cc2ccccc2)CC(=O)N[C@@H](Cc2ccccc2)CC(=O)N2CCC[C@@H]2C(=O)N1C,1036.0,298.15,89.7781,39.4686,50.3095,11.0656,50.3095,47.5838,0.052177,168.54000000000002,0.258,52.061,1036.0,
dP.Pr_Gly.Me_dL.bHph.P.Me_dL.F,CCCN1CC(=O)N(C)[C@H](CC(C)C)C(=O)N[C@@H](Cc2ccccc2)CC(=O)N2CCC[C@H]2C(=O)N(C)[C@H](CC(C)C)C(=O)N[C@@H](Cc2ccccc2)C(=O)N2CCC[C@@H]2C1=O,1350.0,298.15,83.8813,44.2956,39.5857,6.2624,39.5857,65.958,0.038712,159.75,0.574,53.738,1350.0,
P.Me_dA.L.L.P.L.F,CC(C)C[C@@H]1NC(=O)[C@@H](C)N(C)C(=O)[C@@H]2CCCN2C(=O)[C@H](Cc2ccccc2)NC(=O)[C@H](CC(C)C)NC(=O)[C@@H]2CCCN2C(=O)[C@H](CC(C)C)NC1=O,1223.0,298.15,106.0305,83.3445,22.686,5.3064,22.686,103.8003,0.023274,177.32999999999998,0.061,92.21,1223.0,
Me_dA.dL.L.dP.L.F,CC(C)C[C@@H]1NC(=O)[C@H]2CCCN2C(=O)[C@H](CC(C)C)NC(=O)[C@@H](CC(C)C)NC(=O)[C@@H](C)N(C)C(=O)[C@H](Cc2ccccc2)NC1=O,4278.0,298.15,96.0092,31.5416,64.4676,14.3252,64.4676,53.1996,0.070735,157.02,0.299,57.09,4278.0,
P.bHph.meL.Bn_Gly.P.meL.F,CC(C)C[C@H]1C(=O)N(Cc2ccccc2)CC(=O)N2CCC[C@H]2C(=O)N(C)[C@@H](CC(C)C)C(=O)N[C@@H](Cc2ccccc2)C(=O)N2CCC[C@H]2C(=O)N[C@@H](Cc2ccccc2)CC(=O)N1C,4231.0,298.15,89.7933,41.353,48.4403,9.647,48.4403,68.3535,0.04471,159.75,0.586,46.714,4231.0,
dA.meL.L.dP.Bn_Gly.F,CC(C)C[C@@H]1NC(=O)[C@H](CC(C)C)N(C)C(=O)[C@@H](C)NC(=O)[C@H](Cc2ccccc2)NC(=O)CN(Cc2ccccc2)C(=O)[C@H]2CCCN2C1=O,908.0,298.15,78.8606,45.5689,33.2917,5.4773,33.2917,57.1628,0.036926,148.23000000000002,0.632,35.021,908.0,
dP.Pr_Gly.dL.Bn_Gly.dP.dL.F,CCCN1CC(=O)N[C@H](CC(C)C)C(=O)N(Cc2ccccc2)CC(=O)N2CCC[C@@H]2C(=O)N[C@H](CC(C)C)C(=O)N[C@@H](Cc2ccccc2)C(=O)N2CCC[C@@H]2C1=O,2989.0,298.15,101.6452,43.3382,58.307,10.7282,58.307,83.6532,0.057636,168.54,0.583,40.013,2989.0,
dP.Me_dA.Bn_Gly.L.dP.Me_dL.F,CC(C)C[C@@H]1NC(=O)CN(Cc2ccccc2)C(=O)[C@@H](C)N(C)C(=O)[C@H]2CCCN2C(=O)[C@H](Cc2ccccc2)NC(=O)[C@@H](CC(C)C)N(C)C(=O)[C@H]2CCCN2C1=O,1183.0,298.15,81.5999,45.5949,36.005,7.8234,36.005,65.6497,0.035867,159.75,0.312,53.311,1183.0,
dA.L.Me_dL.dP.meL.F,CC(C)C[C@@H]1NC(=O)[C@@H](C)NC(=O)[C@H](Cc2ccccc2)NC(=O)[C@H](CC(C)C)N(C)C(=O)[C@H]2CCCN2C(=O)[C@@H](CC(C)C)N(C)C1=O,2594.0,298.15,101.3719,43.0272,58.3447,10.3365,58.3447,62.7006,0.061163,148.23000000000002,0.333,75.666,2594.0,
meA.L.Bn_Gly.P.L.F,CC(C)C[C@@H]1NC(=O)[C@@H]2CCCN2C(=O)CN(Cc2ccccc2)C(=O)[C@H](CC(C)C)NC(=O)[C@H](C)N(C)C(=O)[C@H](Cc2ccccc2)NC1=O,1749.0,298.15,93.4345,43.1818,50.2527,10.2102,50.2527,71.1437,0.05499,148.23,0.563,25.465,1749.0,
dP.Pr_Gly.L.meL.P.meL.F,CCCN1CC(=O)N[C@@H](CC(C)C)C(=O)N(C)[C@@H](CC(C)C)C(=O)N2CCC[C@H]2C(=O)N(C)[C@@H](CC(C)C)C(=O)N[C@@H](Cc2ccccc2)C(=O)N2CCC[C@@H]2C1=O,2203.0,298.15,67.3839,42.7877,24.5962,5.3517,24.5962,62.1482,0.024776,159.75,0.315,63.63,2203.0,
dP.A.Me_dL.dL.dP.Me_dL.F,CC(C)C[C@@H]1C(=O)N[C@H](CC(C)C)C(=O)N2CCC[C@@H]2C(=O)N(C)[C@H](CC(C)C)C(=O)N[C@@H](Cc2ccccc2)C(=O)N2CCC[C@@H]2C(=O)N[C@@H](C)C(=O)N1C,3600.0,298.15,86.9543,54.803,32.1513,6.5636,32.1513,73.7097,0.033557,168.54,0.283,47.635,3600.0,
P.bHph.dL.L.P.meL.F,CC(C)C[C@@H]1NC(=O)[C@@H](CC(C)C)NC(=O)C[C@H](Cc2ccccc2)NC(=O)[C@@H]2CCCN2C(=O)[C@H](Cc2ccccc2)NC(=O)[C@H](CC(C)C)N(C)C(=O)[C@@H]2CCCN2C1=O,5823.0,298.15,106.8418,63.0069,43.8349,10.5446,43.8349,98.9073,0.039476,177.33,0.464,49.457,5823.0,
dP.bHph.dL.Bn_Gly.P.Me_dL.F,CC(C)C[C@@H]1C(=O)N[C@@H](Cc2ccccc2)C(=O)N2CCC[C@@H]2C(=O)N[C@@H](Cc2ccccc2)CC(=O)N[C@H](CC(C)C)C(=O)N(Cc2ccccc2)CC(=O)N2CCC[C@H]2C(=O)N1C,1870.0,298.15,84.312,45.2136,39.0984,6.5374,39.0984,54.5817,0.035458,168.54000000000002,0.225,79.767,1870.0,
A.cHexCH2_Gly.meL.Nle.dP.Mono45,CCCC[C@@H]1NC(=O)[C@H](CC(C)C)N(C)C(=O)CN(CC2CCCCC2)C(=O)[C@H](C)NC(=O)CN(Cc2ccccc2Cn2cccn2)C(=O)[C@H]2CCCN2C1=O,5045.0,298.15,88.7115,42.356,46.3555,10.6527,46.3555,55.0175,0.044899,157.26,0.417,41.178,5045.0,
P.meA.Bn_Gly.meL.dP.dL.F,CC(C)C[C@H]1NC(=O)[C@H]2CCCN2C(=O)[C@H](CC(C)C)N(C)C(=O)CN(Cc2ccccc2)C(=O)[C@H](C)N(C)C(=O)[C@@H]2CCCN2C(=O)[C@H](Cc2ccccc2)NC1=O,4340.0,298.15,93.0152,48.086,44.9292,11.3672,44.9292,75.7684,0.047639,159.75,0.851,25.525,4340.0,
dP.bHph.Me_dL.Bn_Gly.P.L.F,CC(C)C[C@@H]1NC(=O)[C@@H]2CCCN2C(=O)CN(Cc2ccccc2)C(=O)[C@@H](CC(C)C)N(C)C(=O)C[C@H](Cc2ccccc2)NC(=O)[C@H]2CCCN2C(=O)[C@H](Cc2ccccc2)NC1=O,825.0,298.15,97.2932,41.5497,55.7435,11.6872,55.7435,75.5531,0.053432,168.54,0.432,37.949,825.0,
P.meA.meL.bHph.P.meL.F,CC(C)C[C@H]1C(=O)N[C@@H](Cc2ccccc2)CC(=O)N2CCC[C@H]2C(=O)N(C)[C@@H](CC(C)C)C(=O)N[C@@H](Cc2ccccc2)C(=O)N2CCC[C@H]2C(=O)N(C)[C@@H](C)C(=O)N1C,2451.0,298.15,84.4545,38.3304,46.1241,7.0617,46.1241,63.8202,0.045861,159.75,0.344,54.513,2451.0,
P.A.L.L.P.L.F,CC(C)C[C@@H]1NC(=O)[C@H](C)NC(=O)[C@@H]2CCCN2C(=O)[C@H](Cc2ccccc2)NC(=O)[C@H](CC(C)C)NC(=O)[C@@H]2CCCN2C(=O)[C@H](CC(C)C)NC1=O,2490.0,298.15,124.3001,66.7223,57.5778,12.0281,57.5778,108.5475,0.061169,186.12,0.098,89.929,2490.0,
Me_dA.dL.meL.dP.L.F,CC(C)C[C@@H]1NC(=O)[C@H]2CCCN2C(=O)[C@H](CC(C)C)N(C)C(=O)[C@@H](CC(C)C)NC(=O)[C@@H](C)N(C)C(=O)[C@H](Cc2ccccc2)NC1=O,2554.0,298.15,85.3065,34.2609,51.0456,11.3547,51.0456,59.4893,0.056668,148.23,0.62,41.345,2554.0,
P.Pr_Gly.Bn_Gly.Bn_Gly.P.Bn_Gly.F,CCCN1CC(=O)N(Cc2ccccc2)CC(=O)N(Cc2ccccc2)CC(=O)N2CCC[C@H]2C(=O)N(Cc2ccccc2)CC(=O)N[C@@H](Cc2ccccc2)C(=O)N2CCC[C@H]2C1=O,1577.0,298.15,102.5549,57.3746,45.1803,8.0267,45.1803,89.924,0.042361,150.96,0.985,25.816,1577.0,
P.Me_dA.meL.bHph.P.meL.F,CC(C)C[C@H]1C(=O)N[C@@H](Cc2ccccc2)CC(=O)N2CCC[C@H]2C(=O)N(C)[C@@H](CC(C)C)C(=O)N[C@@H](Cc2ccccc2)C(=O)N2CCC[C@H]2C(=O)N(C)[C@H](C)C(=O)N1C,4621.0,298.15,88.4114,45.8004,42.611,7.7927,42.611,71.8547,0.043386,159.75,0.631,31.0,4621.0,
meA.Me_dL.Bn_Gly.P.Me_dL.F,CC(C)C[C@@H]1C(=O)N(Cc2ccccc2)CC(=O)N2CCC[C@H]2C(=O)N(C)[C@H](CC(C)C)C(=O)N[C@@H](Cc2ccccc2)C(=O)N(C)[C@@H](C)C(=O)N1C,1835.0,298.15,63.4845,39.2234,24.2611,6.1835,24.2611,44.0135,0.025222,130.65,0.632,47.417,1835.0,
dP.dA.L.meL.P.dL.F,CC(C)C[C@@H]1NC(=O)[C@@H](C)NC(=O)[C@H]2CCCN2C(=O)[C@H](Cc2ccccc2)NC(=O)[C@@H](CC(C)C)NC(=O)[C@@H]2CCCN2C(=O)[C@H](CC(C)C)N(C)C1=O,1277.0,298.15,89.9989,40.5856,49.4133,9.3568,49.4133,79.4267,0.050864,177.33,0.605,33.167,1277.0,
Tyr(Me).P.dL.dL.dL.L,COc1ccc(C[C@@H]2NC(=O)[C@H](CC(C)C)NC(=O)[C@@H](CC(C)C)NC(=O)[C@@H](CC(C)C)NC(=O)[C@@H](CC(C)C)NC(=O)[C@@H]3CCCN3C2=O)cc1,8112.0,298.15,103.6773,51.5708,52.1065,8.9846,52.1065,79.7847,0.054098,175.04,1.178,2.687,8112.0,
dA.dL.dL.dP.Me_dL.F,CC(C)C[C@@H]1C(=O)N[C@@H](Cc2ccccc2)C(=O)N[C@H](C)C(=O)N[C@H](CC(C)C)C(=O)N[C@H](CC(C)C)C(=O)N2CCC[C@@H]2C(=O)N1C,2022.0,298.15,87.0153,49.2642,37.7511,7.8859,37.7511,76.1982,0.042022,157.02,0.362,38.875,2022.0,
L.Mono38.meL.Nle.dP.Bn(4-Cl)_Gly,CCCC[C@@H]1NC(=O)[C@H](CC(C)C)N(C)C(=O)CN(CC2CCOCC2)C(=O)[C@H](CC(C)C)NC(=O)CN(Cc2ccc(Cl)cc2)C(=O)[C@H]2CCCN2C1=O,5375.0,298.15,95.4924,55.7319,39.7605,8.4313,39.7605,69.407,0.038022,148.67000000000002,0.688,38.121,5375.0,
dP.bHph.dL.dL.dP.meL.F,CC(C)C[C@H]1NC(=O)C[C@H](Cc2ccccc2)NC(=O)[C@H]2CCCN2C(=O)[C@H](Cc2ccccc2)NC(=O)[C@H](CC(C)C)N(C)C(=O)[C@H]2CCCN2C(=O)[C@@H](CC(C)C)NC1=O,2240.0,298.15,100.3481,48.7998,51.5483,9.4989,51.5483,74.9124,0.049053,177.33,0.07,86.715,2240.0,
P.Me_dA.L.L.dP.Me_dL.F,CC(C)C[C@@H]1NC(=O)[C@@H](C)N(C)C(=O)[C@@H]2CCCN2C(=O)[C@H](Cc2ccccc2)NC(=O)[C@@H](CC(C)C)N(C)C(=O)[C@H]2CCCN2C(=O)[C@H](CC(C)C)NC1=O,5719.0,298.15,92.0848,48.4407,43.6441,9.8337,43.6441,76.2414,0.044523,168.54,0.394,55.242,5719.0,
dP.meA.dL.L.P.L.F,CC(C)C[C@@H]1NC(=O)[C@@H]2CCCN2C(=O)[C@H](CC(C)C)NC(=O)[C@@H](CC(C)C)NC(=O)[C@H](C)N(C)C(=O)[C@H]2CCCN2C(=O)[C@H](Cc2ccccc2)NC1=O,1925.0,298.15,107.1289,56.7976,50.3313,9.7206,50.3313,75.8416,0.053903,177.33,0.224,65.943,1925.0,
bHph.Me_dL.Bn_Gly.dP.Bn_Gly.F,CC(C)C[C@@H]1C(=O)N(Cc2ccccc2)CC(=O)N2CCC[C@@H]2C(=O)N(Cc2ccccc2)CC(=O)N[C@@H](Cc2ccccc2)C(=O)N[C@@H](Cc2ccccc2)CC(=O)N1C,1006.0,298.15,82.8309,40.9653,41.8656,7.3993,41.8656,51.5175,0.039785,139.44,0.874,32.221,1006.0,
dP.meA.Bn_Gly.meL.dP.dL.F,CC(C)C[C@H]1NC(=O)[C@H]2CCCN2C(=O)[C@H](CC(C)C)N(C)C(=O)CN(Cc2ccccc2)C(=O)[C@H](C)N(C)C(=O)[C@H]2CCCN2C(=O)[C@H](Cc2ccccc2)NC1=O,3567.0,298.15,94.4891,48.3128,46.1763,8.9681,46.1763,75.1766,0.046483,159.75,0.828,15.002,3567.0,
A.dL.dL.P.L.F,CC(C)C[C@@H]1NC(=O)[C@@H]2CCCN2C(=O)[C@@H](CC(C)C)NC(=O)[C@@H](CC(C)C)NC(=O)[C@H](C)NC(=O)[C@H](Cc2ccccc2)NC1=O,3415.0,298.15,90.7425,49.5357,41.2068,9.0814,41.2068,79.2829,0.045304,165.81,0.245,53.734,3415.0,
meA.meL.Bn_Gly.dP.Bn_Gly.F,CC(C)C[C@H]1C(=O)N(Cc2ccccc2)CC(=O)N2CCC[C@@H]2C(=O)N(Cc2ccccc2)CC(=O)N[C@@H](Cc2ccccc2)C(=O)N(C)[C@@H](C)C(=O)N1C,615.0,298.15,70.7395,48.6207,22.1188,5.9876,22.1188,53.9148,0.026113,130.65,0.524,58.401,615.0,
meA.L.Bn_Gly.dP.Bn_Gly.F,CC(C)C[C@@H]1NC(=O)[C@H](C)N(C)C(=O)[C@H](Cc2ccccc2)NC(=O)CN(Cc2ccccc2)C(=O)[C@H]2CCCN2C(=O)CN(Cc2ccccc2)C1=O,1842.0,298.15,83.5312,54.5681,28.9631,6.6939,28.9631,65.0839,0.029964,139.44,0.847,12.934,1842.0,
dP.dA.Bn_Gly.bHph.dP.meL.F,CC(C)C[C@H]1C(=O)N[C@@H](Cc2ccccc2)C(=O)N2CCC[C@@H]2C(=O)N[C@H](C)C(=O)N(Cc2ccccc2)CC(=O)N[C@@H](Cc2ccccc2)CC(=O)N2CCC[C@@H]2C(=O)N1C,733.0,298.15,66.5063,42.02,24.4863,5.3388,24.4863,53.9643,0.024637,168.54000000000002,0.595,17.792,733.0,
Me_dA.L.Me_dL.P.meL.F,CC(C)C[C@@H]1NC(=O)[C@@H](C)N(C)C(=O)[C@H](Cc2ccccc2)NC(=O)[C@H](CC(C)C)N(C)C(=O)[C@@H]2CCCN2C(=O)[C@@H](CC(C)C)N(C)C1=O,3825.0,298.15,78.719,42.6684,36.0506,8.9661,36.0506,53.4989,0.038762,139.44,0.591,18.615,3825.0,
dP.Me_dA.dL.meL.dP.Me_dL.F,CC(C)C[C@@H]1C(=O)N[C@@H](Cc2ccccc2)C(=O)N2CCC[C@@H]2C(=O)N(C)[C@H](C)C(=O)N[C@H](CC(C)C)C(=O)N(C)[C@@H](CC(C)C)C(=O)N2CCC[C@@H]2C(=O)N1C,3333.0,298.15,68.4839,38.1723,30.3116,5.5976,30.3116,46.1231,0.031715,159.75,0.343,69.452,3333.0,
P.bHph.Me_dL.dL.dP.meL.F,CC(C)C[C@@H]1C(=O)N[C@H](CC(C)C)C(=O)N2CCC[C@@H]2C(=O)N(C)[C@@H](CC(C)C)C(=O)N[C@@H](Cc2ccccc2)C(=O)N2CCC[C@H]2C(=O)N[C@@H](Cc2ccccc2)CC(=O)N1C,2192.0,298.15,87.1445,51.7453,35.3992,7.3215,35.3992,77.7142,0.033041,168.54,0.655,29.194,2192.0,
dP.A.Me_dL.Me_dL.dP.Bn_Gly.F,CC(C)C[C@@H]1C(=O)N(C)[C@H](CC(C)C)C(=O)N2CCC[C@@H]2C(=O)N(Cc2ccccc2)CC(=O)N[C@@H](Cc2ccccc2)C(=O)N2CCC[C@@H]2C(=O)N[C@@H](C)C(=O)N1C,2561.0,298.15,89.9594,44.4524,45.507,11.4847,45.507,66.1157,0.043688,159.75,0.531,40.833,2561.0,
meA.Me_dL.dL.P.dL.F,CC(C)C[C@@H]1C(=O)N[C@H](CC(C)C)C(=O)N2CCC[C@H]2C(=O)N[C@H](CC(C)C)C(=O)N[C@@H](Cc2ccccc2)C(=O)N(C)[C@@H](C)C(=O)N1C,2935.0,298.15,76.5304,37.437,39.0934,8.6185,39.0934,68.5605,0.040948,148.23000000000002,0.195,72.728,2935.0,
G.T.F.L.Y.T,,,,,,,,,,,,,,,"invalid load key, '\x17'."
