ID,PAMPA,permeable,MolWt,embedding_x,embedding_y,kmedoids_cluster,hdbscan_cluster
1,-6.6,0,1202.635,9.683036,4.2597914,0,4
2,-6.2,0,712.933,4.5278583,3.3972332,7,1
3,-7.0,0,712.933,1.2567763,3.7309978,6,1
4,-7.1,0,712.933,1.2106841,2.0713706,3,1
5,-7.2,0,712.933,3.6527882,4.0318203,7,1
6,-7.3,0,712.933,-1.5515859,2.0088694,2,1
7,-7.3,0,712.933,4.5147314,3.4337485,7,1
8,-7.3,0,712.933,2.9151163,1.5511465,5,1
9,-8.1,0,712.933,1.7025489,2.5044234,2,1
10,-8.1,0,712.933,4.846349,0.79581463,5,2
11,-6.47,0,726.96,3.4688032,4.0629582,7,1
12,-7.05,0,710.917,1.373578,3.618296,6,1
13,-7.27,0,710.917,4.0421844,3.0610168,7,1
14,-7.16,0,726.96,-0.0046826843,2.6697285,2,1
15,-6.52,0,726.96,0.061031945,2.5453248,2,1
16,-6.68,0,726.96,0.2888893,2.7979937,2,1
17,-7.29,0,808.034,4.386953,3.9530926,5,1
18,-6.75,0,726.96,1.7998399,3.4000149,7,1
19,-6.95,0,824.077,9.332518,2.8127031,1,4
20,-7.12,0,824.077,4.433555,3.6258953,7,1
21,-6.41,0,840.12,0.15125313,6.0509605,7,1
48,-6.25,0,1326.649,9.631646,3.619202,1,4
49,-4.96,1,1348.74,8.273886,2.978744,1,4
50,-4.89,1,1306.659,8.785825,3.341727,1,4
51,-5.0,1,1382.757,9.198211,2.917033,1,4
52,-4.89,1,1382.757,8.468802,2.5098274,1,4
53,-4.52,1,1297.651,10.049638,2.9349809,1,4
54,-4.42,1,1226.572,8.984777,2.9232206,1,4
55,-4.52,1,1214.561,7.032229,4.361089,1,4
56,-4.51,1,1311.678,8.473728,6.423467,0,4
57,-4.92,1,1370.746,8.319253,3.9329495,1,4
58,-4.57,1,1196.543,6.9988837,5.7465143,0,4
59,-4.51,1,1111.437,9.407515,3.750443,0,4
60,-4.8,1,1069.356,7.5431685,3.6487963,0,-1
61,-4.8,1,1083.383,8.052758,3.7655654,0,4
62,-5.24,1,1453.836,9.916687,3.9491115,0,4
63,-4.96,1,1453.836,9.800159,3.742461,0,4
64,-4.7,1,1297.651,9.385647,3.3723173,1,4
65,-4.3,1,1385.801,9.138156,4.2964363,0,4
66,-4.48,1,1327.721,8.734254,3.1213665,1,4
67,-4.74,1,1413.855,7.769741,4.4139643,1,4
68,-4.46,1,1244.587,7.824788,1.824065,1,4
69,-4.47,1,1228.588,7.638606,6.5956855,0,4
70,-4.64,1,1089.346,7.844755,2.032481,1,4
71,-4.52,1,1384.773,9.59635,2.91971,1,4
72,-4.82,1,1382.757,7.891281,3.529536,1,4
73,-4.68,1,1426.81,9.849445,4.162039,0,4
74,-4.52,1,1410.811,7.1773405,6.354155,0,4
75,-4.59,1,1412.783,8.226861,2.339306,1,4
76,-4.7,1,1396.784,8.997354,4.7906713,0,4
77,-4.68,1,1370.746,7.9570594,1.8413954,1,4
78,-4.38,1,1111.437,8.090365,4.1716866,1,4
79,-4.72,1,1398.8,8.515918,1.9685532,1,4
80,-4.48,1,1412.783,9.53806,3.6212728,1,4
81,-4.77,1,1484.934,9.14817,4.784117,1,4
82,-4.62,1,1384.773,9.747479,4.971507,0,4
83,-4.85,1,1283.624,7.674313,3.8050249,1,4
84,-4.72,1,1311.678,9.145971,3.6895168,1,4
85,-4.64,1,1297.651,8.947192,3.7702951,1,4
86,-4.59,1,1313.694,8.277633,2.2872326,1,4
87,-4.68,1,1399.828,9.104788,5.660469,0,4
88,-4.4,1,1341.748,9.477692,4.699512,1,4
89,-5.27,1,1096.382,9.207655,4.111603,0,4
90,-4.57,1,1228.588,7.3231783,6.299279,0,4
91,-5.27,1,1110.409,6.975314,6.558897,0,4
92,-4.54,1,1214.561,8.532584,3.8451936,1,4
93,-5.48,1,1096.382,7.005309,3.2661908,1,-1
94,-4.8,1,1196.543,8.498604,4.102269,0,4
95,-4.68,1,1111.437,8.650138,2.1284118,1,-1
96,-4.42,1,1101.401,8.108601,2.4778287,1,4
97,-4.55,1,1103.373,6.812006,6.02842,0,-1
98,-4.92,1,1103.373,8.856701,6.6381025,0,4
99,-4.6,1,1125.464,7.245781,5.664513,0,4
100,-4.89,1,1398.756,8.732176,5.8562937,0,4
101,-4.64,1,1398.8,9.046059,5.5917745,0,4
102,-5.04,1,1484.934,8.414434,6.3766274,0,4
103,-4.7,1,1396.784,10.024473,4.4839716,0,4
104,-4.59,1,1484.934,7.288822,7.1177588,0,4
105,-4.66,1,1370.746,8.815191,3.3697195,1,4
106,-4.55,1,1398.8,7.814352,2.194489,1,-1
107,-5.14,1,1209.542,7.564149,3.3713584,1,-1
108,-4.89,1,1399.828,8.3571615,5.5269275,0,4
109,-4.57,1,1313.694,8.558353,2.202242,1,-1
110,-4.59,1,1299.667,8.510656,4.626376,1,4
111,-4.25,1,1341.748,9.691199,3.453591,1,4
112,-5.77,1,1413.855,8.2916,6.233914,0,4
113,-4.25,1,1327.721,6.5116887,7.0151787,0,4
114,-5.74,1,1223.569,8.467623,6.435278,0,4
115,-4.72,1,1413.855,8.000948,4.7628517,1,4
116,-5.17,1,1383.829,8.478431,4.743609,0,4
117,-4.35,1,1327.721,8.307055,3.8777356,1,4
118,-4.47,1,1297.651,8.749977,5.883208,0,4
119,-4.64,1,1426.81,7.151114,4.230063,1,4
120,-4.66,1,1384.773,9.731859,4.404466,0,4
121,-4.52,1,1410.811,8.518476,5.364266,0,4
122,-4.52,1,1371.774,7.193027,6.982708,0,4
123,-4.92,1,1223.569,9.19753,3.808461,0,4
124,-4.46,1,1279.677,9.322686,4.6003323,0,4
125,-4.55,1,1325.705,10.046928,5.481426,0,4
126,-4.36,1,1427.882,7.3999343,5.8347797,0,4
127,-6.35,0,1262.605,8.89579,4.0703235,0,4
128,-4.64,1,1234.551,9.523093,4.2330365,0,4
129,-4.6,1,1234.551,8.607507,3.0783541,1,4
130,-4.85,1,1152.49,7.7785873,3.4431531,1,4
131,-4.8,1,1276.632,8.244715,3.1704712,1,4
132,-4.3,1,1244.587,9.542421,5.3699474,0,4
133,-4.39,1,1242.615,8.384781,5.1785445,0,4
134,-4.49,1,1224.597,8.320903,3.9906306,1,4
135,-4.24,1,1412.827,8.374067,3.5324607,1,4
136,-4.7,1,1356.719,7.553055,6.157383,0,4
137,-4.26,1,1129.455,7.3137608,6.2034283,0,4
138,-4.27,1,1219.58,8.116953,5.397723,4,4
139,-4.33,1,1129.455,8.990579,4.005914,1,4
140,-4.64,1,1101.401,10.200396,3.7248385,1,4
141,-4.77,1,1117.4,8.495099,3.0032272,1,4
142,-4.68,1,1111.437,10.709693,5.142053,0,4
143,-4.21,1,1384.773,9.628761,4.5085607,0,4
144,-4.41,1,1412.827,9.598489,4.5842805,0,4
145,-4.52,1,1398.8,9.020507,3.0788329,1,4
146,-4.89,1,1396.784,9.435265,5.279128,0,4
147,-5.28,1,1096.382,8.896217,3.0936983,1,4
148,-4.46,1,1214.561,9.546511,6.1701784,0,-1
149,-4.49,1,1384.773,9.100158,2.3358998,1,-1
150,-4.51,1,1210.57,7.00849,6.6114883,0,4
151,-4.64,1,1327.721,8.369643,4.293693,1,4
152,-4.21,1,1228.588,10.505017,4.1293807,0,4
153,-5.4,1,1110.409,7.9599895,2.0441847,1,4
154,-4.7,1,1237.596,9.02449,6.1438484,0,-1
155,-4.19,1,1210.57,8.492311,6.407363,0,4
156,-4.54,1,1214.561,8.459565,5.074899,0,4
157,-4.59,1,1311.678,7.93666,1.8583255,1,4
158,-4.54,1,1256.642,7.7357397,4.978198,0,4
159,-4.51,1,1083.383,7.5857224,3.0249553,1,-1
160,-4.77,1,1399.828,7.6853285,6.7461615,0,4
161,-4.48,1,1087.374,7.6936855,3.1891518,1,-1
162,-4.57,1,1313.694,9.04869,3.6625566,1,4
163,-4.21,1,1125.464,6.9222593,5.6903157,0,4
164,-4.59,1,1087.374,7.4208193,3.0978909,1,-1
165,-5.03,1,1383.829,7.5967894,4.3516164,1,4
166,-4.26,1,1125.464,10.672118,4.587193,0,4
167,-4.62,1,1341.748,7.421673,2.1878066,1,4
168,-4.57,1,1087.374,7.847594,1.9150778,5,4
169,-4.31,1,1355.775,7.7083955,4.1631722,1,4
170,-4.41,1,1355.775,8.980593,4.8931937,0,4
171,-4.43,1,1097.41,8.387477,2.9733229,1,4
172,-4.59,1,1073.347,6.701327,3.2317958,1,-1
173,-4.46,1,1311.678,9.432742,4.432785,0,4
174,-4.64,1,1083.383,8.179007,4.522017,0,4
175,-4.52,1,1297.651,7.158175,4.1801076,1,4
176,-4.25,1,1313.694,7.777521,7.0782394,0,-1
177,-4.26,1,1355.775,7.7338495,4.2508187,1,4
178,-5.02,1,1209.542,7.9955883,4.2730556,1,4
179,-4.64,1,1371.774,7.772292,4.9865513,0,4
180,-4.44,1,1214.561,9.172967,3.2810931,1,4
181,-4.37,1,1196.543,7.0778427,7.079133,0,4
182,-4.3,1,1258.614,9.720388,2.7417586,1,4
183,-4.15,1,1242.615,6.289375,7.290924,0,4
184,-4.24,1,1228.588,7.5718455,3.8122284,1,4
185,-4.66,1,1214.561,7.5751367,4.2415514,1,4
186,-4.32,1,1200.534,7.8832474,2.903085,1,4
187,-4.6,1,1117.4,10.403137,5.4855156,0,4
188,-4.64,1,1441.825,8.877068,4.184204,0,4
189,-6.0,1,1574.031,9.48509,4.7410607,0,4
190,-4.77,1,1441.825,9.7330675,3.5172904,1,4
191,-4.64,1,1545.977,7.761267,4.0291977,1,4
192,-4.74,1,1455.852,9.1993265,3.1309955,1,4
193,-4.59,1,1543.961,9.94932,2.8095376,1,4
194,-4.54,1,1545.977,7.465432,5.2853985,0,4
195,-5.89,1,1588.058,9.043643,4.8664007,0,4
196,-4.34,1,1529.934,9.004618,5.1772656,0,4
197,-4.43,1,1545.977,9.390828,4.975066,0,4
198,-4.37,1,1418.79,8.783956,3.5072036,1,4
199,-4.55,1,1384.773,9.201525,5.9465203,0,4
200,-5.85,1,1488.925,9.02842,3.3549879,1,4
201,-6.22,0,1516.979,8.656993,4.4548583,0,4
202,-4.47,1,1432.817,8.852554,3.5886717,1,4
203,-6.19,0,1502.952,8.69235,4.4332213,1,4
204,-4.28,1,1432.817,8.524105,4.4906316,1,4
205,-4.66,1,1398.8,8.117876,6.705731,0,-1
206,-5.1,1,1342.692,9.745274,3.883737,0,4
207,-4.54,1,1257.586,10.724754,4.6442976,0,4
208,-4.57,1,1313.694,7.1654806,6.773695,0,4
209,-4.44,1,1285.64,9.788917,3.4429853,1,4
210,-4.23,1,1327.721,10.063305,4.915346,0,4
211,-4.66,1,1291.603,7.3533783,6.7186146,0,4
212,-4.57,1,1327.721,9.193029,6.1519303,0,4
213,-4.26,1,1313.694,8.2709875,3.7522135,1,4
214,-4.96,1,1560.004,9.77981,3.869741,1,4
215,-4.66,1,1560.004,8.853748,5.4290285,0,4
216,-6.92,0,1608.048,9.595713,4.640455,0,4
217,-5.05,1,1574.031,7.783069,3.9600863,1,4
218,-6.8,0,1664.156,9.317916,5.217152,0,4
219,-4.57,1,1474.898,10.357199,3.8026788,0,4
220,-4.38,1,1438.78,9.796021,3.788793,1,4
221,-5.74,1,1502.952,8.358953,5.089687,0,4
222,-5.49,1,1488.925,7.4976015,4.7452593,1,4
223,-4.54,1,1432.817,10.50157,4.389822,0,4
224,-4.26,1,1452.807,8.295005,3.5203345,1,4
225,-4.47,1,1432.817,8.8432255,4.402045,0,4
226,-4.62,1,1382.757,8.271472,3.857061,1,4
227,-5.35,1,1412.827,8.391201,6.1128235,0,4
228,-4.42,1,1384.773,10.311454,3.0826004,1,4
229,-4.48,1,1410.811,7.7291045,4.541449,1,4
230,-5.89,1,1498.961,8.011794,5.4036946,0,4
231,-4.48,1,1396.784,9.770018,4.1497293,1,4
232,-4.51,1,1398.8,7.4748063,6.2021017,0,4
233,-4.8,1,1412.783,8.511193,3.2955527,1,4
234,-4.64,1,1398.8,8.965134,3.2855263,1,4
235,-4.74,1,1396.784,9.303092,3.4407887,1,4
236,-4.8,1,1410.811,9.319903,5.3947325,0,4
237,-4.49,1,1285.64,7.942911,1.8375682,1,4
238,-4.42,1,1297.651,7.5786524,3.9682086,1,4
239,-5.28,1,1369.802,8.935159,3.6044245,1,4
240,-4.48,1,1313.694,9.150654,3.3920016,1,4
241,-4.36,1,1313.694,9.872772,4.260464,0,4
242,-4.74,1,1325.705,7.8557115,5.9765286,0,-1
243,-4.74,1,1341.748,8.599588,3.8708532,1,4
244,-4.49,1,1327.721,9.787691,4.9663367,0,4
245,-5.7,1,1369.802,9.38369,5.431883,0,4
246,-5.05,1,1369.802,7.4781065,4.5895844,1,4
247,-4.15,1,1311.678,8.848379,5.942488,0,4
248,-4.92,1,1223.569,7.653847,6.348702,0,-1
249,-4.72,1,1299.667,8.498552,3.3562908,1,4
250,-4.6,1,1311.678,8.693322,5.33764,0,4
251,-4.42,1,1341.748,7.7557626,2.0747588,1,4
252,-4.59,1,1327.721,8.74506,6.046038,0,4
253,-4.54,1,1299.667,10.165806,4.241979,0,4
254,-5.08,1,1223.569,8.61379,3.0251782,1,4
255,-4.51,1,1341.748,9.860269,4.7318745,0,4
256,-4.51,1,1285.64,9.883683,4.172387,0,4
257,-4.39,1,1313.694,9.40962,4.04275,1,4
258,-4.55,1,1327.721,9.0869255,2.982669,1,4
259,-5.59,1,1397.856,8.314239,4.9494715,0,4
260,-4.47,1,1355.775,9.155092,5.07801,0,4
261,-4.54,1,1341.748,9.414828,4.285867,0,4
262,-4.62,1,1369.802,7.30072,1.5174334,5,3
263,-4.33,1,1214.561,8.796119,3.927905,1,4
264,-5.12,1,1124.436,9.935974,3.9208055,0,4
265,-5.46,1,1124.436,6.889622,3.9847028,1,4
266,-4.32,1,1242.615,9.370251,5.300361,0,4
267,-4.72,1,1284.696,8.785033,4.4192343,0,4
268,-4.48,1,1224.597,9.156591,3.1719587,1,4
269,-4.28,1,1228.588,9.647493,4.26093,1,4
270,-4.55,1,1228.588,7.2699795,2.5618982,1,-1
271,-4.36,1,1244.587,8.260955,4.0150175,1,4
272,-4.57,1,1242.615,7.9640536,3.545074,1,4
273,-4.42,1,1228.588,10.10774,4.905141,0,4
274,-4.47,1,1073.347,6.937038,6.583371,0,4
275,-4.43,1,1157.509,8.562478,6.5297985,0,4
276,-4.38,1,1139.491,7.788334,5.0947366,0,4
277,-4.37,1,1111.437,6.875808,5.59429,0,4
278,-4.6,1,1097.41,6.7530365,5.516714,3,4
279,-4.3,1,1143.482,8.300035,3.3308208,1,4
280,-4.96,1,1097.41,6.23752,7.051574,0,4
281,-4.66,1,1103.373,10.599923,5.3331337,0,4
282,-5.0,1,1089.346,7.94765,3.6553643,0,4
283,-4.31,1,1139.491,10.348087,3.4009,1,4
284,-4.68,1,1412.827,9.411249,4.0554466,1,4
285,-4.6,1,1313.694,8.178342,2.2448409,1,4
286,-4.44,1,1341.748,9.163531,5.6441693,0,4
287,-4.72,1,1311.678,10.545686,3.6906276,1,4
288,-4.42,1,1258.614,9.014666,6.6578183,0,4
289,-5.82,1,1557.988,10.457413,4.390731,0,4
290,-4.82,1,1545.977,8.68528,3.7562716,1,4
291,-4.68,1,1543.961,8.9775505,4.186204,1,4
292,-4.77,1,1588.058,8.852219,4.694181,1,4
293,-4.55,1,1501.924,10.256316,3.9952831,0,4
294,-5.82,1,1543.961,8.961316,5.6921983,0,4
295,-6.68,0,1574.031,7.6262546,3.352053,1,-1
296,-4.8,1,1441.825,8.844947,5.9531875,0,4
297,-6.62,0,1650.129,7.8601465,4.755772,1,4
298,-5.85,1,1579.994,7.861831,6.5683665,0,4
299,-4.74,1,1342.692,8.006849,5.522034,0,4
300,-6.85,0,1650.129,8.580644,4.370664,1,4
301,-4.72,1,1384.773,6.9390264,3.9986863,1,4
302,-4.85,1,1418.79,8.858315,2.203068,1,-1
303,-7.0,0,1678.183,8.360569,5.085814,1,4
304,-4.35,1,1517.923,10.180271,4.5363903,0,4
305,-4.77,1,1370.746,8.825657,5.873927,0,4
306,-7.0,0,1664.156,8.385813,4.9493914,0,4
307,-4.82,1,1356.719,10.555705,5.213251,0,4
308,-4.72,1,1574.031,7.850641,1.9429166,1,4
309,-5.15,1,1594.021,7.2523828,6.2856355,0,4
310,-5.28,1,1502.952,8.585056,3.8527248,1,4
311,-5.09,1,1574.031,8.244847,3.9244442,1,4
312,-4.82,1,1432.817,7.9855003,3.5330179,1,4
313,-4.74,1,1560.004,10.003711,4.080368,0,4
314,-5.92,1,1579.994,8.929654,3.9485607,1,4
315,-4.46,1,1418.79,8.758281,5.0582824,0,4
316,-4.46,1,1313.694,10.448127,4.6404433,0,4
317,-4.25,1,1446.844,8.987543,4.5859766,0,4
318,-4.66,1,1277.576,7.9896464,1.8475616,5,4
319,-4.57,1,1341.748,9.976001,5.291551,0,4
320,-4.59,1,1452.807,9.978813,3.6071994,1,4
321,-4.46,1,1271.613,7.8511486,3.4131904,1,4
322,-4.32,1,1291.603,9.167054,4.0894604,0,4
323,-4.33,1,1452.807,9.801653,4.132285,0,4
324,-4.68,1,1327.721,7.803047,4.6190667,0,4
325,-4.31,1,1438.78,8.583504,3.5461037,1,4
326,-4.52,1,1418.79,9.205199,5.455356,0,4
327,-4.92,1,1277.576,7.141936,3.6963503,1,4
328,-4.7,1,1386.745,8.420486,2.288612,1,4
329,-4.59,1,1384.773,8.121542,4.2926717,1,4
330,-6.0,1,1266.594,8.1727085,3.7490013,0,4
331,-5.82,1,1333.684,7.156774,1.397807,5,3
332,-5.21,1,1285.64,7.3461375,5.892755,0,4
333,-5.0,1,1243.559,6.9760513,4.1084876,1,4
334,-5.11,1,1355.775,8.757567,4.0034723,1,4
335,-5.11,1,1237.596,9.775585,4.9112296,0,4
336,-4.36,1,1341.748,9.068173,4.814854,0,4
337,-5.6,1,1243.559,8.206212,2.789976,1,4
338,-5.46,1,1223.569,9.650872,3.9101272,0,4
339,-4.8,1,1237.596,10.223673,5.277822,0,4
340,-5.62,1,1262.605,9.280421,4.349931,0,4
341,-5.0,1,1206.497,9.296421,2.8627298,1,4
342,-6.62,0,1276.632,9.223033,4.0775366,1,4
343,-4.85,1,1290.659,8.35882,4.04647,1,4
344,-4.33,1,1242.615,9.923521,5.429826,0,4
345,-4.7,1,1290.659,8.958845,3.8120835,1,4
346,-4.66,1,1244.587,8.541319,5.8006544,0,4
347,-4.46,1,1284.696,9.122479,4.4401174,1,4
348,-4.77,1,1172.48,8.824267,6.6424704,0,4
349,-5.31,1,1290.659,7.3019605,4.5705113,1,4
350,-4.74,1,1256.642,6.745468,7.2840137,0,4
351,-4.51,1,1202.506,7.5940104,5.9678397,0,-1
352,-5.02,1,1144.426,6.56464,3.395437,1,-1
353,-4.48,1,1095.438,6.980865,3.689421,1,4
354,-4.44,1,1171.536,8.619372,5.2956543,0,4
355,-4.66,1,1503.896,8.884353,5.044964,0,4
356,-5.55,1,1433.761,9.425683,3.4844193,1,4
357,-5.4,1,1461.815,10.133871,3.5797546,0,4
358,-4.6,1,1503.896,7.658273,3.9864104,1,4
359,-4.72,1,1475.842,9.048658,5.6935067,0,4
360,-5.41,1,1314.638,7.2186065,3.574245,1,4
361,-5.7,1,1474.898,9.351039,2.938936,1,4
362,-4.2,1,1488.925,9.432573,3.1082878,1,4
363,-4.6,1,1390.736,9.703971,4.959528,0,4
364,-4.8,1,1376.709,8.93951,5.5895114,0,4
365,-5.48,1,1314.638,7.6326056,3.3483615,1,-1
366,-4.77,1,1362.682,7.566484,5.8404384,0,-1
367,-4.47,1,1390.736,9.612074,3.7284422,1,4
368,-4.85,1,1243.559,7.8037467,2.9703631,1,4
369,-4.49,1,1313.694,10.397657,3.9949284,1,4
370,-4.37,1,1403.819,8.5484705,5.090047,0,4
371,-5.14,1,1475.842,6.8213577,6.7560635,0,-1
372,-5.82,1,1433.761,7.7251234,4.2609234,1,4
373,-4.57,1,1503.896,8.108938,6.7319503,0,-1
374,-5.3,1,1433.761,7.974224,5.3576927,0,4
375,-4.55,1,1557.988,9.931234,4.083408,1,4
376,-4.7,1,1469.879,9.67103,2.848163,1,4
377,-4.85,1,1602.085,9.071515,3.4662795,1,4
378,-4.92,1,1475.842,9.726112,3.6793344,1,4
379,-5.8,1,1385.717,8.82474,3.1659214,1,4
380,-4.59,1,1474.898,7.8269925,5.767854,0,4
381,-4.6,1,1404.763,9.419499,5.489239,0,4
382,-4.47,1,1398.8,7.9925733,3.825483,1,4
383,-4.38,1,1446.844,8.551037,1.9190452,1,4
384,-5.04,1,1516.979,8.910135,3.9192264,1,4
385,-4.62,1,1412.827,9.737566,3.0586019,1,4
386,-4.72,1,1362.682,7.2874937,3.8663645,1,4
387,-4.54,1,1440.881,7.852861,6.7425804,0,4
388,-4.64,1,1376.709,6.302582,7.154085,0,4
389,-4.51,1,1277.576,7.982286,6.660054,0,4
390,-4.39,1,1347.711,9.568525,3.7018402,1,4
391,-4.77,1,1257.586,7.894172,3.0450134,1,4
392,-4.35,1,1347.711,10.2617235,4.768831,0,4
393,-4.31,1,1305.63,7.9556217,3.6488695,1,4
394,-4.85,1,1305.63,9.838067,6.1605463,0,-1
395,-4.59,1,1341.748,8.470037,5.7461624,0,4
396,-4.74,1,1285.64,9.966166,4.0515113,1,4
397,-4.27,1,1347.711,7.3424606,4.1484675,1,4
398,-5.55,1,1403.819,8.982566,4.44251,1,4
399,-4.96,1,1257.586,7.902776,3.0697494,1,-1
400,-4.82,1,1489.869,8.954695,3.282098,1,4
401,-5.46,1,1579.994,9.89713,2.6937842,1,4
402,-5.35,1,1475.842,7.671396,5.456431,0,-1
403,-4.7,1,1517.923,9.061536,5.1151237,0,4
404,-4.74,1,1509.859,9.533028,3.9163442,1,4
405,-4.66,1,1503.896,9.262585,2.6784415,1,4
406,-4.72,1,1503.896,9.614308,2.6163015,1,4
407,-4.26,1,1438.78,9.144517,4.242965,0,4
408,-4.96,1,1488.925,9.052846,5.611453,0,4
409,-4.62,1,1404.763,8.047079,2.8497324,1,4
410,-6.05,0,1488.925,9.49647,5.1677127,0,4
411,-4.82,1,1404.763,10.268298,4.817724,0,4
412,-5.07,1,1466.834,7.2292657,6.425453,0,4
413,-4.62,1,1466.834,9.522603,3.8495553,1,4
414,-4.74,1,1502.952,9.359608,2.8855217,1,4
415,-4.7,1,1446.844,9.156696,4.3644853,0,4
416,-4.59,1,1432.817,7.5939674,4.012151,1,4
417,-5.36,1,1362.682,8.927374,3.661266,1,4
418,-4.42,1,1418.79,8.903871,4.851878,0,4
419,-5.72,1,1328.665,10.04808,3.7805634,0,4
420,-4.89,1,1386.745,8.146921,2.8661168,1,4
421,-5.85,1,1266.594,6.9195437,3.3173254,1,-1
422,-5.08,1,1251.623,7.8670893,1.8799896,1,4
423,-4.59,1,1307.731,7.525827,4.116252,1,4
424,-4.54,1,1279.677,8.363389,2.9685283,1,4
425,-5.36,1,1223.569,10.138864,3.4637878,0,4
426,-5.54,1,1333.684,9.593433,3.0335517,1,4
427,-6.64,0,1341.748,8.819788,4.485188,0,4
428,-4.37,1,1279.677,8.988428,2.6688664,1,4
429,-4.55,1,1265.65,8.181395,2.5962286,1,4
430,-5.17,1,1257.586,7.495118,6.112088,0,4
431,-5.0,1,1223.569,7.0859404,3.8202813,1,4
432,-4.54,1,1237.596,8.806927,5.100019,0,4
433,-5.42,1,1215.505,8.14565,4.3830037,0,4
434,-4.82,1,1220.524,9.290188,2.750205,1,4
435,-4.34,1,1276.632,7.468859,5.4572363,0,4
436,-4.57,1,1256.642,9.490187,4.4444103,0,4
437,-4.44,1,1258.614,9.306273,5.359368,0,4
438,-4.43,1,1242.615,8.918099,3.4561372,1,4
439,-4.59,1,1180.544,8.762217,5.850339,0,4
440,-4.82,1,1312.75,7.5495768,4.4975467,1,4
441,-4.49,1,1206.497,7.5404963,6.9927435,0,4
442,-4.47,1,1220.524,8.617127,2.2524292,1,-1
443,-4.59,1,1270.669,7.2221103,4.644303,1,4
444,-4.35,1,1152.49,6.140694,1.0818865,5,3
445,-4.42,1,1242.615,9.190588,3.2831612,1,4
446,-4.8,1,1138.463,8.17746,1.8921211,1,4
447,-4.35,1,1220.524,9.785397,3.3317897,1,4
448,-4.43,1,1244.587,8.395224,4.0000305,1,4
449,-4.42,1,1202.506,7.9864974,5.3671274,0,4
450,-4.47,1,1152.49,8.8278475,3.267962,1,4
451,-4.54,1,1095.438,7.803003,5.654482,0,4
452,-4.43,1,1219.58,9.171682,4.83204,0,4
453,-4.42,1,1219.58,7.754303,5.0963326,1,4
454,-5.04,1,1461.815,7.6329966,4.115894,1,4
455,-6.14,0,1385.717,7.838196,3.1339495,1,-1
456,-4.96,1,1461.815,9.754892,4.416575,0,4
457,-4.4,1,1418.79,9.571739,3.7676122,1,4
458,-4.48,1,1426.854,9.854534,5.2554684,0,4
459,-5.21,1,1342.692,7.8026447,3.2795177,1,4
460,-5.22,1,1342.692,6.820984,6.156152,0,-1
461,-5.64,1,1475.842,8.892114,5.147596,0,4
462,-4.46,1,1474.898,8.503096,5.9763513,0,4
463,-4.66,1,1551.94,10.095796,4.2044654,0,4
464,-4.6,1,1398.8,8.876596,6.47262,0,4
465,-4.85,1,1545.977,7.2299957,5.1307817,0,4
466,-4.82,1,1503.896,8.2400875,2.5141664,1,4
467,-4.39,1,1551.94,8.666286,6.145527,0,4
468,-5.0,1,1433.761,7.317352,3.5539105,1,-1
469,-5.11,1,1314.638,8.63889,4.5033193,0,4
470,-4.72,1,1545.977,10.100421,2.8397322,1,4
471,-5.29,1,1447.788,8.970301,4.8321667,0,4
472,-4.48,1,1403.819,7.3010106,1.4799527,1,3
473,-5.02,1,1243.559,7.362571,5.9822016,0,4
474,-5.51,1,1362.682,8.999043,4.0325394,0,4
475,-4.6,1,1404.763,9.654412,5.6154037,0,-1
476,-5.29,1,1386.745,8.08668,4.1884427,1,4
477,-4.82,1,1356.719,8.77794,3.226899,1,4
478,-5.82,1,1300.611,9.6186905,4.1847787,0,4
479,-4.57,1,1412.827,8.926047,5.021665,0,4
480,-4.85,1,1356.719,10.087755,2.8936784,1,4
481,-5.92,1,1300.611,8.751257,4.482343,0,4
482,-4.68,1,1299.667,8.255337,5.48057,0,4
483,-4.62,1,1265.65,7.168324,2.6941519,1,-1
484,-4.85,1,1285.64,8.319182,4.2772546,1,4
485,-4.89,1,1243.559,8.512019,4.259644,1,4
486,-4.8,1,1223.569,6.8849454,6.757622,0,-1
487,-5.55,1,1195.515,7.0867,3.4538646,0,-1
488,-4.54,1,1327.721,7.9754233,5.40851,0,4
489,-4.74,1,1279.677,9.663923,4.3205366,0,4
490,-4.34,1,1265.65,7.358423,6.256457,0,4
491,-5.18,1,1195.515,9.417327,3.9817097,0,4
492,-4.51,1,1327.721,9.124062,3.6118844,1,4
493,-5.43,1,1257.586,9.531264,3.3943415,1,4
494,-4.74,1,1531.95,8.251529,3.266585,1,4
495,-4.89,1,1560.004,8.674807,4.7504706,1,4
496,-5.23,1,1110.409,7.888018,3.8143458,0,4
497,-4.42,1,1234.551,8.4071665,1.8984966,1,4
498,-4.62,1,1242.615,7.528978,3.65258,1,-1
499,-5.21,1,1256.642,6.9638443,6.546101,3,4
500,-4.62,1,1138.463,10.108548,2.954725,1,4
501,-4.96,1,1356.719,9.46312,4.3461833,0,4
502,-4.74,1,1342.692,7.907023,3.4502933,1,4
503,-4.7,1,1398.8,8.863485,4.424086,0,4
504,-5.62,1,1488.925,8.18877,4.8852158,0,4
505,-4.26,1,1171.536,8.608922,4.043363,1,4
506,-4.68,1,1503.896,8.086873,2.142188,1,4
507,-4.64,1,1574.031,8.727039,4.933044,1,4
508,-5.03,1,1489.869,8.52226,3.1841993,1,4
509,-5.57,1,1461.815,9.914698,4.400628,0,4
510,-6.51,0,1664.156,8.434057,5.0590734,0,4
511,-4.57,1,1531.95,8.669147,6.597832,0,4
512,-6.64,0,1579.994,7.4612145,4.192062,1,4
513,-4.77,1,1489.869,8.49388,3.4177783,1,4
514,-6.7,0,1594.021,7.0661507,4.466688,1,4
515,-4.51,1,1509.859,9.48183,3.8891397,0,4
516,-5.17,1,1433.761,9.037973,5.8821855,0,4
517,-4.7,1,1503.896,8.733976,6.0600805,0,4
518,-4.96,1,1461.815,8.394996,3.529085,1,4
519,-5.6,1,1433.761,8.523408,2.1348603,1,4
520,-5.29,1,1447.788,7.033815,5.691433,0,4
521,-5.66,1,1588.058,9.44146,5.2387347,0,4
522,-5.96,1,1280.621,7.7128057,2.9546185,1,4
523,-4.74,1,1095.438,7.242648,3.7459924,1,4
524,-4.52,1,1285.64,8.670392,6.155391,0,4
525,-5.17,1,1251.623,8.217277,3.9227874,1,4
526,-7.0,0,1248.578,9.175708,4.683002,0,4
527,-5.04,1,1285.64,9.560255,3.2557502,1,4
528,-4.54,1,1143.482,7.5698447,6.9238763,0,4
529,-4.36,1,1032.294,7.9133296,3.777743,0,4
530,-5.28,1,942.169,5.7628446,2.8055134,1,-1
531,-4.7,1,998.277,9.230294,2.029637,5,-1
532,-4.8,1,968.251,7.5588083,3.3701537,1,-1
533,-4.66,1,1012.304,6.8543887,5.0225544,0,-1
534,-4.85,1,974.214,6.484879,3.0739331,1,-1
535,-4.96,1,998.277,6.8636317,6.079029,0,-1
536,-4.89,1,984.25,6.0766625,3.4425912,0,-1
537,-4.64,1,998.277,10.482611,3.6698666,0,4
538,-4.96,1,972.198,4.9623637,3.7738574,7,-1
539,-5.24,1,871.09,5.6994476,3.065714,0,-1
540,-4.7,1,885.117,5.1798964,2.8150468,7,1
541,-5.0,1,855.091,5.9896464,2.910474,1,-1
542,-5.2,1,885.117,4.6923275,1.0487863,5,2
543,-4.68,1,885.117,4.799271,3.7540207,0,1
544,-5.0,1,837.073,4.3014817,2.3430448,7,1
545,-5.0,1,841.064,5.2245445,2.714504,5,1
546,-5.26,1,813.01,3.977773,2.1402926,2,-1
547,-4.7,1,875.081,5.0594935,3.2810245,7,1
548,-4.44,1,1238.624,8.086691,4.4502215,1,4
549,-4.64,1,1325.705,9.437633,5.698093,0,4
550,-4.66,1,1311.678,7.8276205,7.0118866,0,-1
551,-4.55,1,1224.597,7.6887035,7.122511,0,4
552,-4.38,1,1341.748,8.763699,4.195827,1,4
553,-4.4,1,1341.748,9.824954,4.025447,1,4
554,-4.39,1,1327.721,9.204278,5.618851,0,4
555,-4.47,1,1224.597,7.892928,4.647737,1,4
556,-4.59,1,1237.596,7.20458,5.88627,0,4
557,-4.62,1,1285.64,9.079747,3.9354823,0,4
558,-4.46,1,1151.417,10.25361,3.2133741,1,4
559,-4.57,1,1249.607,6.8280296,6.760552,0,-1
560,-4.74,1,1402.747,8.312181,2.1528492,1,4
561,-4.96,1,1209.542,7.2206244,6.1186957,0,4
562,-4.52,1,1101.401,9.465003,5.750672,0,4
563,-5.36,1,1181.488,9.444037,3.9660296,0,4
564,-4.68,1,1192.47,8.089743,2.3723276,1,4
565,-5.68,1,1560.004,9.901878,3.5682979,1,4
566,-4.64,1,1158.453,10.079235,3.4029624,0,4
567,-7.0,0,1508.915,9.410697,4.3225636,0,4
568,-7.0,0,1302.714,8.415408,4.5465417,4,4
569,-5.92,1,1560.004,8.07138,3.7528753,1,4
570,-4.55,1,1315.666,8.986304,5.578821,0,4
571,-4.82,1,1412.827,9.743144,4.0948124,1,4
572,-6.03,0,1409.782,9.663493,4.611005,1,4
573,-5.47,1,1506.897,9.008623,5.4944944,0,4
574,-4.62,1,1505.953,7.7841296,2.0906053,1,4
575,-6.89,0,1645.11,10.157687,3.4437213,1,4
576,-5.57,1,1522.94,8.8598385,5.01102,0,4
577,-4.68,1,1597.066,9.789421,4.072798,1,4
578,-4.6,1,1497.933,9.164692,3.383915,1,4
579,-4.74,1,1511.96,7.931208,6.5461493,0,4
580,-4.82,1,1448.864,7.351844,6.4912376,0,4
581,-6.36,0,1547.053,8.396378,4.9987383,0,4
582,-5.48,1,1481.978,8.762785,4.635554,1,4
583,-6.22,0,1580.167,8.240669,5.288844,0,4
584,-4.96,1,1454.864,9.480893,4.10123,1,4
585,-5.85,1,1495.965,9.1777,3.2427683,1,4
586,-4.59,1,1431.833,7.3551135,2.72292,1,-1
587,-6.74,0,1686.166,8.445649,5.062508,0,4
588,-5.96,1,1599.085,7.835846,5.0025506,1,4
589,-5.89,1,1705.253,8.035016,5.1602516,4,4
590,-5.31,1,1571.971,9.420116,3.334643,1,4
591,-5.49,1,1678.139,8.277961,4.785125,1,4
592,-5.77,1,1613.072,9.942413,5.2405877,0,4
593,-7.0,0,1733.267,7.986758,6.5002127,0,4
594,-4.55,1,1562.967,8.458822,4.0011945,1,4
595,-7.0,0,1697.189,8.2965355,4.5447826,1,4
596,-5.92,1,1565.045,9.040169,4.751558,0,4
597,-4.54,1,1368.774,9.063434,4.194269,1,4
598,-4.55,1,1410.855,9.074909,3.6068985,1,4
599,-4.92,1,1347.683,9.399702,5.5320663,0,4
600,-4.62,1,1417.868,9.760368,3.4397469,1,4
601,-4.68,1,1481.911,8.619278,3.8989098,1,4
602,-4.62,1,1324.702,8.654168,4.4041176,1,4
603,-4.59,1,1396.809,8.204697,4.0101514,1,4
604,-4.44,1,1396.828,7.761711,5.062002,1,4
605,-5.62,1,1328.665,8.948314,3.236313,1,4
606,-5.8,1,1425.87,8.805264,5.0359893,0,4
607,-4.48,1,1190.624,7.253323,4.451803,1,4
608,-4.3,1,1204.651,9.312609,4.9870944,0,4
609,-4.34,1,1204.651,7.356768,4.440446,1,4
610,-4.49,1,1204.651,7.405426,1.5270267,1,3
611,-4.54,1,1204.651,8.58023,4.01359,1,4
612,-4.48,1,1190.624,7.2057014,6.4661126,0,4
613,-4.31,1,1190.624,7.3692875,3.821088,1,4
614,-4.54,1,1190.624,7.7984624,4.0254507,1,4
615,-4.54,1,1204.651,7.9323606,2.254786,1,4
616,-4.28,1,1204.651,9.70191,4.213685,1,4
617,-4.66,1,1148.543,7.368411,5.454928,0,4
618,-4.59,1,1162.57,7.0047994,3.9570148,1,4
619,-4.62,1,1148.543,7.334216,7.1474705,0,4
620,-4.52,1,1148.543,7.820474,5.5413303,0,4
621,-4.48,1,1148.543,9.162989,5.7047787,0,4
622,-4.64,1,1188.486,6.093614,1.0730245,5,3
623,-4.47,1,1188.486,8.568519,6.1853204,0,4
624,-4.52,1,1188.486,9.111715,2.8574777,1,4
625,-4.62,1,1188.486,10.127772,4.4070964,0,4
626,-4.49,1,1319.657,9.650258,3.1267107,1,4
627,-4.66,1,1549.022,9.58929,5.6119447,0,4
628,-4.57,1,1511.96,9.53042,5.454231,0,4
629,-4.6,1,1348.74,9.084117,5.449634,0,4
630,-4.74,1,1334.713,9.638462,3.7564416,1,4
631,-4.37,1,1293.704,9.884714,2.9326763,1,4
632,-4.15,1,1166.517,9.816603,4.4109015,0,4
633,-5.4,1,1550.953,8.589248,2.5765254,1,-1
634,-5.52,1,1529.934,10.066813,3.1553836,1,4
635,-4.72,1,1529.934,10.112538,3.327039,0,4
636,-4.59,1,1283.624,7.9043093,5.388227,0,4
637,-4.54,1,1198.518,8.453817,3.6813061,1,4
638,-4.92,1,1569.012,9.835167,2.5752974,1,4
639,-4.8,1,1481.89,9.239189,3.6401138,1,4
640,-4.89,1,1356.719,8.168579,2.324704,1,4
641,-4.52,1,1014.323,4.6776924,3.7440665,7,1
642,-5.14,1,899.144,6.2782316,6.7987375,0,-1
643,-4.59,1,869.118,0.95087296,1.8442727,2,1
644,-4.6,1,911.199,7.478453,1.7368608,5,3
645,-4.82,1,899.144,6.6235175,5.3286405,0,-1
646,-4.55,1,941.225,9.348257,2.4757593,1,4
647,-4.89,1,1012.304,6.750474,3.6207786,0,-1
648,-4.49,1,1054.385,6.12345,7.2569623,0,4
649,-4.64,1,1040.358,7.7732,1.9518979,1,4
650,-4.55,1,1026.331,8.45928,5.6904254,0,4
651,-4.44,1,1068.412,7.1265926,6.7377925,0,4
652,-5.0,1,986.225,6.856754,5.332568,3,4
653,-4.77,1,1028.306,7.3502836,2.7732835,1,-1
654,-4.36,1,1040.358,5.956175,1.0325521,5,3
655,-4.48,1,982.278,9.070566,3.4106448,1,4
656,-4.48,1,982.278,8.520464,3.1288965,1,4
657,-4.54,1,1026.331,8.22471,6.295894,0,4
658,-4.46,1,1012.304,7.854017,1.9722642,1,4
659,-4.48,1,1012.304,7.8770304,2.6886218,1,4
660,-4.82,1,1012.304,7.0649285,4.8846407,0,4
661,-4.43,1,1040.358,7.167627,4.923446,1,4
662,-4.46,1,998.277,7.262937,3.4222193,0,-1
663,-4.51,1,1040.358,7.108196,4.12033,1,4
664,-4.54,1,1002.268,6.828906,6.044661,3,-1
665,-4.31,1,1002.268,7.3019104,6.0410056,0,4
666,-4.51,1,1016.295,9.839703,4.646647,7,4
667,-4.6,1,1016.295,7.8945007,2.5997303,1,-1
668,-4.47,1,1058.376,9.346878,5.541696,0,4
669,-4.54,1,1012.304,6.61551,6.333848,3,-1
670,-4.31,1,1054.385,7.6393757,5.172987,0,4
671,-4.32,1,1070.387,6.9788246,4.359322,2,4
672,-4.54,1,1012.304,8.151746,4.446068,0,4
673,-4.8,1,998.277,7.269228,2.8740108,1,-1
674,-4.46,1,1032.294,8.372348,3.5273738,1,4
675,-4.36,1,1032.294,8.060829,4.243522,1,4
676,-4.54,1,1018.267,8.663393,1.8938054,5,-1
677,-4.92,1,954.224,9.022068,2.7961838,1,4
678,-4.57,1,982.278,9.999906,3.4574747,1,4
679,-4.51,1,982.278,6.932452,5.627458,0,4
680,-4.62,1,927.198,6.9603705,4.410939,1,4
681,-4.68,1,927.198,7.0472937,7.256921,0,4
682,-4.68,1,913.171,6.1271806,2.9813542,2,-1
683,-4.77,1,899.144,4.6598687,2.4822218,1,1
684,-4.59,1,869.118,6.2293406,3.109393,1,-1
685,-4.8,1,855.091,1.4919926,1.4203368,2,1
686,-4.31,1,897.172,5.778275,0.98569643,5,3
687,-4.35,1,939.253,8.540726,2.6777258,1,4
688,-4.59,1,869.118,6.0826807,3.3453825,3,-1
689,-4.7,1,885.117,5.7911963,2.813067,1,-1
690,-4.46,1,893.181,5.3799987,3.1676846,0,1
691,-4.77,1,835.101,4.0329733,2.2233589,5,1
692,-4.8,1,821.074,5.292857,3.1474085,7,1
693,-5.19,1,1293.704,9.019936,4.2371564,0,4
694,-5.33,1,1307.731,9.617297,3.5197496,1,4
695,-4.43,1,1299.667,7.078734,5.8042517,0,4
696,-4.32,1,1313.694,8.910484,3.7722318,1,4
697,-4.59,1,1325.705,7.995563,2.3186235,1,4
698,-4.59,1,1339.732,10.189067,5.4214354,0,4
699,-4.8,1,1257.586,7.9797087,3.3202229,1,4
700,-4.68,1,1271.613,8.164542,3.0167124,1,4
701,-4.57,1,1251.623,9.672177,3.2557259,1,4
702,-4.52,1,1265.65,9.908535,4.2720976,0,4
703,-4.66,1,897.172,10.584362,5.5428314,0,4
704,-4.74,1,855.091,2.109802,1.3560199,2,1
705,-4.51,1,897.172,6.174417,7.0222836,0,4
706,-5.0,1,841.064,5.0989943,2.9951687,7,1
707,-4.82,1,827.037,5.830121,1.1262109,5,3
708,-4.8,1,913.171,6.064161,3.0054963,1,-1
709,-4.92,1,841.064,4.644976,2.4758427,1,1
710,-4.77,1,841.064,2.2171993,1.3078929,2,1
711,-4.33,1,927.198,5.7894073,1.0362992,5,3
712,-4.7,1,927.198,9.136922,1.944796,5,-1
713,-4.35,1,941.225,8.273622,4.013256,1,4
714,-4.77,1,885.117,5.8289475,3.12894,1,-1
715,-4.89,1,871.09,6.00712,5.967409,3,-1
716,-4.74,1,861.054,5.2831364,2.6342537,5,1
717,-5.21,1,1273.585,7.380397,6.17086,0,4
718,-5.0,1,1217.521,6.884595,5.314626,0,4
719,-4.49,1,1315.666,7.8551307,1.9561471,1,4
720,-4.44,1,1273.629,9.419251,5.5561976,0,4
721,-4.52,1,1387.817,9.93456,3.9053998,1,4
722,-4.48,1,1357.791,7.949841,4.1459002,1,4
723,-4.62,1,1429.898,9.224415,4.6973114,0,4
724,-4.57,1,1387.817,7.431921,6.612488,0,4
725,-4.55,1,1401.844,7.8221545,5.5770173,0,4
726,-5.04,1,1429.898,8.48146,5.162081,0,4
727,-4.89,1,1392.236,9.513587,5.2890267,0,4
728,-5.6,1,1146.442,8.017922,3.276056,1,4
729,-5.3,1,1112.425,7.216148,5.612665,0,4
730,-5.52,1,1130.399,8.862011,3.5056787,1,4
731,-4.89,1,1158.453,7.276681,5.6024947,0,-1
732,-4.52,1,1200.534,8.958595,4.504024,0,4
733,-4.6,1,1200.534,7.510419,4.1680703,1,4
734,-4.28,1,1202.55,8.819063,4.27148,1,4
735,-4.48,1,1182.56,8.6998625,2.8667102,1,4
736,-4.33,1,1288.684,7.261822,5.2957225,0,4
737,-4.15,1,1238.668,8.994963,5.2955904,0,4
738,-4.34,1,1272.685,8.99296,4.9215655,0,4
739,-4.59,1,1228.588,7.096913,5.226603,1,4
740,-4.43,1,1274.657,7.4910293,6.5158596,0,4
741,-4.74,1,1306.665,7.7726183,4.587789,1,4
742,-4.41,1,1147.47,8.167562,2.2307615,1,4
743,-4.59,1,1103.417,9.125793,2.5943968,1,4
744,-4.43,1,1113.453,8.508118,5.755575,0,4
745,-4.39,1,1145.498,8.937233,6.5849795,0,4
746,-4.54,1,1187.579,8.251877,4.294144,1,4
747,-5.0,1,1222.024,8.753059,4.513143,1,4
748,-4.51,1,1131.471,6.957206,4.4547806,1,4
749,-4.34,1,1137.434,8.451184,3.2573454,1,4
750,-4.54,1,1020.283,7.2270937,6.300429,0,4
751,-5.23,1,944.185,5.836615,3.3497856,0,-1
752,-4.54,1,986.266,9.354531,3.183166,1,4
753,-4.31,1,1004.284,6.998876,4.200919,1,4
754,-4.46,1,1028.347,9.085179,5.7289853,0,4
755,-4.25,1,1114.362,8.066016,6.3559823,0,4
756,-4.39,1,1074.419,7.2035565,3.7454057,1,4
757,-4.48,1,1148.807,5.2589235,0.52839905,5,2
758,-4.28,1,1122.463,8.11305,5.065086,4,4
759,-5.43,1,845.052,4.9134226,3.2466345,7,1
760,-4.72,1,915.187,6.4255633,3.1588776,1,-1
761,-4.7,1,877.097,5.453792,3.2035565,0,-1
762,-4.59,1,901.16,6.7031126,5.827099,0,-1
763,-4.16,1,917.206,-2.0328882,3.366302,2,1
764,-4.49,1,1062.792,11.010734,3.7013485,0,4
765,-4.6,1,994.33,8.03988,1.9157839,1,4
766,-4.22,1,1048.765,9.033695,6.7940936,0,4
767,-4.54,1,980.303,9.6556,5.8564405,0,-1
768,-4.55,1,1147.898,6.165022,7.2304025,0,4
769,-4.54,1,1079.436,9.052621,5.7367797,0,4
770,-4.39,1,1250.557,7.5039415,5.2150664,0,4
771,-4.57,1,1148.543,8.44814,2.923864,1,4
772,-4.82,1,1277.539,8.27862,6.608081,0,4
773,-5.48,1,1175.525,7.8279605,1.9460952,1,4
774,-4.15,1,1249.912,7.2463346,4.7815304,1,4
775,-4.85,1,1360.028,8.180589,3.94485,1,4
776,-4.15,1,1200.361,9.319881,3.0295234,1,4
777,-4.47,1,1214.388,7.813618,4.457971,1,4
778,-4.52,1,1077.464,8.956517,3.7629712,1,4
779,-4.24,1,1395.596,7.332154,4.0054045,1,4
780,-4.38,1,1230.56,8.503666,1.8681843,1,4
781,-4.49,1,1240.64,9.573709,4.3646865,1,4
782,-4.6,1,1282.721,9.233025,4.4513364,0,4
783,-5.7,1,965.248,5.8645716,3.2915297,0,-1
784,-4.52,1,962.203,5.3177037,2.899112,7,1
785,-4.32,1,1127.48,10.017387,5.0197077,0,4
786,-4.21,1,1169.561,7.773299,4.677761,1,4
787,-4.43,1,1113.453,11.101768,3.6296859,0,4
788,-4.51,1,984.294,9.215594,6.567016,0,4
789,-4.54,1,1018.311,7.078865,3.3983345,1,-1
790,-4.41,1,953.158,6.986674,5.716511,0,4
791,-4.52,1,867.143,5.7432814,6.3716283,0,-1
792,-5.24,1,949.205,6.122236,3.4207304,0,-1
793,-4.38,1,1018.739,8.395482,3.0695279,1,4
794,-4.68,1,1180.422,7.2882633,3.0636015,1,-1
795,-4.4,1,1255.654,8.293887,5.012761,1,4
796,-4.26,1,1255.654,8.338242,5.102698,0,4
797,-4.68,1,1271.697,8.247079,5.8172565,0,4
798,-4.92,1,1273.672,7.3689275,2.3517535,1,4
799,-4.85,1,1273.672,8.203064,5.4531674,0,4
800,-5.1,1,1289.715,8.213327,5.040723,4,4
801,-4.74,1,1275.688,8.295775,5.008895,1,4
802,-4.24,1,1271.697,8.43757,4.4963927,1,4
803,-4.27,1,1257.67,8.162204,5.4943857,0,4
804,-4.62,1,1283.708,8.853684,4.7382226,1,4
805,-4.19,1,1261.661,7.541995,4.63606,4,4
806,-4.7,1,1289.715,7.2569976,2.0532672,5,4
807,-6.6,0,1295.678,9.0791235,4.8581467,0,4
808,-4.51,1,1261.661,8.139405,5.2249265,4,4
809,-4.96,1,1075.45,-0.1982032,6.296171,4,1
810,-4.55,1,1225.628,9.180235,5.1158547,0,4
811,-5.47,1,1273.672,8.284924,5.3641067,0,4
812,-5.48,1,1289.715,8.476794,4.6602464,1,4
813,-4.52,1,1263.633,8.289812,4.8734703,0,4
814,-4.39,1,1275.688,8.24146,5.3299932,0,4
815,-5.37,1,1430.885,8.176398,5.9640403,0,4
816,-5.6,1,1430.885,8.3059845,5.2042847,0,4
817,-6.15,0,1446.928,8.216254,4.772232,4,4
818,-5.2,1,1432.901,8.095905,4.5884333,4,4
819,-5.13,1,1372.805,6.693352,1.2749884,5,3
820,-5.37,1,1372.805,7.345724,1.9983505,5,4
821,-6.36,0,1388.848,8.427769,4.803433,4,4
822,-5.43,1,1374.821,8.287893,5.0315504,4,4
823,-6.0,1,1416.902,8.142495,4.807965,4,4
824,-5.43,1,1402.875,8.023148,4.3447433,1,4
825,-4.26,1,1358.778,7.647404,4.5424504,1,4
826,-5.54,1,1446.928,8.410098,4.5745006,4,4
827,-7.0,0,1460.955,8.152583,4.917383,4,4
828,-4.46,1,1148.501,8.34626,4.5175905,1,4
829,-5.64,1,1372.805,8.293709,4.9607177,4,4
830,-4.82,1,1360.794,9.191853,5.086086,0,4
831,-4.29,1,1280.664,8.156729,5.317021,0,4
832,-6.85,0,1402.875,8.27155,5.1704006,4,4
833,-6.62,0,1416.902,8.262111,5.117473,4,4
834,-6.07,0,1269.684,0.31109992,6.894928,4,-1
835,-5.08,1,1269.684,8.197147,4.8596005,4,4
836,-5.92,1,1285.727,-0.33735126,6.055611,4,1
837,-5.51,1,1271.7,8.344403,5.8341684,0,4
838,-7.0,0,1546.061,8.339058,4.4382796,1,4
839,-6.82,0,1532.034,8.178773,5.951662,0,4
840,-4.72,1,1459.927,9.160285,5.508687,0,4
841,-4.26,1,1445.9,8.288582,5.1350393,1,4
842,-5.34,1,1443.884,7.825022,4.5413117,1,4
843,-4.64,1,1429.857,7.4009137,4.634008,1,4
844,-4.46,1,1167.548,5.8223977,7.267004,3,4
845,-4.47,1,1179.559,8.844552,4.979298,4,4
846,-5.17,1,1459.927,7.801196,4.7470016,1,4
847,-5.74,1,1457.911,8.35166,5.078081,0,4
848,-4.85,1,1471.938,7.687864,4.617951,1,4
849,-6.7,0,1483.949,7.649926,4.6243234,4,4
850,-4.52,1,1429.857,8.525404,5.8678575,0,4
851,-4.66,1,1445.9,9.231167,5.121653,0,4
852,-5.41,1,1514.963,9.867702,3.9983158,1,4
853,-6.09,0,1372.805,9.106933,4.781963,0,4
854,-5.44,1,1514.963,9.410967,5.1382236,0,4
855,-6.82,0,1372.805,8.280224,5.3697367,0,4
856,-5.54,1,1531.006,8.531479,5.366447,0,4
857,-6.49,0,1388.848,8.19378,6.0221953,0,4
858,-5.28,1,1516.979,8.429747,5.6550627,0,4
859,-6.34,0,1374.821,7.289808,2.1055844,4,4
860,-5.26,1,1557.044,8.576285,5.1210766,0,4
861,-4.89,1,1543.017,7.1621714,7.200368,0,4
862,-5.62,1,1372.805,8.886134,4.7164354,0,4
863,-6.82,0,1486.909,8.926967,4.3409,0,4
864,-5.42,1,1583.082,8.223768,5.3187895,0,4
865,-5.89,1,1528.99,9.365532,4.784361,0,4
866,-4.64,1,1344.751,9.464023,5.0196533,0,4
867,-6.03,0,1557.044,9.353409,4.9702973,0,4
868,-6.47,0,1500.936,8.813789,4.384276,1,4
869,-5.11,1,1207.573,7.854492,4.6401353,1,4
870,-6.22,0,1271.616,6.627605,1.2486602,5,3
871,-6.19,0,1449.892,8.418913,5.017187,0,4
872,-4.68,1,1237.603,9.250071,4.4157925,0,4
873,-5.8,1,1506.004,8.370024,5.377136,0,4
874,-4.92,1,1336.736,7.7037735,5.2905974,0,4
875,-6.8,0,1514.963,7.8579264,5.7782,0,4
876,-7.0,0,1483.39,8.811869,5.8603425,0,4
877,-5.89,1,1461.299,7.820621,7.003345,0,-1
878,-7.0,0,1482.962,9.1615,4.746977,0,4
879,-7.0,0,1545.461,8.483588,4.42628,1,4
880,-7.0,0,1569.398,8.44541,4.8698444,1,4
881,-7.0,0,1446.328,8.396575,5.0951514,4,4
882,-7.0,0,1369.802,7.2975354,1.4909502,1,3
883,-5.28,1,1361.738,7.244042,3.9053419,1,4
884,-4.57,1,1259.687,10.112769,3.6295867,1,4
885,-6.66,0,1418.274,7.1997957,4.65786,1,4
886,-6.47,0,1403.819,8.145818,5.1765356,1,4
887,-6.92,0,1572.015,7.810977,4.806679,0,4
888,-7.0,0,1745.057,8.065469,5.212767,4,4
889,-7.0,0,1622.503,6.874932,1.6550623,5,-1
890,-7.0,0,1642.578,7.955905,5.176971,4,4
891,-7.0,0,1662.568,8.945969,5.6544194,0,4
892,-7.0,0,1563.435,8.290835,5.6439404,0,4
893,-7.0,0,1523.37,9.523089,5.358555,0,4
894,-4.92,1,1472.882,8.852411,4.812841,1,4
895,-6.34,0,1502.952,6.927257,1.3492347,5,3
896,-7.0,0,1579.478,8.375666,5.1193132,0,4
897,-7.0,0,1701.218,8.905162,5.104679,0,4
898,-6.96,0,1699.63,8.970382,3.3507376,1,4
899,-6.33,0,1625.205,7.318012,3.8322806,1,4
900,-7.0,0,1723.309,7.4574223,6.9996243,0,4
901,-5.44,1,1511.96,9.299,3.2616935,1,4
902,-6.85,0,1534.051,9.647219,4.4530606,0,4
903,-7.0,0,1672.648,8.677807,4.378891,1,4
904,-7.0,0,1648.541,8.365913,5.8183947,0,4
905,-7.0,0,1586.042,9.867614,3.1561673,1,4
906,-7.0,0,1695.255,7.4985256,4.216458,1,4
907,-7.0,0,1667.201,9.171746,4.6467056,1,4
908,-7.0,0,1777.744,8.310401,5.638204,0,4
909,-7.0,0,1681.228,8.973885,4.6363697,0,4
910,-6.11,0,1665.185,8.469317,5.032508,0,4
911,-6.96,0,1707.609,8.597054,4.12442,1,4
912,-7.0,0,1701.646,9.26019,4.7054777,0,4
913,-7.0,0,1695.255,9.450126,5.44559,0,4
914,-5.36,1,1657.121,10.050301,4.2442174,0,4
915,-7.0,0,1773.325,8.975915,5.3941774,0,4
916,-7.0,0,1725.281,7.283686,1.6160481,1,3
917,-5.2,1,1595.05,10.315004,4.6550503,0,4
918,-6.24,0,1669.173,8.585982,6.249958,0,4
919,-5.4,1,1554.041,7.4972296,5.4673843,0,-1
920,-6.27,0,1596.122,8.445107,5.023796,0,4
921,-5.54,1,1669.173,9.508726,4.0433083,1,4
922,-6.24,0,1630.139,8.3846445,5.9237933,0,4
923,-7.0,0,1725.281,8.592789,4.880301,0,4
924,-5.05,1,1481.374,8.839023,4.4754734,1,4
925,-4.8,1,1238.627,9.142583,4.328545,1,4
932,-5.01,1,1202.635,9.823744,4.0019035,0,4
933,-5.1,1,1188.608,7.489942,4.178664,1,4
934,-5.56,1,1218.634,7.1060224,5.814524,0,4
935,-5.36,1,1216.662,8.75422,3.845612,1,4
936,-6.39,0,1188.608,9.579796,4.173655,0,4
937,-5.36,1,1202.635,10.047222,5.8643265,0,4
938,-5.22,1,1202.635,8.677791,4.258694,1,4
939,-5.48,1,1244.672,8.203125,4.6644325,1,4
940,-5.29,1,593.766,1.9889351,1.4785707,2,1
941,-5.89,1,579.739,2.3584523,1.6114033,2,1
942,-6.29,0,577.723,3.1801856,2.010879,7,1
943,-6.66,0,579.739,2.1662467,1.226524,2,1
944,-7.1,0,630.183,3.7889302,2.1325593,5,1
945,-7.4,0,616.156,3.801737,2.4856515,0,-1
946,-4.73,1,639.831,1.6925704,4.691651,6,1
947,-5.34,1,667.885,1.3004216,4.831432,6,1
948,-5.45,1,611.777,1.7002414,3.306585,6,1
949,-5.66,1,653.858,1.6282445,4.976676,6,1
950,-5.99,1,681.912,-0.16542718,5.0541553,4,1
951,-4.08,1,892.155,1.5857897,6.8369646,0,1
952,-4.19,1,878.128,-0.42899477,4.062956,4,1
953,-5.14,1,602.729,2.4084926,1.8917938,2,1
954,-5.19,1,618.728,4.6296654,6.5816708,3,0
955,-8.39,0,1401.713,5.5370526,2.7479055,1,1
956,-7.24,0,1387.686,6.468901,3.0951014,1,-1
957,-4.73,1,762.959,4.8556747,0.42679766,5,2
958,-10.0,0,420.51,3.1303132,2.349126,7,1
959,-10.0,0,1451.081,6.4870524,3.5205572,0,-1
960,-7.24,0,488.585,2.7938828,1.651752,2,1
961,-5.61,1,414.506,2.1843727,1.6107484,2,1
962,-5.22,1,641.769,-0.7271046,2.2841566,2,1
963,-9.4,0,1136.403,9.218166,4.8487525,0,4
964,-5.89,1,943.193,9.90338,6.134084,0,-1
966,-6.0,1,793.104,4.4987707,6.850152,3,0
967,-5.1,1,793.104,2.6729932,6.050294,5,1
968,-4.92,1,793.104,3.9164186,7.2462134,3,0
969,-5.15,1,793.104,4.442005,0.5403156,5,2
970,-5.7,1,793.104,3.222351,2.8629484,5,1
971,-4.7,1,793.104,5.0539174,7.2779865,0,0
972,-5.22,1,793.104,2.1656973,5.325826,6,1
973,-5.4,1,793.104,0.09698928,5.8127317,7,1
974,-5.52,1,793.104,0.46508017,3.8862088,5,1
975,-5.15,1,793.104,1.5401286,5.6771135,3,1
976,-5.52,1,789.116,-1.5304234,3.908579,3,1
977,-4.96,1,789.116,-0.7748985,4.133405,2,1
978,-5.52,1,789.116,-0.9186857,5.4274597,4,1
979,-5.0,1,789.116,-1.1910658,5.0430665,4,1
982,-5.28,1,721.925,-0.7019319,2.5655274,2,1
983,-5.25,1,721.925,4.179896,0.30285546,5,2
984,-5.28,1,721.925,-0.2801107,0.8853288,5,1
985,-5.32,1,707.898,-0.76033235,1.082565,2,1
986,-5.31,1,707.898,3.1815722,4.46436,6,1
987,-5.33,1,721.925,4.342481,0.8518247,5,2
988,-6.7,0,709.87,4.1091447,1.0930986,5,2
989,-6.3,0,735.952,-2.0245578,4.2370753,1,1
990,-5.89,1,735.952,2.6375668,6.0536237,5,1
991,-4.96,1,735.952,-1.2138568,2.2142391,2,1
992,-5.04,1,721.925,3.5203521,1.4166801,5,-1
993,-5.66,1,764.006,-0.043665487,5.7534885,4,1
994,-5.21,1,764.006,-1.0377618,3.6822736,3,1
995,-5.33,1,764.006,-2.0097067,3.4088857,2,1
996,-5.68,1,778.033,-2.006073,4.1634264,3,1
997,-5.82,1,778.033,-1.0833571,4.586294,4,1
998,-4.76,1,778.033,-0.8733562,5.756034,4,1
1017,-6.55,0,712.933,2.4186964,3.7773538,6,1
1018,-4.5,1,755.014,0.87280935,4.670691,4,1
1019,-8.3,0,454.528,2.8030329,1.6764233,2,1
1020,-8.2,0,454.528,2.9308493,1.7391684,2,1
1021,-8.2,0,454.528,2.9062276,1.9918333,7,1
1022,-8.3,0,454.528,3.3846374,2.0625176,7,1
1023,-7.0,0,482.582,2.9907262,1.7634913,2,1
1024,-7.1,0,482.582,3.0752478,1.9154048,2,1
1025,-10.0,0,849.046,3.6632938,1.0647156,5,2
1026,-10.0,0,849.046,5.7903814,7.144572,3,4
1027,-4.4,1,755.014,2.033453,6.2399106,4,1
1028,-4.3,1,755.014,1.4107689,5.901471,4,1
1029,-7.0,0,785.084,0.14995345,5.68599,4,1
1030,-6.0,1,755.014,0.7519142,4.7491045,4,1
1031,-5.17,1,724.944,2.7727041,4.4221478,6,1
1045,-5.79,1,712.933,3.6001184,4.0465565,7,1
1046,-7.05,0,696.89,4.6259685,0.83076954,5,2
1047,-6.96,0,712.933,3.9006085,4.568244,7,1
1048,-5.46,1,712.933,4.5151877,3.4252362,7,1
1049,-5.91,1,712.933,2.4866824,3.852015,6,1
1050,-6.11,0,726.96,2.0267153,3.5310214,6,1
1051,-6.12,0,726.96,-1.6557593,1.867539,2,1
1052,-5.89,1,726.96,0.58335984,2.7242553,2,1
1053,-6.02,0,740.987,0.91089404,3.7497118,2,1
1054,-5.82,1,740.987,1.4676377,5.327545,5,1
1055,-5.88,1,740.987,4.2348647,7.2487693,3,0
1056,-6.24,0,755.014,4.572834,0.6433417,5,2
1057,-5.42,1,740.987,3.9734545,0.29883614,5,2
1058,-5.95,1,724.944,0.57250077,2.5598543,2,1
1059,-5.73,1,755.014,4.035357,0.8685972,5,2
1060,-7.0,0,755.014,0.46045092,4.332572,5,1
1061,-5.82,1,769.041,-0.9634547,4.208401,4,1
1062,-6.54,0,710.917,1.2143589,2.1651645,2,1
1063,-6.17,0,740.987,2.9630485,4.028677,7,1
1064,-6.23,0,712.933,5.0585475,0.90482235,5,2
1065,-5.64,1,755.014,0.88051015,4.1956506,5,1
1066,-6.96,0,712.933,1.5826294,2.8474436,7,1
1067,-5.48,1,735.971,0.8113955,4.495943,4,1
1068,-6.72,0,719.928,1.6655706,3.6288168,6,1
1069,-6.55,0,735.971,-0.6688734,3.1798356,2,1
1070,-5.6,1,735.971,3.659816,4.7188077,7,1
1071,-5.78,1,735.971,2.556045,4.734769,6,1
1072,-6.39,0,735.971,0.42869288,1.8671615,2,1
1073,-10.0,0,872.039,-0.23138501,5.8287077,4,1
1074,-10.0,0,809.025,1.4199045,5.178985,6,1
1075,-10.0,0,882.079,-1.5601726,4.910931,4,1
1076,-7.1,0,806.965,3.4771705,2.0574396,2,1
1077,-7.05,0,806.965,4.775664,3.7790163,7,1
1078,-8.0,0,648.761,4.16048,3.1795847,7,1
1079,-7.15,0,648.761,1.8831104,1.1850274,2,1
1080,-7.7,0,664.804,4.157285,3.8903205,7,1
1081,-8.0,0,648.761,4.6033664,3.2021224,7,1
1082,-8.0,0,648.761,3.7377937,0.89671075,5,2
1083,-7.52,0,648.761,2.3299434,1.6265035,2,1
1084,-6.46,0,690.842,3.4961433,2.8769221,7,1
1085,-6.8,0,690.842,3.9469187,0.8486474,5,2
1086,-7.15,0,690.842,3.3449497,4.5972576,6,1
1087,-6.03,0,720.912,1.988847,2.4443521,3,1
1088,-7.52,0,676.815,4.149035,1.2183889,5,2
1089,-6.85,0,676.815,2.0766153,1.2419337,2,1
1090,-10.0,0,690.842,3.372533,2.2677002,7,1
1091,-7.0,0,718.896,0.2699497,2.392449,3,1
1092,-6.39,0,775.004,4.5833693,0.5328528,5,2
1093,-10.0,0,880.073,5.65312,3.286857,0,-1
1094,-8.0,0,454.528,3.1496904,2.0409255,7,1
1095,-6.43,0,789.978,-0.77107614,4.1805253,2,1
1096,-8.0,0,674.799,2.3420403,1.958287,2,1
1097,-10.0,0,642.798,4.079314,3.1193042,7,1
1098,-7.4,0,680.803,3.0710099,1.8036435,7,1
1099,-8.0,0,636.75,3.5916896,2.4529448,7,1
1100,-7.7,0,652.749,3.6954706,1.954405,5,1
1101,-8.0,0,665.748,4.6557674,2.6637437,7,1
1102,-7.7,0,682.775,3.6082017,1.9584945,2,1
1103,-10.0,0,804.005,-1.9108578,2.908428,2,1
1104,-10.0,0,804.005,4.393672,7.269742,3,0
1105,-7.7,0,696.802,3.5996335,2.0539758,2,1
1106,-8.0,0,710.829,4.771584,2.7800555,7,1
1122,-5.81,1,553.664,1.3925165,2.2113657,3,1
1123,-5.96,1,567.691,2.1156044,2.5708523,3,1
1124,-5.42,1,567.691,4.0287,0.9445876,5,2
1125,-5.47,1,581.718,1.8840219,1.4323051,2,1
1126,-4.89,1,699.897,4.906254,0.7611566,5,2
1127,-5.27,1,615.735,2.5423236,2.9396515,7,1
1128,-5.27,1,581.718,3.9848518,0.985005,5,2
1129,-6.89,0,542.637,2.7426977,1.7897184,7,1
1130,-8.06,0,556.664,2.2129622,1.3544636,2,1
1131,-7.13,0,556.664,3.851483,1.0993903,5,2
1132,-7.33,0,570.691,2.5235775,1.52588,2,1
1133,-4.94,1,688.87,0.9158406,2.5799723,2,1
1134,-7.13,0,608.781,2.5292952,1.591625,2,1
1135,-5.32,1,620.836,1.6700966,2.9521277,2,1
1136,-5.45,1,640.826,1.5637387,1.4103388,2,1
1137,-5.04,1,646.874,2.5375524,5.271015,6,1
1138,-7.27,0,648.846,1.8809844,1.3523959,2,1
1139,-5.55,1,650.862,4.05386,1.0738571,5,2
1140,-7.4,0,655.841,3.4354315,2.5949035,7,1
1141,-4.94,1,662.917,3.9176044,7.0667114,3,0
1142,-5.16,1,668.88,0.09511323,1.0696054,2,1
1143,-5.46,1,670.852,4.602114,6.9464483,3,0
1144,-7.33,0,672.872,1.9001603,1.7527659,3,1
1145,-8.28,0,675.872,4.979889,6.225011,3,-1
1146,-4.99,1,682.907,3.4645956,3.6726284,7,1
1147,-5.4,1,684.879,2.1550388,1.1998893,2,1
1148,-5.17,1,688.955,1.4612445,4.6494226,6,1
1149,-5.75,1,690.927,2.5985882,2.4515252,5,1
1150,-5.1,1,696.934,1.107763,3.5520003,2,1
1151,-6.14,0,697.922,2.9975996,5.309659,6,1
1152,-5.11,1,710.961,2.223294,5.50043,6,1
1153,-5.19,1,712.933,1.846666,4.740785,6,1
1154,-6.0,1,714.953,1.6292038,3.0667229,6,1
1155,-5.16,1,716.924,4.1686583,0.7086594,5,2
1156,-7.02,0,717.953,4.7690473,2.521183,5,1
1157,-5.54,1,722.972,-1.4544513,2.7746987,2,1
1158,-5.5,1,724.944,2.2466748,2.0207222,2,1
1159,-5.87,1,731.939,2.8554385,4.032771,6,1
1160,-5.17,1,734.939,-1.5418278,1.9547013,2,1
1161,-5.38,1,744.978,0.2888529,4.1907654,4,1
1162,-5.47,1,746.95,1.9298857,3.8794105,5,1
1163,-6.49,0,746.994,-0.91943556,4.89766,4,1
1164,-5.7,1,748.97,0.67716265,2.1064608,2,1
1165,-6.6,0,751.97,1.6381803,2.5206463,3,1
1166,-6.08,0,766.984,-1.3931603,4.112333,2,1
1167,-6.58,0,773.032,-0.059313238,5.565195,4,1
1168,-5.23,1,775.004,-0.18829714,4.8137226,4,1
1169,-5.51,1,781.999,-1.0388383,3.7637472,2,1
1170,-7.08,0,795.038,-0.32179686,5.6943336,4,1
1171,-6.32,0,797.01,0.9718784,5.981487,4,1
1172,-5.47,1,799.03,0.6507187,4.6201515,5,1
1173,-5.85,1,802.03,0.24486125,4.1648703,3,1
1174,-6.56,0,622.808,2.17833,1.435366,2,1
1175,-5.05,1,634.863,0.15642509,2.0740516,2,1
1176,-5.12,1,654.853,0.7131475,1.9945111,2,1
1177,-4.93,1,660.901,0.60002935,2.4570851,2,1
1178,-6.69,0,662.873,1.8151295,2.709766,3,1
1179,-5.16,1,664.889,3.4973083,4.3678274,7,1
1180,-6.94,0,669.868,1.6473116,1.0840672,2,1
1181,-5.23,1,676.944,1.135839,3.9776511,4,1
1182,-4.96,1,682.907,-0.68836135,2.1803339,2,1
1183,-5.22,1,684.879,4.7508907,2.74723,5,1
1184,-6.86,0,686.899,3.27672,1.6966925,5,-1
1185,-7.96,0,689.899,1.4852774,1.4123114,2,1
1186,-5.2,1,696.934,0.039566617,1.6803069,2,1
1187,-5.12,1,698.906,1.8464272,2.3872695,3,1
1188,-5.7,1,702.982,4.3030844,0.4326135,5,2
1189,-5.34,1,704.954,1.5622034,2.9295344,3,1
1190,-5.56,1,710.961,0.106119365,3.6307988,3,1
1191,-5.62,1,711.949,3.0687478,3.1064513,7,1
1192,-5.57,1,724.988,1.3007742,5.713445,6,1
1193,-5.59,1,726.96,2.2617998,5.447193,6,1
1194,-5.59,1,728.98,3.9254227,5.5363398,7,1
1195,-5.63,1,730.951,-1.1097021,3.2315772,2,1
1196,-6.54,0,731.98,1.3089281,3.4639437,5,1
1197,-6.23,0,736.999,-0.88455254,3.709148,2,1
1198,-5.19,1,738.971,2.9177983,3.4392595,7,1
1199,-5.58,1,745.966,3.9226153,7.16571,3,0
1200,-5.34,1,748.966,-0.7373898,1.5618145,2,1
1201,-6.04,0,759.005,0.4680373,6.25038,4,1
1202,-6.05,0,760.977,1.9153703,5.3605137,6,1
1203,-7.2,0,761.021,-1.2129785,5.2259636,4,1
1204,-5.43,1,762.997,-0.6240872,1.1671276,2,1
1205,-6.24,0,765.997,3.3252034,4.247103,7,1
1206,-6.74,0,781.011,-1.0820116,5.491378,4,1
1207,-7.24,0,787.059,-0.92362726,5.653137,4,1
1208,-5.37,1,789.031,-1.2484071,4.3759675,4,1
1209,-5.43,1,796.026,-0.10712643,4.7589073,4,1
1210,-7.44,0,809.065,-0.096318424,5.873013,4,1
1211,-7.29,0,811.037,-0.25350812,5.711379,4,1
1212,-5.53,1,813.057,0.75425845,6.146452,4,1
1213,-5.76,1,816.057,-1.5873761,5.6578736,4,1
1214,-6.08,0,636.835,2.883517,1.9003994,2,1
1215,-4.9,1,648.89,1.3412608,3.1579332,2,1
1216,-4.98,1,668.88,-0.60662055,1.8110037,2,1
1217,-4.96,1,674.928,3.0269818,3.4109945,7,1
1218,-6.26,0,676.9,2.7643385,2.3590884,7,1
1219,-5.01,1,678.916,0.3082653,1.9260783,2,1
1220,-6.54,0,683.895,1.0565122,1.8481661,2,1
1221,-5.54,1,690.971,2.5453951,6.373715,3,1
1222,-4.96,1,696.934,-0.56540334,2.5391853,3,1
1223,-5.05,1,698.906,2.3140135,2.3829634,3,1
1224,-6.43,0,700.926,2.2801785,2.4471612,3,1
1225,-7.62,0,703.926,1.4195634,1.4656458,2,1
1226,-5.44,1,710.961,0.1636145,4.4054866,4,1
1227,-5.06,1,712.933,0.20224683,0.94015914,2,1
1228,-6.2,0,717.009,-0.74475205,3.2626507,2,1
1229,-5.07,1,718.981,1.9678835,3.8495483,6,1
1230,-5.97,1,724.988,0.7496184,4.7776237,4,1
1231,-5.29,1,725.976,3.8360496,5.2246733,7,1
1232,-6.02,0,739.015,-1.9360404,2.9420586,2,1
1233,-5.89,1,740.987,0.253036,3.952503,4,1
1234,-5.3,1,743.007,2.0790045,3.420375,7,1
1235,-6.06,0,744.978,-0.87987053,3.4086647,2,1
1236,-6.27,0,746.007,4.628519,2.2053332,5,-1
1237,-6.82,0,751.026,-1.0786566,4.4953995,4,1
1238,-5.07,1,752.998,1.4759609,3.2857676,3,1
1239,-5.35,1,759.993,2.062545,4.827249,6,1
1240,-5.65,1,762.993,1.5439494,5.076342,6,1
1241,-6.57,0,773.032,0.66622865,5.493963,4,1
1242,-6.33,0,775.004,-0.9606676,3.4980628,3,1
1243,-8.59,0,775.048,0.94903445,5.60731,4,1
1244,-5.22,1,777.024,-0.97825366,1.9611497,2,1
1245,-6.03,0,780.024,-0.0066112755,2.9426363,2,1
1246,-7.78,0,795.038,-1.4939228,4.3958883,4,1
1247,-8.71,0,801.086,0.26692623,5.7755775,4,1
1248,-5.53,1,803.058,1.0341505,5.8518605,4,1
1249,-5.53,1,810.053,-1.4143859,3.9204514,4,1
1250,-8.95,0,823.092,-0.26454663,5.317046,4,1
1251,-7.97,0,825.064,0.7464537,5.9293156,4,1
1252,-5.65,1,827.084,0.64848423,6.502024,4,1
1253,-5.69,1,830.084,-1.4206871,3.8179014,3,1
1254,-6.32,0,680.888,3.8687332,1.0170345,5,2
1255,-4.88,1,692.943,0.88038325,3.016056,2,1
1256,-4.97,1,712.933,-0.6239885,1.2225928,2,1
1257,-4.81,1,718.981,-1.6588653,2.1289604,2,1
1258,-6.47,0,720.953,1.4544878,2.3191683,3,1
1259,-5.05,1,722.969,0.4396536,1.9571898,2,1
1260,-6.74,0,727.948,1.5319815,2.1247323,3,1
1261,-5.24,1,735.024,1.9748127,5.9364204,4,1
1262,-4.88,1,740.987,-1.4542226,1.9318001,2,1
1263,-5.06,1,742.959,1.5854392,3.7254012,6,1
1264,-6.67,0,744.979,1.3559221,1.3715568,2,1
1265,-7.72,0,747.979,4.3949494,2.9263012,7,1
1266,-5.17,1,755.014,-1.5877589,3.8946712,3,1
1267,-5.08,1,756.986,-0.36528236,0.99904484,2,1
1268,-5.76,1,761.062,-0.7908694,4.8289337,4,1
1269,-5.14,1,763.034,0.1284904,1.5474013,2,1
1270,-5.47,1,769.041,3.3633223,7.202767,3,0
1271,-5.48,1,770.029,3.0758436,5.124055,6,1
1272,-5.6,1,783.068,-1.6291298,4.0552983,2,1
1273,-5.5,1,785.04,0.7650495,5.0393963,4,1
1274,-5.43,1,787.06,0.6694852,4.1245847,5,1
1275,-5.52,1,789.031,0.95019734,5.609691,4,1
1276,-6.47,0,790.06,4.145488,5.7931695,6,-1
1277,-6.11,0,795.079,-0.7865042,5.4580536,4,1
1278,-5.11,1,797.051,4.7971473,7.282301,3,0
1279,-5.51,1,804.046,-0.75999475,3.132571,2,1
1280,-5.26,1,807.046,0.6537637,6.2622375,4,1
1281,-5.86,1,817.085,-1.5729185,3.977123,3,1
1282,-5.75,1,819.057,1.0510494,5.8765874,4,1
1283,-7.19,0,819.101,-1.0274459,5.2606554,4,1
1284,-5.33,1,821.077,0.39451307,4.2737017,5,1
1285,-6.23,0,824.077,1.5347095,4.598843,6,1
1286,-6.55,0,839.091,-0.99001896,5.0589976,4,1
1287,-6.98,0,845.139,-0.18718228,5.7839336,4,1
1288,-5.28,1,847.111,-1.2232119,5.5798936,4,1
1289,-5.32,1,854.106,-1.262086,4.614028,4,1
1290,-7.0,0,867.145,-0.18892664,6.1045346,4,1
1291,-6.8,0,869.117,-0.45843443,6.239245,4,1
1292,-5.44,1,871.137,-0.5585302,5.605428,4,1
1293,-5.82,1,874.137,1.9784997,5.9151535,6,1
1294,-8.12,0,693.887,3.0548174,2.0938926,3,1
1295,-6.42,0,705.942,1.7897444,1.4625881,2,1
1296,-6.49,0,725.932,1.7550559,1.2662305,2,1
1297,-5.92,1,731.98,1.6750858,1.5323695,2,1
1298,-8.28,0,733.952,3.277474,2.2020879,3,1
1299,-6.64,0,735.968,2.5637505,1.4980867,2,1
1300,-7.48,0,740.947,2.4276962,1.4551038,2,1
1301,-5.27,1,748.023,2.2032738,1.3031604,2,1
1302,-5.86,1,753.986,2.2521646,1.609674,7,1
1303,-6.21,0,755.958,1.6998398,1.682262,2,1
1304,-8.2,0,757.978,2.2338037,1.188877,2,1
1305,-9.0,0,760.978,3.6578183,1.9815294,5,1
1306,-5.4,1,768.013,1.7611678,2.1645947,2,1
1307,-6.38,0,769.985,2.8690486,2.0992956,6,1
1308,-5.18,1,774.061,4.174113,6.401177,3,0
1309,-6.87,0,776.033,4.5667324,2.592101,1,1
1310,-5.28,1,782.04,-1.3625592,1.6141452,2,1
1311,-6.58,0,783.028,4.24372,3.0620713,7,1
1312,-5.31,1,796.067,0.5618464,2.48453,3,1
1313,-5.6,1,798.039,0.7132472,1.1701722,2,1
1314,-7.04,0,800.059,3.1586473,2.241069,6,1
1315,-5.42,1,802.03,2.3064783,3.4727776,7,1
1316,-7.77,0,803.059,5.4712205,3.3145583,0,-1
1317,-5.32,1,808.078,1.1086626,3.9033298,3,1
1318,-6.45,0,810.05,3.0751169,1.2210581,5,-1
1319,-6.65,0,817.045,1.6281908,1.3732721,2,1
1320,-5.73,1,820.045,2.073468,2.3248885,0,1
1321,-5.49,1,830.084,-0.60730547,2.7470934,2,1
1322,-5.76,1,832.056,1.1228695,2.6673224,3,1
1323,-5.79,1,832.1,-0.72303087,4.40989,4,1
1324,-6.63,0,834.076,0.45031574,1.6097009,2,1
1325,-7.35,0,837.076,3.561254,2.0310416,5,1
1326,-5.92,1,852.09,-1.7209129,3.387187,2,1
1327,-6.42,0,858.138,-1.136815,3.9226449,4,1
1328,-5.84,1,860.11,-0.76868516,1.1236326,2,1
1329,-6.02,0,867.105,2.0087779,5.61122,3,1
1330,-6.37,0,880.144,-0.68921727,5.4856925,4,1
1331,-6.5,0,882.116,1.1904621,5.769053,4,1
1332,-6.05,0,884.136,1.8014028,4.801638,6,1
1333,-6.47,0,887.136,5.771724,7.1338415,3,4
1334,-5.25,1,705.297,0.3714787,2.6528494,3,1
1335,-5.27,1,717.352,0.7895413,5.4629526,4,1
1336,-5.48,1,737.342,-0.8313014,4.8534985,4,1
1337,-6.01,0,743.39,-0.27534065,4.3733854,4,1
1338,-5.39,1,745.362,-0.84541917,2.0891416,2,1
1339,-5.34,1,747.378,-1.8567992,2.209785,2,1
1340,-5.65,1,752.357,0.8239574,5.2136497,4,1
1341,-7.39,0,759.433,4.750915,0.46070686,5,2
1342,-6.0,1,765.396,4.4894013,0.40478125,5,2
1343,-6.3,0,767.368,0.8919615,5.59696,4,1
1344,-5.56,1,769.388,1.9055732,4.9216213,6,1
1345,-6.44,0,772.388,7.8718553,6.631809,0,4
1346,-6.63,0,779.423,-1.2198242,3.8587906,2,1
1347,-5.94,1,781.395,0.048699744,4.431582,4,1
1348,-7.1,0,785.471,-1.2164268,5.575007,4,1
1349,-5.22,1,787.443,-1.3848121,3.1238935,2,1
1350,-8.04,0,793.45,-0.8780349,5.4133735,4,1
1351,-5.36,1,794.438,-1.2725412,5.216544,4,1
1352,-7.97,0,807.477,4.251942,0.22823071,5,2
1353,-7.56,0,809.449,-0.75003487,5.364958,4,1
1354,-5.52,1,811.469,-0.70040077,5.727817,4,1
1355,-8.11,0,813.44,-0.8245085,5.097068,4,1
1356,-5.68,1,814.469,1.126195,5.432769,4,1
1357,-8.61,0,819.488,-0.75789845,4.6940794,4,1
1358,-6.0,1,821.46,-1.0463471,4.2056336,2,1
1359,-6.12,0,828.455,-1.3192563,3.9838753,2,1
1360,-7.82,0,831.455,1.3567839,6.532032,4,1
1361,-8.47,0,841.494,-1.0334947,5.3387833,4,1
1362,-8.36,0,843.466,1.0204753,6.478872,4,1
1363,-10.0,0,843.51,-0.97613454,5.578525,4,1
1364,-6.11,0,845.486,1.2856922,5.8789673,4,1
1365,-5.78,1,848.486,0.7760873,6.2166123,4,1
1366,-9.46,0,863.5,-1.0588981,5.2309394,4,1
1367,-10.0,0,869.548,0.29330057,6.373191,4,1
1368,-7.82,0,871.52,-0.30986008,5.4136877,4,1
1369,-8.45,0,878.515,-0.7783484,5.538739,4,1
1370,-10.0,0,891.554,0.019462433,5.167125,4,1
1371,-9.41,0,893.526,-0.3422933,5.8699336,4,1
1372,-7.99,0,895.546,0.04208077,6.3450594,4,1
1373,-7.11,0,898.546,0.6480945,5.516731,4,1
1374,-5.19,1,712.933,1.2736624,3.3782892,5,1
1375,-5.6,1,724.988,0.81851095,5.3525386,4,1
1376,-5.77,1,744.978,-1.3761809,3.9486043,3,1
1377,-6.24,0,751.026,-1.6678649,2.750648,2,1
1378,-5.3,1,752.998,-1.2415662,3.5030131,3,1
1379,-5.75,1,755.014,-1.6971711,3.16473,3,1
1380,-5.57,1,759.993,1.3971366,5.059178,6,1
1381,-6.71,0,767.069,1.1439892,5.704017,6,1
1382,-6.12,0,773.032,-0.10959484,6.3065734,4,1
1383,-6.26,0,775.004,-1.5975912,2.7789354,2,1
1384,-5.62,1,777.024,1.3269327,5.42158,6,1
1385,-6.22,0,780.024,2.478905,5.7494364,1,1
1386,-7.53,0,787.059,0.089424476,5.967007,4,1
1387,-6.3,0,789.031,-0.11830091,3.7062802,2,1
1388,-8.15,0,793.107,-0.31472945,5.756062,4,1
1389,-5.36,1,795.079,4.724247,6.833101,3,0
1390,-8.51,0,801.086,-1.1698492,5.4760156,4,1
1391,-5.68,1,802.074,0.5665767,6.317688,4,1
1392,-10.0,0,815.113,-0.55034065,5.0839252,4,1
1393,-7.39,0,817.085,-0.45552078,6.145999,4,1
1394,-5.83,1,819.105,0.30472186,6.075861,4,1
1395,-8.45,0,821.076,-1.2709874,4.3145566,4,1
1396,-5.9,1,822.105,0.8009876,4.806265,5,1
1397,-8.53,0,827.124,-1.5486032,4.9599123,4,1
1398,-5.83,1,829.096,0.8240727,6.3766747,4,1
1399,-6.4,0,836.091,0.26813102,6.7280087,4,1
1400,-7.74,0,839.091,-0.96886295,5.0493965,4,1
1401,-8.51,0,849.13,-1.2602845,5.35351,4,1
1402,-8.56,0,851.102,-0.45046154,6.1742716,4,1
1403,-8.11,0,851.146,-0.031522892,6.643463,4,1
1404,-6.32,0,853.122,0.54736686,6.2770863,4,1
1405,-6.12,0,856.122,-1.7326188,4.0576057,4,1
1406,-8.95,0,871.136,-1.0339361,5.099476,4,1
1407,-8.84,0,877.184,-0.17435198,6.059789,4,1
1408,-7.61,0,879.156,-1.4948535,5.3699355,4,1
1409,-7.62,0,886.151,-0.25087798,6.330093,4,1
1410,-9.27,0,899.19,-1.069256,5.490872,4,1
1411,-7.95,0,901.162,-1.05116,5.391975,4,1
1412,-8.0,0,903.182,-1.6418446,4.5520225,4,1
1413,-7.28,0,906.182,-1.3188618,5.254585,4,1
1414,-5.93,1,714.861,1.9213896,1.2981735,2,1
1415,-4.86,1,726.916,-1.0322348,1.4506391,2,1
1416,-5.11,1,746.906,3.1705828,5.7058034,6,1
1417,-5.25,1,752.954,-1.3582704,1.933368,2,1
1418,-6.1,0,754.926,4.6555867,1.2211468,5,2
1419,-5.04,1,756.942,3.9074042,2.072975,5,1
1420,-6.27,0,761.921,2.557018,4.168116,6,1
1421,-6.56,0,768.997,0.17948715,4.131812,4,1
1422,-5.27,1,774.96,2.6525805,5.888141,6,1
1423,-5.56,1,776.932,0.7915848,2.4871457,2,1
1424,-6.23,0,778.952,1.558489,1.9784204,3,1
1425,-7.04,0,781.952,4.648267,6.832691,3,0
1426,-6.67,0,788.987,1.52819,5.1303062,6,1
1427,-5.36,1,790.959,1.0725973,3.2508962,3,1
1428,-7.5,0,795.035,0.07221327,5.8058357,4,1
1429,-5.02,1,797.007,0.9497108,2.446748,3,1
1430,-7.41,0,803.014,-0.10189216,4.595589,4,1
1431,-5.3,1,804.002,1.3053794,5.385308,5,1
1432,-7.44,0,817.041,-0.31713927,5.040895,4,1
1433,-7.06,0,819.013,-1.9676173,2.9958026,2,1
1434,-5.44,1,821.033,1.3722959,3.8540826,6,1
1435,-7.51,0,823.004,-1.5997686,5.2142344,4,1
1436,-5.99,1,824.033,-1.3061107,1.8574458,2,1
1437,-7.54,0,829.052,-1.1152124,4.4079857,4,1
1438,-5.46,1,831.024,-0.5639114,3.6157205,3,1
1439,-5.8,1,838.019,0.7878771,3.3871062,3,1
1440,-7.13,0,841.019,1.3719518,6.244858,4,1
1441,-8.01,0,851.058,-0.4181575,5.035902,4,1
1442,-7.76,0,853.03,0.514336,6.4698315,4,1
1443,-8.89,0,853.074,-0.08854318,5.693617,4,1
1444,-5.73,1,855.05,4.0503087,6.505747,3,0
1445,-5.86,1,858.05,1.8768886,4.851924,6,1
1446,-8.53,0,873.064,0.95548475,5.666864,4,1
1447,-9.12,0,879.112,-0.16692536,5.7191157,4,1
1448,-7.16,0,881.084,-0.28621107,5.640897,4,1
1449,-7.42,0,888.079,-1.7998397,3.6152549,2,1
1450,-9.29,0,901.118,0.32435995,6.5982594,4,1
1451,-8.88,0,903.09,0.95411,6.774629,4,-1
1452,-7.6,0,905.11,-0.55201733,6.2577806,4,1
1453,-6.5,0,908.11,4.777821,0.3305955,5,2
1454,-5.52,1,717.909,2.0250614,1.8111137,2,1
1455,-5.0,1,729.964,3.6650345,6.225944,3,-1
1456,-5.1,1,749.954,-1.7531316,2.2200513,2,1
1457,-5.39,1,756.002,2.2837338,5.3198085,6,1
1458,-5.66,1,757.974,0.5152419,2.8377447,3,1
1459,-5.11,1,759.99,0.13049985,2.2226927,2,1
1460,-5.84,1,764.969,0.81029695,3.9078276,5,1
1461,-6.58,0,772.045,-1.7533667,3.862193,3,1
1462,-5.32,1,778.008,2.161717,5.214372,6,1
1463,-5.58,1,779.98,4.537056,1.7645181,5,-1
1464,-5.79,1,782.0,4.506844,2.6399488,5,1
1465,-6.59,0,785.0,1.8137572,1.3457361,2,1
1466,-6.49,0,792.035,1.0262085,5.680731,4,1
1467,-5.38,1,794.007,4.554625,6.9709535,3,0
1468,-6.93,0,798.083,0.08655498,5.0274253,4,1
1469,-5.05,1,800.055,0.5264964,5.675116,4,1
1470,-6.99,0,806.062,-1.2791014,5.394516,4,1
1471,-5.16,1,807.05,-0.6268101,5.25927,4,1
1472,-6.97,0,820.089,0.5546555,5.674336,4,1
1473,-6.64,0,822.061,-0.61894745,5.362292,4,1
1474,-5.33,1,824.081,-1.9617059,4.970631,4,1
1475,-6.97,0,826.052,-0.01136352,6.396609,4,1
1476,-5.71,1,827.081,-1.823985,3.070958,2,1
1477,-7.35,0,832.1,-1.6268616,4.194901,4,1
1478,-5.45,1,834.072,2.5679529,6.601352,3,1
1479,-5.57,1,841.067,-1.3748719,3.7335517,2,1
1480,-6.9,0,844.067,-0.17398316,5.9198923,4,1
1481,-7.34,0,854.106,0.27208215,6.116517,4,1
1482,-7.14,0,856.078,-0.36835888,6.027596,4,1
1483,-7.96,0,856.122,-1.0397764,5.4239764,4,1
1484,-5.64,1,858.098,4.6884317,0.26910293,5,2
1485,-5.71,1,861.098,-0.13022828,3.2533183,2,1
1486,-7.88,0,876.112,-0.04621482,6.08717,4,1
1487,-10.0,0,882.16,-0.5711682,5.9306054,4,1
1488,-6.64,0,884.132,0.15133904,6.1332173,4,1
1489,-6.93,0,891.127,-0.5137851,6.0263495,4,1
1490,-10.0,0,904.166,-0.38905293,6.1921053,4,1
1491,-8.27,0,906.138,0.020895101,4.8437395,4,1
1492,-6.85,0,908.158,-0.3439173,6.1786,4,1
1493,-6.36,0,911.158,0.3543342,6.1436777,4,1
1494,-6.51,0,750.942,2.52022,4.266545,6,1
1495,-5.08,1,762.997,-1.9815038,2.7484818,2,1
1496,-5.26,1,782.987,-1.6723428,2.4739776,2,1
1497,-4.98,1,789.035,-0.48879057,4.380215,4,1
1498,-6.67,0,791.007,0.8247848,1.5617734,2,1
1499,-5.23,1,793.023,3.066033,5.232245,6,1
1500,-6.77,0,798.002,1.8167396,4.1564817,6,1
1501,-5.59,1,805.078,-1.6631855,5.3739824,4,1
1502,-5.08,1,811.041,4.2151566,7.23614,3,0
1503,-5.38,1,813.013,4.0077024,7.2077255,3,0
1504,-6.66,0,815.033,4.853856,0.98611665,5,2
1505,-7.45,0,818.033,4.757117,6.936767,3,0
1506,-5.66,1,825.068,-0.6513166,4.2538633,2,1
1507,-5.26,1,827.04,-1.8127062,4.1845913,1,1
1508,-6.31,0,831.116,-0.34586087,6.344408,4,1
1509,-5.38,1,833.088,-0.10819448,4.475267,4,1
1510,-6.9,0,839.095,-1.5203367,4.0977116,3,1
1511,-5.59,1,840.083,0.9041555,5.8118834,4,1
1512,-6.24,0,853.122,-0.2235723,6.1927023,4,1
1513,-6.23,0,855.094,1.1313215,5.3615465,4,1
1514,-5.74,1,857.114,5.0027347,0.7240128,5,2
1515,-6.46,0,859.085,-0.44685337,4.4859543,4,1
1516,-6.3,0,860.114,6.7945685,4.8973703,3,-1
1517,-6.95,0,865.133,-0.7806806,5.4068756,4,1
1518,-5.4,1,867.105,-1.7508601,3.4434917,2,1
1519,-5.69,1,874.1,-1.7848847,3.65217,2,1
1520,-6.17,0,877.1,-0.74067533,5.5181947,4,1
1521,-10.0,0,887.139,-1.2583418,5.6544647,4,1
1522,-6.79,0,889.111,-1.2482531,5.0351114,4,1
1523,-7.8,0,889.155,-0.16669913,5.6606183,4,1
1524,-5.68,1,891.131,1.1898019,5.447026,6,1
1525,-6.01,0,894.131,0.7347906,4.580158,5,1
1526,-7.34,0,909.145,-0.48898417,5.9068108,4,1
1527,-7.83,0,915.193,-0.076939315,6.2871904,4,1
1528,-6.29,0,917.165,-0.42256406,5.9841185,4,1
1529,-6.41,0,924.16,0.5927519,6.350997,4,1
1530,-7.8,0,937.199,-0.918198,4.989303,4,1
1531,-7.68,0,939.171,-0.31901473,6.183007,4,1
1532,-6.58,0,941.191,0.12426652,6.4386277,4,1
1533,-6.06,0,944.191,-1.6304809,4.266915,3,1
1534,-5.54,1,620.836,0.8646986,1.3851681,2,1
1535,-5.15,1,646.874,-0.26448455,1.9406518,2,1
1536,-7.17,0,648.846,2.288787,1.2814507,2,1
1537,-4.99,1,692.943,4.8491006,0.6835723,5,2
1538,-4.89,1,696.934,2.0068038,4.9256606,6,1
1539,-4.83,1,718.981,0.23212895,3.4494617,2,1
1540,-6.61,0,720.953,3.140757,4.4695487,6,1
1541,-5.07,1,722.972,-1.0902106,4.717744,4,1
1542,-5.47,1,724.944,2.8703926,3.239411,6,1
1543,-4.89,1,726.916,1.7221555,4.427649,6,1
1544,-4.93,1,752.954,0.6129973,4.4007053,5,1
1545,-5.93,1,754.926,3.7106745,6.88027,3,0
1546,-5.08,1,769.041,-1.4777944,3.4487157,2,1
1547,-5.39,1,795.079,-0.57469475,4.8645673,4,1
1548,-5.07,1,797.051,1.4045507,5.6882005,3,1
1549,-6.06,0,803.014,0.054355204,4.9661794,4,1
1550,-6.65,0,829.052,0.6783961,5.963287,4,1
1551,-5.03,1,831.024,-1.2839335,3.458662,2,1
1552,-6.76,0,606.809,0.8688626,1.7328445,2,1
1553,-6.39,0,632.847,3.9800394,0.6432279,5,2
1554,-8.0,0,634.819,1.8948696,1.4818726,2,1
1555,-6.11,0,678.916,1.0960119,2.8058763,2,1
1556,-5.23,1,682.907,1.4983346,3.8639762,6,1
1557,-5.7,1,704.954,0.45788428,3.5738103,3,1
1558,-7.57,0,706.926,1.1893575,1.256051,2,1
1559,-5.0,1,708.945,-0.81990147,2.3236127,2,1
1560,-6.37,0,710.917,0.057153553,2.2316668,2,1
1561,-5.5,1,712.889,4.747859,0.91678005,5,2
1562,-5.19,1,738.927,4.966333,0.7419083,5,2
1563,-6.54,0,740.899,4.9530954,2.4701657,5,1
1564,-4.92,1,755.014,-1.3027439,3.6079879,2,1
1565,-4.87,1,781.052,-0.26950952,4.395617,4,1
1566,-6.04,0,783.024,4.219504,0.37613738,5,2
1567,-5.09,1,788.987,-1.281028,3.6868298,2,1
1568,-5.41,1,815.025,1.7136962,6.199023,4,1
1569,-5.34,1,816.997,1.361407,4.3542233,6,1
1570,-5.4,1,620.836,1.7268192,2.9450278,6,1
1571,-5.05,1,646.874,2.5910974,5.4451623,6,1
1572,-6.76,0,648.846,2.0106122,1.4699612,2,1
1573,-4.97,1,692.943,4.627996,7.0050187,3,0
1574,-5.04,1,696.934,1.6338238,3.1930356,3,1
1575,-4.88,1,718.981,-1.367444,1.7134473,2,1
1576,-6.19,0,720.953,3.810223,0.62865555,5,2
1577,-5.37,1,722.972,-1.5025278,2.6836994,2,1
1578,-5.18,1,724.944,2.5274048,1.821991,2,1
1579,-4.91,1,726.916,-1.599033,2.006449,2,1
1580,-5.12,1,752.954,1.5908167,2.473508,3,1
1581,-5.54,1,754.926,4.3769345,2.9786005,0,1
1582,-5.48,1,769.041,-0.5405328,4.591566,4,1
1583,-5.86,1,795.079,-0.8770363,5.496255,4,1
1584,-5.0,1,797.051,-2.0128975,4.417927,3,1
1585,-6.67,0,803.014,-0.11814089,4.6389594,4,1
1586,-7.31,0,829.052,-0.99311054,4.4340367,4,1
1587,-5.19,1,831.024,-0.4801638,3.8095694,2,1
1588,-6.52,0,606.809,2.2316005,2.6234262,5,1
1589,-6.11,0,632.847,1.5719137,1.407369,2,1
1590,-7.62,0,634.819,1.7778236,1.6116352,2,1
1591,-5.84,1,678.916,3.2564778,1.4413353,5,-1
1592,-5.13,1,682.907,4.030663,0.75206316,5,2
1593,-5.49,1,704.954,0.28631684,2.4305942,2,1
1594,-7.0,0,706.926,3.718161,2.1963196,7,1
1595,-4.96,1,708.945,0.22403796,2.823573,5,1
1596,-5.95,1,710.917,4.195435,4.657771,7,1
1597,-5.32,1,712.889,2.0886402,4.2286525,5,1
1598,-5.1,1,738.927,4.2054496,1.5231656,5,-1
1599,-6.34,0,740.899,3.212481,2.1574507,6,1
1600,-4.95,1,755.014,0.57152194,5.476311,4,1
1601,-5.03,1,781.052,-0.08584571,5.73791,4,1
1602,-5.44,1,783.024,4.834433,7.122285,3,0
1603,-5.24,1,788.987,0.67350626,4.3774896,5,1
1604,-5.71,1,815.025,0.46620268,5.2169733,4,1
1605,-5.1,1,816.997,1.1017259,4.3262663,6,1
1606,-5.76,1,620.836,1.2726785,1.884273,2,1
1607,-5.32,1,646.874,1.5064394,3.0096014,2,1
1608,-7.56,0,648.846,4.2888427,2.3704386,5,1
1609,-5.23,1,692.943,-0.7132467,2.1383348,2,1
1610,-5.22,1,696.934,1.6241332,3.3622417,6,1
1611,-4.97,1,718.981,-0.36328503,2.8202949,2,1
1612,-7.04,0,720.953,2.9833503,1.4696641,5,1
1613,-5.1,1,722.972,-0.7610867,2.9881575,2,1
1614,-6.73,0,724.944,0.46412662,2.352978,2,1
1615,-5.14,1,726.916,3.7738307,0.51806736,5,2
1616,-5.09,1,752.954,3.610608,6.9109664,3,0
1617,-6.54,0,754.926,1.171056,3.420117,2,1
1618,-5.09,1,769.041,-1.7681584,3.3530688,2,1
1619,-5.1,1,795.079,-0.77125525,5.4952965,4,1
1620,-6.27,0,797.051,5.2445903,0.98891914,5,2
1621,-5.5,1,803.014,-0.8032982,4.3453774,4,1
1622,-5.95,1,829.052,-0.14069042,5.3371725,4,1
1623,-6.17,0,831.024,2.4612277,5.9828606,6,1
1624,-6.48,0,606.809,3.7666934,0.9158695,5,2
1625,-6.48,0,632.847,2.51483,3.5342605,6,1
1626,-8.88,0,634.819,0.94322455,2.210997,2,1
1627,-6.45,0,678.916,3.5481274,4.722199,6,1
1628,-5.53,1,682.907,0.0222783,3.1823878,3,1
1629,-5.96,1,704.954,-0.9045989,2.026111,2,1
1630,-7.92,0,706.926,0.8526241,2.526693,2,1
1631,-5.28,1,708.945,3.6223881,5.594427,3,-1
1632,-7.24,0,710.917,4.183223,0.7100983,5,2
1633,-5.68,1,712.889,4.609829,6.890008,3,0
1634,-5.39,1,738.927,2.7607217,3.854338,7,1
1635,-7.03,0,740.899,1.6785654,1.7206913,3,1
1636,-5.29,1,755.014,-1.88563,3.7827196,3,1
1637,-5.14,1,781.052,-0.34920412,3.9363186,4,1
1638,-6.85,0,783.024,0.7704995,4.3451276,5,1
1639,-5.39,1,788.987,1.0013189,5.755031,3,1
1640,-5.64,1,815.025,-1.3135405,4.784224,4,1
1641,-6.17,0,816.997,0.15404253,3.9913497,2,1
1642,-6.43,0,620.836,2.390643,1.4757133,5,1
1643,-5.98,1,646.874,3.8978584,3.628198,7,1
1644,-7.92,0,648.846,4.0121155,3.3248672,7,1
1645,-5.79,1,692.943,0.7226403,2.7062438,2,1
1646,-5.34,1,696.934,-0.20063211,3.263139,3,1
1647,-5.47,1,718.981,0.2908171,3.2849498,5,1
1648,-7.33,0,720.953,2.3080096,1.4532251,2,1
1649,-5.16,1,722.972,-1.3597704,5.684252,4,1
1650,-6.92,0,724.944,4.7630634,6.935698,3,0
1651,-5.45,1,726.916,-0.074413724,3.0321474,3,1
1652,-5.31,1,752.954,-1.033718,2.1741247,2,1
1653,-6.66,0,754.926,-0.045727465,2.8360856,2,1
1654,-5.16,1,769.041,1.4663264,6.6341486,4,1
1655,-5.15,1,795.079,-0.53570986,5.4804754,4,1
1656,-6.52,0,797.051,-0.6072229,3.0802276,2,1
1657,-5.45,1,803.014,-0.18401909,5.260245,4,1
1658,-5.8,1,829.052,-1.693021,5.10368,4,1
1659,-6.27,0,831.024,-2.1731188,4.1429644,3,-1
1660,-6.84,0,606.809,2.66533,1.8867376,7,1
1661,-6.65,0,632.847,2.422287,2.2813163,2,1
1662,-8.8,0,634.819,2.075586,1.1946785,2,1
1663,-5.97,1,678.916,3.8895006,5.410642,6,1
1664,-5.41,1,682.907,-0.49729878,2.4639828,2,1
1665,-5.86,1,704.954,2.3200388,4.0000315,6,1
1666,-7.84,0,706.926,2.3777685,4.594657,5,1
1667,-5.3,1,708.945,2.29986,5.913948,6,1
1668,-6.99,0,710.917,-0.9983651,1.5853486,2,1
1669,-5.67,1,712.889,4.631426,7.0554094,3,0
1670,-5.56,1,738.927,1.7566092,3.2615924,7,1
1671,-7.23,0,740.899,2.7806695,2.0260525,2,1
1672,-5.19,1,755.014,4.9176526,0.45143282,5,2
1673,-5.22,1,781.052,-1.0028622,4.18873,4,1
1674,-6.33,0,783.024,-0.64190996,2.6262002,3,1
1675,-5.43,1,788.987,1.328726,6.1400332,5,1
1676,-5.62,1,815.025,-1.114018,4.689473,4,1
1677,-5.9,1,816.997,8.958846,6.4464893,0,4
1678,-5.3,1,620.836,2.2621784,2.017383,7,1
1679,-5.01,1,646.874,1.3093343,1.2702125,2,1
1680,-6.93,0,648.846,1.3304095,1.3098646,2,1
1681,-4.91,1,692.943,1.4128122,4.2386656,6,1
1682,-4.85,1,696.934,1.141447,3.7189987,6,1
1683,-4.83,1,718.981,2.3715627,5.6794477,6,1
1684,-6.27,0,720.953,4.669502,6.9687552,3,0
1685,-5.01,1,722.972,-1.4573406,2.9473526,2,1
1686,-5.46,1,724.944,2.0873978,4.080135,6,1
1687,-4.84,1,726.916,2.9737923,2.9304786,2,1
1688,-4.99,1,752.954,2.5226638,5.8069,6,1
1689,-5.54,1,754.926,2.215328,3.7487383,6,1
1690,-5.08,1,769.041,-0.7567141,3.7424693,2,1
1691,-5.35,1,795.079,-1.1874505,4.377549,4,1
1692,-5.08,1,797.051,3.9825037,7.0248885,3,0
1693,-5.81,1,803.014,-0.3953455,4.91421,4,1
1694,-6.37,0,829.052,-1.4065111,3.8815742,3,1
1695,-5.0,1,831.024,0.71918833,4.47054,5,1
1696,-6.25,0,606.809,1.9452082,1.7582887,2,1
1697,-5.9,1,632.847,1.3235787,2.3832135,3,1
1698,-7.48,0,634.819,2.9817145,1.9907273,2,1
1699,-5.58,1,678.916,0.62869173,2.131283,2,1
1700,-5.05,1,682.907,-0.8329275,2.2500532,2,1
1701,-5.29,1,704.954,0.31360608,2.4423168,2,1
1702,-6.81,0,706.926,1.9200245,2.9162009,6,1
1703,-4.96,1,708.945,-1.0293815,1.6731186,2,1
1704,-6.04,0,710.917,-0.26772994,1.0958875,2,1
1705,-5.07,1,712.889,5.414933,6.9364223,3,0
1706,-5.01,1,738.927,1.4436063,2.163012,3,1
1707,-5.89,1,740.899,2.2463822,1.7008952,2,1
1708,-4.94,1,755.014,4.472642,7.3311653,3,0
1709,-5.02,1,781.052,-0.36930856,4.314076,4,1
1710,-5.56,1,783.024,-1.2098691,2.2788653,2,1
1711,-5.26,1,788.987,-0.9685696,3.4787645,2,1
1712,-5.61,1,815.025,-0.56773597,6.1701775,4,1
1713,-5.15,1,816.997,-0.25230744,1.4311596,2,1
1714,-5.13,1,620.836,-0.955961,1.7243742,2,1
1715,-4.91,1,646.874,-0.5297218,1.0416285,2,1
1716,-6.6,0,648.846,1.4138517,1.2810972,2,1
1717,-4.85,1,692.943,2.089979,4.867742,6,1
1718,-5.11,1,696.934,-0.6144181,2.7925806,2,1
1719,-4.86,1,718.981,3.9931388,7.1734943,3,0
1720,-5.95,1,720.953,1.7831165,1.5830313,2,1
1721,-5.43,1,722.972,4.8353753,1.74476,5,-1
1722,-5.17,1,724.944,2.176849,4.426767,6,1
1723,-4.98,1,726.916,-1.0608757,1.3620062,2,1
1724,-5.17,1,752.954,4.127665,6.7540646,3,0
1725,-5.47,1,754.926,0.046322104,2.5255194,3,1
1726,-5.58,1,769.041,4.235165,7.292541,3,0
1727,-5.77,1,795.079,-0.6892789,5.114277,4,1
1728,-5.03,1,797.051,0.36892548,3.7633631,4,1
1729,-8.26,0,803.014,-1.419283,3.963887,4,1
1730,-7.17,0,829.052,0.5424099,5.988858,4,1
1731,-5.48,1,831.024,0.84773684,5.594057,3,1
1732,-5.99,1,606.809,1.675337,2.6885273,3,1
1733,-5.58,1,632.847,-0.009977854,0.8944457,2,1
1734,-7.39,0,634.819,3.3504426,2.0069613,5,1
1735,-5.26,1,678.916,1.0160179,1.1393684,2,1
1736,-4.81,1,682.907,0.10206945,2.4551463,2,1
1737,-5.02,1,704.954,1.7218981,3.7930043,5,1
1738,-6.75,0,706.926,2.1795146,2.3069286,3,1
1739,-4.76,1,708.945,-0.94442624,1.8971907,2,1
1740,-5.89,1,710.917,0.8761426,1.7432932,2,1
1741,-4.99,1,712.889,-1.0899624,1.5736364,3,1
1742,-4.9,1,738.927,1.270436,3.7433689,6,1
1743,-6.05,0,740.899,4.719636,6.86356,3,0
1744,-4.81,1,755.014,3.5396838,7.2774363,3,0
1745,-4.97,1,781.052,0.60358125,6.2159142,4,1
1746,-5.34,1,783.024,2.6735058,5.5867324,6,1
1747,-5.23,1,788.987,-0.6388709,3.1189933,2,1
1748,-5.89,1,815.025,-1.3859808,3.3526363,2,1
1749,-5.06,1,816.997,0.8523443,4.2744637,5,1
1750,-6.26,0,620.836,3.4638588,0.9550445,5,-1
1751,-5.75,1,646.874,-0.04898399,2.1239269,2,1
1752,-7.68,0,648.846,4.428256,6.551278,3,0
1753,-5.72,1,692.943,4.280065,0.6956865,5,2
1754,-4.96,1,696.934,-0.20774037,1.64672,2,1
1755,-5.3,1,718.981,2.0927343,5.5074787,6,1
1756,-7.42,0,720.953,4.6215677,6.8874803,3,0
1757,-4.9,1,722.972,-1.2618098,3.728679,4,1
1758,-6.22,0,724.944,-0.56421727,1.3984214,2,1
1759,-5.33,1,726.916,2.8479693,5.7710843,6,1
1760,-5.1,1,752.954,0.026170699,3.4298644,3,1
1761,-6.64,0,754.926,2.794837,5.3103514,6,1
1762,-4.86,1,769.041,3.5038645,7.146978,3,0
1763,-5.01,1,795.079,-0.10446788,5.146148,4,1
1764,-5.81,1,797.051,4.7105207,0.51567435,5,2
1765,-5.43,1,803.014,0.99892515,5.9232564,4,1
1766,-5.94,1,829.052,-0.40898997,5.13242,4,1
1767,-5.43,1,831.024,2.089323,5.696742,6,1
1768,-6.71,0,606.809,1.2005163,1.881997,2,1
1769,-6.34,0,632.847,1.5315278,3.0476522,2,1
1770,-8.0,0,634.819,3.340328,2.2278128,7,1
1771,-6.18,0,678.916,2.3178408,4.3877263,6,1
1772,-5.23,1,682.907,-0.3297212,1.6920625,2,1
1773,-5.81,1,704.954,-0.09999932,2.411624,2,1
1774,-7.5,0,706.926,3.7044785,3.5635865,7,1
1775,-5.04,1,708.945,4.653201,0.4515094,5,2
1776,-6.95,0,710.917,0.5972783,1.8025432,2,1
1777,-5.68,1,712.889,4.6705375,6.5006332,3,0
1778,-5.42,1,738.927,0.88712436,3.356386,3,1
1779,-6.64,0,740.899,2.531821,4.0314984,6,1
1780,-4.93,1,755.014,4.4427023,7.1945176,3,0
1781,-4.87,1,781.052,-0.9525106,4.603975,4,1
1782,-6.56,0,783.024,-0.09539529,2.7398455,2,1
1783,-5.12,1,788.987,-1.3691449,2.646035,2,1
1784,-5.33,1,815.025,-1.4099032,3.732129,3,1
1785,-6.0,1,816.997,4.755725,0.9865294,5,2
1786,-5.99,1,620.836,1.3692279,1.2944763,2,1
1787,-5.57,1,646.874,1.8394592,1.840568,2,1
1788,-7.19,0,648.846,2.504994,1.5505321,2,1
1789,-5.38,1,692.943,3.0826213,4.067407,7,1
1790,-5.01,1,696.934,-0.25971162,3.306281,3,1
1791,-5.09,1,718.981,0.48206884,1.792633,2,1
1792,-6.66,0,720.953,3.196069,1.2494335,5,-1
1793,-5.08,1,722.972,0.885977,5.058113,4,1
1794,-5.7,1,724.944,0.76008666,3.0015256,3,1
1795,-5.1,1,726.916,1.2469461,3.796076,3,1
1796,-5.13,1,752.954,-0.32093847,3.5771499,3,1
1797,-6.05,0,754.926,5.282568,6.682988,0,-1
1798,-5.21,1,769.041,-0.5476411,5.472046,4,1
1799,-5.48,1,795.079,0.7472697,6.398439,4,1
1800,-5.26,1,797.051,4.9431996,0.54672074,5,2
1801,-10.0,0,803.014,-0.48915976,6.0668817,4,1
1802,-6.88,0,829.052,0.98019665,5.9226074,4,1
1803,-5.29,1,831.024,0.41729707,4.2662435,5,1
1804,-6.36,0,606.809,0.941509,1.2263709,2,1
1805,-6.0,1,632.847,2.522796,3.4603534,6,1
1806,-7.14,0,634.819,2.4867005,1.5995995,2,1
1807,-5.81,1,678.916,0.14380285,2.9753656,3,1
1808,-5.22,1,682.907,-0.44083923,1.3878913,2,1
1809,-5.44,1,704.954,-0.23215966,2.8694046,2,1
1810,-6.6,0,706.926,2.7554905,1.6158196,5,1
1811,-5.03,1,708.945,0.10396894,1.5343777,2,1
1812,-6.15,0,710.917,1.0955589,2.2161367,2,1
1813,-5.31,1,712.889,4.01294,6.930406,3,0
1814,-5.19,1,738.927,4.1139503,0.29012164,5,2
1815,-5.89,1,740.899,2.4993584,3.2019753,7,1
1816,-5.03,1,755.014,1.4333225,5.2149067,6,1
1817,-5.16,1,781.052,0.13602889,5.400914,4,1
1818,-5.58,1,783.024,0.6481478,3.5108762,2,1
1819,-5.44,1,788.987,-0.3289633,4.312481,4,1
1820,-8.27,0,815.025,-0.27252346,5.446038,4,1
1821,-5.27,1,816.997,3.9653404,7.1621833,3,0
1822,-6.2,0,1202.635,9.665995,5.35342,0,4
1823,-5.6,1,747.938,1.7447425,1.2264001,2,1
1824,-7.2,0,662.788,3.5777314,1.9708056,5,1
1825,-5.6,1,856.103,6.956747,7.3639636,0,4
1826,-5.3,1,802.03,4.1215425,4.815525,7,1
1827,-6.4,0,755.014,0.738569,4.7764897,4,1
1828,-5.5,1,683.895,2.5156615,2.5364573,3,1
1830,-7.8,0,777.964,1.9065006,1.6780654,2,1
1831,-8.8,0,777.964,5.4472957,2.729559,1,1
1832,-5.8,1,792.06,3.171517,2.6203127,7,1
1833,-5.6,1,806.087,1.4346246,4.2542562,5,1
1834,-6.1,0,806.087,4.114973,0.17215519,5,2
1835,-5.9,1,820.114,4.118678,7.3153176,3,0
1836,-8.0,0,791.991,4.718141,3.843746,7,1
1837,-8.4,0,791.991,5.7709327,6.991344,3,4
1838,-6.1,0,791.991,4.3062882,0.9792445,5,2
1839,-5.4,1,806.018,3.63122,2.0767634,5,1
1864,-7.48,0,1037.442,-0.57982635,5.7854853,4,1
1865,-4.72,1,953.28,0.8896914,6.1144443,4,1
1866,-6.0,1,869.118,4.7945323,6.93775,3,0
1867,-7.64,0,784.956,3.6394057,2.0994802,7,1
1868,-5.1,1,953.28,-1.3799498,4.853783,4,1
1869,-5.4,1,953.28,-0.6016571,5.464563,4,1
1870,-5.22,1,953.28,-0.5781718,5.754256,4,1
1871,-4.96,1,953.28,-1.3959854,4.810082,4,1
1872,-4.72,1,953.28,8.135729,4.917311,4,4
1873,-4.62,1,953.28,-1.2310451,4.6617064,4,1
1874,-6.62,0,841.064,5.176617,0.9263305,5,2
1875,-5.48,1,939.253,-1.9271435,3.7399037,2,1
1876,-5.4,1,939.253,-0.7262984,5.3847833,4,1
1877,-8.0,0,1009.388,-0.41999206,6.105865,4,1
1878,-7.3,0,940.197,6.7550607,5.451448,3,4
1879,-6.1,0,996.305,8.206471,5.8947988,0,4
1880,-5.35,1,1038.386,8.236351,4.8065,4,4
1881,-8.0,0,1122.548,-0.9082143,5.467384,4,1
1882,-6.92,0,1039.33,6.7872906,5.1240726,1,-1
1883,-5.85,1,1095.438,7.089152,5.3269033,3,4
1884,-6.1,0,1151.546,-0.7167511,5.665046,4,1
1891,-5.53,1,639.71,4.8819547,3.0102973,7,1
1895,-5.27,1,695.818,3.9950373,2.1508973,7,-1
2278,-5.57,1,725.895,4.6297116,5.7330794,0,-1
2279,-5.33,1,883.687,-1.6166999,2.1201808,2,1
2280,-5.34,1,883.687,3.9804006,7.1286993,3,0
2281,-5.89,1,883.687,5.9215856,0.975555,5,3
2282,-4.47,1,856.115,0.21146661,6.365487,4,1
2283,-5.39,1,856.115,4.426109,7.3226676,3,0
2284,-4.87,1,856.115,-1.943435,4.6640058,3,1
2285,-5.68,1,870.142,0.21597481,6.08651,4,1
2286,-6.09,0,870.142,0.09651384,6.2890716,4,1
2287,-4.91,1,842.088,-1.770419,4.4201655,5,1
2288,-5.42,1,842.088,-1.1498387,4.6558785,5,1
2289,-5.52,1,639.71,4.696315,2.8143594,7,1
2290,-5.27,1,653.737,3.622305,2.0275357,2,1
2291,-5.22,1,653.737,4.1286488,2.243172,1,1
2292,-5.29,1,653.737,4.1987,2.4302633,7,1
2293,-5.28,1,653.737,3.631565,2.279587,3,1
2294,-5.32,1,653.737,4.2929807,2.3109725,1,1
2303,-5.95,1,578.755,2.3624573,1.1806504,2,1
2304,-5.62,1,592.782,3.1920137,2.4175367,7,1
2305,-5.21,1,606.809,2.816882,3.0211096,7,1
2306,-5.05,1,620.836,2.871219,1.6041886,5,1
2307,-5.08,1,654.853,1.0171554,1.3556155,2,1
2308,-4.87,1,668.88,3.5004206,2.261059,5,1
2309,-5.09,1,662.917,3.2779741,3.3828597,7,1
2310,-4.98,1,682.907,4.322054,0.9606965,5,2
2311,-5.03,1,696.934,2.694868,4.444173,6,1
2312,-5.16,1,696.934,1.1592513,2.1477287,2,1
2313,-5.36,1,710.961,2.9547222,6.485831,3,-1
2314,-6.1,0,717.009,1.4038609,5.352138,6,1
2315,-6.16,0,739.015,4.397966,7.0985794,3,0
2316,-7.02,0,745.063,-0.10565223,5.654347,4,1
2317,-7.31,0,777.064,0.68746316,5.678057,4,1
2318,-7.55,0,779.08,0.997015,5.5280905,4,1
2319,-7.84,0,791.091,-0.26742595,6.1716294,4,1
2321,-7.85,0,819.145,-1.0310624,5.2511597,4,1
2322,-5.49,1,670.852,4.073242,0.77118564,5,2
2323,-5.38,1,684.879,0.71878994,1.8489311,2,1
2324,-5.1,1,698.906,0.6570098,2.070163,3,1
2325,-5.26,1,712.933,-0.50644946,1.2753298,2,1
2326,-5.03,1,712.933,3.7930028,3.7175133,7,1
2327,-5.09,1,726.96,0.07834593,1.7580549,2,1
2328,-5.52,1,755.014,0.71489054,5.4862547,4,1
2329,-5.8,1,789.031,0.5576882,4.7650065,4,1
2330,-6.18,0,795.079,0.43688884,5.3525844,4,1
2331,-6.67,0,807.09,-0.11010535,5.869893,4,1
2332,-7.18,0,821.117,-0.1851342,5.85655,4,1
2333,-7.13,0,835.144,-0.99758613,5.453736,4,1
2334,-6.14,0,612.772,2.3290138,1.5152742,2,1
2335,-6.14,0,626.799,3.6864355,3.095555,7,1
2336,-5.87,1,640.826,4.122188,3.906096,7,1
2337,-5.37,1,668.88,2.815156,3.1168733,7,1
2338,-4.99,1,696.934,-2.1884701,3.3427973,3,1
2339,-5.34,1,734.983,4.8510323,0.596427,5,2
2340,-5.06,1,736.999,1.4338143,5.524717,7,1
2341,-5.35,1,749.01,-0.2532577,4.7005424,4,1
2342,-5.53,1,763.037,1.6069413,5.934433,6,1
2343,-5.8,1,777.064,-0.5200927,4.663726,4,1
2344,-6.51,0,670.852,1.4564089,1.643872,2,1
2345,-6.26,0,684.879,1.2251266,1.3889169,2,1
2346,-5.64,1,712.933,2.4182143,3.8016715,6,1
2347,-5.08,1,750.982,2.0888817,5.5217447,6,1
2348,-5.09,1,752.998,1.0993304,4.2126822,6,1
2349,-5.09,1,765.009,1.6913993,6.0862784,6,1
2350,-5.18,1,779.036,1.4424864,5.1776853,6,1
2351,-5.36,1,793.063,0.05191569,4.793807,4,1
2352,-5.81,1,1218.634,7.8463874,3.1142907,1,4
2353,-6.18,0,1188.608,7.471551,4.209897,1,4
2354,-5.83,1,1132.544,6.5602765,7.2576776,0,4
2355,-6.11,0,1146.571,9.644796,2.5840008,1,4
2356,-6.15,0,1202.635,7.2535734,7.1955204,0,4
2357,-5.68,1,1202.635,8.260812,6.9783015,0,-1
2358,-6.78,0,1216.662,7.473015,6.6195054,0,4
2359,-6.81,0,1214.646,6.7672963,1.2721574,5,3
2360,-7.4,0,1202.635,8.665446,3.8523476,1,4
2361,-5.03,1,696.934,2.5630748,5.509499,6,1
2362,-5.0,1,696.934,1.1980581,3.5155902,2,1
2363,-6.34,0,727.004,-0.21875234,4.3796206,4,1
2364,-5.1,1,654.853,2.269275,1.7002847,2,1
2365,-5.07,1,684.923,3.7726665,1.2192583,5,2
2366,-4.99,1,708.945,2.6551552,4.4717355,6,1
2367,-5.9,1,880.1,4.677052,0.35881624,5,2
2368,-5.63,1,864.101,5.046429,0.52484107,5,2
2369,-5.72,1,866.073,2.7318165,5.77153,6,1
2370,-6.75,0,838.019,2.0157297,2.0419366,3,1
2371,-5.23,1,788.003,4.2710238,2.4760923,5,1
2372,-5.91,1,804.002,5.027007,6.6477833,3,0
2373,-5.89,1,804.002,2.0559103,1.7083232,2,1
2374,-5.65,1,838.019,-1.1571581,1.7361879,2,1
2375,-5.11,1,868.089,1.7143254,4.7281666,6,1
2376,-10.0,0,766.982,4.728368,3.1895285,7,1
2377,-6.66,0,809.063,4.895764,3.4366684,7,1
2378,-10.0,0,781.009,5.144612,2.6334233,5,1
2379,-10.0,0,781.009,5.237574,2.7598343,1,1
2380,-10.0,0,795.036,4.9781456,3.202093,7,1
2381,-10.0,0,792.935,4.786958,2.6375134,7,1
2382,-10.0,0,849.043,5.8327136,2.8446019,1,-1
2383,-10.0,0,835.016,5.168049,2.7476244,5,1
2384,-10.0,0,820.989,4.8116207,2.6533387,1,1
2385,-10.0,0,851.019,5.8052416,3.3747525,0,-1
2386,-5.64,1,712.933,4.31202,4.255381,7,1
2387,-5.54,1,712.933,3.9293547,1.4984308,5,-1
2388,-5.77,1,712.933,4.3877463,3.9175298,7,1
2389,-5.31,1,712.933,4.020766,3.404803,7,1
2390,-5.78,1,712.933,3.000728,4.2161937,6,1
2391,-5.59,1,712.933,4.2506924,4.259297,7,1
2392,-5.14,1,712.933,4.5342164,6.914006,3,0
2393,-5.11,1,712.933,3.8565233,5.329137,6,1
2394,-6.7,0,537.746,4.2568846,1.0777663,5,2
2395,-6.0,1,551.773,4.775391,6.426301,3,0
2396,-5.26,1,565.8,0.57854646,2.6667995,2,1
2397,-5.37,1,579.827,2.945495,3.3497102,7,1
2398,-5.3,1,593.854,0.50798196,3.2932444,3,1
2399,-5.3,1,565.8,-0.49475595,2.0571814,2,1
2400,-5.44,1,565.8,3.3331244,4.922662,6,1
2401,-5.31,1,565.8,3.9039295,5.4705186,6,1
2402,-5.27,1,565.8,4.4213905,7.024918,3,0
2403,-7.0,0,589.782,2.2047951,1.8144908,2,1
2404,-7.0,0,539.718,3.895029,1.1214138,5,2
2405,-7.0,0,580.771,2.5921717,1.8091596,7,1
2406,-7.0,0,566.744,1.9450853,1.5609306,2,1
2407,-7.0,0,581.755,3.6908557,1.6692626,5,-1
2408,-7.0,0,567.728,2.7818851,1.4220768,5,1
2409,-7.0,0,580.815,2.7790082,1.884037,7,1
2410,-7.0,0,608.829,4.6743784,3.0218635,7,1
2411,-5.46,1,661.845,4.0592666,1.2051016,5,2
2412,-5.72,1,581.755,1.4366032,1.9823134,2,1
2413,-5.25,1,724.897,6.429329,7.270564,0,4
2414,-5.09,1,710.87,2.8778784,5.2782884,6,1
2415,-5.48,1,595.782,4.7573056,2.567252,5,1
2416,-5.41,1,581.755,1.741966,1.3642967,2,1
2417,-6.15,0,622.852,3.6428475,1.3614827,5,-1
2418,-5.32,1,676.822,-0.12105873,0.8759749,5,1
2419,-5.89,1,752.955,5.185092,2.698473,1,1
2420,-5.55,1,987.298,7.0578384,4.9409122,0,4
2421,-5.77,1,1013.336,9.843102,5.461949,0,4
2422,-5.63,1,1015.308,7.3640146,2.9707685,1,-1
2423,-6.09,0,1059.405,7.439827,2.2278647,1,4
2424,-6.11,0,1063.396,7.5434885,1.9344432,1,4
2425,-6.21,0,1085.443,10.637782,4.591618,0,4
2426,-5.47,1,1087.415,8.538539,4.363988,0,4
2427,-6.34,0,1089.434,5.851046,7.236945,3,4
2428,-5.35,1,1091.406,10.002154,4.1511536,0,4
2429,-6.77,0,1093.378,9.629799,6.1283894,0,-1
2430,-6.97,0,1119.416,8.536567,5.89982,0,4
2431,-5.74,1,1121.388,9.981459,3.1969523,1,4
2432,-6.59,0,1135.503,8.031566,5.3249564,4,4
2433,-7.06,0,1161.541,7.6879597,3.574338,1,-1
2434,-5.72,1,1163.513,8.73881,5.103482,0,4
2435,-7.2,0,1169.476,6.140833,7.312637,0,4
2436,-7.76,0,1195.514,8.527319,5.200828,0,4
2437,-6.26,0,1197.486,9.248981,5.503629,0,4
2438,-6.2,0,987.298,7.005601,4.2725415,0,4
2439,-5.82,1,1013.336,7.0861163,4.6051393,1,4
2440,-7.76,0,1015.308,7.230054,5.720833,0,4
2441,-5.75,1,1059.405,8.37007,3.1026073,1,4
2442,-5.3,1,1063.396,7.314465,3.7104144,1,4
2443,-5.78,1,1085.443,10.332996,3.0001402,1,4
2444,-7.44,0,1087.415,8.986293,5.794027,0,4
2445,-5.27,1,1089.434,8.086053,5.1937804,0,4
2446,-6.85,0,1091.406,6.0860023,7.002314,3,4
2447,-5.69,1,1093.378,9.20598,3.336484,1,4
2448,-5.53,1,1119.416,6.74032,6.4831076,0,-1
2449,-6.86,0,1121.388,9.906927,3.4662762,0,4
2450,-5.3,1,1135.503,7.915274,5.53178,0,4
2451,-5.44,1,1161.541,8.00878,6.435913,0,4
2452,-6.48,0,1163.513,8.510792,5.4216785,0,4
2453,-5.77,1,1169.476,9.181368,4.802401,0,4
2454,-5.95,1,1195.514,8.188082,5.7230363,0,4
2455,-6.27,0,1197.486,7.3150997,6.5720444,0,4
2456,-6.52,0,712.933,2.4762347,3.8207753,6,1
2457,-5.54,1,713.917,4.706373,1.4458927,5,2
2458,-5.51,1,713.917,3.4707174,5.21415,6,1
2459,-6.4,0,713.917,4.4876547,6.792671,3,0
2460,-5.39,1,713.917,3.2805355,3.4569883,7,1
2461,-5.54,1,713.917,1.5937543,4.370116,6,1
2462,-6.0,1,726.96,0.7048168,2.6863427,5,1
2463,-6.22,0,726.96,3.8224604,3.7524014,7,1
2464,-6.22,0,726.96,1.7814106,3.4245825,6,1
2465,-5.66,1,726.96,-0.31899548,1.0114989,2,1
2466,-6.3,0,726.96,0.19603534,1.9854685,2,1
2467,-5.6,1,374.485,2.275638,1.7548661,2,1
2468,-4.9,1,388.512,2.3275628,1.6748251,2,1
2469,-4.7,1,402.539,2.1296299,1.5280039,2,1
2470,-4.6,1,416.566,2.0829325,1.7722006,2,1
2471,-4.6,1,430.593,2.5624602,2.8644247,7,1
2472,-4.6,1,444.62,-0.003676091,1.2482893,2,1
2473,-4.7,1,458.647,3.0686247,3.2366993,7,1
2474,-4.5,1,472.674,0.09475054,1.3393327,2,1
2475,-4.5,1,486.701,3.6852827,1.2234665,5,2
2476,-4.5,1,430.593,2.3258677,2.1556158,7,1
2477,-4.2,1,430.593,1.9166594,1.5572968,2,1
2478,-4.5,1,430.593,2.2493172,1.3617663,5,1
2479,-4.5,1,430.593,1.8164369,1.7336255,2,1
2480,-4.5,1,430.593,2.3854742,2.622665,7,1
2481,-4.5,1,430.593,2.0386958,2.1659098,7,1
2482,-4.7,1,430.593,2.535879,2.5871866,7,1
2483,-4.4,1,430.593,2.3754923,2.0565763,7,1
2484,-4.9,1,430.593,2.0471323,2.0596313,2,1
2485,-4.8,1,430.593,2.308276,2.7478373,6,1
2486,-4.8,1,430.593,2.3342607,3.064569,6,1
2487,-4.9,1,430.593,2.2419884,1.6841693,2,1
2488,-4.6,1,444.62,1.782542,1.8930962,2,1
2489,-4.3,1,430.593,1.9542289,1.5972198,2,1
2490,-4.7,1,444.62,2.384888,2.9068763,6,1
2491,-4.7,1,430.593,2.4079373,2.5828414,7,1
2492,-5.2,1,444.62,2.0545702,1.765672,2,1
2493,-4.4,1,430.593,2.5317543,3.3346949,6,1
2494,-4.3,1,444.62,1.4296122,1.5834688,2,1
2495,-5.1,1,472.63,1.9325304,2.553596,3,1
2496,-4.6,1,444.62,1.8868797,1.7578026,2,1
2497,-4.6,1,444.62,2.264672,3.2120821,6,1
2498,-4.7,1,444.62,2.2280731,3.289334,6,1
2499,-4.6,1,444.62,1.8025181,2.0470672,2,1
2500,-4.4,1,458.647,2.2342243,3.4302,6,1
2501,-4.6,1,458.647,2.2328582,3.0532691,6,1
2502,-4.5,1,458.647,2.2414205,3.2891066,6,1
2503,-4.5,1,472.674,1.8730499,3.1443975,6,1
2504,-4.6,1,458.647,2.250006,3.2455626,6,1
2505,-4.5,1,444.62,2.2469423,2.7775064,6,1
2506,-7.8,0,342.44,3.334474,2.3504744,7,1
2507,-6.7,0,446.592,2.1867259,1.801541,2,1
2508,-7.8,0,416.522,2.0093877,1.3727746,2,1
2509,-8.2,0,432.565,1.9228982,1.7495118,2,1
2510,-6.6,0,446.592,2.3283627,2.3401613,7,1
2511,-6.3,0,356.467,2.2663863,2.3665597,3,1
2512,-5.5,1,370.494,2.158928,1.6774561,2,1
2513,-7.8,0,430.549,2.3464205,1.8408478,2,1
2514,-6.15,0,744.978,-0.7127173,3.007917,2,1
2515,-6.52,0,744.978,-0.26290807,3.6177676,3,1
2516,-6.02,0,744.978,1.1616206,4.2457433,4,1
2517,-5.03,1,744.978,0.060311586,5.5595956,7,1
2518,-5.77,1,744.978,-0.9050951,2.8585093,2,1
2519,-4.8,1,744.978,-1.3826811,2.3183684,2,1
2520,-4.85,1,744.978,4.138577,0.7239599,5,2
2521,-5.14,1,744.978,4.464972,0.7728754,5,2
2522,-5.12,1,759.005,-0.1818199,4.6181316,4,1
2523,-5.32,1,759.005,3.9965591,0.15161851,5,2
2524,-5.92,1,759.005,-0.6710789,3.1530564,2,1
2525,-5.77,1,759.005,0.80041814,6.250528,4,1
2526,-5.48,1,759.005,2.3049583,5.9433665,6,1
2527,-5.6,1,759.005,3.9596374,7.266795,3,0
2528,-5.07,1,759.005,1.489183,5.9025407,6,1
2529,-5.38,1,759.005,1.4382589,6.2688556,4,1
2530,-5.17,1,759.005,1.2532084,6.4211626,4,1
2531,-5.36,1,759.005,-0.50567,5.0445333,4,1
2532,-5.27,1,759.005,0.07164279,4.0485578,2,1
2533,-5.26,1,759.005,-0.108680606,4.1342354,4,1
2534,-5.12,1,759.005,-1.1640273,3.6307313,2,1
2535,-5.39,1,759.005,2.9042785,6.4670405,3,-1
2536,-5.18,1,759.005,4.062507,0.7580966,5,2
2537,-5.39,1,759.005,-1.0292796,4.117442,2,1
2538,-5.09,1,773.032,0.8780798,6.225057,4,1
2539,-5.1,1,773.032,-1.4518784,3.5956538,2,1
2540,-5.29,1,773.032,1.1639124,5.566751,4,1
2541,-5.0,1,773.032,0.70777816,5.267314,4,1
2542,-5.35,1,773.032,1.2004504,5.8658857,4,1
2543,-5.11,1,773.032,-0.42741492,4.3079166,4,1
2544,-5.32,1,773.032,-0.10877157,5.673549,4,1
2545,-5.98,1,778.995,-0.3844587,5.0641637,4,1
2546,-5.82,1,778.995,-1.3453188,3.543109,3,1
2547,-5.3,1,778.995,-1.1710023,3.3771539,2,1
2548,-5.34,1,773.032,1.1483357,6.092419,5,1
2549,-5.31,1,773.032,-0.72283113,5.5583644,4,1
2550,-5.5,1,773.032,1.1011308,5.796541,4,1
2551,-5.21,1,773.032,-0.8394591,4.0929494,2,1
2552,-5.42,1,778.995,-0.92414236,4.2652745,2,1
2553,-5.32,1,778.995,1.333457,5.6455073,6,1
2554,-5.74,1,778.995,1.3052567,5.6924186,4,1
2555,-5.09,1,773.032,3.574609,7.2297363,3,0
2556,-5.31,1,773.032,-0.33718446,4.14486,4,1
2557,-5.97,1,778.995,-0.30691656,4.1826715,4,1
2558,-5.51,1,778.995,0.63057417,6.408351,4,1
2559,-5.32,1,787.059,1.1379519,5.864617,4,1
2560,-5.24,1,787.059,-0.6174405,4.779886,4,1
2561,-5.38,1,787.059,0.8255117,5.855751,4,1
2562,-5.3,1,793.022,-1.5300084,5.636324,4,1
2563,-5.63,1,793.022,-0.8754318,4.517313,4,1
2564,-5.48,1,793.022,-0.20137614,4.7157135,4,1
2565,-5.21,1,787.059,4.7339005,0.528662,5,2
2566,-5.53,1,787.059,0.69157535,5.730745,4,1
2567,-4.97,1,793.022,0.35242784,5.935555,4,1
2568,-6.19,0,793.022,-0.42961273,5.5420766,4,1
2569,-5.01,1,793.022,0.8240465,5.0885105,4,1
2570,-5.38,1,793.022,0.75516444,5.892759,4,1
2571,-5.13,1,793.022,2.2904081,6.559418,3,1
2572,-5.56,1,793.022,0.9723972,6.0246983,4,1
2573,-5.26,1,793.022,2.5571373,5.136672,6,1
2574,-5.48,1,793.022,0.885305,5.5867352,4,1
2575,-5.23,1,793.022,0.00088869635,5.035649,4,1
2576,-5.26,1,807.049,4.314822,7.111435,3,0
2577,-5.55,1,807.049,2.0984616,6.3662663,4,1
2578,-5.63,1,807.049,-1.4925297,4.8008294,4,1
2579,-5.54,1,807.049,1.5231372,6.189152,6,1
2580,-5.82,1,807.049,0.8578154,5.954971,4,1
2581,-5.41,1,807.049,-0.8173265,5.3275313,4,1
2582,-5.79,1,813.012,-1.2859207,4.1563497,4,1
2583,-5.37,1,807.049,1.5677933,6.1955295,6,1
2584,-5.37,1,807.049,1.1510311,5.533448,6,1
2585,-10.0,0,821.076,0.827493,6.005132,4,1
2586,-4.99,1,821.076,0.9048202,6.2774906,4,1
2587,-5.96,1,827.039,-1.0076505,4.7300944,4,1
2588,-5.76,1,827.039,1.9719164,6.676311,4,-1
2589,-5.46,1,827.039,0.6620437,6.3815293,4,1
2590,-6.41,0,827.039,-0.7704719,5.029708,4,1
2591,-5.83,1,827.039,-0.43460497,4.798799,4,1
2592,-5.86,1,847.029,-0.12724096,5.1359687,4,1
2593,-5.73,1,861.056,-0.9654128,5.927376,4,1
2594,-5.81,1,744.978,0.9972904,4.600604,5,1
2595,-5.56,1,744.978,1.6185678,4.7234435,5,1
2596,-5.92,1,744.978,0.22494888,5.6419477,7,1
2597,-6.32,0,744.978,-0.8065585,3.4115958,3,1
2598,-5.78,1,744.978,1.413087,5.884144,7,1
2599,-4.84,1,744.978,-1.3288236,2.1603417,2,1
2600,-6.47,0,744.978,-1.1227907,2.1357334,2,1
2601,-5.26,1,759.005,1.671447,5.4002557,6,1
2602,-5.36,1,759.005,0.60929596,6.2558527,4,1
2603,-5.19,1,759.005,1.175622,4.610179,5,1
2604,-5.49,1,759.005,1.4498132,5.4363136,7,1
2605,-5.13,1,759.005,-1.9131379,4.8579235,4,1
2606,-5.33,1,759.005,0.5039585,6.1202674,7,1
2607,-5.65,1,759.005,-1.1727768,4.5544505,4,1
2608,-4.97,1,759.005,1.3323901,5.56258,5,1
2609,-5.37,1,759.005,1.3129543,5.8303714,4,1
2610,-6.17,0,759.005,1.7956353,5.7154903,3,1
2611,-5.7,1,759.005,0.96947736,6.2219667,7,1
2612,-5.54,1,759.005,1.5407958,5.499734,6,1
2613,-5.16,1,759.005,0.9506471,5.2355857,4,1
2614,-5.05,1,759.005,-1.933012,3.7868285,2,1
2615,-5.41,1,759.005,-0.4845088,5.305675,4,1
2616,-5.67,1,759.005,3.817289,0.41982183,5,2
2617,-5.58,1,759.005,4.5462437,0.67197055,5,2
2618,-5.67,1,759.005,-1.5263131,3.4699402,3,1
2619,-5.74,1,759.005,-1.4956905,3.3436975,2,1
2620,-5.13,1,773.032,-0.56477743,4.121787,4,1
2621,-5.22,1,773.032,-0.37736657,4.4540935,4,1
2622,-5.11,1,773.032,0.04990768,4.6517158,5,1
2623,-5.33,1,773.032,-0.5324938,5.1746025,4,1
2624,-5.21,1,773.032,-1.2455117,4.106851,4,1
2625,-5.16,1,773.032,-1.1524715,4.592089,4,1
2626,-5.11,1,773.032,1.1542253,6.464113,4,1
2627,-5.19,1,773.032,-0.120136164,6.1393394,4,1
2628,-5.24,1,773.032,0.3214048,4.628626,4,1
2629,-5.94,1,778.995,1.4478385,6.244442,4,1
2630,-5.7,1,778.995,-0.63185996,3.3308272,2,1
2631,-5.47,1,778.995,-1.2755734,2.8857982,2,1
2632,-5.02,1,773.032,-0.2976599,4.4543166,4,1
2633,-5.22,1,773.032,1.5608879,6.638582,4,1
2634,-5.1,1,773.032,-0.48472226,5.1597486,4,1
2635,-5.26,1,773.032,-1.2860998,4.0572753,2,1
2636,-5.55,1,778.995,3.9371119,6.549113,3,0
2637,-5.83,1,778.995,1.281595,5.2704372,6,1
2638,-5.57,1,778.995,-0.97679967,3.8558176,3,1
2639,-5.14,1,773.032,-0.6111661,4.319844,4,1
2640,-5.18,1,773.032,0.37802234,4.6947083,5,1
2641,-5.83,1,778.995,-0.025165174,4.453857,4,1
2642,-5.78,1,778.995,1.1960468,5.6041155,4,1
2643,-5.91,1,778.995,-0.9773803,4.6962676,4,1
2644,-5.16,1,787.059,-0.52633494,4.230791,5,1
2645,-5.25,1,787.059,-0.33005166,4.7257643,4,1
2646,-5.29,1,787.059,-0.058548458,4.4538255,5,1
2647,-5.73,1,793.022,1.3468724,5.835333,6,1
2648,-5.81,1,793.022,-0.8878003,5.374466,4,1
2649,-5.31,1,793.022,-0.0581166,5.4229717,4,1
2650,-5.19,1,787.059,0.096491955,5.8499904,4,1
2651,-5.93,1,793.022,-0.10096682,5.6184726,4,1
2652,-5.73,1,793.022,1.1724596,6.391791,7,1
2653,-5.69,1,793.022,0.31645212,4.418986,5,1
2654,-5.57,1,793.022,-1.5489239,5.4029512,4,1
2655,-5.48,1,793.022,0.6583289,6.2331295,4,1
2656,-5.47,1,793.022,0.8637002,5.760855,4,1
2657,-5.6,1,793.022,-0.14184715,4.6623235,4,1
2658,-5.28,1,793.022,-1.1486921,3.8094935,2,1
2659,-5.38,1,793.022,0.9139312,5.3776884,4,1
2660,-5.29,1,787.059,0.81417114,5.516658,4,1
2661,-5.93,1,793.022,1.2984396,6.425649,5,1
2662,-5.69,1,793.022,-0.39696297,5.0382442,4,1
2663,-5.37,1,793.022,-0.7959202,5.038295,4,1
2664,-5.39,1,793.022,-1.2780505,4.025463,4,1
2665,-5.39,1,793.022,0.1352525,5.9746947,4,1
2666,-5.88,1,807.049,0.26387265,5.866324,4,1
2667,-5.49,1,807.049,0.22809105,5.9156747,4,1
2668,-5.68,1,807.049,-1.5061141,4.266609,2,1
2669,-5.33,1,807.049,-0.16666527,5.5861206,4,1
2670,-5.72,1,807.049,1.5781842,6.196351,4,1
2671,-5.43,1,807.049,-0.13620417,4.9609146,4,1
2672,-5.52,1,807.049,0.102015495,5.0840993,4,1
2673,-6.02,0,813.012,-0.16539666,5.285864,4,1
2674,-5.71,1,807.049,4.9518223,0.41938147,5,2
2675,-5.61,1,807.049,-0.14333126,4.722753,4,1
2676,-5.23,1,807.049,-0.50370616,4.9071198,4,1
2677,-5.29,1,807.049,-1.5343702,3.734739,3,1
2678,-5.78,1,813.012,0.20520099,5.5367265,4,1
2679,-10.0,0,821.076,0.64258593,6.5127974,4,1
2680,-5.41,1,821.076,-0.66138417,5.108543,4,1
2681,-6.2,0,827.039,0.71800023,6.231759,4,1
2682,-6.08,0,827.039,-1.4995518,4.0879498,3,1
2683,-5.32,1,821.076,-0.45924455,4.377534,4,1
2684,-6.02,0,827.039,0.2005341,5.9852524,4,1
2685,-5.46,1,827.039,0.50826573,5.408283,4,1
2686,-5.47,1,841.066,-0.3978311,5.3772845,4,1
2687,-5.56,1,841.066,-0.5867794,5.7789493,4,1
2688,-5.54,1,841.066,0.18874405,5.720622,4,1
2689,-6.17,0,847.029,-0.080957614,6.1506443,4,1
2690,-5.81,1,861.056,-0.7275314,4.98365,4,1
2691,-4.93,1,682.907,0.45569307,2.2904108,2,1
2692,-5.9,1,682.907,-0.2376799,2.3703945,2,1
2693,-6.04,0,682.907,4.438789,1.352556,5,2
2694,-5.18,1,682.907,4.523811,6.745261,3,0
2695,-6.0,1,682.907,3.8629894,0.84666866,5,2
2696,-6.62,0,682.907,0.11146744,2.458681,2,1
2697,-6.02,0,696.934,3.7219245,6.563498,3,0
2698,-5.76,1,696.934,3.2188935,3.242077,7,1
2699,-5.07,1,696.934,1.6660776,3.3060493,6,1
2700,-5.3,1,696.934,0.03647871,2.5140193,2,1
2701,-5.21,1,696.934,-0.3070422,2.3538103,2,1
2702,-5.47,1,696.934,-0.28820485,2.1437051,2,1
2703,-5.19,1,696.934,0.37151173,3.006161,2,1
2704,-5.3,1,696.934,3.3506753,3.422537,7,1
2705,-5.02,1,696.934,-1.2432989,2.7186496,2,1
2706,-5.68,1,696.934,2.7494698,4.4823136,6,1
2707,-5.22,1,696.934,-0.7133554,2.0781627,2,1
2708,-5.29,1,696.934,-0.11664202,3.25166,2,1
2709,-5.15,1,696.934,3.8536246,3.4403749,7,1
2710,-5.0,1,696.934,-0.7057997,2.2116005,2,1
2711,-4.8,1,696.934,1.0515296,3.4170246,2,1
2712,-5.21,1,696.934,-0.59156084,2.1162398,2,1
2713,-5.16,1,696.934,0.69963044,3.4853115,2,1
2714,-5.1,1,710.961,4.5795403,7.2779856,3,0
2715,-5.16,1,710.961,-1.5460979,3.129119,3,1
2716,-5.05,1,710.961,2.789044,5.3448367,6,1
2717,-5.04,1,710.961,-0.58711195,2.503977,2,1
2718,-4.89,1,710.961,3.6641638,3.4503918,7,1
2719,-4.96,1,710.961,-0.42934406,5.2641106,4,1
2720,-5.93,1,716.924,-0.18813732,2.8013308,2,1
2721,-5.85,1,716.924,-0.7814991,2.162853,2,1
2722,-5.43,1,716.924,0.17026497,1.5760543,2,1
2723,-5.32,1,710.961,-0.43252203,3.2128704,3,1
2724,-5.01,1,710.961,-1.443457,2.2520351,2,1
2725,-4.86,1,710.961,2.8571804,3.487577,2,1
2726,-4.83,1,710.961,3.6774633,5.5164394,7,1
2727,-4.98,1,710.961,0.16410857,1.762535,2,1
2728,-5.05,1,710.961,4.6901555,0.54177606,5,2
2729,-6.11,0,716.924,3.6239774,6.7991962,3,0
2730,-5.77,1,716.924,4.1823854,1.2871681,5,2
2731,-5.01,1,716.924,-0.4628106,2.3574436,2,1
2732,-5.01,1,710.961,0.12706774,1.6938218,2,1
2733,-4.96,1,710.961,1.255436,4.339157,6,1
2734,-5.89,1,716.924,0.49000892,3.2373028,3,1
2735,-5.64,1,716.924,-0.28656712,2.8919427,2,1
2736,-5.39,1,716.924,-1.5684935,2.521428,2,1
2737,-5.28,1,724.988,-0.3973011,3.6339626,2,1
2738,-5.13,1,724.988,0.006831094,3.4883544,2,1
2739,-5.09,1,724.988,-1.1414609,2.4254508,2,1
2740,-5.35,1,730.951,-0.5652008,2.9909446,2,1
2741,-5.33,1,730.951,2.4129362,4.205751,6,1
2742,-4.87,1,724.988,4.2328944,7.196257,3,0
2743,-5.08,1,724.988,0.39690083,4.067124,2,1
2744,-6.11,0,730.951,-1.1468904,2.2522447,2,1
2745,-6.09,0,730.951,4.514571,1.445426,5,2
2746,-5.37,1,730.951,-0.57877386,3.5656657,3,1
2747,-5.13,1,730.951,0.07308109,2.876831,2,1
2748,-5.13,1,730.951,1.3979454,5.197745,6,1
2749,-5.04,1,730.951,2.2004743,6.0858927,6,1
2750,-5.13,1,730.951,1.1315677,4.100655,5,1
2751,-5.25,1,730.951,0.3666421,5.7498717,4,1
2752,-5.54,1,744.978,-1.1933303,1.9750165,2,1
2753,-5.7,1,744.978,-0.774798,4.0169573,2,1
2754,-5.33,1,744.978,2.7787254,6.509418,3,1
2755,-5.34,1,744.978,4.134685,7.408787,3,0
2756,-5.59,1,744.978,-1.0811982,2.8241544,2,1
2757,-5.1,1,744.978,-0.64403105,3.614892,2,1
2758,-5.35,1,744.978,3.030253,5.963428,6,1
2759,-5.15,1,744.978,-0.716236,3.6266685,3,1
2760,-5.19,1,744.978,-0.62291235,3.753407,3,1
2761,-5.15,1,744.978,-0.6632372,3.8730702,2,1
2762,-5.18,1,750.941,-0.9683722,4.2258506,4,1
2763,-5.38,1,759.005,-0.49066567,4.165097,4,1
2764,-5.76,1,764.968,-1.540585,3.58079,3,1
2765,-5.19,1,764.968,3.9397843,0.1425147,2,2
2766,-5.28,1,759.005,0.7384788,5.8109818,4,1
2767,-5.7,1,764.968,-0.58702517,4.0481973,4,1
2768,-5.92,1,784.958,0.032896686,5.29903,4,1
2769,-10.0,0,682.907,3.1266763,3.613302,7,1
2770,-5.08,1,682.907,-1.2298956,1.8785522,2,1
2771,-5.73,1,682.907,1.2526466,3.7342932,3,1
2772,-5.26,1,682.907,-1.0604168,2.0753064,2,1
2773,-6.08,0,682.907,4.081025,3.5491095,7,1
2774,-4.94,1,682.907,4.2054524,3.36787,7,1
2775,-5.95,1,696.934,0.20411734,1.4483645,2,1
2776,-4.89,1,696.934,3.5029643,3.1690981,7,1
2777,-4.96,1,696.934,1.7967646,3.336682,7,1
2778,-4.93,1,696.934,1.6854016,4.4967937,6,1
2779,-4.92,1,696.934,2.3222816,5.3827305,6,1
2780,-5.85,1,696.934,1.5777693,3.6185703,5,1
2781,-5.0,1,696.934,0.6161912,2.0012996,2,1
2782,-5.2,1,696.934,1.8006809,2.4893944,3,1
2783,-4.99,1,696.934,-0.5795802,2.1731002,2,1
2784,-4.93,1,696.934,-0.89319295,2.0198216,2,1
2785,-5.03,1,696.934,0.520887,3.0131838,2,1
2786,-5.4,1,696.934,0.16034046,2.4313867,2,1
2787,-4.83,1,710.961,-0.54006433,3.1306028,2,1
2788,-4.82,1,710.961,-1.2163185,3.2473586,3,1
2789,-4.8,1,710.961,1.3024908,4.2841763,6,1
2790,-5.37,1,710.961,-0.25399125,3.4054148,3,1
2791,-4.92,1,710.961,-0.3270541,2.4405699,2,1
2792,-4.82,1,710.961,1.4929383,4.5636086,6,1
2793,-4.71,1,710.961,2.347547,5.6273847,6,1
2794,-4.82,1,710.961,4.6416364,0.81158525,5,2
2795,-5.88,1,716.924,-0.9184392,3.0402815,2,1
2796,-5.45,1,716.924,2.7905257,3.0981247,2,1
2797,-4.76,1,710.961,2.9402087,3.2657232,2,1
2798,-4.71,1,710.961,2.093527,5.4440527,6,1
2799,-4.74,1,710.961,-0.06726413,3.5325308,3,1
2800,-4.8,1,710.961,1.7575915,5.916756,5,1
2801,-5.55,1,716.924,-0.2765934,2.5008152,2,1
2802,-5.65,1,716.924,2.4455895,5.4778504,6,1
2803,-5.5,1,716.924,0.6319439,3.6127326,2,1
2804,-5.59,1,716.924,3.4841352,3.3277452,7,1
2805,-4.82,1,710.961,1.7169937,5.93123,3,1
2806,-5.42,1,716.924,3.9324894,5.4123325,7,1
2807,-4.84,1,724.988,1.4026155,4.101282,6,1
2808,-4.82,1,724.988,1.0474987,4.226528,5,1
2809,-4.77,1,724.988,1.025415,3.9736843,4,1
2810,-6.23,0,730.951,4.5469203,0.6717673,5,2
2811,-5.89,1,730.951,-1.088357,3.3933349,2,1
2812,-5.24,1,730.951,-0.89120054,2.3390732,2,1
2813,-4.72,1,724.988,2.5140386,3.8414571,4,1
2814,-4.83,1,724.988,-0.85600394,2.8690565,2,1
2815,-5.55,1,730.951,1.0441269,4.0857425,6,1
2816,-5.69,1,730.951,-0.17168073,1.8349385,2,1
2817,-4.88,1,730.951,0.2535008,4.910316,4,1
2818,-4.83,1,730.951,-0.7616316,2.9714425,2,1
2819,-4.98,1,730.951,-0.704249,2.8369622,2,1
2820,-5.08,1,730.951,-0.97056955,2.4567335,2,1
2821,-5.99,1,730.951,-1.8252724,3.450691,2,1
2822,-4.99,1,730.951,-0.31086144,3.8162916,4,1
2823,-4.87,1,730.951,-1.2744057,2.8180158,2,1
2824,-4.95,1,730.951,0.32194468,5.6703663,4,1
2825,-5.67,1,744.978,0.8808062,4.462968,4,1
2826,-5.02,1,744.978,1.4029065,5.8711286,4,1
2827,-5.56,1,744.978,1.578806,6.158722,4,1
2828,-5.14,1,744.978,0.8260329,5.320117,4,1
2829,-4.97,1,744.978,-1.0975528,3.462622,3,1
2830,-5.09,1,744.978,-0.5573336,4.023387,4,1
2831,-5.83,1,750.941,-0.59699035,3.4939258,2,1
2832,-4.93,1,744.978,0.26759762,5.768445,4,1
2833,-4.88,1,744.978,-1.3855283,2.3096802,2,1
2834,-5.28,1,750.941,-0.10961347,4.154573,4,1
2835,-6.07,0,764.968,3.8103752,7.1875443,3,0
2836,-5.59,1,764.968,-1.3176225,3.5762024,2,1
2837,-5.85,1,764.968,4.0490236,7.272648,3,0
2838,-5.58,1,764.968,-1.1861017,3.7358756,2,1
2839,-5.87,1,784.958,-0.87678945,4.1871963,2,1
2840,-6.39,0,654.853,3.3347938,3.8066776,7,1
2841,-6.23,0,654.853,1.1494025,2.3486779,2,1
2842,-6.45,0,654.853,2.3923302,2.2171316,7,1
2843,-6.62,0,654.853,4.567688,0.79700553,5,2
2844,-6.49,0,654.853,4.175432,3.291263,7,1
2845,-6.11,0,668.88,2.565772,3.722535,6,1
2846,-5.95,1,668.88,2.3980956,2.4479315,7,1
2847,-6.59,0,668.88,3.4561648,3.0555851,7,1
2848,-6.31,0,668.88,1.5488609,1.8009458,3,1
2849,-6.1,0,668.88,-0.09531035,0.90176606,2,1
2850,-6.3,0,668.88,2.3288934,1.2798133,2,1
2851,-6.0,1,668.88,0.47720715,2.0404634,2,1
2852,-5.94,1,668.88,1.1311487,2.7440927,3,1
2853,-5.62,1,668.88,2.3095548,2.4051278,7,1
2854,-10.0,0,668.88,1.5989572,2.0867183,2,1
2855,-6.26,0,668.88,1.0135275,2.167826,3,1
2856,-6.19,0,668.88,3.2885125,2.8849068,7,1
2857,-6.12,0,668.88,1.3318883,1.6729826,2,1
2858,-5.79,1,668.88,1.1217502,1.2331806,2,1
2859,-5.88,1,668.88,2.6117687,2.195007,7,1
2860,-5.69,1,668.88,4.1916356,5.2731156,7,1
2861,-6.15,0,668.88,4.3216476,5.50657,7,1
2862,-5.41,1,682.907,3.8192923,4.3518147,7,1
2863,-5.51,1,682.907,2.1840417,2.5643082,3,1
2864,-5.22,1,682.907,2.348027,1.7946764,2,1
2865,-5.61,1,682.907,1.0124855,2.7165837,2,1
2866,-5.35,1,682.907,2.7376137,2.7281802,2,1
2867,-5.72,1,682.907,3.0775137,4.410308,6,1
2868,-5.73,1,682.907,0.45310596,2.5192919,2,1
2869,-5.41,1,682.907,2.343999,2.534711,7,1
2870,-4.9,1,682.907,1.2620878,3.6404023,3,1
2871,-6.43,0,688.87,4.2326226,4.35261,7,1
2872,-6.1,0,688.87,3.5765605,4.436878,7,1
2873,-5.9,1,688.87,0.35207993,2.7168307,2,1
2874,-5.48,1,682.907,4.2777896,4.0835934,7,1
2875,-5.25,1,682.907,4.6228547,1.2853931,5,2
2876,-5.28,1,682.907,-0.06293608,1.4414966,2,1
2877,-5.0,1,682.907,0.793427,1.2707541,2,1
2878,-6.33,0,688.87,2.803739,2.4725385,2,1
2879,-5.81,1,688.87,-0.20260201,2.2769225,2,1
2880,-5.68,1,688.87,-0.10942731,2.3482852,2,1
2881,-5.8,1,688.87,0.4143971,1.9506072,2,1
2882,-5.28,1,682.907,0.23505734,2.3840125,2,1
2883,-5.85,1,688.87,-0.1357744,1.3324782,2,1
2884,-6.05,0,688.87,-0.3870405,2.3564649,2,1
2885,-5.22,1,696.934,0.6572639,1.3313204,2,1
2886,-5.07,1,696.934,3.627513,0.72656846,2,2
2887,-4.88,1,696.934,4.1486373,0.7250067,5,2
2888,-5.16,1,696.934,0.59170413,1.332952,2,1
2889,-6.54,0,702.897,3.6566923,3.908762,7,1
2890,-6.4,0,702.897,1.3194094,3.475898,2,1
2891,-5.91,1,702.897,0.37659207,2.1835873,2,1
2892,-5.39,1,702.897,4.576433,1.3824825,5,2
2893,-5.22,1,702.897,2.0847738,3.4024045,7,1
2894,-5.14,1,696.934,0.1286652,2.1325572,2,1
2895,-5.0,1,696.934,0.94299394,3.2198467,2,1
2896,-6.6,0,702.897,3.8110301,3.975769,7,1
2897,-10.0,0,702.897,1.1871452,2.4044955,3,1
2898,-6.07,0,702.897,2.8963714,3.5751019,7,1
2899,-6.01,0,702.897,0.2305219,2.4123294,2,1
2900,-5.76,1,702.897,2.4674215,5.192782,6,1
2901,-5.91,1,702.897,3.6806333,4.925942,6,1
2902,-5.56,1,702.897,2.7440515,3.7983286,6,1
2903,-5.12,1,702.897,-0.5010612,2.0204625,2,1
2904,-5.65,1,702.897,4.1017556,0.43583658,5,2
2905,-5.48,1,702.897,-0.5856,2.0386946,2,1
2906,-5.94,1,702.897,4.1581006,4.4482484,7,1
2907,-5.89,1,702.897,2.4419827,2.537304,7,1
2908,-5.63,1,702.897,2.289982,4.726848,6,1
2909,-5.77,1,716.924,0.2633979,1.804578,2,1
2910,-5.59,1,716.924,0.50113463,3.0825346,2,1
2911,-5.35,1,716.924,3.8061333,5.8836513,3,-1
2912,-10.0,0,716.924,3.9350705,5.3389297,6,1
2913,-6.89,0,716.924,2.0590303,3.0813787,5,1
2914,-6.28,0,716.924,0.62250227,2.0528793,2,1
2915,-6.22,0,716.924,0.76323384,1.6858708,2,1
2916,-5.2,1,716.924,0.079795234,2.3659306,2,1
2917,-5.51,1,716.924,-1.1978862,2.3539667,2,1
2918,-5.3,1,716.924,-0.7014654,1.5995817,2,1
2919,-6.41,0,722.887,0.02181251,2.4747756,2,1
2920,-5.52,1,716.924,0.40508714,3.786499,2,1
2921,-5.58,1,716.924,-0.4637629,1.3253325,2,1
2922,-5.22,1,716.924,-0.86952484,1.3028327,2,1
2923,-5.95,1,722.887,0.3142776,2.5950983,2,1
2924,-6.28,0,730.951,-1.1030334,2.1426926,2,1
2925,-6.02,0,730.951,4.577141,3.7015312,7,1
2926,-5.24,1,730.951,0.19384228,3.1191866,2,1
2927,-5.5,1,736.914,3.6077826,1.6138957,5,-1
2928,-6.12,0,750.941,3.816395,7.078367,3,0
2929,-6.31,0,756.904,2.083726,5.756283,3,1
2930,-6.7,0,654.853,4.068128,4.429314,7,1
2931,-5.43,1,654.853,2.6297367,1.4133623,5,1
2932,-6.22,0,654.853,3.3700798,2.8262374,7,1
2933,-7.26,0,654.853,3.0721698,2.6452346,7,1
2934,-6.89,0,654.853,1.3331145,2.0640845,2,1
2935,-7.02,0,654.853,3.6703296,4.160271,7,1
2936,-6.77,0,668.88,4.0932484,3.3551073,7,1
2937,-5.88,1,668.88,3.9896362,4.0310893,7,1
2938,-5.69,1,668.88,0.5226375,1.9136959,2,1
2939,-6.79,0,668.88,0.29753128,2.7178123,2,1
2940,-5.67,1,668.88,1.3586087,2.6543062,2,1
2941,-6.26,0,668.88,3.5765305,3.7357585,7,1
2942,-5.85,1,668.88,0.52853966,1.8941128,2,1
2943,-5.85,1,668.88,0.9699526,1.296307,2,1
2944,-6.06,0,668.88,2.6767638,2.0653813,7,1
2945,-5.8,1,668.88,0.8736195,1.2858119,2,1
2946,-7.12,0,668.88,2.719664,2.8109212,7,1
2947,-6.31,0,668.88,2.957741,3.7204304,7,1
2948,-5.87,1,668.88,3.7648544,3.3175964,7,1
2949,-6.33,0,668.88,0.47326365,1.1183473,2,1
2950,-5.83,1,668.88,1.6110362,3.5509577,6,1
2951,-5.89,1,668.88,2.8069396,1.9403974,7,1
2952,-6.27,0,668.88,3.1761956,2.6012394,7,1
2953,-6.21,0,668.88,2.2549255,1.951414,2,1
2954,-6.37,0,682.907,0.015346326,2.6949718,3,1
2955,-5.58,1,682.907,3.6057117,3.73897,7,1
2956,-5.18,1,682.907,4.2655606,2.8973577,7,1
2957,-5.92,1,682.907,1.8406154,2.4934032,3,1
2958,-6.49,0,682.907,-0.5603254,2.271371,2,1
2959,-5.38,1,682.907,4.228477,0.7437781,5,2
2960,-5.3,1,682.907,1.6659635,2.8725677,3,1
2961,-5.14,1,682.907,0.5480338,2.32289,2,1
2962,-5.16,1,682.907,1.3809544,3.0513203,3,1
2963,-6.63,0,688.87,2.9834042,4.28031,6,1
2964,-6.45,0,688.87,2.8629637,3.569583,7,1
2965,-6.2,0,688.87,3.8542829,3.466802,7,1
2966,-6.47,0,682.907,-0.411226,1.5555722,2,1
2967,-5.96,1,682.907,4.2232146,1.0165478,5,2
2968,-5.78,1,682.907,3.444013,4.599973,6,1
2969,-5.37,1,682.907,4.1576805,4.3139014,7,1
2970,-5.3,1,682.907,-0.024320439,3.0296326,3,1
2971,-5.49,1,682.907,1.0574511,2.7265873,3,1
2972,-6.21,0,688.87,3.1559577,4.3768554,6,1
2973,-6.63,0,688.87,1.3216068,1.8129004,2,1
2974,-6.34,0,688.87,0.41128415,1.9234272,2,1
2975,-6.32,0,688.87,-0.4619901,1.7832725,2,1
2976,-6.02,0,682.907,0.39794162,2.5024614,3,1
2977,-5.32,1,682.907,4.06218,0.8402458,5,2
2978,-6.27,0,688.87,1.2084584,1.263871,2,1
2979,-6.08,0,688.87,0.08827703,1.0232208,2,1
2980,-5.2,1,696.934,-0.19170271,1.316632,2,1
2981,-5.32,1,696.934,4.248501,7.1128664,3,0
2982,-5.23,1,696.934,-0.050001424,2.1273906,2,1
2983,-5.35,1,696.934,1.6185317,3.3707213,3,1
2984,-6.34,0,702.897,4.384226,1.073924,5,2
2985,-5.53,1,702.897,0.94838333,1.3196499,2,1
2986,-5.27,1,696.934,0.9943444,1.9030709,2,1
2987,-5.28,1,696.934,0.58758104,2.8865328,3,1
2988,-5.19,1,696.934,0.34137595,2.0020645,3,1
2989,-6.86,0,702.897,1.2176256,1.0542414,2,1
2990,-6.09,0,702.897,2.247982,3.7392085,6,1
2991,-5.79,1,702.897,2.294617,4.0229726,6,1
2992,-5.78,1,702.897,1.2486788,2.262223,3,1
2993,-5.44,1,702.897,0.91004956,3.482373,3,1
2994,-5.22,1,696.934,4.393089,0.85337865,5,2
2995,-6.61,0,702.897,3.6020885,4.542464,7,1
2996,-5.98,1,702.897,2.0646954,2.4855628,3,1
2997,-5.59,1,702.897,1.3921093,3.3948982,5,1
2998,-5.5,1,702.897,-0.27111056,1.6158055,2,1
2999,-6.75,0,716.924,1.8183016,3.5119839,6,1
3000,-5.87,1,716.924,4.992026,6.860741,3,0
3001,-5.89,1,716.924,2.4760807,5.6920147,6,1
3002,-5.44,1,716.924,0.48102373,3.0973835,2,1
3003,-5.37,1,716.924,0.1891745,1.5217056,2,1
3004,-6.19,0,716.924,1.9541676,2.524638,3,1
3005,-5.93,1,716.924,0.16775134,2.763573,3,1
3006,-5.6,1,716.924,2.2775655,5.4327745,6,1
3007,-5.37,1,716.924,-0.97743624,2.0180109,2,1
3008,-6.22,0,722.887,-0.81024414,2.0889452,2,1
3009,-6.0,1,716.924,2.9956982,4.3210955,6,1
3010,-5.44,1,716.924,-1.0720253,1.8563155,2,1
3011,-5.35,1,716.924,-0.7076111,2.1671875,2,1
3012,-5.37,1,716.924,0.02263552,1.3693448,2,1
3013,-6.22,0,722.887,1.9720573,4.5589123,6,1
3014,-5.58,1,730.951,2.363195,5.147885,6,1
3015,-5.41,1,730.951,-1.3260099,2.7741864,2,1
3016,-6.56,0,736.914,-0.15093035,1.3157455,2,1
3017,-6.33,0,736.914,-1.053521,2.2353113,2,1
3018,-5.32,1,730.951,-0.7792791,1.767847,2,1
3019,-6.07,0,736.914,-0.9982323,1.498498,2,1
3020,-5.96,1,736.914,3.2897832,5.2456417,6,1
3021,-5.34,1,736.914,-0.3702947,3.1153204,2,1
3022,-5.53,1,750.941,1.5942737,5.606394,6,1
3023,-5.53,1,750.941,1.6420732,4.0938206,6,1
3024,-6.06,0,756.904,-0.7016574,2.9739885,2,1
3025,-5.65,1,770.931,4.179317,0.23935357,5,2
3026,-6.67,0,654.853,3.7440672,3.3025012,7,1
3027,-10.0,0,654.853,1.0609136,1.1560183,2,1
3028,-10.0,0,654.853,2.144786,1.8466594,7,1
3029,-4.82,1,654.853,4.348355,3.8110292,7,1
3030,-5.14,1,654.853,3.8497376,3.2798991,7,1
3031,-5.24,1,654.853,4.2440395,1.328806,5,2
3032,-6.58,0,654.853,3.3552685,2.8608305,7,1
3033,-6.91,0,668.88,1.9730874,1.7385871,7,1
3034,-6.67,0,668.88,4.6352196,0.87138796,5,2
3035,-10.0,0,668.88,3.8995423,0.9796225,5,2
3036,-10.0,0,668.88,4.020313,0.5351908,5,2
3037,-6.39,0,668.88,0.56360435,1.8215163,2,1
3038,-6.35,0,668.88,2.5954037,1.8636833,7,1
3039,-6.28,0,668.88,3.3095016,2.927993,7,1
3040,-5.69,1,668.88,3.8567429,4.414267,7,1
3041,-5.4,1,668.88,2.127104,2.3272972,3,1
3042,-5.72,1,668.88,0.8744447,2.790574,3,1
3043,-6.52,0,668.88,2.0018358,2.37897,3,1
3044,-6.55,0,668.88,0.16075677,0.97067535,2,1
3045,-6.21,0,668.88,0.63395447,1.9067996,3,1
3046,-6.27,0,668.88,4.5133505,1.2716187,5,2
3047,-5.53,1,668.88,1.5655063,2.6777146,3,1
3048,-5.68,1,668.88,3.2919726,3.6698673,7,1
3049,-5.61,1,668.88,2.8472886,3.1111293,7,1
3050,-5.3,1,668.88,1.5385083,2.8888025,2,1
3051,-6.46,0,668.88,1.2201266,1.3715242,2,1
3052,-6.04,0,668.88,0.9999583,1.432256,2,1
3053,-5.62,1,668.88,-0.50592023,1.11099,2,1
3054,-10.0,0,682.907,-0.03829895,1.8469748,2,1
3055,-5.2,1,682.907,2.3907154,4.0823836,6,1
3056,-6.26,0,682.907,0.64358157,2.4171212,2,1
3057,-6.14,0,682.907,0.3978206,2.0639458,2,1
3058,-5.65,1,682.907,0.92903054,1.7947186,2,1
3059,-5.7,1,682.907,0.0020312495,1.9964808,2,1
3060,-5.69,1,682.907,3.440023,3.885697,7,1
3061,-4.82,1,682.907,0.9207556,2.4994729,3,1
3062,-4.92,1,682.907,1.9308488,3.5110507,5,1
3063,-6.67,0,688.87,0.627473,1.3528606,2,1
3064,-6.46,0,688.87,3.4108818,0.91698956,5,-1
3065,-5.62,1,688.87,2.9843426,4.1582875,6,1
3066,-5.18,1,682.907,1.0602473,1.4719315,2,1
3067,-5.11,1,682.907,2.081414,2.9808166,6,1
3068,-5.41,1,682.907,1.7810597,1.5823377,2,1
3069,-5.46,1,682.907,1.6621908,2.8523383,7,1
3070,-4.89,1,682.907,0.68724096,1.32135,2,1
3071,-6.69,0,688.87,1.1778347,1.2193046,2,1
3072,-6.32,0,688.87,2.9533885,2.6831937,7,1
3073,-6.34,0,688.87,-0.071759544,2.0229156,2,1
3074,-5.56,1,688.87,2.865571,2.3017323,7,1
3075,-5.07,1,682.907,0.20201768,2.0847912,2,1
3076,-5.17,1,682.907,-0.79425514,1.8543208,2,1
3077,-6.54,0,688.87,0.20643681,2.7206633,3,1
3078,-6.04,0,688.87,0.40451068,1.8804473,2,1
3079,-5.88,1,688.87,3.0869708,4.2777095,6,1
3080,-5.84,1,696.934,4.1839056,0.5345938,5,2
3081,-5.03,1,696.934,-1.0170604,1.953867,2,1
3082,-6.26,0,702.897,1.9698907,3.6204693,5,1
3083,-6.23,0,702.897,0.97735,2.7932131,3,1
3084,-5.04,1,702.897,4.0656123,3.4981627,7,1
3085,-5.49,1,702.897,0.27564037,1.8161687,2,1
3086,-5.0,1,696.934,-0.4874958,2.5032487,3,1
3087,-5.49,1,702.897,4.1648393,2.9836445,7,1
3088,-6.1,0,702.897,2.8588402,2.8799164,7,1
3089,-10.0,0,702.897,-0.28736663,2.628062,2,1
3090,-5.76,1,702.897,0.2904407,2.4355762,2,1
3091,-5.77,1,702.897,1.5445621,3.801222,6,1
3092,-5.45,1,702.897,4.286213,7.056433,3,0
3093,-5.09,1,702.897,0.06194643,1.4181992,2,1
3094,-10.0,0,702.897,-1.058607,1.8831806,2,1
3095,-6.46,0,702.897,2.9237006,2.490156,2,1
3096,-5.81,1,702.897,0.26685792,2.4149396,2,1
3097,-5.74,1,702.897,4.395627,6.0228143,3,-1
3098,-6.29,0,716.924,2.0612493,3.5160437,7,1
3099,-6.27,0,716.924,-0.6920103,2.1477888,2,1
3100,-5.1,1,716.924,-1.122898,1.7480651,2,1
3101,-10.0,0,716.924,2.7613854,4.360776,6,1
3102,-6.31,0,716.924,4.7236023,2.6987352,5,1
3103,-5.99,1,716.924,6.044149,7.210916,0,4
3104,-6.22,0,716.924,-1.1091759,1.8658973,2,1
3105,-5.73,1,716.924,3.1718853,4.558245,5,1
3106,-5.08,1,716.924,2.2536435,4.979107,6,1
3107,-5.28,1,716.924,-1.0379425,2.1476355,2,1
3108,-6.01,0,722.887,4.2325463,0.68889964,5,2
3109,-10.0,0,716.924,-0.19669434,1.4527,2,1
3110,-6.2,0,716.924,4.1283045,0.27013016,5,2
3111,-6.0,1,716.924,-0.0021382729,2.8750668,2,1
3112,-5.19,1,716.924,1.407044,2.8211281,2,1
3113,-6.03,0,722.887,-1.2819113,1.6206222,2,1
3114,-6.34,0,736.914,-0.21258783,1.0490571,2,1
3115,-10.0,0,736.914,1.1118453,2.5273976,3,1
3116,-5.67,1,736.914,1.4091018,3.6935527,6,1
3117,-5.99,1,750.941,-2.082903,3.714838,3,1
3118,-6.79,0,756.904,3.8516748,0.871705,5,2
3119,-6.43,0,654.853,1.0391225,1.2359262,2,1
3120,-10.0,0,654.853,1.3365827,1.3491783,2,1
3121,-6.34,0,654.853,4.5349116,6.47388,3,0
3122,-6.8,0,654.853,3.7118351,3.3026314,7,1
3123,-6.34,0,654.853,4.009317,4.110323,7,1
3124,-6.61,0,654.853,0.73163474,1.7182572,2,1
3125,-6.75,0,668.88,0.73584175,1.7685152,2,1
3126,-6.1,0,668.88,-0.38705915,0.98000294,2,1
3127,-6.2,0,668.88,1.579881,3.0208416,2,1
3128,-10.0,0,668.88,3.7599688,6.9545016,3,0
3129,-6.99,0,668.88,3.16959,3.2412987,7,1
3130,-10.0,0,668.88,3.079254,3.802679,7,1
3131,-5.85,1,668.88,0.17223793,1.9411205,2,1
3132,-5.93,1,668.88,3.940226,0.9935798,5,2
3133,-5.38,1,668.88,3.2277608,4.2571664,7,1
3134,-5.49,1,668.88,1.5545588,2.5540502,3,1
3135,-5.24,1,668.88,4.6705723,6.0903363,0,0
3136,-6.61,0,668.88,3.9708278,0.99847656,5,2
3137,-6.15,0,668.88,4.382633,1.0492703,5,2
3138,-5.19,1,668.88,2.878278,2.4988294,7,1
3139,-5.2,1,668.88,2.6522167,1.9067504,7,1
3140,-5.42,1,668.88,3.3590417,3.0060384,7,1
3141,-5.99,1,668.88,1.7269167,2.9190717,3,1
3142,-5.64,1,668.88,1.3463967,2.5492752,3,1
3143,-5.16,1,668.88,2.6097546,2.0207324,7,1
3144,-5.43,1,682.907,1.1461103,1.2194362,2,1
3145,-6.25,0,682.907,0.483509,1.7463254,2,1
3146,-5.47,1,682.907,1.6135597,2.6740592,7,1
3147,-6.27,0,682.907,1.6212089,2.8536878,3,1
3148,-5.66,1,682.907,2.4859347,1.8522999,2,1
3149,-5.3,1,682.907,0.7792049,1.86927,2,1
3150,-5.07,1,682.907,2.3144894,4.1483054,6,1
3151,-4.89,1,682.907,1.4810544,3.060443,2,1
3152,-6.72,0,688.87,0.7228039,2.031475,2,1
3153,-6.42,0,688.87,1.2976277,1.0148742,2,1
3154,-5.73,1,688.87,4.3081574,1.0890582,5,2
3155,-5.82,1,682.907,-0.35783112,1.3094667,2,1
3156,-5.23,1,682.907,3.3735538,3.444083,7,1
3157,-5.94,1,682.907,4.169559,0.6995913,5,2
3158,-5.47,1,682.907,3.6549373,4.8781977,7,1
3159,-5.5,1,682.907,2.9756725,3.2109509,7,1
3160,-4.88,1,682.907,3.8405514,3.9757183,7,1
3161,-10.0,0,682.907,4.3058195,1.0676979,5,2
3162,-4.91,1,682.907,1.4944236,3.0484033,6,1
3163,-6.75,0,688.87,1.4749517,3.103723,6,1
3164,-5.89,1,688.87,0.4513781,2.124283,2,1
3165,-5.99,1,688.87,2.8078434,3.5630658,6,1
3166,-5.48,1,688.87,0.42884427,1.883272,2,1
3167,-5.57,1,682.907,0.46504357,2.1962733,2,1
3168,-4.81,1,682.907,0.79377556,1.4800249,2,1
3169,-4.87,1,682.907,-0.5694119,1.7409705,2,1
3170,-6.06,0,688.87,0.23386244,3.0022683,2,1
3171,-5.82,1,688.87,2.46801,3.7357018,6,1
3172,-5.68,1,688.87,1.2053665,1.8525827,2,1
3173,-5.68,1,696.934,-0.33654118,2.104051,2,1
3174,-5.07,1,696.934,0.6352926,2.8061574,3,1
3175,-6.37,0,702.897,1.1024961,2.325767,2,1
3176,-6.01,0,702.897,3.6474824,4.301477,7,1
3177,-6.09,0,702.897,-0.34358665,2.0721393,2,1
3178,-5.66,1,702.897,-0.044475853,2.1614025,2,1
3179,-5.2,1,702.897,0.737683,1.4590129,2,1
3180,-5.02,1,696.934,0.34752664,2.8261168,2,1
3181,-4.99,1,696.934,-0.17748319,2.0781991,2,1
3182,-5.01,1,696.934,1.966681,3.7638493,6,1
3183,-10.0,0,702.897,3.7646604,4.4122376,7,1
3184,-6.1,0,702.897,4.1997333,0.72910625,5,2
3185,-5.9,1,702.897,0.30741343,1.4541607,2,1
3186,-5.48,1,702.897,0.049906142,1.70239,2,1
3187,-5.89,1,702.897,1.8164734,3.2991955,6,1
3188,-5.06,1,702.897,4.5817103,3.3169467,7,1
3189,-5.18,1,702.897,2.1667464,2.4607673,3,1
3190,-5.0,1,696.934,-0.051337752,2.3182473,2,1
3191,-10.0,0,702.897,2.9232628,4.1911416,6,1
3192,-6.49,0,702.897,0.14899574,1.4649701,2,1
3193,-5.04,1,702.897,4.244339,1.3722581,5,2
3194,-5.44,1,702.897,0.48674318,2.9571712,3,1
3195,-5.2,1,702.897,3.3885128,5.0457554,6,1
3196,-5.81,1,716.924,2.0702968,2.3991818,3,1
3197,-5.48,1,716.924,0.2879348,2.6452148,2,1
3198,-5.69,1,716.924,3.1459408,4.345069,6,1
3199,-5.54,1,716.924,0.19543898,2.3789427,2,1
3200,-5.57,1,716.924,3.75118,7.042522,3,0
3201,-5.25,1,716.924,2.8784144,3.1248212,2,1
3202,-5.0,1,716.924,2.180067,5.1076283,6,1
3203,-5.26,1,716.924,2.895682,3.318,2,1
3204,-6.15,0,722.887,4.1135974,6.982627,3,0
3205,-5.34,1,716.924,1.6016836,3.8927608,6,1
3206,-5.27,1,716.924,-0.08243653,1.8213282,2,1
3207,-5.37,1,716.924,-0.32537672,3.149746,3,1
3208,-5.74,1,722.887,3.0795734,2.2480583,2,1
3209,-5.3,1,730.951,3.7841423,6.592568,3,0
3210,-5.54,1,736.914,2.0643222,5.067034,6,1
3211,-5.29,1,730.951,0.043774676,2.9272947,2,1
3212,-5.8,1,736.914,3.4368348,2.7602522,7,1
3213,-5.57,1,736.914,-0.5638508,1.3653657,2,1
3214,-5.63,1,750.941,2.4552417,4.7400227,6,1
3215,-6.17,0,756.904,4.3269067,0.44808033,5,2
3216,-5.29,1,668.88,3.5551713,4.243331,7,1
3217,-5.8,1,668.88,0.7237846,1.9221746,2,1
3218,-10.0,0,668.88,1.1144552,2.6994762,3,1
3219,-5.61,1,668.88,4.9501615,6.798058,3,0
3220,-6.33,0,668.88,1.0720761,1.296271,2,1
3221,-6.05,0,668.88,-0.51077306,1.046203,2,1
3222,-5.42,1,668.88,3.3396904,2.2067523,7,1
3223,-5.08,1,682.907,2.1325116,4.208398,6,1
3224,-5.19,1,682.907,0.62957954,3.739172,3,1
3225,-4.68,1,682.907,3.5793383,4.0612397,7,1
3226,-5.73,1,682.907,4.055369,1.3411841,5,2
3227,-6.01,0,682.907,0.84384257,2.7812896,3,1
3228,-5.12,1,682.907,1.744105,1.3684189,2,1
3229,-5.07,1,682.907,3.716211,3.9592226,7,1
3230,-5.13,1,682.907,3.226598,3.980925,7,1
3231,-4.9,1,682.907,4.0926104,3.388817,7,1
3232,-4.83,1,682.907,1.6860229,1.9435478,2,1
3233,-4.88,1,682.907,3.6427956,3.7722728,7,1
3234,-6.0,1,682.907,2.8039894,3.3683033,7,1
3235,-5.78,1,682.907,0.4271504,2.562403,2,1
3236,-5.73,1,682.907,0.24168944,1.5902385,2,1
3237,-5.76,1,682.907,1.1969748,2.2730806,2,1
3238,-5.09,1,682.907,-0.33951533,2.1454964,2,1
3239,-5.0,1,682.907,5.1283917,6.8494153,3,0
3240,-5.11,1,682.907,0.9584418,1.941599,2,1
3241,-4.94,1,682.907,-0.58483654,1.1571134,2,1
3242,-5.86,1,682.907,4.270693,1.0064085,5,2
3243,-5.97,1,682.907,0.19299157,1.0193592,2,1
3244,-4.79,1,696.934,0.40398166,3.076331,3,1
3245,-4.86,1,696.934,2.59185,5.337171,6,1
3246,-4.85,1,696.934,1.9173961,3.8579326,6,1
3247,-6.07,0,696.934,-0.68393195,2.0826597,2,1
3248,-4.74,1,696.934,2.5205371,5.439359,6,1
3249,-4.72,1,696.934,2.9154503,3.0472333,7,1
3250,-4.62,1,696.934,0.44239134,1.5440334,2,1
3251,-4.98,1,696.934,0.05659335,2.3988261,2,1
3252,-4.0,1,696.934,1.1299146,2.158819,2,1
3253,-4.0,1,696.934,-0.44331136,2.2823837,2,1
3254,-4.0,1,696.934,0.0134056015,1.988622,2,1
3255,-5.0,1,702.897,1.0744697,2.0784533,2,1
3256,-5.11,1,702.897,2.0425582,3.5597897,5,1
3257,-5.08,1,696.934,0.8593457,1.3716601,2,1
3258,-4.5,1,696.934,4.467355,0.7651562,5,2
3259,-4.0,1,696.934,0.56301415,1.3232538,2,1
3260,-4.67,1,696.934,0.45433074,3.9361954,2,1
3261,-4.69,1,696.934,-0.8864082,1.9336487,2,1
3262,-5.44,1,702.897,3.5829263,4.239958,7,1
3263,-5.83,1,702.897,-0.25194144,1.361297,2,1
3264,-5.73,1,702.897,-0.94904137,1.9059194,2,1
3265,-5.35,1,702.897,-0.060987,1.7564381,2,1
3266,-4.0,1,696.934,0.048539076,1.9980696,2,1
3267,-10.0,0,702.897,-0.27548495,2.7882085,2,1
3268,-5.88,1,702.897,1.6684867,3.169871,3,1
3269,-5.36,1,702.897,-0.3195129,2.5630944,2,1
3270,-4.0,1,710.961,0.50252587,3.3116162,2,1
3271,-4.4,1,710.961,2.3648953,5.967576,6,1
3272,-4.0,1,710.961,0.34264016,3.3567176,2,1
3273,-4.0,1,710.961,4.0704017,0.31050232,5,2
3274,-5.84,1,716.924,-0.8069802,2.067155,2,1
3275,-5.16,1,716.924,-0.15158394,3.1831188,2,1
3276,-5.17,1,716.924,0.23875755,1.4818066,2,1
3277,-4.84,1,710.961,4.1929045,0.44896585,5,2
3278,-4.0,1,710.961,4.710078,7.248194,3,0
3279,-4.72,1,710.961,-1.1651247,1.8342489,2,1
3280,-5.8,1,716.924,0.54674965,2.3607059,3,1
3281,-10.0,0,716.924,0.9522564,3.5704625,3,1
3282,-10.0,0,716.924,-1.8457253,2.1947362,2,1
3283,-5.27,1,716.924,-0.060380697,2.2651377,2,1
3284,-4.88,1,716.924,0.3094601,3.2058759,3,1
3285,-4.9,1,716.924,0.55240655,4.369927,4,1
3286,-4.99,1,716.924,-0.51063704,2.256768,3,1
3287,-4.94,1,716.924,-1.1293474,2.1748233,2,1
3288,-4.98,1,716.924,-0.14455709,2.4963465,2,1
3289,-6.08,0,716.924,1.5232991,2.0289855,3,1
3290,-5.15,1,716.924,2.8729572,3.3581586,7,1
3291,-4.77,1,716.924,-0.7729757,2.0543075,2,1
3292,-5.93,1,730.951,0.056657992,2.8974721,2,1
3293,-5.86,1,730.951,3.220313,3.5526443,7,1
3294,-4.67,1,730.951,4.1282673,0.6986694,5,2
3295,-4.67,1,730.951,2.046758,5.7387424,6,1
3296,-6.18,0,730.951,0.5958755,4.465696,5,1
3297,-5.69,1,730.951,-0.562832,3.0178387,2,1
3298,-5.56,1,730.951,2.8275912,3.6438904,7,1
3299,-4.0,1,730.951,2.3201087,5.7122035,6,1
3300,-4.82,1,730.951,-0.7657179,3.8740797,2,1
3301,-4.76,1,730.951,-0.1412116,4.0657425,2,1
3302,-5.48,1,736.914,0.070118785,1.5875435,2,1
3303,-5.75,1,730.951,2.7939415,6.477821,3,1
3304,-4.81,1,730.951,-1.1267266,3.5438025,2,1
3305,-5.48,1,736.914,3.7825458,5.3011765,7,1
3306,-5.38,1,744.978,-0.23017809,5.4703417,4,1
3307,-4.89,1,744.978,4.791862,0.4476834,5,2
3308,-4.75,1,744.978,2.1576762,5.728333,6,1
3309,-6.17,0,750.941,1.2836221,5.0005846,6,1
3310,-6.07,0,750.941,4.0049787,0.5589253,5,2
3311,-5.03,1,750.941,-0.79963416,3.3229835,2,1
3312,-4.54,1,744.978,4.089243,7.2457895,3,0
3313,-6.11,0,750.941,-0.7164364,3.3057957,2,1
3314,-5.75,1,750.941,-1.3178109,2.43276,2,1
3315,-5.14,1,750.941,1.5077921,4.815249,6,1
3316,-4.9,1,764.968,1.1987444,5.6145687,6,1
3317,-5.28,1,764.968,1.3318754,4.215614,4,1
3318,-5.71,1,770.931,-1.8516867,3.4159575,2,1
3319,-10.0,0,668.88,4.3418036,1.118892,5,2
3320,-5.4,1,668.88,4.62697,6.5218186,3,0
3321,-6.12,0,668.88,3.7335658,3.13763,7,1
3322,-5.49,1,668.88,2.851609,3.8111527,7,1
3323,-10.0,0,668.88,0.19949535,1.2094259,2,1
3324,-6.36,0,668.88,0.79053444,2.075501,2,1
3325,-5.08,1,668.88,2.4743192,2.5587857,7,1
3326,-6.26,0,668.88,2.5031996,3.768847,6,1
3327,-5.8,1,682.907,0.78347164,2.0271106,2,1
3328,-5.25,1,682.907,4.3938003,6.0625253,3,-1
3329,-4.94,1,682.907,0.99444556,1.9909391,2,1
3330,-5.55,1,682.907,2.9465842,2.8681636,7,1
3331,-5.19,1,682.907,3.0541182,4.1603646,6,1
3332,-5.14,1,682.907,3.0796258,3.4010932,7,1
3333,-5.16,1,682.907,0.6151318,2.0643811,2,1
3334,-5.05,1,682.907,1.5827861,3.3446186,5,1
3335,-4.97,1,682.907,2.8544555,2.7979116,2,1
3336,-5.38,1,682.907,0.63588136,2.0303876,2,1
3337,-5.28,1,682.907,0.38827655,1.9872732,2,1
3338,-5.37,1,682.907,3.1117165,3.0917902,7,1
3339,-5.02,1,682.907,2.666289,1.6758803,5,1
3340,-5.13,1,682.907,0.99426305,2.2174237,2,1
3341,-5.02,1,682.907,2.545137,1.930764,7,1
3342,-5.16,1,682.907,0.47451127,2.684608,2,1
3343,-5.4,1,682.907,-0.98440105,1.5689551,2,1
3344,-5.79,1,682.907,1.5102488,3.5445662,5,1
3345,-4.79,1,696.934,1.6328765,3.2594812,3,1
3346,-4.82,1,696.934,3.035812,3.392315,7,1
3347,-5.7,1,696.934,0.4743098,3.1741254,3,1
3348,-4.96,1,696.934,1.4534224,3.9756093,6,1
3349,-4.86,1,696.934,2.7486162,3.8714464,7,1
3350,-4.78,1,696.934,1.1794807,2.1901667,2,1
3351,-5.21,1,696.934,2.9365618,3.2624407,7,1
3352,-4.85,1,696.934,4.194608,5.7074594,7,1
3353,-5.77,1,702.897,0.7909094,2.7221036,2,1
3354,-5.07,1,702.897,1.2830076,3.4168704,2,1
3355,-4.86,1,696.934,-0.4492003,2.28212,3,1
3356,-4.75,1,696.934,1.617986,3.2436996,3,1
3357,-4.85,1,696.934,1.0028448,3.3727202,2,1
3358,-4.81,1,696.934,0.8403063,1.6522422,2,1
3359,-4.8,1,696.934,-0.17804345,2.818757,3,1
3360,-4.73,1,696.934,3.6258764,4.0616665,7,1
3361,-4.81,1,696.934,0.53662974,2.541941,2,1
3362,-10.0,0,702.897,3.4960554,4.1695414,7,1
3363,-5.97,1,702.897,-0.56735355,1.61364,2,1
3364,-5.69,1,702.897,-0.04475186,2.8133142,2,1
3365,-4.77,1,696.934,-0.71525264,1.4109124,2,1
3366,-5.78,1,702.897,0.42189258,3.1409764,3,1
3367,-5.77,1,702.897,4.173691,0.5309121,5,2
3368,-5.22,1,702.897,2.9390776,3.9457378,7,1
3369,-4.8,1,710.961,-0.085856035,2.5800474,2,1
3370,-4.76,1,710.961,1.8739475,5.175632,6,1
3371,-6.22,0,716.924,3.766479,1.2677549,5,2
3372,-5.13,1,716.924,1.0259413,3.2782705,3,1
3373,-5.3,1,716.924,-0.50955445,2.2479322,2,1
3374,-5.26,1,716.924,3.3227093,4.834489,6,1
3375,-4.94,1,716.924,-1.105737,2.1830513,2,1
3376,-4.77,1,710.961,4.584536,0.7063191,5,2
3377,-4.85,1,710.961,0.591497,4.5704713,4,1
3378,-5.89,1,716.924,4.213245,4.324179,7,1
3379,-5.26,1,716.924,-1.2275174,2.0630157,2,1
3380,-5.09,1,716.924,-1.0398748,2.1224391,2,1
3381,-5.14,1,716.924,0.18569332,1.6266704,2,1
3382,-4.73,1,716.924,4.7508993,0.77061063,5,2
3383,-4.77,1,710.961,4.5199094,0.61683875,5,2
3384,-5.96,1,716.924,3.4721825,4.315748,7,1
3385,-5.07,1,716.924,4.2020035,7.104666,3,0
3386,-5.07,1,716.924,0.34988588,3.6541033,2,1
3387,-4.93,1,716.924,1.5615494,4.5704546,6,1
3388,-5.66,1,730.951,1.5131649,3.7551332,6,1
3389,-5.29,1,730.951,3.815526,5.085225,7,1
3390,-4.97,1,730.951,-1.1809756,3.4576344,3,1
3391,-5.01,1,730.951,-0.47298557,2.318958,2,1
3392,-5.51,1,730.951,2.960803,6.4978385,3,-1
3393,-5.3,1,730.951,1.8956885,5.3594713,6,1
3394,-5.42,1,730.951,4.950415,0.86903226,5,2
3395,-4.94,1,730.951,3.8992956,7.1437955,3,0
3396,-5.43,1,736.914,-1.7287344,2.8898532,2,1
3397,-4.85,1,730.951,-1.5469201,3.2224975,2,1
3398,-4.85,1,730.951,2.976611,3.5495172,4,1
3399,-4.94,1,730.951,2.2295585,5.8172426,6,1
3400,-5.49,1,736.914,0.36979857,3.7875504,4,1
3401,-5.22,1,744.978,-0.60244894,4.681109,4,1
3402,-5.9,1,750.941,-1.4058267,2.8070276,2,1
3403,-5.42,1,750.941,-0.8305161,3.70087,2,1
3404,-5.1,1,744.978,-1.0850816,2.1966224,2,1
3405,-6.01,0,750.941,2.6354475,4.57063,6,1
3406,-5.89,1,750.941,1.8088543,5.974276,5,1
3407,-5.3,1,750.941,-1.6651628,2.723597,2,1
3408,-5.54,1,764.968,-0.7326864,3.6593795,3,1
3409,-5.36,1,764.968,1.904555,6.268277,4,1
3410,-6.11,0,770.931,-1.2934035,5.0667024,5,1
3411,-5.06,1,668.88,2.6887972,3.0290375,6,1
3412,-6.11,0,668.88,0.61986035,1.8690294,2,1
3413,-10.0,0,668.88,-0.05713927,0.9470698,2,1
3414,-5.15,1,668.88,4.129565,4.4702735,7,1
3415,-6.06,0,668.88,4.285097,2.8759887,7,1
3416,-6.01,0,668.88,2.4546285,4.296431,5,1
3417,-6.68,0,668.88,4.237016,3.0685992,7,1
3418,-10.0,0,682.907,0.7999265,2.9229,3,1
3419,-5.7,1,682.907,-0.20280759,2.8399868,2,1
3420,-4.99,1,682.907,4.5313597,6.950887,3,0
3421,-5.71,1,682.907,3.4193478,3.4487627,7,1
3422,-5.59,1,682.907,2.8718734,2.7854888,7,1
3423,-6.18,0,682.907,-0.31953406,1.1150957,2,1
3424,-5.51,1,682.907,4.3120995,5.489789,7,1
3425,-5.06,1,682.907,3.8526425,1.5060867,5,-1
3426,-5.05,1,682.907,4.270241,1.2250417,5,2
3427,-5.88,1,682.907,4.1909337,0.9251123,5,2
3428,-6.19,0,682.907,0.9033893,1.7007675,2,1
3429,-5.34,1,682.907,3.4245462,4.917633,6,1
3430,-5.49,1,682.907,2.1223202,2.3883595,2,1
3431,-5.43,1,682.907,2.0615792,1.9030709,3,1
3432,-4.89,1,682.907,2.796321,2.7669873,2,1
3433,-5.29,1,682.907,2.8242877,4.7700195,6,1
3434,-5.43,1,682.907,4.171556,0.8477379,5,2
3435,-5.04,1,682.907,0.52086157,2.1870914,2,1
3436,-5.19,1,696.934,-1.0717885,2.015847,2,1
3437,-5.15,1,696.934,0.48857576,2.8908277,2,1
3438,-5.37,1,696.934,-0.004445218,1.9543495,2,1
3439,-4.86,1,696.934,0.16822888,1.4824194,2,1
3440,-6.02,0,702.897,-0.05133338,3.037297,2,1
3441,-5.2,1,702.897,1.0817319,2.2936003,3,1
3442,-5.08,1,696.934,-0.027515208,2.3120956,2,1
3443,-5.26,1,696.934,4.717636,6.920563,3,0
3444,-4.92,1,696.934,5.0940065,0.8124013,5,2
3445,-4.96,1,696.934,3.9395535,5.5703893,6,1
3446,-4.87,1,696.934,3.8371549,5.4053674,6,1
3447,-6.08,0,702.897,3.2305973,2.5898373,7,1
3448,-5.79,1,702.897,-1.5830314,1.8994234,2,1
3449,-4.92,1,696.934,1.4925777,4.1242833,6,1
3450,-10.0,0,702.897,-0.09844143,2.2285168,3,1
3451,-5.22,1,702.897,-0.6740546,1.3984877,2,1
3452,-4.84,1,710.961,-0.6425916,2.3578734,2,1
3453,-4.84,1,710.961,-0.8183062,2.4032085,2,1
3454,-5.02,1,710.961,0.070503905,3.4308815,2,1
3455,-5.2,1,716.924,-0.50166196,2.2183945,2,1
3456,-5.35,1,716.924,-0.14562368,2.3695095,2,1
3457,-4.91,1,710.961,-1.4268839,2.1288915,2,1
3458,-6.12,0,716.924,3.4918256,3.6251628,7,1
3459,-5.95,1,716.924,2.9408438,4.3898544,6,1
3460,-5.7,1,716.924,0.10399584,2.467688,2,1
3461,-5.68,1,716.924,0.36972052,3.499831,2,1
3462,-5.61,1,716.924,3.0393462,3.3699424,7,1
3463,-5.11,1,716.924,0.5573101,3.404265,2,1
3464,-5.19,1,716.924,4.0677533,6.790138,3,0
3465,-10.0,0,716.924,3.9794457,3.1110275,7,1
3466,-5.31,1,716.924,-0.8959973,2.199539,2,1
3467,-5.56,1,716.924,0.032359347,2.2765098,2,1
3468,-5.23,1,716.924,3.2049346,3.174196,7,1
3469,-5.75,1,730.951,3.1082797,3.5323417,7,1
3470,-5.53,1,730.951,3.86949,4.5889106,7,1
3471,-5.18,1,730.951,-1.0886419,2.2591357,2,1
3472,-10.0,0,730.951,-0.5652673,2.1245131,2,1
3473,-5.6,1,730.951,-0.057446297,2.6334748,2,1
3474,-5.44,1,730.951,-0.16878492,5.6278057,4,1
3475,-5.17,1,730.951,-0.733975,3.2548082,3,1
3476,-4.99,1,730.951,1.9424506,5.718424,6,1
3477,-5.22,1,730.951,-0.78810793,2.8649778,2,1
3478,-5.72,1,736.914,-0.23616382,1.7218243,2,1
3479,-5.1,1,730.951,2.5528126,3.7722046,7,1
3480,-10.0,0,736.914,-0.03939036,2.5374043,2,1
3481,-5.19,1,744.978,-1.1765676,2.464623,2,1
3482,-5.89,1,750.941,0.7526737,4.9282203,4,1
3483,-5.9,1,750.941,-0.9227138,3.8971877,4,1
3484,-5.64,1,750.941,-1.5047088,2.4535568,2,1
3485,-5.22,1,744.978,1.6913971,5.648488,6,1
3486,-10.0,0,750.941,4.005027,0.15354067,5,2
3487,-5.81,1,750.941,4.235182,0.9323219,5,2
3488,-5.43,1,750.941,-0.003025532,4.192609,2,1
3489,-5.45,1,764.968,4.073665,0.792685,5,2
3490,-6.22,0,770.931,0.07211102,4.468116,4,1
3491,-5.23,1,668.88,1.1139921,1.4919659,2,1
3492,-6.55,0,668.88,0.28848127,1.9970118,2,1
3493,-6.13,0,668.88,0.46247593,1.173272,2,1
3494,-5.26,1,668.88,4.2508993,3.4117377,7,1
3495,-6.39,0,668.88,1.1366059,1.4328527,2,1
3496,-6.12,0,668.88,2.6969788,2.860841,6,1
3497,-6.41,0,668.88,4.1480446,4.521866,6,1
3498,-7.2,0,668.88,2.064777,3.6145892,6,1
3499,-5.97,1,682.907,1.504692,3.3631217,5,1
3500,-5.86,1,682.907,0.14556877,2.7452443,2,1
3501,-5.52,1,682.907,2.0569954,3.8299096,6,1
3502,-5.76,1,682.907,-0.21306998,2.2647874,2,1
3503,-5.25,1,682.907,0.8012833,1.3868028,2,1
3504,-5.18,1,682.907,1.38538,2.3363812,2,1
3505,-5.51,1,682.907,4.010047,3.502154,7,1
3506,-5.18,1,682.907,2.0914114,4.3370895,6,1
3507,-5.2,1,682.907,4.3550014,1.2613926,5,2
3508,-5.72,1,682.907,2.8399975,4.689059,6,1
3509,-5.53,1,682.907,2.3397014,4.2806854,6,1
3510,-5.41,1,682.907,4.075863,0.49044544,5,2
3511,-5.46,1,682.907,3.570241,3.9674823,7,1
3512,-4.96,1,682.907,4.105368,5.4123964,7,1
3513,-5.1,1,682.907,3.7791219,4.146553,7,1
3514,-5.29,1,682.907,-0.22824155,2.0053074,2,1
3515,-5.4,1,682.907,3.08046,4.4946585,5,1
3516,-5.41,1,682.907,2.0603967,4.3796034,6,1
3517,-4.83,1,696.934,0.44748238,4.0472803,3,1
3518,-5.25,1,696.934,4.3758683,6.1753516,3,0
3519,-4.95,1,696.934,1.2566936,2.5384636,3,1
3520,-5.05,1,696.934,0.013111671,2.5860043,2,1
3521,-5.09,1,696.934,2.1518161,4.03294,6,1
3522,-5.04,1,696.934,2.7093377,4.318944,6,1
3523,-5.06,1,696.934,-0.67689663,2.1504517,2,1
3524,-6.04,0,702.897,0.67514056,3.0277429,3,1
3525,-5.63,1,702.897,-0.20423242,2.2452428,2,1
3526,-5.55,1,696.934,0.39898112,1.5102161,2,1
3527,-4.96,1,696.934,0.1773606,2.0331848,2,1
3528,-4.84,1,696.934,-0.494031,1.919105,2,1
3529,-4.91,1,696.934,2.898344,3.4852192,7,1
3530,-4.82,1,696.934,1.8946353,3.8845365,5,1
3531,-4.89,1,696.934,1.6464297,2.5804505,3,1
3532,-5.04,1,696.934,2.0436883,4.6638293,6,1
3533,-10.0,0,702.897,0.28406233,2.2426846,2,1
3534,-5.28,1,702.897,0.061335057,3.1167643,3,1
3535,-5.69,1,702.897,0.256372,2.2610776,2,1
3536,-5.47,1,696.934,-0.27158836,1.3513918,2,1
3537,-4.87,1,696.934,0.16708057,2.2788458,2,1
3538,-4.85,1,696.934,0.15331668,2.5322127,2,1
3539,-6.46,0,702.897,1.1021392,2.7168176,5,1
3540,-5.83,1,702.897,4.6671834,0.9110545,5,2
3541,-4.9,1,710.961,0.5456497,4.4209023,4,1
3542,-5.06,1,710.961,0.21984407,1.5637558,2,1
3543,-5.09,1,716.924,-0.09207059,1.6871674,2,1
3544,-5.26,1,716.924,2.8143272,3.5690746,7,1
3545,-4.87,1,710.961,0.79884833,3.3753512,3,1
3546,-4.97,1,710.961,0.676489,3.440328,3,1
3547,-10.0,0,716.924,-1.1240026,2.021826,2,1
3548,-6.33,0,716.924,3.4152098,2.6665845,7,1
3549,-5.95,1,716.924,3.7121952,6.3837447,3,0
3550,-5.3,1,716.924,-0.78704035,2.4213638,2,1
3551,-5.21,1,716.924,-0.3884594,2.159796,2,1
3552,-5.21,1,716.924,2.5996068,4.0263567,6,1
3553,-5.25,1,716.924,0.64000404,3.8018112,5,1
3554,-5.52,1,716.924,2.289728,4.8518534,6,1
3555,-5.55,1,716.924,-0.73862153,2.184774,2,1
3556,-4.81,1,710.961,0.2869059,3.0229583,5,1
3557,-6.17,0,716.924,2.7901785,4.2574177,6,1
3558,-5.14,1,716.924,4.3900204,1.0115576,5,2
3559,-4.9,1,716.924,2.9016564,3.383911,7,1
3560,-5.22,1,716.924,-0.58282596,2.2366617,2,1
3561,-5.66,1,730.951,1.9710529,4.94967,6,1
3562,-5.49,1,730.951,0.38359407,3.7383618,4,1
3563,-5.09,1,730.951,-0.63867575,2.8077867,2,1
3564,-5.43,1,730.951,-0.862552,2.4523697,2,1
3565,-6.22,0,736.914,3.6747305,6.68775,3,0
3566,-5.72,1,736.914,1.4640576,4.680304,6,1
3567,-5.58,1,744.978,-1.5671824,2.679899,2,1
3568,-5.4,1,744.978,0.36573666,4.363679,4,1
3569,-5.59,1,750.941,-0.982503,2.379315,2,1
3570,-5.99,1,750.941,2.612758,4.5412936,6,1
3571,-5.31,1,750.941,-1.3991417,3.4488254,3,1
3572,-5.19,1,744.978,0.6916857,4.444584,4,1
3573,-5.45,1,750.941,0.21110074,4.0752907,2,1
3574,-10.0,0,764.968,-1.3710741,3.2937286,3,1
3575,-10.0,0,764.968,2.2540534,5.366162,6,1
3576,-6.28,0,770.931,2.4778426,6.5653543,3,1
3577,-6.56,0,780.024,-1.4456127,1.5442686,2,1
3578,-6.26,0,780.024,0.38175312,1.1600176,2,1
3579,-6.21,0,780.024,4.602381,3.4007533,5,1
3580,-6.05,0,780.024,3.568973,0.81191283,5,2
3581,-6.09,0,780.024,0.3158407,1.9316356,2,1
3582,-5.82,1,780.024,2.3343415,3.9697897,6,1
3583,-10.0,0,794.051,4.433032,1.4076341,5,2
3584,-6.41,0,794.051,1.282787,3.8570566,6,1
3585,-5.97,1,794.051,4.6589055,7.1249313,3,0
3586,-5.67,1,794.051,5.2017884,7.1187425,3,0
3587,-5.63,1,794.051,3.0315986,3.8962617,7,1
3588,-5.43,1,794.051,1.1913575,2.4944322,7,1
3589,-6.69,0,794.051,5.124409,3.2290013,1,1
3590,-6.15,0,794.051,-0.5518067,1.3928776,2,1
3591,-5.56,1,794.051,-1.7819673,2.2555923,2,1
3592,-5.2,1,794.051,-0.5882391,1.0781986,2,1
3593,-5.46,1,794.051,3.3371348,4.9932523,6,1
3594,-5.68,1,794.051,2.9180908,4.6938863,5,1
3595,-5.33,1,794.051,-1.2057608,2.062572,2,1
3596,-5.81,1,808.078,-1.1688589,2.4778445,2,1
3597,-4.99,1,808.078,2.598039,5.863599,6,1
3598,-5.19,1,808.078,2.94256,5.518153,6,1
3599,-5.2,1,808.078,-0.41103485,3.648973,3,1
3600,-5.07,1,808.078,0.35416862,3.3561556,3,1
3601,-5.25,1,808.078,1.1737782,4.445929,5,1
3602,-5.97,1,814.041,4.2866316,4.3624377,0,1
3603,-5.98,1,814.041,4.774486,0.65642816,5,2
3604,-5.96,1,808.078,-1.4275622,2.202193,2,1
3605,-5.12,1,808.078,3.7433593,6.373871,3,0
3606,-4.98,1,808.078,1.6190039,5.191271,6,1
3607,-5.17,1,808.078,-1.1746578,2.7893558,2,1
3608,-10.0,0,814.041,2.4520142,5.7719936,6,1
3609,-6.14,0,814.041,0.38530317,3.3233757,3,1
3610,-5.79,1,814.041,-1.6759994,2.3177202,2,1
3611,-5.69,1,814.041,-1.9258678,4.789809,7,1
3612,-5.02,1,808.078,-1.9090617,3.9041173,2,1
3613,-6.22,0,814.041,-2.2164621,3.90811,3,-1
3614,-5.77,1,814.041,4.6496234,7.076088,3,0
3615,-5.11,1,822.105,-1.392158,2.8824956,2,1
3616,-4.78,1,822.105,0.4896558,5.5677066,4,1
3617,-4.94,1,822.105,-0.31029096,6.112763,4,1
3618,-10.0,0,828.068,-1.7304426,3.3167357,2,1
3619,-5.6,1,828.068,-1.3899002,2.7984467,2,1
3620,-4.96,1,822.105,-0.42518556,4.367669,4,1
3621,-6.36,0,828.068,-0.6364681,3.5665824,2,1
3622,-5.36,1,828.068,0.7791877,5.7306776,4,1
3623,-5.51,1,828.068,1.4431195,5.12657,6,1
3624,-4.96,1,828.068,1.58409,4.980439,6,1
3625,-5.64,1,828.068,-0.54869556,3.3231914,2,1
3626,-10.0,0,828.068,-0.8797379,3.196985,3,1
3627,-5.18,1,828.068,-1.8139145,3.822107,2,1
3628,-5.2,1,828.068,-1.5617561,3.7874007,3,1
3629,-5.33,1,842.095,-1.5958054,3.8204672,3,1
3630,-5.9,1,842.095,0.8035016,6.3062425,4,1
3631,-5.57,1,842.095,-0.86514777,3.6999543,3,1
3632,-5.94,1,842.095,-0.48256788,3.991367,3,1
3633,-5.31,1,842.095,-0.11963037,4.8895736,4,1
3634,-5.27,1,842.095,2.0717723,6.1784806,4,1
3635,-5.09,1,842.095,2.343407,5.8965354,6,1
3636,-5.44,1,842.095,1.8157382,5.8294106,4,1
3637,-5.84,1,848.058,0.34780425,5.367215,4,1
3638,-5.61,1,842.095,-1.3222779,4.328286,4,1
3639,-5.13,1,842.095,1.7499354,6.076611,4,1
3640,-5.26,1,842.095,-1.3026009,4.538838,4,1
3641,-6.34,0,848.058,4.2301974,7.135403,3,0
3642,-5.62,1,848.058,4.072806,0.15291911,5,2
3643,-5.6,1,856.122,-1.9126055,4.9513893,4,1
3644,-5.77,1,856.122,1.0297669,4.6951733,4,1
3645,-6.12,0,862.085,4.2220182,6.888812,3,0
3646,-6.22,0,862.085,-1.390504,4.2764273,2,1
3647,-5.12,1,856.122,1.7267718,5.225506,6,1
3648,-10.0,0,862.085,0.37236488,5.401151,4,1
3649,-5.91,1,876.112,-1.268331,4.427176,4,1
3650,-10.0,0,876.112,-0.13177516,4.473733,5,1
3651,-6.28,0,882.075,-1.5044373,5.19804,4,1
3652,-6.46,0,751.97,4.242814,4.1142683,6,1
3653,-10.0,0,751.97,3.5794058,4.791156,6,1
3654,-10.0,0,751.97,4.008176,4.035622,7,1
3655,-10.0,0,751.97,4.612415,5.9774194,3,0
3656,-10.0,0,751.97,4.1652827,4.1489463,7,1
3657,-10.0,0,751.97,4.5370975,3.9147701,7,1
3658,-6.26,0,751.97,4.1223683,3.1379461,7,1
3659,-6.45,0,751.97,1.6578196,1.0865105,2,1
3660,-6.28,0,765.997,3.8141594,4.9873705,7,1
3661,-6.06,0,765.997,2.4952788,4.556636,6,1
3662,-5.63,1,765.997,3.4067967,4.020951,7,1
3663,-5.78,1,765.997,1.840306,1.0876143,2,1
3664,-6.44,0,765.997,3.3696225,4.42034,6,1
3665,-6.29,0,765.997,2.40042,2.406811,0,1
3666,-6.08,0,765.997,3.312208,4.5197444,6,1
3667,-5.92,1,765.997,4.428339,3.7262716,7,1
3668,-6.28,0,765.997,3.2012613,4.4144373,6,1
3669,-6.34,0,765.997,2.555199,4.765488,6,1
3670,-6.12,0,765.997,3.6139786,0.90943503,5,2
3671,-6.11,0,765.997,3.700644,3.9310434,7,1
3672,-6.1,0,765.997,0.5211427,2.843593,3,1
3673,-6.56,0,765.997,3.590995,2.1888883,5,1
3674,-6.21,0,765.997,3.2930834,2.6374118,7,1
3675,-6.22,0,780.024,4.273164,5.7508626,7,1
3676,-5.74,1,780.024,4.3653917,3.393101,7,1
3677,-5.66,1,780.024,3.4947033,4.303813,7,1
3678,-5.4,1,780.024,-0.73283356,1.4315403,2,1
3679,-6.1,0,780.024,3.0082595,4.442668,6,1
3680,-6.27,0,785.987,4.468741,3.4908402,7,1
3681,-6.34,0,780.024,4.6037707,1.2833966,5,2
3682,-6.17,0,780.024,-0.30375132,0.9424143,2,1
3683,-5.73,1,780.024,3.9569216,2.7102034,7,-1
3684,-5.9,1,780.024,4.369505,0.6236733,5,2
3685,-5.36,1,780.024,-0.18060175,1.2206612,2,1
3686,-5.22,1,780.024,4.9980407,2.861384,1,1
3687,-6.5,0,785.987,3.81438,1.7752432,5,-1
3688,-6.68,0,785.987,1.5256929,3.380042,5,1
3689,-6.39,0,785.987,2.890308,5.522373,6,1
3690,-6.17,0,785.987,8.339218,6.564515,0,4
3691,-5.58,1,794.051,1.2188697,3.8733146,6,1
3692,-5.23,1,794.051,1.8825772,3.8657467,5,1
3693,-5.17,1,794.051,2.2318218,4.060818,6,1
3694,-5.91,1,800.014,-0.94282025,1.2952399,2,1
3695,-5.75,1,800.014,1.4440835,3.608203,5,1
3696,-5.25,1,800.014,1.5710423,3.1614559,3,1
3697,-6.06,0,794.051,3.0133495,5.5836515,6,1
3698,-6.03,0,794.051,0.21200834,2.494705,2,1
3699,-5.19,1,794.051,2.9417057,5.2660046,6,1
3700,-6.89,0,800.014,4.751164,3.2938209,1,1
3701,-6.31,0,800.014,-0.37456334,1.1020421,2,1
3702,-6.04,0,800.014,4.767795,4.0818,0,1
3703,-6.02,0,800.014,0.39291316,2.9313915,3,1
3704,-5.6,1,800.014,3.5188966,0.8276265,5,2
3705,-5.79,1,800.014,3.7902443,4.4500365,7,1
3706,-5.94,1,800.014,4.1884313,3.155428,7,1
3707,-5.93,1,800.014,3.2839925,2.7453134,5,1
3708,-6.34,0,814.041,-1.7707393,1.9742545,2,1
3709,-5.81,1,814.041,2.0167928,5.1638026,6,1
3710,-6.03,0,814.041,1.6720718,6.362175,0,1
3711,-5.56,1,814.041,-0.3085061,3.849595,2,1
3712,-5.66,1,820.004,-0.81552243,2.0522795,2,1
3713,-5.65,1,814.041,9.702427,4.5239716,0,4
3714,-5.81,1,814.041,3.923116,7.189053,3,0
3715,-5.82,1,814.041,4.4838033,0.70572174,5,2
3716,-6.37,0,820.004,1.988429,4.816055,6,1
3717,-5.37,1,828.068,4.25472,5.4038353,0,1
3718,-5.65,1,828.068,4.7828283,1.4616537,5,-1
3719,-5.94,1,828.068,4.1767354,6.800934,3,0
3720,-6.23,0,834.031,3.8497427,4.491757,7,1
3721,-6.97,0,834.031,2.9779656,4.2638273,7,1
3722,-6.3,0,834.031,4.638584,6.6463046,3,0
3723,-6.05,0,834.031,0.17763901,4.2275853,3,1
3724,-5.89,1,834.031,2.1249835,5.7852287,6,1
3725,-5.96,1,848.058,2.8058817,5.001108,6,1
3726,-5.63,1,848.058,5.142915,3.3149726,1,1
3727,-6.03,0,854.021,4.0738473,0.1704768,5,2
3728,-10.0,0,751.97,4.672472,6.6569,3,0
3729,-6.61,0,751.97,1.6399765,2.6554885,3,1
3730,-6.51,0,751.97,4.248427,4.3937955,7,1
3731,-10.0,0,751.97,2.9127698,2.3643131,7,1
3732,-10.0,0,751.97,4.7304897,6.036282,3,0
3733,-5.9,1,751.97,8.228094,6.3493237,0,4
3734,-10.0,0,751.97,1.1962447,1.8881269,1,1
3735,-6.28,0,765.997,3.1980426,3.8319867,7,1
3736,-6.41,0,765.997,3.2712548,2.8963187,7,1
3737,-6.43,0,765.997,0.70887995,1.4967592,2,1
3738,-6.54,0,765.997,2.1073115,3.8940172,6,1
3739,-5.98,1,765.997,1.393902,1.2025058,2,1
3740,-6.38,0,765.997,4.062314,4.6569133,7,1
3741,-10.0,0,765.997,3.538714,4.1927567,7,1
3742,-5.66,1,765.997,0.31147978,2.4649446,3,1
3743,-6.54,0,765.997,4.38129,3.255782,7,1
3744,-6.38,0,765.997,2.7965465,3.1233017,7,1
3745,-5.9,1,765.997,0.28420007,1.0039768,2,1
3746,-6.31,0,765.997,-0.6995251,1.0389361,2,1
3747,-6.11,0,780.024,4.3566756,3.8798366,7,1
3748,-5.24,1,780.024,4.9573345,2.9259162,1,1
3749,-6.12,0,780.024,2.1583214,4.5579724,6,1
3750,-6.45,0,780.024,4.5959964,6.8939815,3,0
3751,-6.2,0,780.024,4.540639,3.889955,7,1
3752,-5.96,1,780.024,2.2442694,3.5964952,6,1
3753,-5.18,1,780.024,-0.5146718,1.3503042,2,1
3754,-10.0,0,780.024,4.9095535,2.5463517,1,1
3755,-5.11,1,780.024,4.7458134,2.2069511,5,-1
3756,-7.35,0,785.987,2.6338189,3.263034,7,1
3757,-6.3,0,785.987,4.315381,3.9347956,7,1
3758,-10.0,0,780.024,3.470494,2.6652982,7,1
3759,-5.87,1,780.024,3.4777699,2.7434027,7,1
3760,-5.78,1,780.024,1.8604271,2.422156,3,1
3761,-5.58,1,780.024,2.9762597,5.1119137,6,1
3762,-5.91,1,780.024,-1.1577398,1.6625896,2,1
3763,-5.38,1,780.024,3.323794,4.252828,7,1
3764,-5.61,1,780.024,-1.1298078,1.6944145,2,1
3765,-10.0,0,785.987,4.141306,4.62651,7,1
3766,-6.69,0,785.987,0.93618894,1.8770298,2,1
3767,-6.61,0,785.987,1.0022819,2.5965338,3,1
3768,-6.25,0,785.987,4.0735373,3.2110476,7,1
3769,-5.61,1,780.024,4.451874,2.8669138,1,1
3770,-5.58,1,780.024,-2.1231449,3.1723797,3,1
3771,-5.72,1,780.024,4.3028164,0.680251,5,2
3772,-6.4,0,785.987,4.288698,4.7485666,7,1
3773,-5.13,1,794.051,0.7480241,4.020635,5,1
3774,-5.14,1,794.051,3.1225939,4.978063,6,1
3775,-6.42,0,800.014,4.1488323,4.787594,7,1
3776,-6.21,0,800.014,2.7705545,2.988525,7,1
3777,-5.49,1,800.014,2.8626435,5.8829517,1,1
3778,-5.3,1,794.051,-0.29767218,3.1258864,3,1
3779,-5.5,1,794.051,4.5911193,0.9524744,5,2
3780,-5.23,1,794.051,-0.6897399,1.3016002,2,1
3781,-6.99,0,800.014,4.3835135,3.692904,7,1
3782,-10.0,0,800.014,3.1183608,4.0548925,7,1
3783,-6.18,0,800.014,0.6067113,2.652003,5,1
3784,-6.05,0,800.014,4.5044003,2.9262643,5,1
3785,-6.02,0,800.014,5.229613,1.413743,5,-1
3786,-5.85,1,800.014,0.3591922,1.5239831,2,1
3787,-5.75,1,800.014,4.84002,3.8051713,0,1
3788,-5.72,1,800.014,3.9216118,0.75260484,5,2
3789,-5.26,1,800.014,4.55537,3.1747694,1,1
3790,-6.16,0,800.014,4.0656123,4.6415014,7,1
3791,-6.23,0,800.014,4.2102647,4.4828386,7,1
3792,-5.9,1,800.014,3.4805012,5.277717,6,1
3793,-6.36,0,814.041,4.368956,5.3681707,7,1
3794,-5.45,1,814.041,3.1840963,5.6529484,6,1
3795,-6.25,0,814.041,5.0417604,3.100268,1,1
3796,-5.82,1,814.041,4.0426292,6.5880275,3,0
3797,-5.79,1,814.041,3.2722566,2.6693373,7,1
3798,-5.91,1,814.041,4.7681994,7.0728555,3,0
3799,-10.0,0,814.041,5.1101356,0.7513977,5,2
3800,-6.38,0,814.041,2.4881556,5.162994,6,1
3801,-6.54,0,820.004,4.0596414,0.74569213,5,2
3802,-6.04,0,814.041,-1.9960737,3.3482435,2,1
3803,-6.73,0,820.004,0.49159017,1.8303856,2,1
3804,-6.24,0,820.004,2.679109,5.6900387,1,1
3805,-5.49,1,820.004,4.0354333,5.22954,7,1
3806,-5.64,1,828.068,3.2836237,5.32894,6,1
3807,-5.55,1,828.068,4.494089,0.3957783,5,2
3808,-5.04,1,828.068,4.8041463,7.0721927,3,0
3809,-6.23,0,834.031,-2.0619667,2.9711607,2,1
3810,-5.04,1,828.068,3.1183422,4.632765,7,1
3811,-10.0,0,834.031,-1.7499206,2.4438682,2,1
3812,-5.1,1,848.058,4.9660044,1.7896497,1,-1
3813,-6.19,0,854.021,0.6093061,5.4063177,4,1
3814,-6.76,0,751.97,4.413499,4.0075717,7,1
3815,-6.76,0,751.97,1.4332838,1.6322776,2,1
3816,-6.37,0,751.97,4.1569324,4.046436,7,1
3817,-10.0,0,751.97,3.5876386,3.2814925,7,1
3818,-10.0,0,751.97,4.527107,2.6051724,1,1
3819,-5.92,1,751.97,4.297235,3.7782407,7,1
3820,-6.57,0,751.97,3.4891794,4.6577215,6,1
3821,-10.0,0,765.997,4.456298,3.1709526,7,1
3822,-6.51,0,765.997,4.8494306,0.91402024,5,2
3823,-5.93,1,765.997,1.5472057,2.6963763,3,1
3824,-6.13,0,765.997,4.2807755,1.5162046,5,2
3825,-6.6,0,765.997,4.1276364,3.9775066,6,1
3826,-6.54,0,765.997,3.8511844,4.659041,7,1
3827,-5.89,1,765.997,3.2097068,4.4138546,6,1
3828,-6.95,0,765.997,3.6315715,4.9604745,6,1
3829,-5.69,1,765.997,0.624232,2.5777524,2,1
3830,-5.98,1,765.997,-0.45268553,1.6648855,2,1
3831,-6.06,0,765.997,1.2020308,1.4330641,2,1
3832,-6.68,0,765.997,3.8169506,2.2115266,5,1
3833,-5.96,1,765.997,2.307734,1.4044156,2,1
3834,-6.25,0,765.997,4.1903143,5.081932,7,1
3835,-6.6,0,765.997,3.2478886,4.266438,6,1
3836,-5.83,1,765.997,0.556478,1.280957,2,1
3837,-6.18,0,780.024,3.1821437,2.600084,5,1
3838,-5.31,1,780.024,-0.3621719,2.5585587,2,1
3839,-5.75,1,780.024,3.083957,4.4299755,6,1
3840,-6.19,0,780.024,4.6804214,6.776212,3,0
3841,-5.55,1,780.024,2.317675,3.6219442,6,1
3842,-5.73,1,780.024,1.0048198,2.9878805,3,1
3843,-5.98,1,780.024,3.147113,2.6696994,7,1
3844,-5.61,1,780.024,4.115389,0.9469783,5,2
3845,-4.92,1,780.024,2.90345,4.8940377,6,1
3846,-6.67,0,785.987,-0.1994915,2.3098829,2,1
3847,-6.17,0,780.024,4.3139024,2.711631,2,1
3848,-6.24,0,780.024,3.1256392,4.0438476,7,1
3849,-5.73,1,780.024,1.0411754,1.6390632,2,1
3850,-6.07,0,785.987,3.5557537,4.2825265,7,1
3851,-10.0,0,785.987,2.9156241,3.298344,7,1
3852,-6.9,0,785.987,0.5299906,1.3498092,2,1
3853,-6.81,0,785.987,3.0569,3.5558736,7,1
3854,-5.57,1,780.024,3.1162817,2.6260457,7,1
3855,-10.0,0,785.987,3.0374956,4.0966926,7,1
3856,-6.22,0,785.987,4.9531875,2.831586,5,1
3857,-5.76,1,785.987,4.2922363,3.6951091,7,1
3858,-6.07,0,794.051,-2.0182405,3.5522506,3,1
3859,-4.79,1,794.051,2.2552361,4.9703636,6,1
3860,-5.01,1,794.051,-0.51074445,1.078818,2,1
3861,-6.16,0,800.014,3.097467,4.456869,6,1
3862,-5.62,1,800.014,4.597942,3.950172,7,1
3863,-5.86,1,800.014,0.17774495,3.2248976,2,1
3864,-4.93,1,794.051,4.6809077,0.7707387,5,2
3865,-10.0,0,800.014,4.0582376,1.0751121,5,2
3866,-10.0,0,800.014,4.6581964,3.5763617,7,1
3867,-6.15,0,800.014,3.1536996,4.4229174,6,1
3868,-6.18,0,800.014,2.6278777,4.5322485,6,1
3869,-5.51,1,800.014,5.1238065,0.7681672,5,2
3870,-10.0,0,800.014,-0.5217716,1.5720235,2,1
3871,-6.12,0,800.014,4.6564527,1.5440474,5,2
3872,-5.87,1,814.041,4.9876266,0.82874334,5,2
3873,-6.43,0,814.041,-1.4652357,2.5244484,2,1
3874,-5.34,1,814.041,-0.9676882,1.8943688,2,1
3875,-5.79,1,820.004,3.2270455,4.1321497,7,1
3876,-5.95,1,814.041,-0.5532331,2.5010114,2,1
3877,-5.6,1,814.041,3.7432265,4.8860636,7,1
3878,-5.07,1,814.041,0.58780575,4.23455,5,1
3879,-6.76,0,820.004,3.591614,4.663926,7,1
3880,-6.22,0,820.004,3.9405718,4.8420324,7,1
3881,-5.52,1,828.068,3.3250659,2.6952896,7,1
3882,-5.79,1,828.068,2.3759103,4.189535,7,1
3883,-10.0,0,834.031,-1.2377439,2.5026605,2,1
3884,-5.96,1,834.031,-1.9364852,3.3927376,2,1
3885,-5.85,1,848.058,3.1153152,5.0766664,6,1
3886,-10.0,0,848.058,3.28411,5.864358,0,1
3887,-6.79,0,751.97,3.8517597,4.1222615,7,1
3888,-6.96,0,751.97,4.570252,2.6190448,1,1
3889,-6.01,0,751.97,4.44266,3.3908396,7,1
3890,-6.07,0,751.97,-0.797737,1.07078,2,1
3891,-7.85,0,751.97,3.8237417,3.5528123,7,1
3892,-10.0,0,751.97,3.465539,2.6981518,7,1
3893,-5.34,1,751.97,5.2479115,0.92391527,5,2
3894,-5.92,1,751.97,5.255295,0.94554454,5,2
3895,-6.62,0,765.997,4.525061,2.9793217,7,1
3896,-6.26,0,765.997,4.2885046,5.656734,3,1
3897,-5.83,1,765.997,4.3332915,3.7813015,7,1
3898,-10.0,0,765.997,0.031155458,0.9641503,2,1
3899,-10.0,0,765.997,-0.42625937,1.3333316,2,1
3900,-5.87,1,765.997,4.200332,2.6433692,2,1
3901,-5.79,1,765.997,0.62224853,2.777757,3,1
3902,-5.3,1,765.997,4.8309793,3.0814023,7,1
3903,-4.0,1,765.997,4.4901285,3.4436615,7,1
3904,-10.0,0,765.997,3.89379,4.6635876,7,1
3905,-7.11,0,765.997,1.6206381,1.9886148,3,1
3906,-4.0,1,765.997,3.9055674,4.0536113,7,1
3907,-5.85,1,765.997,1.3970672,3.4837596,5,1
3908,-5.68,1,765.997,4.5117183,3.7221081,7,1
3909,-6.0,1,765.997,3.3263342,4.302631,7,1
3910,-5.98,1,765.997,3.9758592,5.42193,0,1
3911,-5.3,1,765.997,4.4106383,1.1600517,5,2
3912,-6.66,0,780.024,-1.2055103,1.4596182,2,1
3913,-5.71,1,780.024,-0.3014106,0.9362735,2,1
3914,-10.0,0,780.024,3.92902,1.4213557,5,-1
3915,-6.85,0,780.024,1.8459516,1.8920056,3,1
3916,-6.11,0,780.024,-2.141461,3.3083396,3,1
3917,-5.82,1,780.024,2.991474,2.7788675,7,1
3918,-5.98,1,780.024,1.3963557,1.0468626,2,1
3919,-6.48,0,785.987,3.4600005,2.7589262,7,1
3920,-6.08,0,785.987,4.4250097,2.7492595,1,1
3921,-10.0,0,780.024,1.7153702,2.1553068,3,1
3922,-5.75,1,780.024,4.561593,2.8922176,1,1
3923,-5.38,1,780.024,3.6155524,4.3075747,7,1
3924,-5.86,1,780.024,4.065501,4.6624365,7,1
3925,-5.79,1,780.024,0.94215363,1.5879291,2,1
3926,-5.76,1,780.024,0.64315593,3.0396664,3,1
3927,-4.88,1,780.024,-0.95298845,1.862619,2,1
3928,-10.0,0,785.987,1.4886374,2.297607,3,1
3929,-6.72,0,785.987,2.2782319,2.3119638,7,1
3930,-10.0,0,785.987,3.2917726,2.5511675,7,1
3931,-6.04,0,785.987,3.6122277,3.6900604,7,1
3932,-5.48,1,780.024,4.536814,1.3255382,5,2
3933,-5.72,1,780.024,4.509721,1.2151613,5,2
3934,-6.14,0,785.987,3.0490828,2.1748586,3,1
3935,-5.53,1,785.987,-0.2974269,1.9843587,2,1
3936,-6.12,0,794.051,-0.6255703,1.0857899,2,1
3937,-5.01,1,794.051,0.00997712,1.6488538,2,1
3938,-5.6,1,794.051,1.6582457,2.808854,1,1
3939,-6.28,0,800.014,3.2769434,4.556889,7,1
3940,-5.86,1,800.014,4.6578507,6.245609,0,0
3941,-6.02,0,800.014,4.56341,3.6987753,7,1
3942,-5.5,1,794.051,1.3806375,2.526047,3,1
3943,-5.74,1,794.051,3.7306297,7.0132747,3,0
3944,-6.87,0,800.014,6.8527145,7.339227,0,4
3945,-10.0,0,800.014,2.1949134,3.6805978,6,1
3946,-6.27,0,800.014,-1.6614778,1.961569,2,1
3947,-5.78,1,800.014,4.0260615,6.7153735,3,0
3948,-5.33,1,800.014,3.2664628,2.9670591,7,1
3949,-5.34,1,794.051,4.05559,3.72243,7,1
3950,-10.0,0,800.014,5.6524787,7.080376,3,4
3951,-6.77,0,800.014,3.1156447,5.39073,6,1
3952,-10.0,0,800.014,-0.24941033,1.216583,2,1
3953,-6.12,0,800.014,-0.25262338,1.5238625,2,1
3954,-5.53,1,800.014,4.604411,3.5919573,7,1
3955,-6.15,0,814.041,-0.9386859,1.8027565,2,1
3956,-6.07,0,814.041,4.7235847,3.5747402,0,1
3957,-6.05,0,814.041,0.36597687,3.278181,3,1
3958,-5.27,1,814.041,4.7479105,2.299485,5,1
3959,-5.78,1,814.041,-1.7148594,2.3708801,2,1
3960,-5.76,1,814.041,5.6842384,1.7204165,5,-1
3961,-5.66,1,814.041,-1.8716576,2.321672,2,1
3962,-10.0,0,814.041,3.8746233,4.9966683,7,1
3963,-5.64,1,814.041,0.3041636,4.0431876,1,1
3964,-5.96,1,814.041,-1.7659329,2.9339857,2,1
3965,-5.79,1,814.041,2.8216522,3.3439188,7,1
3966,-6.38,0,820.004,0.67737114,3.1725383,3,1
3967,-6.32,0,820.004,5.451935,0.9533106,5,2
3968,-10.0,0,814.041,4.621012,6.4949026,3,0
3969,-6.25,0,814.041,2.0772278,5.0225134,6,1
3970,-10.0,0,820.004,6.979738,7.252949,0,4
3971,-6.02,0,820.004,4.291645,5.264864,7,1
3972,-5.91,1,828.068,1.1402934,4.1172395,3,1
3973,-5.18,1,828.068,4.1451163,4.302887,7,1
3974,-6.44,0,834.031,3.841995,4.5224543,7,1
3975,-6.01,0,834.031,-1.9302858,4.6070943,1,1
3976,-5.9,1,834.031,4.488709,1.4385185,5,2
3977,-6.05,0,834.031,4.0081334,7.1841564,3,0
3978,-7.24,0,834.031,-0.18478064,3.226875,3,1
3979,-6.94,0,834.031,-1.2851495,3.6462603,2,1
3980,-10.0,0,834.031,1.485449,4.826389,6,1
3981,-5.83,1,848.058,4.6165094,7.0270176,3,0
3982,-6.09,0,848.058,-1.1133528,4.1920385,3,1
3983,-10.0,0,854.021,-1.5451174,3.1283104,2,1
3984,-6.4,0,765.997,1.5471125,1.6041877,2,1
3985,-10.0,0,765.997,0.74153924,2.5673563,2,1
3986,-5.81,1,765.997,0.1523818,2.3384278,2,1
3987,-6.63,0,780.024,2.299475,5.1082664,6,1
3988,-6.54,0,780.024,4.5386314,3.3403502,5,1
3989,-5.99,1,780.024,5.128637,0.8185233,5,2
3990,-10.0,0,780.024,3.3607655,3.142602,7,1
3991,-6.45,0,780.024,-0.7683295,1.4426897,2,1
3992,-5.85,1,780.024,3.7794476,4.1562414,7,1
3993,-5.67,1,780.024,3.5725756,3.9187913,7,1
3994,-5.5,1,780.024,-0.51942396,1.9278831,2,1
3995,-5.71,1,780.024,1.5320731,3.7372468,6,1
3996,-5.35,1,780.024,3.0992792,3.775234,7,1
3997,-5.91,1,780.024,0.41761163,2.6903012,3,1
3998,-5.63,1,780.024,4.214321,0.9433359,5,2
3999,-5.78,1,780.024,3.0411525,4.8637004,6,1
4000,-5.5,1,780.024,6.9221745,7.2845516,0,4
4001,-5.69,1,780.024,3.9317791,4.6565976,7,1
4002,-5.32,1,780.024,3.5053203,4.7387614,6,1
4003,-6.26,0,780.024,-1.5328138,1.8173778,2,1
4004,-5.86,1,780.024,3.37315,4.2880993,7,1
4005,-5.33,1,780.024,2.5353003,5.182034,6,1
4006,-5.81,1,794.051,2.210848,4.6926885,6,1
4007,-5.66,1,794.051,3.9891346,4.7495494,7,1
4008,-5.06,1,794.051,0.96902025,3.6520565,2,1
4009,-5.73,1,794.051,4.1123395,0.6071479,5,2
4010,-5.27,1,794.051,2.8695083,5.820568,0,1
4011,-5.33,1,794.051,-0.33568043,2.9695144,2,1
4012,-5.07,1,794.051,2.6484535,4.814125,6,1
4013,-4.83,1,794.051,5.037529,3.1504018,1,1
4014,-5.04,1,794.051,-0.64193434,1.0791458,2,1
4015,-5.11,1,794.051,3.7077255,4.285085,7,1
4016,-6.18,0,800.014,1.4422407,2.410827,3,1
4017,-5.97,1,800.014,1.5948664,2.25127,0,1
4018,-5.73,1,794.051,3.5028493,1.5058535,5,-1
4019,-5.17,1,794.051,0.03516488,3.3839493,2,1
4020,-5.19,1,794.051,2.8230348,5.7986054,6,1
4021,-5.39,1,794.051,0.7858184,1.7318746,2,1
4022,-5.03,1,794.051,3.2350664,4.915371,6,1
4023,-10.0,0,794.051,0.47277546,3.3584218,3,1
4024,-5.19,1,794.051,-0.09552568,1.6188956,2,1
4025,-6.36,0,800.014,5.4127784,1.3090594,5,-1
4026,-5.5,1,800.014,3.0573995,2.6061978,2,1
4027,-4.95,1,794.051,2.9203632,5.4285793,6,1
4028,-5.01,1,794.051,4.6799455,2.7854245,5,1
4029,-6.09,0,800.014,4.1564984,6.7782865,3,0
4030,-5.77,1,800.014,2.0273507,2.4398992,3,1
4031,-5.39,1,808.078,1.9508198,5.5353303,6,1
4032,-5.85,1,808.078,1.7539257,5.1557307,6,1
4033,-4.95,1,808.078,3.9504728,0.23429406,5,2
4034,-4.95,1,808.078,1.9940758,5.186233,6,1
4035,-6.61,0,814.041,5.103835,3.2011447,1,1
4036,-10.0,0,814.041,5.4266415,1.2937472,5,-1
4037,-5.68,1,814.041,-0.32637507,3.5254533,2,1
4038,-5.52,1,814.041,3.4456406,5.177209,6,1
4039,-5.44,1,814.041,2.9246552,5.553855,6,1
4040,-5.19,1,808.078,-1.149212,2.9778903,3,1
4041,-5.04,1,808.078,5.223082,0.9945248,5,2
4042,-4.89,1,808.078,-1.2807208,3.4714847,3,1
4043,-10.0,0,814.041,0.8751802,4.0678678,5,1
4044,-10.0,0,814.041,2.9997985,4.806369,6,1
4045,-5.97,1,814.041,-1.761955,2.1859508,2,1
4046,-6.25,0,814.041,4.60524,2.7584057,1,1
4047,-6.06,0,814.041,5.356444,1.4872571,5,-1
4048,-5.56,1,814.041,-0.500955,3.0612805,2,1
4049,-5.62,1,814.041,-1.295811,3.552087,3,1
4050,-5.52,1,814.041,1.7370601,3.9287517,6,1
4051,-5.29,1,814.041,1.7191774,4.7363048,6,1
4052,-5.48,1,814.041,4.2869906,6.6643124,3,0
4053,-4.9,1,808.078,-1.9800701,4.4304895,1,1
4054,-6.08,0,814.041,3.5126362,4.4253745,7,1
4055,-5.58,1,814.041,5.2318444,1.0962932,5,2
4056,-5.19,1,814.041,0.15235701,2.6950278,5,1
4057,-5.08,1,814.041,4.7798,7.231451,3,0
4058,-4.97,1,814.041,4.274436,4.1156874,7,1
4059,-5.91,1,828.068,3.4914134,5.145928,6,1
4060,-5.95,1,828.068,1.711034,4.91789,6,1
4061,-5.81,1,828.068,0.42313775,5.08201,4,1
4062,-5.15,1,828.068,2.2200356,6.1399517,6,1
4063,-6.45,0,828.068,4.074725,7.223715,3,0
4064,-6.19,0,828.068,-0.103173256,3.9090898,2,1
4065,-5.64,1,828.068,3.218058,5.8594856,0,1
4066,-5.85,1,828.068,0.51165265,4.496928,4,1
4067,-5.2,1,828.068,-0.9800556,4.8272977,4,1
4068,-5.28,1,828.068,-1.6554404,3.0562117,2,1
4069,-5.61,1,828.068,-0.0731554,3.0204244,2,1
4070,-5.27,1,828.068,-0.49582535,4.1102715,4,1
4071,-6.01,0,834.031,-2.0610454,3.1106598,3,1
4072,-5.87,1,834.031,1.0648227,3.143722,3,1
4073,-10.0,0,828.068,3.1413817,4.2199163,7,1
4074,-5.03,1,828.068,-1.3036336,2.4340498,2,1
4075,-5.18,1,828.068,3.7079973,0.27362177,2,-1
4076,-5.27,1,828.068,2.166143,5.581231,6,1
4077,-5.04,1,828.068,3.8859875,6.478361,6,0
4078,-10.0,0,834.031,-1.9834106,4.8346987,4,1
4079,-5.82,1,834.031,2.7667112,3.2321134,2,1
4080,-5.29,1,842.095,0.5695152,6.08411,4,1
4081,-6.33,0,848.058,-0.80044115,2.9633377,2,1
4082,-5.77,1,848.058,0.17189941,4.0885596,5,1
4083,-5.46,1,848.058,-0.31564432,5.295852,4,1
4084,-5.12,1,842.095,4.5925226,6.818946,3,0
4085,-6.2,0,848.058,1.8962977,4.862595,6,1
4086,-5.95,1,848.058,0.6798889,4.4744077,5,1
4087,-5.19,1,848.058,0.7219921,4.64587,5,1
4088,-5.73,1,862.085,-0.6805054,4.3166013,5,1
4089,-5.76,1,862.085,-1.8542149,3.486695,2,1
4090,-5.58,1,862.085,0.00801797,4.534585,4,1
4091,-6.07,0,882.075,1.7734388,5.537509,6,1
4092,-6.35,0,765.997,4.072416,4.6762524,7,1
4093,-6.15,0,765.997,4.2674932,2.844039,7,1
4094,-5.83,1,765.997,1.8691984,2.0715969,3,1
4095,-5.8,1,765.997,4.5703635,6.670462,3,0
4096,-5.78,1,780.024,4.5319767,3.4215624,7,1
4097,-6.25,0,780.024,4.1390123,0.5833151,5,2
4098,-5.75,1,780.024,3.167774,4.639829,6,1
4099,-5.58,1,780.024,2.9172597,5.094381,6,1
4100,-5.64,1,780.024,4.51328,6.0522823,3,0
4101,-5.51,1,780.024,4.275997,4.4485364,7,1
4102,-6.25,0,780.024,1.4973053,3.4496067,5,1
4103,-6.06,0,780.024,-0.5393132,1.0698006,2,1
4104,-6.33,0,780.024,3.0255656,5.45236,6,1
4105,-6.36,0,780.024,-1.3763748,1.6142478,2,1
4106,-5.32,1,780.024,2.9349394,5.0865555,6,1
4107,-5.38,1,780.024,-1.2195201,1.6432234,2,1
4108,-5.56,1,780.024,0.39244333,1.932467,2,1
4109,-5.29,1,780.024,3.5385027,4.788904,6,1
4110,-6.73,0,780.024,4.2487197,5.19333,7,1
4111,-5.38,1,780.024,-0.30952293,2.5727847,3,1
4112,-5.45,1,780.024,3.8353863,4.002214,7,1
4113,-5.05,1,794.051,1.9125696,3.595285,6,1
4114,-4.96,1,794.051,3.5194004,5.061027,6,1
4115,-6.49,0,794.051,3.3648853,5.9086967,0,1
4116,-5.79,1,794.051,-0.13104819,2.0680385,2,1
4117,-4.93,1,794.051,3.8108585,5.680585,6,1
4118,-5.23,1,794.051,3.7111108,5.042148,7,1
4119,-5.2,1,794.051,3.273384,5.7199926,6,1
4120,-4.9,1,794.051,-0.2026143,3.1414793,3,1
4121,-5.12,1,794.051,2.9053516,5.7961793,6,1
4122,-5.23,1,794.051,2.3423197,5.381131,6,1
4123,-6.46,0,800.014,2.8522975,5.8082714,0,1
4124,-5.98,1,800.014,5.1201625,0.74804777,5,2
4125,-7.31,0,794.051,1.5942947,2.429705,3,1
4126,-6.08,0,794.051,5.332432,1.3366107,5,-1
4127,-5.14,1,794.051,1.7530636,4.682839,6,1
4128,-5.26,1,794.051,2.7058883,5.9903407,1,1
4129,-5.17,1,794.051,0.06571494,2.907612,2,1
4130,-6.7,0,800.014,-1.1972803,1.7673616,2,1
4131,-5.67,1,800.014,-0.9862553,1.9531809,2,1
4132,-5.61,1,800.014,3.5458446,5.7401447,0,1
4133,-5.34,1,794.051,2.4410777,5.632847,6,1
4134,-5.21,1,794.051,0.14205372,1.5810914,2,1
4135,-5.98,1,800.014,4.4385414,0.5183907,5,2
4136,-5.41,1,800.014,3.7557743,5.5054445,6,1
4137,-5.94,1,800.014,4.678612,0.5878776,5,2
4138,-6.21,0,808.078,-1.1787785,3.9886677,2,1
4139,-5.43,1,808.078,-0.6623943,3.2795098,2,1
4140,-5.44,1,808.078,4.109052,0.15427077,5,2
4141,-6.55,0,814.041,4.407322,6.7698474,3,0
4142,-6.22,0,814.041,2.946534,4.968102,6,1
4143,-5.9,1,814.041,3.2870498,4.926292,7,1
4144,-5.18,1,814.041,4.3760962,1.0186564,5,2
4145,-5.16,1,814.041,1.8427994,5.131235,6,1
4146,-5.18,1,808.078,-1.2492762,3.9104166,2,1
4147,-5.17,1,808.078,4.7326174,0.72851926,5,2
4148,-10.0,0,814.041,6.6545553,7.135291,0,4
4149,-10.0,0,814.041,0.28490552,3.8977273,2,1
4150,-5.57,1,814.041,0.2683191,4.146363,5,1
4151,-5.17,1,814.041,1.3059608,3.1634622,3,1
4152,-5.37,1,814.041,1.6831586,3.9034197,5,1
4153,-10.0,0,814.041,1.4807076,4.3417506,6,1
4154,-5.27,1,808.078,-2.0198777,4.4045196,1,1
4155,-6.04,0,814.041,0.5846172,3.7690942,5,1
4156,-5.95,1,814.041,3.255973,5.1813264,6,1
4157,-5.71,1,814.041,-1.2279419,3.544018,3,1
4158,-5.4,1,814.041,4.543374,6.9502616,3,0
4159,-5.79,1,828.068,3.027292,5.048118,6,1
4160,-5.75,1,828.068,0.40578392,4.63764,3,1
4161,-5.66,1,828.068,-1.9312872,4.6472178,3,1
4162,-5.55,1,828.068,2.9783928,5.1924767,6,1
4163,-5.92,1,828.068,5.0029206,1.0435781,5,2
4164,-5.42,1,828.068,0.5538787,4.8938713,4,1
4165,-5.57,1,828.068,2.522531,6.587385,3,1
4166,-5.42,1,828.068,0.26914608,4.9433727,5,1
4167,-5.3,1,828.068,1.9668007,4.1347585,5,1
4168,-6.11,0,834.031,0.21857253,6.200403,7,1
4169,-5.29,1,828.068,0.6041289,6.0693135,4,1
4170,-5.58,1,828.068,1.6733931,2.5879378,3,1
4171,-5.63,1,834.031,-1.4204499,3.514755,3,1
4172,-5.31,1,842.095,2.4120884,6.1989017,6,1
4173,-6.23,0,848.058,4.5972137,1.1769316,5,2
4174,-5.84,1,848.058,0.9698871,4.649462,4,1
4175,-5.47,1,848.058,0.038784385,4.2531924,4,1
4176,-5.33,1,842.095,3.8834152,6.555514,3,0
4177,-10.0,0,848.058,-2.1050687,4.604283,1,1
4178,-5.68,1,848.058,-0.033212867,4.5108547,4,1
4179,-5.63,1,862.085,1.5047301,5.124036,6,1
4180,-5.8,1,862.085,5.6405344,7.2525177,0,4
4181,-6.26,0,862.085,-0.8489507,3.4970834,3,1
4182,-5.47,1,862.085,7.018114e-05,4.8883376,4,1
4183,-6.78,0,765.997,3.5962255,3.7548993,7,1
4184,-6.35,0,765.997,0.744211,1.8716006,2,1
4185,-6.14,0,765.997,4.5180187,3.5378287,0,1
4186,-6.31,0,765.997,4.3315935,3.331892,7,1
4187,-5.3,1,780.024,5.2182283,0.9111981,5,2
4188,-5.66,1,780.024,0.406992,2.1337254,2,1
4189,-6.49,0,780.024,1.1914253,3.3618548,2,1
4190,-5.96,1,780.024,0.61075556,2.4874423,2,1
4191,-5.58,1,780.024,2.1236484,4.42471,6,1
4192,-5.47,1,780.024,4.331785,4.034371,7,1
4193,-5.18,1,780.024,3.3125458,5.2398224,6,1
4194,-6.94,0,780.024,0.21731636,2.2892106,2,1
4195,-5.43,1,780.024,4.552829,2.807426,1,1
4196,-5.78,1,780.024,3.6332972,4.7052417,7,1
4197,-6.09,0,780.024,0.40720233,2.1226156,2,1
4198,-5.72,1,780.024,0.6030847,1.368891,2,1
4199,-5.35,1,780.024,3.599286,2.448824,5,1
4200,-5.64,1,780.024,3.0990598,2.5910072,7,1
4201,-5.0,1,780.024,3.7280347,5.1631017,6,1
4202,-5.48,1,780.024,4.7600574,6.830584,3,0
4203,-5.73,1,780.024,-0.84316826,2.005938,2,1
4204,-5.59,1,780.024,2.671962,4.6285906,6,1
4205,-5.71,1,794.051,2.752529,4.849483,6,1
4206,-5.55,1,794.051,-1.7127714,1.8654355,2,1
4207,-4.97,1,794.051,0.10372743,2.683071,2,1
4208,-5.07,1,794.051,1.1144297,3.5728445,2,1
4209,-5.52,1,794.051,2.8439996,5.773004,6,1
4210,-6.4,0,794.051,-0.672185,1.1228678,2,1
4211,-5.4,1,794.051,4.509256,1.1704315,5,2
4212,-5.04,1,794.051,3.6404233,1.1906594,5,2
4213,-6.18,0,800.014,3.2003098,2.673334,7,1
4214,-5.86,1,800.014,4.11842,1.095826,5,2
4215,-10.0,0,794.051,2.0330033,3.6491635,6,1
4216,-5.81,1,794.051,2.4021108,4.999641,6,1
4217,-5.3,1,794.051,2.477201,4.597699,6,1
4218,-5.59,1,794.051,-2.1999085,4.009747,1,-1
4219,-5.05,1,794.051,1.5027847,3.4907343,3,1
4220,-5.67,1,794.051,-0.33059898,2.8548014,2,1
4221,-5.27,1,794.051,3.538328,4.272522,7,1
4222,-4.97,1,794.051,1.8465843,4.6957927,6,1
4223,-10.0,0,800.014,1.7479105,4.3466463,6,1
4224,-6.35,0,800.014,-0.42318636,2.057975,2,1
4225,-5.68,1,800.014,4.8888707,6.66559,3,0
4226,-5.46,1,800.014,-1.6199667,2.018002,2,1
4227,-5.7,1,794.051,4.3290615,0.7039654,5,2
4228,-4.95,1,794.051,2.9025905,4.839943,6,1
4229,-4.98,1,794.051,-0.58297503,1.2256064,2,1
4230,-6.41,0,800.014,4.6176996,7.074727,3,0
4231,-6.03,0,808.078,1.7746584,5.08193,6,1
4232,-10.0,0,808.078,4.8051944,0.50443137,5,2
4233,-4.87,1,808.078,3.854844,7.1756225,3,0
4234,-5.16,1,808.078,-0.535485,2.287099,2,1
4235,-6.33,0,814.041,3.531698,3.5153787,7,1
4236,-5.35,1,814.041,3.6013424,6.8474674,3,0
4237,-5.36,1,814.041,2.8773198,3.1059937,2,1
4238,-5.72,1,814.041,1.4118139,2.414834,3,1
4239,-5.39,1,814.041,3.5906844,4.878846,7,1
4240,-5.7,1,814.041,-1.1143706,1.9533912,2,1
4241,-4.93,1,808.078,1.9030749,5.0194263,6,1
4242,-4.96,1,808.078,-1.47721,2.0676136,2,1
4243,-6.17,0,814.041,-0.61191136,1.098615,2,1
4244,-10.0,0,814.041,4.5642176,0.5847545,5,2
4245,-6.26,0,814.041,3.053685,3.7637534,7,1
4246,-5.74,1,814.041,0.1977697,3.2394376,5,1
4247,-5.48,1,814.041,-0.8948942,2.3685493,2,1
4248,-5.51,1,814.041,-0.4745037,2.8248982,2,1
4249,-5.67,1,814.041,-0.7925157,1.1923124,2,1
4250,-5.26,1,814.041,-1.7173039,2.2270424,2,1
4251,-5.2,1,814.041,-0.47024298,3.149977,2,1
4252,-5.37,1,814.041,-0.9899276,2.373739,2,1
4253,-5.51,1,814.041,4.9193716,6.9097066,3,0
4254,-4.95,1,808.078,1.1013731,4.40254,5,1
4255,-5.01,1,814.041,0.93100023,4.2711434,6,1
4256,-5.89,1,814.041,0.22076562,2.9840298,2,1
4257,-5.27,1,814.041,-1.3080382,2.464777,2,1
4258,-5.39,1,814.041,1.6692009,4.962448,6,1
4259,-5.33,1,814.041,2.0677228,2.7186992,3,1
4260,-10.0,0,828.068,2.9169934,4.9198637,6,1
4261,-5.93,1,828.068,0.30932894,4.394794,4,1
4262,-5.4,1,828.068,-0.29801777,3.8121977,3,1
4263,-6.16,0,828.068,3.077944,5.370693,6,1
4264,-10.0,0,828.068,4.5819836,7.231046,3,0
4265,-10.0,0,828.068,5.4331822,7.3302526,3,-1
4266,-5.48,1,828.068,-1.0807952,2.512465,2,1
4267,-6.03,0,828.068,2.0260131,4.421977,6,1
4268,-5.24,1,828.068,-0.04502917,4.2768803,4,1
4269,-5.51,1,828.068,-1.0442098,3.5552466,3,1
4270,-5.8,1,834.031,-0.301126,3.6415818,2,1
4271,-6.02,0,834.031,1.5526884,4.561429,6,1
4272,-5.62,1,828.068,0.6268452,4.586843,5,1
4273,-5.15,1,828.068,-0.6626328,3.759977,2,1
4274,-10.0,0,834.031,0.76570666,4.5007133,5,1
4275,-5.43,1,834.031,-1.7391775,2.3677323,2,1
4276,-6.05,0,834.031,-1.0717996,2.9857957,3,1
4277,-10.0,0,842.095,-0.28696,4.5121226,4,1
4278,-6.24,0,848.058,1.81034,5.308816,6,1
4279,-5.31,1,842.095,2.166107,6.4684644,0,1
4280,-10.0,0,848.058,2.3305912,5.0664167,6,1
4281,-5.94,1,848.058,-1.1984457,2.5012343,2,1
4282,-5.89,1,848.058,-0.74072725,4.9603853,4,1
4283,-5.84,1,862.085,4.722648,0.311319,5,2
4284,-5.8,1,862.085,-0.8823198,4.133965,2,1
4285,-5.69,1,862.085,5.1970525,0.79430306,5,2
4286,-6.31,0,765.997,3.6157694,1.8867174,5,1
4287,-6.6,0,765.997,5.0405726,2.86531,1,1
4288,-10.0,0,765.997,4.2686763,4.3363466,7,1
4289,-6.7,0,765.997,2.6972692,3.891045,6,1
4290,-6.61,0,765.997,2.1045506,3.0900846,3,1
4291,-5.63,1,780.024,4.3438196,3.618321,7,1
4292,-6.15,0,780.024,1.5827994,2.346608,3,1
4293,-6.22,0,780.024,4.320966,2.5823507,5,1
4294,-7.46,0,780.024,0.21126342,2.1508117,2,1
4295,-6.63,0,780.024,4.863518,2.4770174,5,1
4296,-5.82,1,780.024,-0.3175007,1.0078789,2,1
4297,-5.92,1,780.024,5.248,0.94883525,5,2
4298,-5.88,1,780.024,2.9447937,5.5077353,6,1
4299,-5.3,1,780.024,4.5335784,1.4058735,5,2
4300,-10.0,0,780.024,4.920097,2.274125,5,-1
4301,-6.37,0,780.024,0.19516134,2.0946064,2,1
4302,-6.11,0,780.024,2.6598148,4.601037,6,1
4303,-6.21,0,780.024,6.637091,7.225576,0,4
4304,-5.59,1,780.024,3.9606707,4.4296203,7,1
4305,-10.0,0,780.024,1.9813037,2.224719,2,1
4306,-5.94,1,780.024,0.016281974,2.9205968,2,1
4307,-5.23,1,780.024,3.2094932,4.4924107,6,1
4308,-5.97,1,780.024,3.1269283,3.346176,7,1
4309,-5.96,1,780.024,2.379331,3.9232285,6,1
4310,-5.78,1,794.051,3.8083518,5.202483,7,1
4311,-5.36,1,794.051,0.75224024,3.4613953,2,1
4312,-5.95,1,794.051,3.2341578,2.621226,7,1
4313,-5.21,1,794.051,-0.273516,3.1488533,3,1
4314,-5.3,1,794.051,5.330783,1.1010203,5,2
4315,-5.92,1,800.014,3.2944624,5.2161474,0,1
4316,-6.32,0,800.014,-1.5395074,2.1249247,2,1
4317,-6.78,0,794.051,1.0835432,3.7830877,6,1
4318,-6.17,0,794.051,5.122647,7.0614157,3,0
4319,-5.46,1,794.051,2.274292,5.7492943,6,1
4320,-5.16,1,794.051,4.4857187,1.3901213,5,2
4321,-5.83,1,794.051,2.2315328,5.3038716,6,1
4322,-5.78,1,794.051,0.81825525,3.9442573,3,1
4323,-6.02,0,800.014,1.959406,4.9573765,6,1
4324,-6.15,0,800.014,-0.5270929,2.480579,2,1
4325,-6.05,0,800.014,2.9039528,5.795609,0,1
4326,-10.0,0,794.051,4.023779,7.0804453,3,0
4327,-5.1,1,794.051,4.323534,5.978705,3,-1
4328,-5.1,1,794.051,0.73875535,4.0757837,5,1
4329,-6.29,0,800.014,4.9203596,2.465804,5,1
4330,-6.3,0,800.014,4.625786,3.9977434,7,1
4331,-5.72,1,808.078,4.8163385,0.50467974,5,2
4332,-6.19,0,808.078,-0.4631818,3.3944025,2,1
4333,-5.57,1,808.078,2.5201805,6.0227203,0,1
4334,-6.26,0,814.041,4.043796,0.5356202,5,2
4335,-6.01,0,814.041,5.0118265,0.8417313,5,2
4336,-5.63,1,814.041,2.6132963,6.1017523,1,1
4337,-5.6,1,814.041,-2.053959,2.902742,2,1
4338,-5.59,1,808.078,2.3343313,6.1883764,6,1
4339,-10.0,0,808.078,0.5001787,4.201878,5,1
4340,-6.15,0,814.041,1.3378711,3.944637,5,1
4341,-6.03,0,814.041,-0.39309752,3.26759,2,1
4342,-10.0,0,814.041,10.272711,2.5725982,6,4
4343,-10.0,0,814.041,5.1329274,0.9137027,5,2
4344,-5.77,1,814.041,1.8723557,5.6995263,3,1
4345,-6.12,0,814.041,-1.6951658,2.3858953,2,1
4346,-5.24,1,814.041,1.8204931,3.9433064,6,1
4347,-5.69,1,814.041,0.9556585,4.424529,5,1
4348,-10.0,0,814.041,1.6714383,2.4796488,3,1
4349,-5.77,1,808.078,-0.87813085,3.2430103,2,1
4350,-6.35,0,814.041,3.0398088,5.1863933,6,1
4351,-5.41,1,814.041,2.357714,4.1843514,7,1
4352,-6.25,0,814.041,2.9178827,4.4639506,6,1
4353,-5.74,1,814.041,0.7192582,5.0056624,5,1
4354,-5.72,1,814.041,0.5688858,4.265943,6,1
4355,-5.62,1,828.068,2.6090915,6.0818806,1,1
4356,-5.97,1,828.068,5.2049136,3.5601773,0,-1
4357,-6.26,0,828.068,-0.6159185,3.8442774,2,1
4358,-6.18,0,828.068,1.1357459,6.1781116,4,1
4359,-6.3,0,828.068,5.153704,3.307329,1,1
4360,-6.2,0,828.068,3.9191437,6.6393623,3,0
4361,-6.44,0,828.068,2.9369543,5.880694,0,1
4362,-6.28,0,828.068,-1.5903736,3.0883634,3,1
4363,-5.75,1,828.068,0.0036117365,4.481132,5,1
4364,-6.25,0,828.068,2.6370883,6.0303493,0,1
4365,-6.76,0,834.031,2.3032866,5.7361956,6,1
4366,-10.0,0,828.068,2.6762252,6.0371203,0,1
4367,-5.42,1,828.068,-1.4121796,5.2748213,4,1
4368,-5.58,1,828.068,0.90719503,3.931871,4,1
4369,-5.71,1,828.068,-1.6751058,3.2389584,2,1
4370,-5.71,1,834.031,2.7403169,5.8694925,6,1
4371,-6.56,0,834.031,5.123723,7.1773043,3,0
4372,-10.0,0,842.095,5.3075824,0.74434704,5,2
4373,-5.79,1,842.095,-1.2837235,2.8904943,2,1
4374,-10.0,0,842.095,2.8480744,5.8753557,6,1
4375,-6.84,0,848.058,-0.8291597,4.5184207,4,1
4376,-5.93,1,842.095,-1.6422567,3.7757022,3,1
4377,-6.41,0,848.058,1.5297104,5.073665,6,1
4378,-5.87,1,848.058,-1.1086662,4.8181334,4,1
4379,-10.0,0,848.058,4.638721,0.6185662,5,2
4380,-5.73,1,862.085,-1.7634616,3.1624122,3,1
4381,-7.18,0,862.085,-1.9654945,3.5930252,5,1
4382,-6.4,0,862.085,0.73319954,5.322079,4,1
4383,-7.79,0,882.075,1.9656222,6.4591365,3,1
4384,-6.77,0,780.024,-0.88178897,1.5263295,2,1
4385,-6.95,0,780.024,3.871194,4.286961,7,1
4386,-6.48,0,780.024,1.6017598,3.2056873,3,1
4387,-5.91,1,780.024,4.3905416,1.2971777,5,2
4388,-6.55,0,780.024,-0.080884725,1.3385084,2,1
4389,-6.26,0,794.051,1.0466526,3.6171818,2,1
4390,-5.31,1,794.051,2.5653038,5.642029,6,1
4391,-5.81,1,794.051,2.6970344,4.108843,7,1
4392,-6.07,0,794.051,-0.53878355,2.688236,2,1
4393,-6.42,0,794.051,-0.36393088,2.9481134,2,1
4394,-5.6,1,794.051,2.1135361,4.8334637,6,1
4395,-5.37,1,794.051,-1.2737656,1.8454951,2,1
4396,-5.73,1,794.051,3.994231,4.807963,7,1
4397,-6.77,0,794.051,-0.7923469,1.5625478,2,1
4398,-5.9,1,794.051,2.4333107,4.5953293,6,1
4399,-5.99,1,794.051,0.97330445,3.448947,3,1
4400,-5.61,1,794.051,1.475877,2.4261258,3,1
4401,-5.21,1,794.051,2.7017658,5.736157,6,1
4402,-5.07,1,794.051,1.2877951,3.2889457,3,1
4403,-5.82,1,794.051,-1.5328447,2.0269225,2,1
4404,-5.7,1,794.051,-1.1227415,2.3560548,2,1
4405,-5.88,1,808.078,-1.4217398,2.186505,2,1
4406,-5.22,1,808.078,4.467728,0.72524726,5,2
4407,-6.01,0,808.078,1.5070556,4.037165,6,1
4408,-5.29,1,808.078,2.3693593,4.4346766,7,1
4409,-5.2,1,808.078,2.7504394,3.5075526,7,1
4410,-5.36,1,808.078,-1.372819,2.650068,2,1
4411,-5.0,1,808.078,1.890717,5.001708,6,1
4412,-5.57,1,808.078,-1.2311232,2.44881,2,1
4413,-5.88,1,814.041,3.7291882,7.0538077,3,0
4414,-5.57,1,814.041,0.430779,2.930106,2,1
4415,-5.34,1,808.078,-1.012645,3.647305,3,1
4416,-5.73,1,808.078,-0.9192094,2.4852042,2,1
4417,-5.16,1,808.078,-0.21121657,2.1340394,2,1
4418,-5.2,1,808.078,-0.37123892,3.224371,2,1
4419,-4.97,1,808.078,1.4254823,4.096469,5,1
4420,-5.07,1,808.078,4.1196203,0.27766165,5,2
4421,-10.0,0,814.041,-1.0493095,1.9149629,2,1
4422,-10.0,0,814.041,-1.3135383,1.760763,2,1
4423,-6.65,0,814.041,1.1437894,3.9648864,6,1
4424,-5.69,1,814.041,0.3264519,3.3989058,3,1
4425,-5.53,1,814.041,-1.1016272,2.670196,3,1
4426,-5.09,1,808.078,-1.1646295,3.055594,2,1
4427,-6.21,0,808.078,-0.14471214,1.7413702,2,1
4428,-10.0,0,814.041,4.377539,6.948715,3,0
4429,-5.52,1,814.041,0.24018414,3.7329173,2,1
4430,-4.96,1,822.105,4.1468115,6.9144044,3,0
4431,-5.13,1,822.105,4.1644506,7.2502236,3,0
4432,-5.29,1,822.105,1.447159,5.231644,6,1
4433,-5.74,1,828.068,4.0417433,7.2540774,3,0
4434,-5.88,1,828.068,0.8293733,5.6777234,4,1
4435,-6.27,0,828.068,-1.3054532,3.5314922,3,1
4436,-5.64,1,828.068,-1.8428012,5.1800756,4,1
4437,-5.21,1,828.068,-0.88225716,3.9876618,3,1
4438,-4.97,1,822.105,-0.8239958,3.6171803,3,1
4439,-4.96,1,822.105,-0.60351145,4.690557,4,1
4440,-5.16,1,822.105,0.82142127,5.825472,4,1
4441,-7.28,0,828.068,-1.3368968,2.9352932,2,1
4442,-7.05,0,828.068,-1.9116478,3.2212586,2,1
4443,-6.5,0,828.068,2.6954627,3.208397,5,1
4444,-10.0,0,828.068,2.8522115,4.944163,6,1
4445,-6.12,0,828.068,0.14540339,3.7586567,2,1
4446,-5.93,1,828.068,1.8127419,5.093319,6,1
4447,-5.71,1,828.068,-1.4549601,2.9704988,2,1
4448,-5.22,1,828.068,4.069165,7.279045,3,0
4449,-5.8,1,828.068,2.9404025,3.3790307,7,1
4450,-5.29,1,828.068,2.6678152,6.6666265,3,-1
4451,-6.81,0,828.068,2.9023905,5.076529,6,1
4452,-6.46,0,828.068,-1.7633628,3.2501218,2,1
4453,-5.5,1,828.068,-1.3079883,2.9284048,2,1
4454,-5.56,1,828.068,4.793556,0.4756443,5,2
4455,-5.26,1,828.068,0.78686166,3.2999184,3,1
4456,-6.12,0,842.095,-1.7698083,2.9766772,2,1
4457,-5.83,1,842.095,3.6046169,7.156151,3,0
4458,-10.0,0,842.095,-0.3359772,4.7272964,4,1
4459,-6.73,0,842.095,4.4312673,3.7953072,5,1
4460,-6.69,0,842.095,-0.6024074,3.2311614,2,1
4461,-6.0,1,842.095,1.9662784,6.164282,4,1
4462,-5.4,1,842.095,0.35485232,4.637897,4,1
4463,-5.74,1,842.095,-0.03499567,6.0515885,4,1
4464,-5.34,1,842.095,1.4233825,5.1731515,6,1
4465,-5.38,1,842.095,-1.570341,3.5677507,2,1
4466,-6.42,0,848.058,-1.2923421,2.7772245,2,1
4467,-5.64,1,848.058,-1.2298349,2.2323372,2,1
4468,-5.21,1,842.095,-1.2500092,4.6585865,4,1
4469,-5.7,1,842.095,5.663205,7.2910194,3,4
4470,-5.25,1,842.095,-1.8778572,3.6986933,2,1
4471,-6.21,0,848.058,-1.0243515,3.2627697,3,1
4472,-5.63,1,856.122,0.551094,4.6477623,5,1
4473,-6.44,0,862.085,-1.6419948,3.6248791,2,1
4474,-10.0,0,862.085,0.22533397,4.7937245,4,1
4475,-6.59,0,862.085,-1.7690091,3.8742929,2,1
4476,-10.0,0,751.97,4.329462,4.2314105,7,1
4477,-6.69,0,751.97,2.5943882,3.1446698,7,1
4478,-6.65,0,751.97,3.346043,2.551906,7,1
4479,-5.84,1,751.97,4.4596705,2.5018122,5,1
4480,-10.0,0,751.97,3.2918694,2.6432505,7,1
4481,-10.0,0,751.97,1.2127662,2.2005072,3,1
4482,-6.33,0,751.97,3.5852334,2.7160473,7,1
4483,-7.03,0,751.97,4.3184924,5.0763435,7,1
4484,-6.28,0,765.997,4.2901893,5.3025203,7,1
4485,-5.77,1,765.997,1.4862773,1.7251787,7,1
4486,-10.0,0,765.997,4.123015,3.5553048,7,1
4487,-6.51,0,765.997,4.224466,5.583268,6,1
4488,-6.33,0,765.997,3.2754848,5.2157574,6,1
4489,-6.43,0,765.997,0.07979712,2.299509,2,1
4490,-5.9,1,765.997,-1.1491296,1.5580062,2,1
4491,-5.93,1,765.997,4.321897,5.085827,7,1
4492,-6.08,0,765.997,3.79279,3.8923018,7,1
4493,-10.0,0,765.997,0.3824671,2.8437264,2,1
4494,-6.16,0,765.997,0.7703805,2.905205,3,1
4495,-4.0,1,765.997,2.3190358,4.6605444,6,1
4496,-6.34,0,765.997,3.2006304,4.5067954,6,1
4497,-6.41,0,765.997,3.3033333,2.601885,7,1
4498,-6.44,0,765.997,3.2940228,3.075012,7,1
4499,-6.86,0,780.024,0.37527895,2.3722112,2,1
4500,-5.82,1,780.024,3.8462842,5.0959673,6,1
4501,-6.09,0,780.024,2.8137803,3.4900324,7,1
4502,-5.68,1,780.024,0.5733513,1.9781271,2,1
4503,-5.5,1,780.024,1.4684623,3.6180627,6,1
4504,-5.68,1,780.024,1.5338109,2.116822,3,1
4505,-6.44,0,785.987,4.721251,6.890563,3,0
4506,-5.99,1,780.024,3.4085686,4.1733747,7,1
4507,-5.95,1,780.024,4.036127,1.6142604,5,-1
4508,-5.62,1,780.024,4.3904815,0.747054,5,2
4509,-5.82,1,780.024,0.5395643,1.335459,2,1
4510,-5.63,1,780.024,4.3486743,1.0596088,5,2
4511,-5.86,1,780.024,1.6604791,2.17705,3,1
4512,-5.61,1,780.024,3.5103354,4.690006,6,1
4513,-10.0,0,785.987,4.6087346,6.6939526,3,0
4514,-6.48,0,785.987,4.3939967,3.945969,7,1
4515,-6.12,0,785.987,3.1066859,3.3722246,7,1
4516,-7.3,0,785.987,1.6879619,1.1823276,2,1
4517,-5.83,1,780.024,2.8648238,2.6289175,7,1
4518,-5.6,1,780.024,1.6262486,2.3892646,3,1
4519,-5.65,1,794.051,0.55407995,3.508329,2,1
4520,-5.68,1,794.051,-1.318686,1.5876042,2,1
4521,-6.53,0,800.014,4.3030257,3.8489983,7,1
4522,-6.63,0,800.014,3.8154588,6.9980063,3,0
4523,-6.6,0,800.014,3.1990783,2.5690238,7,1
4524,-5.61,1,800.014,1.8231133,2.429892,3,1
4525,-5.75,1,794.051,1.9148648,4.672808,6,1
4526,-5.5,1,794.051,1.7944161,3.8697383,5,1
4527,-5.2,1,794.051,2.7225776,5.8290987,0,1
4528,-6.32,0,800.014,2.4067264,3.845905,7,1
4529,-6.07,0,800.014,2.9906116,5.258135,6,1
4530,-5.56,1,800.014,3.2882423,5.122677,6,1
4531,-5.28,1,794.051,-0.5865998,1.50845,2,1
4532,-6.7,0,800.014,4.5870595,3.347551,7,1
4533,-6.06,0,800.014,4.654238,7.0235085,3,0
4534,-5.75,1,800.014,4.6023293,7.075601,3,0
4535,-5.87,1,800.014,0.3927666,3.146701,3,1
4536,-6.03,0,814.041,2.9631486,4.06012,7,1
4537,-5.73,1,814.041,0.9762102,2.7393942,3,1
4538,-10.0,0,814.041,4.6977534,0.7776272,5,2
4539,-10.0,0,814.041,4.6803155,6.8997183,3,0
4540,-5.9,1,814.041,1.0653678,3.7830086,6,1
4541,-5.89,1,814.041,1.7828637,4.0749354,5,1
4542,-5.24,1,814.041,2.2427425,5.8180184,3,1
4543,-5.36,1,814.041,3.7043862,5.111857,7,1
4544,-6.16,0,820.004,4.0946827,6.659921,3,0
4545,-6.15,0,814.041,0.16606104,2.417912,2,1
4546,-5.4,1,814.041,-0.7245806,1.6723472,2,1
4547,-10.0,0,820.004,4.5867777,0.50160486,5,2
4548,-6.48,0,820.004,4.0922613,6.9362173,3,0
4549,-5.99,1,820.004,0.46522185,3.4703112,2,1
4550,-5.88,1,828.068,3.8817368,5.291617,7,1
4551,-5.69,1,828.068,1.6874055,4.1026936,6,1
4552,-5.41,1,828.068,2.5511966,5.7853208,6,1
4553,-6.45,0,834.031,0.9232558,2.7501836,2,1
4554,-6.12,0,834.031,1.3563497,4.0440803,6,1
4555,-5.49,1,828.068,3.6587856,6.48339,3,0
4556,-6.18,0,834.031,5.1772037,0.8908155,5,2
4557,-6.09,0,848.058,0.8068236,3.5140343,3,1
4558,-5.32,1,848.058,4.328785,0.25468987,5,2
4559,-10.0,0,751.97,4.3966417,4.167217,7,1
4560,-6.69,0,751.97,1.3391061,1.5406051,2,1
4561,-6.59,0,751.97,0.2936367,1.1434661,2,1
4562,-10.0,0,751.97,4.2950935,5.498968,3,1
4563,-10.0,0,751.97,4.5240583,3.966632,7,1
4564,-10.0,0,765.997,-1.1461935,1.2938349,2,1
4565,-6.26,0,765.997,3.1529171,2.7264183,7,1
4566,-10.0,0,765.997,0.88418865,2.9425566,3,1
4567,-6.36,0,765.997,3.3411028,2.7822607,3,1
4568,-6.54,0,765.997,4.4652557,6.710987,3,0
4569,-6.12,0,765.997,4.7845564,6.93569,3,0
4570,-5.92,1,765.997,3.2599955,2.0658727,7,1
4571,-5.92,1,765.997,2.2692344,4.5686426,6,1
4572,-5.24,1,765.997,3.5584798,2.9889824,7,1
4573,-6.31,0,765.997,1.4559535,2.642469,3,1
4574,-6.59,0,765.997,3.4680305,1.0049698,5,2
4575,-6.34,0,765.997,0.913854,2.9273314,3,1
4576,-6.73,0,765.997,3.442695,0.7895766,2,-1
4577,-5.31,1,780.024,4.203271,6.850753,3,0
4578,-5.69,1,780.024,-0.31045827,2.1424408,2,1
4579,-10.0,0,780.024,3.9298832,4.8669415,7,1
4580,-10.0,0,780.024,0.92104304,3.2784803,3,1
4581,-5.72,1,780.024,0.6390031,1.9013622,2,1
4582,-5.6,1,780.024,2.7182908,4.6282077,6,1
4583,-5.37,1,780.024,-1.4598551,2.036989,2,1
4584,-5.9,1,780.024,0.1222423,2.1686418,2,1
4585,-5.69,1,780.024,0.65456724,3.9493368,5,1
4586,-10.0,0,785.987,3.9373243,0.7077227,5,2
4587,-6.3,0,780.024,1.0101788,2.4550364,3,1
4588,-5.84,1,780.024,0.63342047,1.4213496,2,1
4589,-5.18,1,780.024,4.5242476,6.528745,3,0
4590,-5.78,1,780.024,3.0683062,5.2787366,6,1
4591,-7.12,0,785.987,1.6017463,2.0622468,3,1
4592,-6.87,0,785.987,4.018792,4.4121532,7,1
4593,-6.23,0,780.024,1.1351691,1.1401961,2,1
4594,-5.28,1,780.024,-0.74217314,1.0999112,2,1
4595,-6.41,0,785.987,0.47217885,2.3640444,2,1
4596,-10.0,0,794.051,-0.4815274,1.6032344,2,1
4597,-5.46,1,794.051,-0.76155275,1.4038095,2,1
4598,-5.59,1,794.051,-1.3413911,2.2571647,3,1
4599,-6.56,0,800.014,4.9381294,6.786348,0,0
4600,-5.95,1,800.014,5.154584,0.76709384,5,2
4601,-6.32,0,800.014,4.0912204,6.7621965,3,0
4602,-5.96,1,800.014,-0.23407222,2.7935197,3,1
4603,-5.11,1,794.051,-0.7621412,1.6759595,2,1
4604,-10.0,0,800.014,2.748332,5.6309342,6,1
4605,-10.0,0,800.014,2.0920465,2.2978582,2,1
4606,-6.13,0,800.014,4.058105,0.8086705,5,2
4607,-6.11,0,800.014,0.42503786,2.2567558,2,1
4608,-5.88,1,800.014,-0.3986248,1.3347485,2,1
4609,-6.2,0,800.014,0.56981593,3.611764,5,1
4610,-10.0,0,800.014,-1.282188,1.3253558,2,1
4611,-10.0,0,800.014,4.1939464,0.89508647,5,2
4612,-6.57,0,800.014,-0.25112376,2.7909946,2,1
4613,-6.64,0,814.041,3.6635747,4.6680193,7,1
4614,-10.0,0,814.041,0.40308908,2.901768,3,1
4615,-6.25,0,814.041,0.6238538,2.5138977,2,1
4616,-6.08,0,814.041,3.1941605,4.0625577,7,1
4617,-5.94,1,814.041,0.073689714,3.4695086,2,1
4618,-10.0,0,814.041,-0.08275708,1.9467851,2,1
4619,-10.0,0,814.041,-1.4266027,2.2591455,2,1
4620,-10.0,0,814.041,2.9757285,4.370576,7,1
4621,-10.0,0,814.041,-0.35434896,3.6552935,2,1
4622,-5.57,1,814.041,5.3651323,1.2809813,5,2
4623,-6.94,0,820.004,0.18986014,3.5008626,2,1
4624,-4.96,1,828.068,0.6203375,4.7098665,3,1
4625,-6.23,0,828.068,0.72538954,4.554257,5,1
4626,-5.07,1,828.068,-1.8281374,2.8838203,2,1
4627,-5.15,1,848.058,4.191447,7.191967,3,0
4628,-6.46,0,765.997,3.4618633,2.5753453,7,1
4629,-6.17,0,765.997,3.4850566,2.9254582,7,1
4630,-7.49,0,765.997,1.5690799,3.1138003,6,1
4631,-4.0,1,765.997,2.2472827,4.549715,6,1
4632,-5.96,1,765.997,3.2398455,5.137154,6,1
4633,-6.43,0,765.997,4.765584,0.95032483,5,2
4634,-6.0,1,780.024,2.0262878,4.3660374,6,1
4635,-5.55,1,780.024,1.920956,4.804637,6,1
4636,-7.13,0,780.024,2.0459917,2.3661458,3,1
4637,-6.38,0,780.024,4.508337,4.089587,0,1
4638,-5.96,1,780.024,3.5617976,1.2007625,5,-1
4639,-5.56,1,780.024,2.737457,4.82779,6,1
4640,-7.66,0,780.024,3.326306,5.1496735,6,1
4641,-6.77,0,780.024,3.5868747,4.707991,6,1
4642,-5.33,1,780.024,2.4394915,4.9090695,6,1
4643,-5.68,1,780.024,0.7666887,3.7153091,5,1
4644,-5.91,1,780.024,3.4750624,4.4817705,7,1
4645,-5.91,1,780.024,-0.60899127,1.0519892,2,1
4646,-5.86,1,780.024,-0.26541853,2.8766165,3,1
4647,-5.54,1,794.051,1.5318003,3.4828901,5,1
4648,-6.49,0,794.051,1.0058542,4.1479645,6,1
4649,-5.05,1,794.051,3.1102538,5.157772,6,1
4650,-10.0,0,794.051,1.8742025,3.8193297,5,1
4651,-6.51,0,794.051,-0.80283,2.1055734,2,1
4652,-6.0,1,794.051,0.3750827,3.7414756,2,1
4653,-5.06,1,794.051,1.7773031,3.6726952,5,1
4654,-5.99,1,794.051,3.455101,5.196373,6,1
4655,-5.32,1,794.051,3.8833945,0.697008,5,2
4656,-5.03,1,794.051,2.6075954,5.9211664,1,1
4657,-5.47,1,794.051,1.507304,2.4108133,3,1
4658,-6.38,0,800.014,3.4343987,5.063295,6,1
4659,-5.8,1,800.014,2.8509421,3.558074,7,1
4660,-6.22,0,794.051,-1.6507334,1.8133729,2,1
4661,-6.41,0,794.051,1.5896578,3.2808173,6,1
4662,-5.59,1,794.051,5.2458587,1.2635152,5,2
4663,-5.28,1,794.051,0.45130193,3.9845366,3,1
4664,-6.79,0,800.014,3.0724795,2.6538348,7,1
4665,-7.13,0,800.014,1.3804941,3.921809,6,1
4666,-6.29,0,800.014,-0.5569555,2.5059292,2,1
4667,-6.04,0,800.014,3.4592235,4.718656,6,1
4668,-5.16,1,794.051,1.8519893,3.8793564,5,1
4669,-6.28,0,800.014,1.6038785,2.187236,3,1
4670,-6.17,0,800.014,-0.25492027,2.9087741,2,1
4671,-5.8,1,808.078,-0.63146263,3.5192552,3,1
4672,-6.14,0,808.078,2.1844308,5.5376096,6,1
4673,-5.73,1,808.078,-1.0748271,2.506321,2,1
4674,-6.65,0,814.041,4.3444448,0.8023653,5,2
4675,-6.36,0,814.041,1.1315672,3.1229982,3,1
4676,-6.25,0,814.041,1.8983891,4.9384656,6,1
4677,-5.52,1,814.041,3.1301966,4.419127,6,1
4678,-5.17,1,814.041,4.5790734,7.095977,3,0
4679,-5.22,1,814.041,3.036358,5.752164,0,1
4680,-5.4,1,808.078,2.9195063,5.389211,6,1
4681,-5.55,1,808.078,4.2512875,0.18690029,5,2
4682,-10.0,0,814.041,1.4121343,3.8743398,6,1
4683,-10.0,0,814.041,1.472089,2.481793,3,1
4684,-5.9,1,814.041,1.1352535,4.2450576,6,1
4685,-6.09,0,814.041,2.5656264,5.7126923,6,1
4686,-6.04,0,814.041,1.4754466,3.6819043,6,1
4687,-6.2,0,814.041,1.996933,3.8737698,6,1
4688,-5.88,1,814.041,0.41757414,1.8069717,2,1
4689,-5.81,1,814.041,1.9351571,4.953213,6,1
4690,-5.17,1,814.041,4.602538,2.1052945,5,-1
4691,-5.64,1,814.041,4.192029,1.1223053,5,2
4692,-5.66,1,814.041,0.18265767,3.2356825,3,1
4693,-6.22,0,814.041,5.5545597,7.0091352,3,-1
4694,-5.48,1,814.041,2.9175584,3.8949451,7,1
4695,-5.59,1,828.068,5.243789,7.154375,3,0
4696,-6.11,0,828.068,-1.502026,3.010499,2,1
4697,-5.85,1,828.068,-0.12528674,4.407592,4,1
4698,-5.58,1,828.068,-0.93835455,4.9914904,5,1
4699,-5.98,1,828.068,1.8619612,5.3989406,6,1
4700,-5.48,1,828.068,-1.3874576,2.4231296,2,1
4701,-5.81,1,828.068,-1.3125957,2.7611375,3,1
4702,-5.87,1,828.068,1.7301036,5.085756,6,1
4703,-5.74,1,828.068,-1.837496,2.7522466,2,1
4704,-6.28,0,834.031,1.9630079,5.9331303,0,1
4705,-5.42,1,828.068,3.8848937,6.7339177,3,0
4706,-5.48,1,828.068,0.14515664,4.449903,5,1
4707,-5.05,1,828.068,-0.84396654,3.2238824,2,1
4708,-6.13,0,834.031,2.3800378,4.8523564,6,1
4709,-5.81,1,834.031,-1.1345336,3.840108,2,1
4710,-5.74,1,842.095,3.5858593,6.3545012,6,0
4711,-5.5,1,842.095,2.8525538,4.9982038,6,1
4712,-6.17,0,848.058,-0.08103323,3.8565896,2,1
4713,-5.92,1,848.058,0.7797711,4.6988387,4,1
4714,-5.23,1,842.095,-1.5585421,4.303022,4,1
4715,-6.1,0,848.058,-1.1169455,4.2743855,2,1
4716,-5.69,1,848.058,-1.3239737,2.6663878,2,1
4717,-5.63,1,862.085,2.5215354,6.275289,6,1
4718,-6.01,0,765.997,0.35529545,2.6043117,3,1
4719,-10.0,0,765.997,4.2785144,4.3850555,7,1
4720,-6.34,0,765.997,0.6014003,2.81783,3,1
4721,-4.0,1,765.997,1.2016085,2.852152,3,1
4722,-7.64,0,765.997,2.8700652,4.7708373,6,1
4723,-6.52,0,765.997,3.6217732,3.8651252,7,1
4724,-5.67,1,780.024,4.0091963,5.1593275,7,1
4725,-5.52,1,780.024,3.3071277,4.5601687,6,1
4726,-5.67,1,780.024,2.1613078,4.596013,6,1
4727,-6.43,0,780.024,1.2725992,2.0409632,3,1
4728,-5.79,1,780.024,2.9650388,5.3149896,6,1
4729,-5.86,1,780.024,4.7180443,6.4504156,3,0
4730,-6.07,0,780.024,-0.40658873,2.5044591,2,1
4731,-5.43,1,780.024,1.934527,3.8501346,6,1
4732,-6.78,0,780.024,3.4624507,4.234991,7,1
4733,-6.86,0,780.024,1.5789244,2.0803225,3,1
4734,-6.32,0,780.024,2.9656298,5.376122,6,1
4735,-5.7,1,780.024,-1.1919858,1.4282436,2,1
4736,-5.32,1,780.024,2.3750098,5.048229,6,1
4737,-6.54,0,780.024,0.12253415,3.0094519,2,1
4738,-5.98,1,780.024,0.2880073,3.4625554,2,1
4739,-5.26,1,794.051,1.2971258,3.8798604,6,1
4740,-5.1,1,794.051,1.5678296,3.5805151,6,1
4741,-5.13,1,794.051,5.1473613,3.324966,1,1
4742,-5.33,1,794.051,3.6527083,7.039692,3,0
4743,-5.42,1,794.051,2.9214776,5.4879556,6,1
4744,-5.59,1,794.051,3.426227,5.7867846,7,1
4745,-5.67,1,794.051,0.17551862,2.0240965,2,1
4746,-5.27,1,794.051,-1.183976,2.198403,2,1
4747,-6.82,0,794.051,-1.314581,1.6684021,2,1
4748,-5.94,1,800.014,3.4067726,5.1548605,6,1
4749,-5.98,1,800.014,-1.4190114,1.8409753,2,1
4750,-6.02,0,794.051,1.5229464,3.7672622,5,1
4751,-5.68,1,794.051,3.3585775,2.6935492,7,1
4752,-5.54,1,794.051,4.6654124,4.03487,0,1
4753,-5.06,1,794.051,4.954725,1.193344,5,-1
4754,-5.88,1,794.051,-0.97871435,1.9242393,2,1
4755,-6.44,0,800.014,4.0239024,5.3158383,7,1
4756,-5.95,1,800.014,1.4966724,3.2093186,3,1
4757,-6.16,0,800.014,0.30612263,2.2462857,2,1
4758,-6.38,0,800.014,3.3779585,4.444366,6,1
4759,-5.42,1,794.051,4.9822226,0.6563941,5,2
4760,-5.38,1,794.051,3.1439362,4.2261186,7,1
4761,-6.32,0,800.014,3.7738783,7.0684447,3,0
4762,-5.92,1,800.014,-0.11641111,1.2571726,2,1
4763,-5.08,1,808.078,-1.5293094,3.2358654,3,1
4764,-5.83,1,808.078,-0.2902853,1.9477988,2,1
4765,-5.46,1,808.078,2.1870918,6.154112,3,1
4766,-4.99,1,808.078,-1.1939887,3.741569,2,1
4767,-7.21,0,814.041,4.0168076,7.2085533,3,0
4768,-6.02,0,814.041,2.2647502,5.6532183,6,1
4769,-5.36,1,814.041,0.005983403,1.7593088,2,1
4770,-5.4,1,814.041,2.8782027,3.306687,7,1
4771,-5.55,1,814.041,4.1975126,6.6664486,3,0
4772,-5.45,1,814.041,3.2270827,5.9468846,0,1
4773,-5.41,1,808.078,1.9430442,5.0803156,6,1
4774,-5.36,1,808.078,2.5342133,5.851268,6,1
4775,-5.25,1,808.078,4.7909565,0.5255903,5,2
4776,-6.71,0,814.041,-1.2454556,1.7081544,2,1
4777,-6.46,0,814.041,3.5833664,6.713011,3,0
4778,-5.61,1,814.041,2.2421978,5.1036215,6,1
4779,-5.8,1,814.041,-2.0918279,3.0144167,2,1
4780,-5.2,1,814.041,5.3474755,1.0587221,5,2
4781,-5.89,1,814.041,-1.5372634,1.9175854,2,1
4782,-5.34,1,808.078,-1.971241,4.3774505,3,1
4783,-5.77,1,814.041,-0.29562247,1.9639797,2,1
4784,-5.66,1,814.041,3.0370364,3.5271828,7,1
4785,-5.67,1,814.041,-0.1927754,3.3999488,3,1
4786,-10.0,0,828.068,1.5501181,4.949182,6,1
4787,-5.94,1,828.068,0.44286567,3.4082701,3,1
4788,-6.27,0,828.068,2.0458112,4.815756,6,1
4789,-5.78,1,828.068,1.8670152,5.01741,6,1
4790,-5.63,1,828.068,1.8440369,5.2390637,6,1
4791,-5.68,1,828.068,1.6257747,4.1095986,5,1
4792,-5.7,1,828.068,-0.069111995,4.322316,4,1
4793,-6.9,0,834.031,-0.08531302,2.6835628,2,1
4794,-5.68,1,834.031,2.0445473,5.046628,6,1
4795,-6.4,0,828.068,3.8704093,1.1465178,5,2
4796,-5.22,1,828.068,-0.13267276,3.8164797,2,1
4797,-5.55,1,828.068,-0.20435266,4.0302815,4,1
4798,-5.45,1,828.068,0.06815318,4.152976,2,1
4799,-6.8,0,834.031,1.8496548,6.856492,0,-1
4800,-5.92,1,842.095,2.49686,6.115765,1,1
4801,-5.71,1,842.095,1.5051651,5.0628586,6,1
4802,-6.81,0,848.058,4.1348615,7.319778,3,0
4803,-10.0,0,848.058,-0.10808481,4.5245447,4,1
4804,-10.0,0,848.058,-1.5151063,2.663205,2,1
4805,-5.44,1,842.095,2.82466,5.180427,6,1
4806,-10.0,0,848.058,-1.0802071,2.772873,2,1
4807,-5.91,1,848.058,-0.5501824,3.9770632,2,1
4808,-5.76,1,848.058,-0.18249579,3.9976795,2,1
4809,-6.04,0,862.085,-1.6911137,2.449191,2,1
4810,-5.9,1,862.085,-1.7195826,3.6813927,2,1
4811,-5.82,1,862.085,0.39841726,6.004967,4,1
4812,-6.42,0,882.075,-1.8998582,2.898836,2,1
4813,-6.53,0,765.997,1.0114418,2.8969972,2,1
4814,-6.75,0,765.997,4.214793,4.4806514,7,1
4815,-5.71,1,765.997,0.39133647,2.4248679,2,1
4816,-5.88,1,765.997,1.658444,2.0734136,1,1
4817,-6.31,0,765.997,3.5609899,4.12676,7,1
4818,-5.9,1,780.024,0.2987166,1.4919616,5,1
4819,-5.31,1,780.024,-0.43162456,1.1038908,2,1
4820,-5.42,1,780.024,0.56400263,2.8156576,3,1
4821,-6.23,0,780.024,1.5200391,2.1783137,3,1
4822,-5.68,1,780.024,7.9835067,6.767655,0,4
4823,-5.49,1,780.024,2.2223277,3.6505375,6,1
4824,-5.35,1,780.024,2.989637,2.6880102,7,1
4825,-5.41,1,780.024,3.7758808,3.0230956,7,1
4826,-6.3,0,780.024,0.8800948,2.3191247,2,1
4827,-5.86,1,780.024,-0.18580422,2.637372,2,1
4828,-5.91,1,780.024,3.5489273,4.941075,6,1
4829,-5.17,1,780.024,-0.18410024,2.930989,3,1
4830,-5.46,1,780.024,0.5229956,3.403216,2,1
4831,-5.24,1,780.024,4.0401497,5.1535215,7,1
4832,-5.64,1,780.024,0.47006127,2.3762767,2,1
4833,-5.73,1,780.024,4.642212,6.3571815,3,0
4834,-5.03,1,794.051,2.6373465,5.609334,6,1
4835,-5.98,1,794.051,2.148674,3.6954432,6,1
4836,-6.01,0,794.051,0.06056923,2.4869254,2,1
4837,-5.21,1,794.051,-0.5661675,1.9790336,2,1
4838,-5.07,1,794.051,1.4142102,3.3353918,3,1
4839,-5.18,1,794.051,2.7795787,4.2231193,7,1
4840,-5.11,1,794.051,2.2588046,4.9578905,6,1
4841,-5.65,1,800.014,1.1891903,3.9754887,6,1
4842,-6.67,0,794.051,-0.2204516,2.9575417,2,1
4843,-5.62,1,794.051,1.9471252,3.9086354,5,1
4844,-5.14,1,794.051,2.018334,4.728796,6,1
4845,-5.05,1,794.051,1.4119229,4.1855125,6,1
4846,-6.17,0,800.014,3.014718,4.4587255,6,1
4847,-5.99,1,800.014,2.0815105,4.738202,6,1
4848,-5.66,1,800.014,-0.32040033,2.725193,2,1
4849,-6.21,0,794.051,-0.46379143,1.0437592,2,1
4850,-5.13,1,794.051,0.33929783,3.0361218,3,1
4851,-5.04,1,794.051,-0.095925696,1.5621493,2,1
4852,-5.95,1,800.014,3.1419082,3.8666553,7,1
4853,-5.73,1,800.014,0.68921536,2.973512,3,1
4854,-5.14,1,808.078,-1.1796141,2.6133916,2,1
4855,-5.5,1,808.078,0.8733086,4.4845424,6,1
4856,-5.12,1,808.078,-1.6392511,5.501503,1,1
4857,-5.94,1,814.041,-1.3147842,3.6209934,3,1
4858,-5.24,1,814.041,-2.2041028,3.5179784,3,1
4859,-5.41,1,814.041,4.0911584,0.17736574,5,2
4860,-5.54,1,814.041,0.12948081,1.6139097,2,1
4861,-5.16,1,808.078,3.5341597,6.220681,6,-1
4862,-5.63,1,808.078,-1.1873753,2.3683736,2,1
4863,-6.86,0,814.041,2.0155888,5.1062007,6,1
4864,-6.05,0,814.041,-1.423289,2.0510945,2,1
4865,-6.04,0,814.041,2.010468,5.0227995,6,1
4866,-5.76,1,814.041,0.9124685,3.547666,3,1
4867,-5.42,1,814.041,0.47349617,1.7716031,2,1
4868,-5.4,1,814.041,-1.1531143,3.475581,3,1
4869,-5.32,1,814.041,1.8330591,3.9611888,6,1
4870,-6.53,0,814.041,0.26461363,3.252499,3,1
4871,-5.73,1,814.041,4.141872,1.3935543,5,2
4872,-5.7,1,814.041,0.41887125,4.103312,4,1
4873,-5.4,1,814.041,3.8515587,0.42221048,5,2
4874,-5.35,1,814.041,0.28124857,3.5555336,2,1
4875,-6.04,0,828.068,-1.0387456,2.9771852,3,1
4876,-5.56,1,828.068,-1.6497543,2.786888,2,1
4877,-6.18,0,828.068,1.1442378,4.0131826,6,1
4878,-5.61,1,828.068,-0.8864287,3.691678,2,1
4879,-6.26,0,828.068,1.1213765,4.7601204,6,-1
4880,-5.22,1,828.068,0.3724673,4.9728327,4,1
4881,-5.25,1,828.068,-0.271205,4.195311,4,1
4882,-5.43,1,828.068,2.1654897,6.1347733,6,1
4883,-5.57,1,834.031,-1.6828945,2.5728679,2,1
4884,-6.36,0,828.068,-1.584394,2.7200105,2,1
4885,-5.27,1,828.068,2.5653687,6.032462,1,1
4886,-7.46,0,834.031,2.9253497,4.4110413,6,1
4887,-5.91,1,834.031,1.1282814,3.1352558,3,1
4888,-5.56,1,842.095,2.4998415,5.7411323,6,1
4889,-5.76,1,842.095,4.944495,0.5466025,5,2
4890,-6.26,0,848.058,-1.7440786,3.1797552,2,1
4891,-6.45,0,848.058,1.6059031,4.2645736,5,1
4892,-5.31,1,842.095,2.6000805,6.354832,0,1
4893,-5.81,1,848.058,0.16285652,5.0072145,4,1
4894,-5.5,1,848.058,4.8389897,0.5525031,5,2
4895,-5.83,1,848.058,0.23130102,4.9978175,4,1
4896,-5.85,1,862.085,-1.5244547,3.8833013,3,1
4897,-6.73,0,882.075,0.0400994,5.1154933,4,1
4898,-5.85,1,842.095,5.034021,0.45468268,5,2
4899,-6.03,0,842.095,-1.0042188,4.6297574,4,1
4900,-5.79,1,842.095,3.6074643,4.8745723,7,1
4901,-5.77,1,842.095,3.337843,5.931417,0,1
4902,-6.23,0,842.095,5.711597,7.3090806,0,4
4903,-5.94,1,842.095,-0.93498987,5.6097293,4,1
4904,-5.62,1,842.095,3.6803122,5.3621716,7,1
4905,-5.71,1,842.095,1.4525627,6.455737,4,1
4906,-5.82,1,856.122,-1.0694695,5.1650205,4,1
4907,-5.6,1,856.122,7.240824,7.141799,0,4
4908,-5.5,1,856.122,-0.6354221,5.6959147,4,1
4909,-5.64,1,856.122,-1.8211056,2.7030613,2,1
4910,-5.48,1,856.122,-1.5998553,5.670308,1,1
4911,-5.52,1,856.122,-0.39624348,3.9805994,4,1
4912,-5.31,1,856.122,4.898843,0.7219493,5,2
4913,-5.51,1,856.122,-2.0093439,4.756628,0,1
4914,-5.36,1,856.122,-2.0166087,3.5678227,2,1
4915,-5.71,1,856.122,-1.0708256,4.149017,2,1
4916,-5.54,1,856.122,1.333504,6.401426,7,1
4917,-5.85,1,856.122,4.9532466,0.36916625,5,2
4918,-5.65,1,856.122,0.29036194,6.474211,4,1
4919,-5.79,1,856.122,0.53164256,6.1387463,4,1
4920,-5.36,1,856.122,0.63563335,6.4984937,4,1
4921,-5.33,1,856.122,-1.4355885,3.969017,2,1
4922,-5.51,1,856.122,0.074959554,5.8449564,4,1
4923,-5.74,1,856.122,-1.323465,4.4523273,4,1
4924,-5.45,1,856.122,5.1936975,0.70704156,5,2
4925,-5.45,1,856.122,1.0077484,5.2395372,7,1
4926,-5.32,1,870.149,0.2542984,6.3740745,4,1
4927,-5.11,1,870.149,-1.2108561,5.3492317,4,1
4928,-5.44,1,870.149,-0.008345986,6.505301,4,1
4929,-5.31,1,870.149,-0.44304407,4.9551964,4,1
4930,-5.42,1,870.149,-1.8585792,4.8044767,4,1
4931,-5.32,1,870.149,-1.5435052,4.2906957,4,1
4932,-5.31,1,870.149,-0.8322752,4.9990463,4,1
4933,-5.75,1,876.112,-1.462647,4.8848166,4,1
4934,-5.76,1,876.112,-0.4561715,4.1915603,4,1
4935,-5.73,1,876.112,0.5668435,6.276081,4,1
4936,-5.42,1,870.149,1.3027601,5.6162724,5,1
4937,-5.64,1,870.149,-1.3618457,4.6461363,4,1
4938,-5.31,1,870.149,5.2358303,0.8356928,5,2
4939,-5.52,1,870.149,3.860573,7.083747,3,0
4940,-5.93,1,876.112,1.6831065,5.4475007,6,1
4941,-5.85,1,876.112,4.4078746,7.3475823,3,0
4942,-5.79,1,876.112,-1.7689227,5.1194153,4,1
4943,-5.68,1,876.112,-0.9966112,5.727168,4,1
4944,-5.67,1,876.112,0.67605317,6.5651712,4,1
4945,-5.17,1,870.149,1.2392323,5.461545,5,1
4946,-5.25,1,870.149,1.9395255,6.3131795,4,1
4947,-6.27,0,876.112,3.7772644,7.259507,3,0
4948,-5.85,1,876.112,-1.4365035,4.387128,4,1
4949,-5.17,1,884.176,0.8076713,4.6096516,5,1
4950,-5.23,1,884.176,-0.49998382,5.5068965,4,1
4951,-5.52,1,884.176,0.2658495,6.456474,4,1
4952,-5.38,1,884.176,-0.76827955,6.0939074,4,-1
4953,-5.83,1,890.139,0.090926796,6.400202,4,1
4954,-5.68,1,890.139,-0.41797307,6.418263,4,1
4955,-5.68,1,890.139,0.107096925,5.0864673,4,1
4956,-5.58,1,890.139,-0.4946205,5.225314,4,1
4957,-5.2,1,884.176,-0.3415905,4.941885,4,1
4958,-5.9,1,890.139,1.3575169,6.6233864,0,1
4959,-6.3,0,890.139,-0.42989278,6.40514,4,1
4960,-5.9,1,890.139,-1.1306037,5.510583,4,1
4961,-5.69,1,890.139,0.46386665,6.3221903,4,1
4962,-5.55,1,890.139,0.026745353,6.1091104,4,1
4963,-5.53,1,890.139,4.0360017,7.0635624,3,0
4964,-5.42,1,890.139,-1.5515116,5.2689724,4,1
4965,-5.25,1,890.139,0.22462691,6.260043,4,1
4966,-5.66,1,890.139,-0.4118243,6.2496324,4,1
4967,-5.79,1,890.139,2.2024975,6.904593,0,-1
4968,-5.28,1,884.176,-1.3239317,4.5798807,4,1
4969,-5.91,1,890.139,0.7964596,6.5586243,4,1
4970,-5.61,1,890.139,0.5733323,5.7198377,4,1
4971,-5.58,1,904.166,-0.9734187,5.525963,4,1
4972,-5.51,1,904.166,-0.24884973,6.392293,4,1
4973,-5.48,1,904.166,0.96648556,6.565711,4,1
4974,-5.74,1,904.166,0.40105283,6.179739,4,1
4975,-5.63,1,904.166,4.65534,7.3075805,3,0
4976,-5.94,1,904.166,0.46629247,6.3556566,4,1
4977,-5.43,1,904.166,-0.64552,4.971024,4,1
4978,-5.64,1,904.166,0.30174667,6.3426676,4,1
4979,-5.85,1,910.129,0.05853067,6.148756,4,1
4980,-5.81,1,904.166,-1.3524082,4.715272,4,1
4981,-5.83,1,904.166,0.38437134,6.182936,4,1
4982,-5.43,1,904.166,-1.3119254,4.4602885,4,1
4983,-5.66,1,904.166,-0.93205965,6.0095453,4,-1
4984,-6.31,0,910.129,-1.6173111,5.1358857,4,1
4985,-5.76,1,910.129,-0.1002766,5.797443,4,1
4986,-5.34,1,918.193,-1.2689222,4.88354,4,1
4987,-5.45,1,918.193,1.6582172,6.5759397,4,1
4988,-5.99,1,924.156,-0.8808357,5.2056713,5,1
4989,-5.92,1,924.156,-0.22042218,6.2493935,4,1
4990,-5.74,1,924.156,-1.0768601,4.5172176,4,1
4991,-5.23,1,918.193,-1.4568636,5.0162234,4,1
4992,-6.29,0,924.156,0.012033122,5.4586654,5,1
4993,-5.81,1,924.156,-0.28817374,5.943322,4,1
4994,-5.76,1,938.183,-0.39292404,6.172226,4,1
4995,-5.77,1,938.183,0.09178323,6.714859,4,1
4996,-6.09,0,958.173,0.20281266,6.290603,4,1
4997,-5.85,1,842.095,7.0269547,6.2177587,0,-1
4998,-6.27,0,842.095,3.4580383,5.2232327,7,1
4999,-5.96,1,842.095,-1.519763,3.6133592,3,1
5000,-6.55,0,842.095,-0.7898529,3.0700564,2,1
5001,-5.77,1,842.095,-0.17232706,5.9173865,4,1
5002,-5.74,1,842.095,3.7024016,4.962976,7,1
5003,-5.58,1,856.122,-0.65322536,5.6239667,4,1
5004,-5.9,1,856.122,0.31590834,6.9012413,3,-1
5005,-5.67,1,856.122,2.002397,6.4585147,4,1
5006,-6.24,0,856.122,5.383695,7.3668623,0,-1
5007,-5.99,1,856.122,4.31218,7.2569776,3,0
5008,-5.75,1,856.122,1.2891924,6.1130133,4,1
5009,-6.01,0,856.122,-1.9502051,3.4525163,2,1
5010,-5.54,1,856.122,-0.84988487,5.723925,4,1
5011,-5.33,1,856.122,-0.2384935,4.862389,4,1
5012,-5.78,1,856.122,0.94814384,5.4666915,5,1
5013,-5.69,1,856.122,-0.8894094,4.5623236,5,1
5014,-5.95,1,856.122,0.18922989,6.5485115,4,1
5015,-6.31,0,856.122,2.5547242,5.3499255,6,1
5016,-6.0,1,856.122,0.5868097,5.433401,4,1
5017,-5.69,1,856.122,3.79589,7.250329,3,0
5018,-5.26,1,856.122,5.2560616,2.1786594,5,-1
5019,-5.37,1,856.122,-0.26588237,4.267746,4,1
5020,-5.86,1,856.122,0.8913624,5.771428,3,1
5021,-5.6,1,856.122,0.9922176,6.084487,4,1
5022,-5.31,1,856.122,1.3362228,6.747198,4,1
5023,-5.33,1,870.149,0.06929256,6.4153123,4,1
5024,-5.32,1,870.149,-1.4585953,4.131304,3,1
5025,-5.37,1,870.149,1.0231203,5.758932,4,1
5026,-5.39,1,870.149,2.300381,6.1054206,0,1
5027,-5.26,1,870.149,4.4609423,7.0658555,3,0
5028,-5.53,1,870.149,1.0474621,6.5418463,4,1
5029,-6.25,0,876.112,-1.4974309,5.624816,4,1
5030,-5.78,1,876.112,-1.2345232,4.5612493,4,1
5031,-5.78,1,870.149,0.19515114,5.90636,4,1
5032,-5.6,1,870.149,1.4993181,6.6209707,4,1
5033,-5.51,1,870.149,-1.4557648,5.567517,4,1
5034,-5.46,1,870.149,-0.45264024,5.5669045,4,1
5035,-6.17,0,876.112,-1.3758838,4.6419625,4,1
5036,-6.51,0,876.112,-1.1286408,4.690014,2,1
5037,-6.07,0,876.112,1.3409363,6.158088,4,1
5038,-5.75,1,876.112,2.913916,6.3627563,0,-1
5039,-5.4,1,870.149,-1.1102734,4.148956,2,1
5040,-5.37,1,870.149,-1.8043871,4.4052777,4,1
5041,-6.27,0,876.112,2.4772487,4.8415875,5,1
5042,-5.58,1,876.112,5.356431,1.0113293,5,2
5043,-5.47,1,884.176,0.80530316,5.8236465,4,1
5044,-5.16,1,884.176,-0.65955865,5.2221518,4,1
5045,-5.46,1,884.176,-0.7010571,6.088213,4,1
5046,-5.38,1,890.139,-0.706816,4.826025,4,1
5047,-5.91,1,890.139,-1.1569052,5.6157846,4,1
5048,-5.87,1,890.139,0.47704935,6.246158,4,1
5049,-5.24,1,884.176,-0.29010862,5.779236,4,1
5050,-6.45,0,890.139,1.0830938,5.3027434,4,1
5051,-5.88,1,890.139,0.93016064,6.3726134,4,1
5052,-6.04,0,890.139,-1.3187897,5.257803,4,1
5053,-5.62,1,890.139,0.7246806,5.984419,4,1
5054,-5.38,1,890.139,0.4659623,6.3678684,4,1
5055,-5.85,1,890.139,-0.094194174,6.6076107,4,1
5056,-5.26,1,884.176,-1.3184577,4.670866,4,1
5057,-6.14,0,890.139,0.20241943,6.5104012,4,1
5058,-5.91,1,890.139,-0.31174967,6.3114457,4,1
5059,-5.92,1,890.139,-0.53185886,5.823,4,1
5060,-5.75,1,890.139,-0.8894967,4.888101,4,1
5061,-5.86,1,904.166,-1.7635977,5.0976577,4,1
5062,-5.86,1,904.166,-0.3398904,6.0600977,4,1
5063,-5.72,1,904.166,-0.0014239888,5.023347,5,1
5064,-5.88,1,904.166,0.66016686,6.307843,4,1
5065,-5.43,1,904.166,-1.1012372,5.441468,4,1
5066,-5.44,1,904.166,0.3241625,6.150747,4,1
5067,-6.15,0,910.129,1.37598,6.003659,4,1
5068,-5.37,1,904.166,0.48609498,6.093253,4,1
5069,-5.14,1,904.166,0.264236,5.1883526,4,1
5070,-6.8,0,910.129,-0.06698557,6.395411,4,1
5071,-5.6,1,918.193,-1.7891443,4.52072,4,1
5072,-5.42,1,918.193,-0.22114874,6.2125964,4,1
5073,-5.55,1,918.193,-0.50790924,5.496715,4,1
5074,-6.09,0,924.156,5.1697254,0.8227988,5,2
5075,-6.1,0,924.156,0.3611565,6.1150756,4,1
5076,-5.88,1,924.156,-0.026365926,5.702292,4,1
5077,-5.79,1,938.183,-1.0376983,5.0188775,4,1
5078,-5.92,1,938.183,-0.42011496,6.400077,4,1
5079,-5.69,1,938.183,0.7468794,6.5419126,4,1
5080,-6.66,0,944.146,4.9513397,0.5185568,5,2
5081,-6.13,0,780.024,4.4309673,3.998925,0,1
5082,-5.64,1,780.024,4.444067,4.2540283,0,1
5083,-5.82,1,780.024,4.558093,6.3726544,3,0
5084,-6.11,0,780.024,3.911655,4.5177736,7,1
5085,-5.83,1,780.024,0.4177005,2.6300435,2,1
5086,-5.74,1,780.024,0.9264338,1.5507338,2,1
5087,-5.34,1,794.051,3.742404,7.0112476,3,0
5088,-5.56,1,794.051,-0.6336839,1.0970033,2,1
5089,-5.65,1,794.051,-1.9857113,3.4792974,2,1
5090,-5.88,1,794.051,5.0291,3.1665542,1,1
5091,-5.65,1,794.051,4.4926786,3.6355722,5,1
5092,-5.33,1,794.051,4.3410425,0.41234884,5,2
5093,-5.17,1,794.051,4.608895,6.2574077,0,0
5094,-5.85,1,794.051,4.085432,6.542564,3,0
5095,-5.79,1,794.051,3.1965966,4.3393173,6,1
5096,-5.82,1,794.051,-0.40395045,3.0897543,3,1
5097,-5.51,1,794.051,0.7456412,3.3224847,3,1
5098,-5.73,1,794.051,3.6875439,4.9870296,7,1
5099,-5.34,1,794.051,3.5391657,4.627883,7,1
5100,-5.18,1,794.051,2.1635985,2.679239,7,1
5101,-5.81,1,794.051,3.820166,0.7772903,5,2
5102,-5.32,1,794.051,-1.8866473,2.3860376,2,1
5103,-5.52,1,794.051,1.8058807,2.4347246,3,1
5104,-5.26,1,808.078,4.003776,5.8178916,6,-1
5105,-5.24,1,808.078,0.9956965,4.5533333,5,1
5106,-4.89,1,808.078,-1.9635342,3.5337055,2,1
5107,-5.32,1,808.078,-1.831822,3.1813934,2,1
5108,-5.11,1,808.078,-0.6504558,4.9028883,4,1
5109,-5.56,1,808.078,-0.641674,3.4011316,3,1
5110,-5.5,1,808.078,1.1366487,4.2402773,5,1
5111,-5.6,1,814.041,1.8216808,5.1190705,6,1
5112,-5.5,1,814.041,1.8556951,5.665263,0,1
5113,-5.9,1,808.078,1.424716,5.764289,6,1
5114,-5.16,1,808.078,-1.9912176,4.7308984,5,1
5115,-5.19,1,808.078,-1.313262,2.7283475,2,1
5116,-5.18,1,808.078,1.1229053,4.0548825,6,1
5117,-5.0,1,808.078,-2.0551612,4.6345963,0,1
5118,-5.72,1,808.078,-0.8896656,3.1327426,3,1
5119,-5.82,1,814.041,3.9334195,5.416241,7,1
5120,-5.55,1,814.041,-0.84826165,2.9051375,3,1
5121,-5.75,1,814.041,1.9642419,5.532072,6,1
5122,-5.74,1,814.041,-1.7330899,2.3174903,2,1
5123,-5.58,1,808.078,2.3411694,5.865968,6,1
5124,-4.93,1,808.078,-2.240315,3.6080983,3,1
5125,-4.96,1,808.078,4.1440215,0.63144654,5,2
5126,-5.75,1,814.041,-0.4955379,1.0451077,2,1
5127,-5.38,1,822.105,-1.4190502,3.8607569,3,1
5128,-5.29,1,822.105,0.80865467,4.715361,4,1
5129,-4.84,1,822.105,1.3724967,5.494137,6,1
5130,-4.91,1,822.105,-0.8266075,5.0558743,4,1
5131,-5.76,1,828.068,4.5543847,3.6249092,7,1
5132,-5.66,1,828.068,-0.08096068,4.740629,4,1
5133,-5.19,1,828.068,-1.7501295,2.3113508,2,1
5134,-5.39,1,828.068,4.128252,0.15588988,5,2
5135,-5.41,1,828.068,1.7197618,6.067256,6,1
5136,-5.43,1,828.068,-0.8731453,4.9942155,4,1
5137,-5.11,1,822.105,0.3225235,4.968632,4,1
5138,-4.85,1,822.105,1.6704669,5.3657985,6,1
5139,-6.59,0,828.068,3.061422,5.165106,6,1
5140,-5.68,1,828.068,3.5258408,5.165264,7,1
5141,-5.44,1,828.068,0.9099502,5.1617203,4,1
5142,-5.23,1,828.068,2.684792,4.9012623,6,1
5143,-5.52,1,828.068,1.4246866,6.6127267,0,1
5144,-4.87,1,822.105,-0.77760786,3.6478534,3,1
5145,-6.24,0,828.068,3.130611,5.8062973,0,1
5146,-5.81,1,828.068,-1.0616937,4.141716,2,1
5147,-5.27,1,828.068,-1.9656684,4.391425,3,1
5148,-5.14,1,828.068,-1.5543206,3.581951,3,1
5149,-5.02,1,828.068,1.1360532,5.723222,4,1
5150,-5.41,1,828.068,-1.5914059,2.629731,2,1
5151,-5.91,1,842.095,-1.6157407,3.4963837,2,1
5152,-5.8,1,842.095,5.24461,7.371235,3,-1
5153,-5.48,1,842.095,4.8718824,7.358835,3,0
5154,-5.58,1,842.095,-1.7868845,3.4524264,2,1
5155,-5.03,1,842.095,-0.5971786,5.308715,4,1
5156,-5.73,1,842.095,0.48930308,5.28052,4,1
5157,-5.63,1,842.095,0.67248183,6.4211555,4,1
5158,-5.67,1,842.095,-1.5095415,3.864762,3,1
5159,-5.31,1,842.095,1.7108856,5.8888736,4,1
5160,-5.1,1,842.095,4.144282,0.16352352,5,2
5161,-5.87,1,842.095,-2.0449822,3.625817,3,1
5162,-5.85,1,848.058,2.4982133,5.1780286,6,1
5163,-5.96,1,848.058,-1.6104941,3.1471956,2,1
5164,-6.32,0,842.095,0.029601987,4.8148656,4,1
5165,-5.17,1,842.095,0.21494596,5.062753,4,1
5166,-5.64,1,842.095,-0.54754514,3.420387,3,1
5167,-5.59,1,848.058,-1.6400717,2.6366506,2,1
5168,-5.29,1,856.122,2.151689,6.355942,4,1
5169,-5.17,1,856.122,0.5295584,5.3843284,4,1
5170,-5.87,1,862.085,1.9816147,5.773918,6,1
5171,-6.58,0,862.085,-0.92367375,3.468075,2,1
5172,-5.5,1,856.122,-1.0415,4.4419084,2,1
5173,-5.99,1,862.085,0.09286472,4.736814,4,1
5174,-5.74,1,876.112,-1.0740166,4.5738106,4,1
5175,-5.78,1,842.095,-0.7086115,4.353533,4,1
5176,-5.75,1,842.095,5.7549944,7.2904425,3,4
5177,-5.81,1,842.095,1.3868623,5.6375623,7,1
5178,-5.17,1,842.095,-1.1010562,2.9188566,2,1
5179,-5.61,1,842.095,-1.8566465,4.8067565,1,1
5180,-6.29,0,842.095,3.9502025,7.2535815,3,0
5181,-5.68,1,856.122,1.0363753,5.996572,4,1
5182,-5.54,1,856.122,-0.39761928,6.1898136,4,1
5183,-5.49,1,856.122,-0.9283377,5.247422,4,1
5184,-5.91,1,856.122,-1.3893886,4.606162,4,1
5185,-5.62,1,856.122,4.2449217,7.216998,3,0
5186,-5.74,1,856.122,-0.47301003,4.761613,4,1
5187,-5.53,1,856.122,-0.2871631,3.9728851,2,1
5188,-5.65,1,856.122,-1.3450253,3.0046835,2,1
5189,-5.87,1,856.122,1.8688918,6.2013364,6,1
5190,-5.39,1,856.122,-2.0132575,4.756224,1,1
5191,-5.51,1,856.122,0.29987037,6.1673183,4,1
5192,-5.65,1,856.122,5.391075,1.9386503,5,-1
5193,-5.39,1,856.122,-1.8162105,4.7971277,1,1
5194,-5.65,1,856.122,-0.18235677,4.0035977,2,1
5195,-5.33,1,856.122,1.5729488,6.7823944,0,1
5196,-5.8,1,856.122,-1.703784,4.9521036,4,1
5197,-6.3,0,856.122,-1.6001989,4.192788,4,1
5198,-5.57,1,856.122,0.78780955,6.4475603,4,1
5199,-5.49,1,870.149,-1.3231933,4.9194727,4,1
5200,-5.31,1,870.149,0.4834116,6.604394,4,1
5201,-5.3,1,870.149,3.3838112,7.175029,3,0
5202,-5.56,1,870.149,-1.3597723,5.4844017,4,1
5203,-5.53,1,870.149,-1.3869895,5.2264805,4,1
5204,-5.5,1,870.149,-1.8619161,3.249676,2,1
5205,-5.45,1,870.149,-1.4631798,4.3391814,4,1
5206,-5.82,1,876.112,1.5132003,6.270576,6,1
5207,-5.89,1,876.112,-1.6229117,5.0108423,4,1
5208,-6.1,0,876.112,1.865337,6.7846284,0,-1
5209,-5.37,1,870.149,5.1235185,0.65353775,5,2
5210,-5.17,1,870.149,-1.2302619,5.88059,4,1
5211,-5.7,1,870.149,-1.238673,4.352887,4,1
5212,-5.84,1,870.149,-1.2006273,4.993112,4,1
5213,-6.02,0,876.112,-1.8990185,3.901617,3,1
5214,-5.68,1,876.112,-1.6882483,4.022443,3,1
5215,-10.0,0,876.112,-1.636246,4.0294857,3,1
5216,-5.98,1,876.112,-1.9239131,4.3749127,3,1
5217,-5.73,1,876.112,-0.5912197,5.5145106,4,1
5218,-5.28,1,870.149,-1.9265739,4.234766,4,1
5219,-5.74,1,870.149,-0.7548632,5.239359,4,1
5220,-10.0,0,876.112,-1.8300542,2.7089155,3,1
5221,-5.77,1,876.112,1.1777159,6.5440593,4,1
5222,-5.25,1,884.176,-1.33384,4.335294,4,1
5223,-5.75,1,890.139,0.76355976,6.608105,4,1
5224,-5.81,1,890.139,-0.29972598,5.2148643,4,1
5225,-6.18,0,890.139,5.0955687,0.5843868,5,2
5226,-6.05,0,890.139,0.4466768,6.2634115,4,1
5227,-5.56,1,884.176,-0.11026952,5.812662,4,1
5228,-5.9,1,890.139,-1.2198241,5.3788805,4,1
5229,-5.77,1,890.139,-1.7036877,2.9970815,2,1
5230,-5.85,1,890.139,-1.3443074,5.4749227,4,1
5231,-5.65,1,890.139,2.3510866,6.439186,0,1
5232,-5.25,1,890.139,3.485262,7.2515664,3,0
5233,-6.0,1,890.139,-1.1571587,5.2125845,4,1
5234,-5.97,1,890.139,-1.594043,3.7054126,3,1
5235,-5.42,1,884.176,-1.3503535,5.1591287,4,1
5236,-5.82,1,890.139,-0.36364454,5.7538548,4,1
5237,-5.73,1,890.139,1.4799603,6.2805066,4,1
5238,-5.64,1,890.139,-0.8235692,4.400238,4,1
5239,-5.93,1,890.139,-1.8249812,4.4284644,4,1
5240,-5.76,1,904.166,-0.8142718,4.730019,4,1
5241,-5.68,1,904.166,5.1666775,1.1987678,5,2
5242,-6.53,0,904.166,-1.1821791,5.657656,4,1
5243,-5.75,1,904.166,5.009763,0.51482373,5,2
5244,-5.37,1,904.166,-0.28110373,6.172255,4,1
5245,-5.61,1,904.166,-1.0248297,5.2654915,4,1
5246,-5.69,1,904.166,0.14381926,6.3109736,4,1
5247,-5.69,1,904.166,-0.19948862,6.2069516,4,1
5248,-5.52,1,904.166,-1.4472293,4.919645,4,1
5249,-5.5,1,904.166,-0.49691525,6.1901865,4,1
5250,-5.98,1,910.129,0.23437904,6.1045303,4,1
5251,-5.97,1,918.193,-1.4219954,4.8527384,4,1
5252,-6.01,0,924.156,-0.49413827,6.3542404,4,1
5253,-6.22,0,924.156,-1.378231,5.7153983,4,1
5254,-5.58,1,918.193,1.189471,5.964409,4,1
5255,-6.2,0,924.156,0.36471075,5.2122154,4,1
5256,-10.0,0,924.156,-1.4405122,5.0231905,4,1
5257,-6.18,0,938.183,0.031810418,5.910517,4,1
5258,-6.01,0,938.183,-0.03416603,6.5090218,4,1
5259,-10.0,0,938.183,0.18707812,6.428428,4,1
5260,-5.88,1,780.024,3.652014,4.182747,7,1
5261,-10.0,0,780.024,5.12765,6.7314076,3,0
5262,-5.89,1,780.024,-1.1283281,1.9584596,2,1
5263,-6.4,0,780.024,0.43282354,3.5861945,3,1
5264,-5.99,1,780.024,3.9399867,0.8540662,5,2
5265,-5.84,1,794.051,2.976788,4.435827,7,1
5266,-5.51,1,794.051,2.9199116,5.2727976,6,1
5267,-5.89,1,794.051,5.070932,0.79032624,5,2
5268,-5.58,1,794.051,0.7533747,2.102143,2,1
5269,-5.79,1,794.051,2.8683093,4.3438945,6,1
5270,-5.32,1,794.051,-0.6468959,2.6630955,3,1
5271,-6.14,0,794.051,-0.7637359,2.7385163,3,1
5272,-6.07,0,794.051,2.0258634,3.9003801,6,1
5273,-6.05,0,794.051,4.58082,3.3038764,7,1
5274,-5.52,1,794.051,-1.6040288,2.1794798,2,1
5275,-5.62,1,794.051,4.2757564,0.53362423,5,2
5276,-5.88,1,794.051,4.2301664,0.66790074,5,2
5277,-5.24,1,794.051,-1.0583712,2.768238,2,1
5278,-5.77,1,794.051,4.663378,0.47413728,5,2
5279,-5.72,1,794.051,0.028321926,2.312431,2,1
5280,-5.78,1,794.051,-0.34003285,1.1236591,2,1
5281,-5.23,1,808.078,0.575065,3.8410797,4,1
5282,-5.59,1,808.078,3.4689076,6.2801394,6,-1
5283,-5.04,1,808.078,4.6342497,7.2052865,3,0
5284,-6.11,0,808.078,1.6994064,5.2401485,6,1
5285,-10.0,0,808.078,-1.9993212,3.7606978,5,1
5286,-4.98,1,808.078,4.768984,0.53638124,5,2
5287,-5.53,1,808.078,-1.3991731,2.59062,2,1
5288,-4.96,1,808.078,-0.19049798,4.302488,2,1
5289,-5.3,1,808.078,-1.4018799,2.4505272,2,1
5290,-4.91,1,808.078,1.8643906,5.261683,6,1
5291,-6.29,0,814.041,5.0951867,0.7283151,5,2
5292,-5.76,1,814.041,0.11795477,1.5582007,5,1
5293,-5.74,1,808.078,2.2306216,5.968723,6,1
5294,-6.22,0,808.078,-0.58872586,3.0856183,2,1
5295,-5.69,1,808.078,-0.9601113,1.3726857,2,1
5296,-5.2,1,808.078,0.47834003,3.957507,5,1
5297,-5.14,1,808.078,2.229492,6.0088344,6,1
5298,-5.17,1,808.078,-0.66521686,2.9583366,2,1
5299,-10.0,0,814.041,3.9331968,7.214201,3,0
5300,-6.01,0,814.041,0.9000301,3.4663556,3,1
5301,-5.95,1,814.041,1.8063071,4.841245,6,1
5302,-5.85,1,814.041,-0.5325244,2.847109,2,1
5303,-5.1,1,808.078,-0.701278,3.3775017,3,1
5304,-5.65,1,814.041,-0.7661191,3.4857938,3,1
5305,-5.42,1,822.105,0.5107168,4.5634184,5,1
5306,-5.41,1,822.105,-1.4246525,3.270912,3,1
5307,-4.89,1,822.105,0.18808866,5.684309,4,1
5308,-6.1,0,828.068,-1.3217624,1.9875752,2,1
5309,-5.87,1,828.068,2.5828667,6.527376,3,1
5310,-5.21,1,828.068,0.21159172,4.032951,2,1
5311,-5.08,1,822.105,4.757127,0.4272728,5,2
5312,-5.04,1,822.105,-0.2121058,3.8769236,2,1
5313,-6.22,0,828.068,5.066938,7.0944443,3,0
5314,-5.99,1,828.068,0.6058923,4.202059,4,1
5315,-5.9,1,828.068,1.6562514,5.015864,6,1
5316,-5.4,1,828.068,-1.4908377,5.674958,4,1
5317,-5.41,1,828.068,-1.5772668,2.494645,2,1
5318,-5.3,1,828.068,4.1107373,0.20211956,5,2
5319,-5.49,1,828.068,-1.340435,3.2903187,3,1
5320,-5.83,1,828.068,-1.4069374,2.4104476,2,1
5321,-5.69,1,828.068,3.8081477,7.1402206,3,0
5322,-5.42,1,828.068,-1.6766229,2.7130766,2,1
5323,-5.37,1,828.068,-1.8442321,2.6710112,2,1
5324,-5.4,1,842.095,4.8893843,0.82747185,5,2
5325,-5.77,1,842.095,2.5028665,6.3232837,0,1
5326,-5.61,1,842.095,-0.8835499,4.3207808,4,1
5327,-5.73,1,842.095,2.636351,5.01584,6,1
5328,-5.5,1,842.095,0.64807993,4.4554577,4,1
5329,-5.3,1,842.095,-1.8435087,3.4576473,2,1
5330,-5.39,1,842.095,-0.3221003,4.6898847,4,1
5331,-6.15,0,848.058,-1.2251422,3.1448011,2,1
5332,-5.81,1,848.058,2.2905805,6.405368,6,1
5333,-5.71,1,842.095,0.034922916,4.8506804,5,1
5334,-5.31,1,842.095,5.043528,0.63394976,5,2
5335,-5.21,1,842.095,4.8664627,0.4407664,5,2
5336,-5.76,1,842.095,4.8228893,0.40958014,5,2
5337,-5.39,1,842.095,-0.0681139,5.1480203,4,1
5338,-5.61,1,856.122,0.7169159,5.771205,4,1
5339,-5.67,1,856.122,0.5154897,5.408255,4,1
5340,-5.33,1,856.122,1.2396541,5.60442,6,1
5341,-5.94,1,862.085,-0.30158946,4.620468,4,1
5342,-6.16,0,862.085,-1.4679471,5.1780877,4,1
5343,-5.2,1,856.122,-0.43054008,4.6855364,4,1
5344,-6.28,0,862.085,-0.51913345,3.3930562,2,1
5345,-5.97,1,862.085,-1.1525714,3.469649,2,1
5346,-5.97,1,876.112,0.38800865,6.476092,4,1
5347,-5.75,1,876.112,-1.3637849,5.2351956,4,1
5348,-5.67,1,876.112,0.42569786,6.417124,4,1
5349,-5.64,1,876.112,-1.5771887,3.9528644,3,1
5350,-5.78,1,882.075,4.141707,0.121972375,5,2
5351,-5.72,1,896.102,4.287105,7.1872573,3,0
5352,-5.76,1,842.095,4.0100064,0.097896636,5,2
5353,-5.5,1,842.095,1.349895,6.6368685,0,1
5354,-5.33,1,842.095,-1.6085,5.6633863,1,1
5355,-5.47,1,856.122,-1.765872,5.1094394,4,1
5356,-5.48,1,856.122,-0.51268405,5.1599636,4,1
5357,-5.43,1,856.122,0.2541126,6.460078,4,1
5358,-5.49,1,856.122,2.2350636,5.4383235,6,1
5359,-5.12,1,856.122,-1.0595431,5.7040663,4,1
5360,-5.57,1,856.122,3.3202431,7.161333,3,-1
5361,-5.58,1,856.122,0.059654135,5.860177,4,1
5362,-5.57,1,856.122,0.19305092,5.6882944,4,1
5363,-5.39,1,856.122,-1.8093997,5.1267,1,1
5364,-5.56,1,856.122,-1.9278493,4.9864764,4,1
5365,-5.39,1,856.122,0.618743,5.1421127,5,1
5366,-5.46,1,856.122,-1.6684142,5.6131635,1,1
5367,-5.33,1,856.122,-2.0401256,4.713766,0,1
5368,-5.33,1,870.149,-1.8900031,4.9260435,4,1
5369,-5.32,1,870.149,1.1902655,5.7622185,4,1
5370,-5.47,1,870.149,-0.4487817,6.1438465,4,1
5371,-5.31,1,870.149,-1.0620961,4.585419,4,1
5372,-5.41,1,870.149,-1.5221914,5.1935387,4,1
5373,-5.65,1,870.149,-1.6334903,4.7885675,4,1
5374,-5.75,1,870.149,-0.33475557,6.5003667,4,1
5375,-5.45,1,870.149,-1.6742566,5.3877225,4,1
5376,-5.86,1,876.112,-0.5499166,5.2753477,4,1
5377,-5.42,1,870.149,3.4844315,7.2401743,3,0
5378,-5.56,1,870.149,-0.7275102,5.017186,4,1
5379,-5.2,1,870.149,-1.4452969,5.3493094,4,1
5380,-5.37,1,870.149,-1.6224836,5.5468707,4,1
5381,-10.0,0,870.149,3.1176176,7.220827,3,-1
5382,-5.85,1,876.112,-1.8059058,3.6821332,2,1
5383,-5.78,1,876.112,-1.7060685,4.1685495,3,1
5384,-5.33,1,870.149,0.22528051,6.366296,4,1
5385,-5.37,1,870.149,0.7124756,6.489925,4,1
5386,-5.63,1,876.112,-1.2825418,4.1614404,2,1
5387,-5.26,1,884.176,0.16876566,5.3366103,4,1
5388,-5.48,1,884.176,-0.96422964,5.2122383,4,1
5389,-5.62,1,884.176,-0.3672379,4.741381,4,1
5390,-5.71,1,890.139,-0.83238125,5.3671827,4,1
5391,-5.45,1,890.139,-0.9368769,5.7242618,4,1
5392,-5.82,1,890.139,0.48242533,6.5624595,4,1
5393,-6.84,0,890.139,5.146451,0.6360523,5,2
5394,-5.83,1,890.139,4.8962493,0.28471422,5,2
5395,-5.21,1,884.176,-1.4224378,4.923034,4,1
5396,-5.63,1,890.139,0.21294262,6.3920984,4,1
5397,-5.57,1,890.139,5.0522246,0.7102935,5,2
5398,-5.63,1,890.139,0.9895061,6.3975973,4,1
5399,-5.46,1,890.139,-0.74528825,5.731931,4,1
5400,-5.84,1,890.139,-1.3965354,4.6602597,4,1
5401,-5.6,1,890.139,-1.736801,3.8987272,2,1
5402,-5.88,1,890.139,-1.5588772,4.7187448,4,1
5403,-5.76,1,890.139,4.562777,0.2844272,5,2
5404,-10.0,0,890.139,-1.1519053,4.7371173,4,1
5405,-5.5,1,884.176,0.4670113,6.330947,4,1
5406,-5.6,1,890.139,-1.8068,3.896573,2,1
5407,-5.33,1,890.139,-1.6177481,4.4188867,3,1
5408,-5.69,1,904.166,0.40173846,6.525228,4,1
5409,-5.61,1,904.166,-0.19983755,6.124469,4,1
5410,-5.71,1,904.166,-0.21447337,6.461457,4,1
5411,-5.65,1,904.166,-1.5734587,5.4042044,4,1
5412,-5.58,1,904.166,-1.3951343,4.595942,4,1
5413,-6.36,0,910.129,-1.7831697,4.2682824,4,1
5414,-6.07,0,910.129,-1.2963841,4.5632463,4,1
5415,-5.49,1,904.166,0.43634602,5.518293,4,1
5416,-5.75,1,904.166,0.07452728,6.1352777,4,1
5417,-6.03,0,910.129,0.23437084,6.838924,3,-1
5418,-5.87,1,910.129,-0.057108887,6.020655,4,1
5419,-5.69,1,918.193,0.60188305,6.349872,4,1
5420,-5.73,1,918.193,0.9245213,6.2825923,4,1
5421,-5.93,1,924.156,0.42250848,6.167405,4,1
5422,-5.56,1,918.193,-0.42047748,4.8369327,4,1
5423,-10.0,0,924.156,4.537673,0.23732568,5,2
5424,-7.14,0,924.156,0.16793247,6.2067604,4,1
5425,-5.73,1,938.183,-0.063689925,6.110525,4,1
5426,-10.0,0,944.146,0.4527234,5.49397,5,1
5427,-7.08,0,751.97,3.708895,4.1598496,7,1
5428,-10.0,0,751.97,4.4432144,0.67065734,5,2
5429,-6.15,0,751.97,3.4072447,2.763958,7,1
5430,-6.18,0,751.97,4.4343343,4.4481444,0,1
5431,-6.08,0,751.97,2.6529543,3.030689,7,1
5432,-6.18,0,751.97,3.8762267,3.925188,7,1
5433,-7.26,0,751.97,4.239943,0.7915887,5,2
5434,-6.18,0,765.997,0.3932757,2.2841191,3,1
5435,-5.29,1,765.997,4.8142085,6.8391457,3,0
5436,-6.86,0,765.997,3.4932957,4.7993526,6,1
5437,-5.86,1,765.997,4.610328,0.600248,5,2
5438,-5.92,1,765.997,3.816989,4.1054707,7,1
5439,-5.92,1,765.997,4.11439,5.121831,7,1
5440,-5.92,1,765.997,3.2784462,3.7237682,7,1
5441,-5.81,1,765.997,0.09446308,1.2560722,2,1
5442,-5.65,1,765.997,2.538397,3.4859722,7,1
5443,-5.83,1,765.997,3.5392473,3.930973,7,1
5444,-10.0,0,765.997,0.57155854,3.0132463,3,1
5445,-6.26,0,765.997,3.6984687,0.9730233,5,2
5446,-5.83,1,765.997,0.16779402,2.4236698,3,1
5447,-6.14,0,765.997,1.8871717,1.9822887,2,1
5448,-5.45,1,765.997,3.116279,2.6041906,7,1
5449,-5.54,1,765.997,1.2687731,1.956199,1,1
5450,-5.64,1,780.024,3.9953406,5.2378163,7,1
5451,-5.7,1,780.024,-1.1471096,1.7926528,3,1
5452,-5.88,1,780.024,4.5941114,6.650724,3,0
5453,-5.74,1,780.024,3.3696759,4.3466983,7,1
5454,-5.73,1,780.024,2.060644,2.1943457,2,1
5455,-5.77,1,780.024,3.255044,3.889105,7,1
5456,-5.06,1,780.024,4.157668,4.6191034,7,1
5457,-5.63,1,780.024,3.248716,2.4844353,7,1
5458,-5.6,1,780.024,3.45351,4.363088,5,1
5459,-5.95,1,785.987,1.600884,1.2900047,2,1
5460,-5.66,1,785.987,3.6181033,4.546929,6,1
5461,-6.74,0,780.024,4.6317315,6.925898,3,0
5462,-5.58,1,780.024,-1.3262414,1.4355415,2,1
5463,-6.09,0,780.024,4.786634,0.8834139,5,2
5464,-5.75,1,780.024,4.385999,0.8359876,5,2
5465,-5.68,1,780.024,1.9517022,2.439701,3,1
5466,-5.51,1,780.024,-0.35665545,1.0814065,2,1
5467,-6.4,0,785.987,3.3764703,2.6853268,5,1
5468,-6.11,0,785.987,-0.96488994,1.2998525,2,1
5469,-6.28,0,785.987,3.4428084,4.300861,7,1
5470,-5.58,1,785.987,3.7729254,6.870447,3,0
5471,-5.61,1,780.024,2.8940835,5.722825,0,1
5472,-6.27,0,785.987,4.3495226,3.3256578,7,1
5473,-5.6,1,785.987,-0.18014967,1.2292358,2,1
5474,-5.2,1,794.051,5.598409,7.117342,3,4
5475,-5.36,1,794.051,0.07256671,2.0796618,2,1
5476,-5.64,1,794.051,-2.1407294,3.1962113,3,1
5477,-5.62,1,794.051,-0.95786065,2.1659122,2,1
5478,-5.9,1,800.014,0.9540066,4.1153,6,1
5479,-6.03,0,800.014,0.03351418,2.200462,2,1
5480,-5.9,1,800.014,0.27908084,2.7832286,2,1
5481,-5.02,1,794.051,1.0927538,2.8031118,3,1
5482,-5.51,1,794.051,4.438717,0.6275668,5,2
5483,-5.98,1,800.014,1.9275446,4.384398,6,1
5484,-6.27,0,800.014,3.02364,2.7733085,7,1
5485,-6.22,0,800.014,-0.08575502,1.8535738,2,1
5486,-5.94,1,800.014,1.1098627,3.7697146,3,1
5487,-6.05,0,800.014,2.3385668,4.1707773,6,1
5488,-5.53,1,800.014,2.2719972,5.3609347,0,1
5489,-5.95,1,800.014,1.5989304,2.428897,3,1
5490,-5.69,1,800.014,3.8330843,4.392816,7,1
5491,-5.75,1,800.014,1.9909419,4.5823493,6,1
5492,-5.26,1,800.014,-0.21057457,1.2750193,2,1
5493,-6.49,0,800.014,-0.2796459,1.7474552,2,1
5494,-6.13,0,800.014,-2.1907482,3.2949457,3,1
5495,-5.8,1,814.041,3.2091293,3.968522,7,1
5496,-6.42,0,814.041,2.1740415,2.5836027,2,1
5497,-6.17,0,814.041,0.9844834,3.2762537,3,1
5498,-6.31,0,814.041,1.4733065,2.3737059,3,1
5499,-5.77,1,814.041,0.79418504,3.315911,3,1
5500,-5.61,1,814.041,-1.2890396,1.8705374,2,1
5501,-5.8,1,814.041,-1.8000488,2.2735724,2,1
5502,-5.75,1,814.041,1.5510489,4.5513053,5,1
5503,-10.0,0,820.004,-1.2954443,1.6924906,2,1
5504,-5.86,1,814.041,-0.7457399,1.1213241,2,1
5505,-5.16,1,814.041,0.5166931,3.4771585,2,1
5506,-5.68,1,814.041,4.1132026,6.508986,3,0
5507,-6.18,0,820.004,0.65921247,3.1985805,3,1
5508,-6.2,0,828.068,-1.1067549,2.2677257,2,1
5509,-5.65,1,828.068,3.066837,5.1223764,6,1
5510,-10.0,0,834.031,-1.7169424,2.1826348,2,1
5511,-6.24,0,834.031,2.4199333,3.6312878,6,1
5512,-5.78,1,828.068,2.7632601,5.8386865,6,1
5513,-6.5,0,834.031,-0.59351194,3.0800953,2,1
5514,-6.02,0,834.031,-1.5771629,2.6692586,2,1
5515,-6.34,0,848.058,-1.7849088,2.5525403,2,1
5516,-5.8,1,848.058,-0.6571986,2.9936717,2,1
5517,-6.41,0,868.048,-1.8606838,2.9928415,2,1
5518,-6.07,0,751.97,3.5141356,2.0193012,5,1
5519,-5.64,1,765.997,3.5586853,4.2503033,7,1
5520,-6.11,0,765.997,2.552833,2.6025367,7,1
5521,-10.0,0,780.024,1.5523932,3.1219575,3,1
5522,-6.98,0,785.987,4.4380016,2.9726388,7,1
5523,-10.0,0,780.024,5.3688436,7.020884,3,0
5524,-6.16,0,780.024,1.0946598,3.09463,3,1
5525,-5.65,1,780.024,0.15486543,1.9979513,2,1
5526,-10.0,0,785.987,-0.54041106,1.1733426,2,1
5527,-6.18,0,780.024,-0.015815921,2.4765556,2,1
5528,-5.56,1,794.051,-0.037866287,1.8589159,2,1
5529,-5.55,1,794.051,4.4706006,1.9740314,5,-1
5530,-10.0,0,800.014,1.0544026,2.9465394,2,1
5531,-5.77,1,800.014,-0.93585515,2.3957658,3,1
5532,-5.71,1,800.014,0.21238393,2.1896691,2,1
5533,-5.8,1,800.014,4.190017,0.62292945,5,2
5534,-5.37,1,794.051,2.0289736,5.032948,6,1
5535,-6.3,0,800.014,-0.7873204,1.4212096,2,1
5536,-5.8,1,800.014,1.0361701,3.6468575,2,1
5537,-10.0,0,814.041,4.0195932,4.7199326,7,1
5538,-10.0,0,814.041,4.6843386,6.5191417,3,0
5539,-10.0,0,814.041,-0.37166375,1.5471807,2,1
5540,-5.57,1,814.041,-0.4050998,3.1560168,3,1
5541,-10.0,0,828.068,1.1782303,4.1782336,6,1
5542,-10.0,0,765.997,4.05312,2.6713574,7,1
5543,-5.77,1,780.024,3.1945555,2.6529036,7,1
5544,-5.7,1,780.024,3.8808527,4.706808,7,1
5545,-5.94,1,780.024,4.391692,6.93647,3,0
5546,-5.82,1,780.024,4.1398807,0.4692406,5,2
5547,-5.95,1,780.024,2.8923736,4.721255,6,1
5548,-5.24,1,780.024,3.376025,5.0933785,6,1
5549,-6.1,0,780.024,0.500107,3.591413,5,1
5550,-5.83,1,780.024,4.0578866,0.38399372,5,2
5551,-5.47,1,780.024,3.7439883,6.926853,3,0
5552,-5.57,1,780.024,-0.14290254,2.031492,2,1
5553,-5.1,1,794.051,2.3356547,5.0506725,6,1
5554,-5.81,1,794.051,1.9142927,3.8982863,5,1
5555,-5.47,1,794.051,3.3030598,5.1200266,6,1
5556,-10.0,0,794.051,1.2077851,4.306394,6,1
5557,-10.0,0,794.051,4.6773124,0.59128493,5,2
5558,-5.68,1,794.051,-1.0238466,2.6755743,2,1
5559,-6.1,0,794.051,4.122928,6.764737,3,0
5560,-5.43,1,794.051,0.7110356,3.2614472,3,1
5561,-5.51,1,794.051,4.729794,7.1467805,3,0
5562,-5.77,1,800.014,-0.81857026,1.1769464,2,1
5563,-5.82,1,800.014,4.3743653,5.0162396,7,-1
5564,-10.0,0,800.014,1.7030083,3.6870909,6,1
5565,-5.21,1,794.051,2.882968,4.3790774,6,1
5566,-10.0,0,800.014,3.43509,4.801245,6,1
5567,-5.2,1,808.078,2.5761518,6.020519,5,1
5568,-10.0,0,814.041,0.37541464,4.038104,2,1
5569,-10.0,0,814.041,3.5284634,6.2115927,6,-1
5570,-10.0,0,814.041,4.598385,0.5269861,5,2
5571,-5.41,1,814.041,-2.1945312,3.502051,3,1
5572,-5.45,1,808.078,1.5334382,4.0076656,6,1
5573,-5.31,1,808.078,1.9227701,5.2075653,5,1
5574,-10.0,0,814.041,0.18436807,1.9355327,2,1
5575,-10.0,0,814.041,0.8362584,3.1800156,3,1
5576,-10.0,0,814.041,-1.8796155,2.4219027,2,1
5577,-5.71,1,814.041,2.9603834,4.8915186,6,1
5578,-5.7,1,814.041,4.1260343,0.30577666,5,2
5579,-5.32,1,814.041,3.368139,4.7113767,7,1
5580,-10.0,0,814.041,-1.4475617,1.5002834,2,1
5581,-5.58,1,814.041,-0.40323588,3.1641436,3,1
5582,-5.32,1,814.041,-0.5996827,2.9387686,2,1
5583,-5.43,1,814.041,2.1476312,4.741499,5,1
5584,-10.0,0,814.041,1.3608845,6.0045133,4,1
5585,-5.47,1,828.068,4.750506,0.6156805,5,2
5586,-5.59,1,828.068,-0.06575538,4.193339,3,1
5587,-5.9,1,828.068,3.995457,5.2816396,7,1
5588,-5.66,1,828.068,3.3352206,5.9496236,0,1
5589,-5.59,1,828.068,-0.37854418,3.7008758,2,1
5590,-5.41,1,828.068,1.6150166,4.9794903,6,1
5591,-10.0,0,828.068,-1.5455048,3.1555138,3,1
5592,-5.03,1,828.068,0.8429749,5.230909,5,1
5593,-10.0,0,842.095,1.5002826,5.1362324,6,1
5594,-10.0,0,842.095,2.1355019,6.236249,0,1
5595,-5.23,1,842.095,1.5186914,5.040193,6,1
5596,-10.0,0,848.058,1.1514838,6.115902,4,1
5597,-5.77,1,862.085,3.707332,6.5422397,3,0
5598,-10.0,0,862.085,-0.3107257,4.6634583,4,1
5599,-10.0,0,862.085,-0.13506295,4.9965243,4,1
5600,-7.21,0,430.549,2.7768502,2.621505,7,1
5601,-6.33,0,430.549,2.527963,1.9051142,7,1
5602,-7.0,0,430.549,2.4023747,2.0306058,2,1
5603,-7.18,0,430.549,2.5701306,2.702935,7,1
5604,-6.38,0,430.549,2.3481615,1.9290632,2,1
5605,-7.43,0,430.549,2.5395594,2.1846106,7,1
5606,-6.64,0,444.576,1.8698101,1.4106247,2,1
5607,-6.64,0,444.576,2.5301554,1.8599828,7,1
5608,-7.16,0,444.576,2.512636,2.2007732,7,1
5609,-6.31,0,444.576,2.4333668,2.7254899,6,1
5610,-6.14,0,444.576,2.1665769,1.5904944,2,1
5611,-5.8,1,444.576,2.1772697,1.7895604,2,1
5612,-6.69,0,444.576,1.049286,1.100446,2,1
5613,-8.34,0,444.576,2.783551,2.4408464,7,1
5614,-6.75,0,444.576,2.6613448,1.9159408,7,1
5615,-7.18,0,444.576,2.130555,1.8907481,3,1
5616,-7.49,0,444.576,2.1635203,1.8008796,2,1
5617,-6.49,0,444.576,1.9107991,1.6874443,2,1
5618,-5.84,1,444.576,2.1823347,1.6652216,2,1
5619,-5.97,1,444.576,2.3124774,2.161308,2,1
5620,-7.68,0,444.576,1.421009,1.3529716,2,1
5621,-6.92,0,444.576,2.4438233,2.3549027,6,1
5622,-7.27,0,444.576,3.8570511,0.7011782,5,2
5623,-6.91,0,444.576,2.624419,1.9023973,7,1
5624,-6.68,0,444.576,1.923345,2.3626957,3,1
5625,-6.98,0,444.576,2.4860792,2.4397836,7,1
5626,-5.92,1,444.576,2.3830123,1.7780099,7,1
5627,-5.66,1,444.576,2.5497634,2.056864,7,1
5628,-7.63,0,444.576,2.0932636,1.8050834,2,1
5629,-6.63,0,444.576,2.034686,1.5418539,2,1
5630,-7.05,0,444.576,1.9993789,1.6618016,2,1
5631,-7.49,0,444.576,2.6817577,1.8722702,7,1
5632,-6.81,0,444.576,2.187147,2.1211324,2,1
5633,-6.65,0,444.576,2.3128905,2.2855628,7,1
5634,-5.39,1,444.576,2.4949985,2.0351143,7,1
5635,-7.21,0,444.576,2.4414685,2.2720394,2,1
5636,-7.18,0,444.576,2.4932134,2.4654126,7,1
5637,-6.86,0,444.576,2.7419946,2.7315612,7,1
5638,-6.01,0,458.603,2.4034925,2.1117835,7,1
5639,-7.41,0,444.576,2.7716353,2.3318615,7,1
5640,-6.52,0,458.603,1.5516161,1.4189798,2,1
5641,-5.75,1,458.603,2.3607585,2.8620348,5,1
5642,-5.9,1,774.042,3.3474288,4.309491,6,1
5643,-4.3,1,816.123,1.8307384,5.220648,6,1
5644,-4.3,1,802.096,-0.1668881,2.1679795,2,1
5645,-6.0,1,774.042,4.0501432,3.2460477,7,1
5646,-4.6,1,802.096,5.126041,3.3262258,0,1
5647,-5.1,1,788.069,4.3304048,3.7109776,7,1
5648,-5.1,1,816.123,2.4770844,5.9978495,6,1
5649,-6.0,1,802.096,-1.8605069,2.6731355,2,1
5650,-5.7,1,788.069,3.6607182,4.858495,7,1
5651,-6.7,0,757.999,0.74156463,1.7426224,2,1
5652,-5.5,1,800.08,3.9966686,6.9553447,3,0
5653,-6.7,0,757.999,4.4177575,3.0631912,7,1
5654,-5.6,1,772.026,4.4596024,2.8809457,7,1
5655,-5.9,1,757.999,3.8674312,3.0219274,7,1
5656,-4.5,1,800.08,3.7829049,7.005646,3,0
5657,-5.8,1,757.999,3.8993018,3.1997511,7,1
5658,-4.6,1,786.053,3.4027457,0.9374354,5,-1
5659,-5.8,1,757.999,4.2228928,4.0701065,7,1
5660,-4.5,1,800.08,4.3414116,0.37715507,5,2
5661,-6.2,0,871.159,6.161914,7.0439887,0,4
5662,-5.3,1,899.213,6.913228,1.3520317,5,3
5663,-4.0,1,913.24,7.9223876,4.2543,1,4
5664,-4.4,1,947.257,8.89198,4.531565,4,4
5669,-6.43,0,988.282,6.88866,3.6105459,2,-1
5670,-6.82,0,1002.309,8.524419,2.899304,1,4
5671,-6.21,0,1002.309,7.010796,5.974303,0,4
5672,-6.69,0,988.282,10.216032,4.3698707,0,4
5673,-5.52,1,1002.309,7.1417284,6.5680137,0,4
5674,-5.63,1,1002.309,10.210734,2.4912996,5,4
5675,-6.07,0,1002.309,10.7173,4.8560286,0,4
5676,-6.5,0,1016.336,6.2312026,7.2681394,0,4
5677,-6.15,0,1002.309,9.160773,3.854174,0,4
5678,-5.98,1,1002.309,7.721396,6.054358,0,4
5679,-5.94,1,1016.336,9.411796,2.797108,1,4
5680,-7.3,0,988.282,9.0443,2.591337,1,4
5681,-7.31,0,988.282,8.071882,2.9698727,1,4
5682,-6.96,0,988.282,10.09993,2.8524003,1,4
5683,-5.99,1,1002.309,6.6733027,6.8222823,0,4
5684,-6.44,0,1016.336,11.108856,3.9528995,0,4
5685,-5.74,1,1016.336,10.224373,5.7596765,0,4
5686,-7.29,0,1002.309,7.05108,4.1278324,1,4
5687,-6.94,0,1002.309,9.148949,1.9551576,5,-1
5688,-6.84,0,1016.336,9.581778,3.113321,1,4
5689,-6.18,0,1030.363,9.612813,2.293984,5,-1
5690,-6.06,0,1030.363,7.29895,3.7880173,1,4
5691,-6.56,0,1016.336,8.171729,6.2728558,0,4
5692,-6.1,0,1016.336,6.380665,1.1983874,5,3
5693,-6.68,0,1002.309,10.350918,2.6031651,5,4
5694,-6.1,0,988.282,9.303631,4.422113,0,4
5695,-6.56,0,1002.309,10.4920025,4.7358823,0,4
5696,-6.78,0,988.282,8.367554,3.974749,1,4
5697,-5.47,1,1002.309,8.479804,3.1428597,1,4
5698,-5.49,1,1002.309,8.45358,6.0435233,0,4
5699,-5.39,1,1016.336,7.362227,6.1395774,0,4
5700,-5.48,1,1016.336,10.102503,5.095908,0,4
5701,-6.86,0,988.282,9.901295,3.8347058,0,4
5702,-6.77,0,988.282,10.347668,4.2272696,0,4
5703,-6.06,0,1002.309,10.462269,4.416846,0,4
5704,-6.24,0,1002.309,7.12073,3.165235,1,-1
5705,-6.09,0,1002.309,6.2553496,1.158668,5,3
5706,-5.86,1,1016.336,9.099492,6.4591656,0,4
5707,-6.08,0,1016.336,9.743112,3.0304353,1,4
5708,-6.37,0,1002.309,9.212623,5.1654086,0,4
5709,-6.32,0,1002.309,10.102539,5.9351664,0,4
5710,-5.87,1,1016.336,6.111933,6.9535975,3,-1
5711,-6.13,0,1016.336,9.472951,5.9906793,0,4
5712,-5.96,1,1016.336,9.290593,2.3763123,1,-1
5713,-5.77,1,1016.336,8.337068,4.323517,1,4
5714,-5.48,1,1016.336,8.931912,6.687076,0,4
5715,-5.67,1,1016.336,8.387323,3.6622028,1,4
5716,-5.85,1,1016.336,10.268003,2.445557,1,4
5717,-5.34,1,1030.363,7.2210407,1.7388605,5,-1
5718,-5.4,1,1030.363,7.4938593,2.0077543,1,4
5719,-6.12,0,1002.309,7.0047708,5.2034597,3,4
5720,-5.39,1,1030.363,9.901419,5.5852184,0,4
5721,-5.46,1,1030.363,7.188597,4.099088,1,4
5722,-5.6,1,1030.363,8.410112,3.5383685,1,4
5723,-6.68,0,1016.336,10.910646,3.1830888,0,4
5724,-5.77,1,1002.309,9.291814,4.8132224,0,4
5725,-5.25,1,1016.336,10.8672,4.462804,0,4
5726,-5.27,1,1016.336,6.6463985,7.2268,0,4
5727,-5.42,1,1030.363,7.002789,5.5120435,0,4
5728,-5.31,1,1030.363,7.1231403,7.2525315,0,4
5729,-5.39,1,1016.336,10.870446,4.5316877,0,4
5730,-5.27,1,1030.363,7.427002,2.6446674,1,-1
5731,-5.22,1,1030.363,8.689479,3.862168,1,4
5732,-6.69,0,1002.309,11.166676,3.9316685,0,4
5733,-5.8,1,1030.363,10.168817,5.180597,0,4
5734,-6.23,0,1016.336,6.777352,5.544502,3,4
5735,-6.15,0,1030.363,7.395492,6.1406236,0,4
5736,-6.05,0,1030.363,9.217454,4.8848543,1,4
5737,-5.31,1,1044.39,10.177507,6.0566907,0,-1
5738,-5.29,1,1044.39,7.3253694,5.2936583,0,4
5739,-6.02,0,1016.336,7.907398,4.599363,1,4
5740,-6.28,0,1016.336,10.235799,4.499881,0,4
5741,-6.02,0,1030.363,7.2051473,3.809991,1,4
5742,-5.47,1,1044.39,10.739149,3.3380156,0,4
5743,-5.54,1,1044.39,7.532028,5.183723,0,4
5744,-5.61,1,1044.39,5.987689,7.3122034,0,4
5745,-5.36,1,1030.363,8.163298,4.609535,1,4
5746,-5.28,1,1030.363,8.381344,1.9194618,1,4
5747,-6.45,0,1016.336,10.479496,2.5855813,1,4
5748,-6.1,0,1016.336,7.920291,5.3418646,0,4
5749,-6.47,0,1002.309,9.670737,2.9802709,1,4
5750,-6.06,0,1002.309,7.9987016,5.7257614,0,4
5751,-5.31,1,1030.363,6.6415205,7.1850247,0,4
5752,-5.36,1,1030.363,6.3763113,1.1683927,5,3
5753,-5.99,1,1016.336,8.325354,3.6083598,1,4
5754,-5.24,1,1030.363,8.550849,6.628349,0,4
5755,-5.88,1,1030.363,7.579722,5.110406,1,4
5756,-5.29,1,1044.39,7.1022696,4.8169713,1,4
5757,-5.32,1,1044.39,7.40193,5.377186,0,4
5758,-5.36,1,1030.363,6.26833,1.1479794,5,3
5759,-5.24,1,1044.39,9.480743,5.5997195,0,4
5760,-5.45,1,1030.363,7.207655,7.028825,0,4
5761,-5.3,1,1030.363,9.304226,3.9863374,1,4
5762,-5.19,1,1044.39,7.5349746,6.6666985,0,4
5763,-5.19,1,1044.39,7.2079315,5.866,0,4
5764,-9.0,0,988.282,7.51009,6.1133866,0,4
5765,-8.7,0,988.282,10.049962,4.649123,0,4
5766,-7.68,0,1002.309,10.783287,4.3811255,0,4
5767,-6.84,0,1002.309,5.71779,0.9287204,5,3
5768,-6.76,0,1016.336,8.917143,6.811554,0,4
5769,-6.36,0,1016.336,8.500918,6.8644767,0,-1
5770,-7.29,0,988.282,9.999793,3.336691,7,4
5771,-7.2,0,988.282,8.535674,6.0646954,0,4
5772,-5.72,1,1016.336,10.171175,4.72006,0,4
5773,-5.49,1,1016.336,6.998361,7.306874,0,4
5774,-6.1,0,1030.363,10.9534235,4.223621,0,4
5775,-6.43,0,1016.336,8.52389,1.8262888,5,4
5776,-5.59,1,1030.363,7.1422124,7.2517586,0,4
5777,-6.85,0,1016.336,10.3464,3.6628797,0,4
5778,-6.13,0,1030.363,6.6224065,7.3240128,0,4
5779,-5.85,1,1002.309,8.398275,4.085525,1,4
5780,-7.16,0,1002.309,8.679407,5.9864974,0,4
5781,-6.65,0,1016.336,7.599112,4.243333,1,4
5782,-6.41,0,1002.309,9.923071,3.0016603,1,4
5783,-5.4,1,1016.336,8.997434,4.8779263,0,4
5784,-5.85,1,1016.336,10.51952,4.186214,7,4
5785,-7.29,0,988.282,9.153113,2.015388,1,-1
5786,-9.0,0,988.282,9.298397,6.229577,0,4
5787,-9.0,0,988.282,10.385514,2.5489342,1,4
5788,-6.89,0,1002.309,8.74174,4.4218774,0,4
5789,-6.4,0,1016.336,7.4495063,4.809742,0,4
5790,-6.85,0,1002.309,10.276543,4.363468,0,4
5791,-6.26,0,1016.336,5.998753,1.0256832,5,3
5792,-5.83,1,1016.336,10.176857,5.610811,0,4
5793,-6.11,0,1016.336,7.4016953,5.8020115,0,4
5794,-6.25,0,1016.336,10.070787,4.877941,0,4
5795,-6.05,0,1016.336,9.344051,6.6471267,0,4
5796,-6.39,0,1002.309,7.1972027,6.043111,0,4
5797,-6.93,0,1016.336,8.876441,3.730305,1,4
5798,-5.93,1,1030.363,11.0176735,3.7333195,0,4
5799,-6.21,0,1030.363,10.360068,5.9064684,0,4
5800,-6.51,0,1016.336,10.696602,4.5431447,0,4
5801,-9.0,0,1002.309,8.300965,2.537566,1,4
5802,-6.37,0,1016.336,7.1849327,2.8347802,2,-1
5803,-6.97,0,1016.336,8.898961,5.3152947,0,4
5804,-6.3,0,1030.363,7.517057,6.3685584,0,4
5805,-6.01,0,1016.336,5.8383737,6.92799,3,-1
5806,-6.9,0,1016.336,10.333265,5.2223473,0,4
5807,-5.76,1,1030.363,9.247173,4.365505,0,4
5808,-5.4,1,1030.363,10.4751005,4.158824,0,4
5809,-7.69,0,1016.336,8.157546,1.8399711,1,4
5810,-5.68,1,1030.363,10.163311,5.1678185,0,4
5811,-5.89,1,1030.363,7.5845284,5.1883526,1,4
5812,-5.96,1,1030.363,10.723639,4.1925387,0,4
5813,-6.04,0,1030.363,8.023449,6.415927,0,4
5814,-6.25,0,1044.39,8.934112,3.9234703,1,4
5815,-5.51,1,1044.39,6.3575277,7.315916,0,4
5816,-5.56,1,1044.39,8.0613165,4.4689393,1,4
5817,-6.74,0,1016.336,7.9274898,3.585531,1,4
5818,-6.64,0,1030.363,9.710799,4.6021285,0,4
5819,-6.54,0,1030.363,7.470094,5.111999,1,4
5820,-5.34,1,1030.363,9.985308,3.0335975,1,4
5821,-5.68,1,1044.39,10.5510435,4.4627366,0,4
5822,-5.36,1,1044.39,8.54272,3.9074223,1,4
5823,-5.84,1,1044.39,10.762049,3.3222349,0,4
5824,-6.11,0,1016.336,8.019179,2.431537,1,4
5825,-6.24,0,1030.363,7.109435,7.282586,0,4
5826,-5.75,1,1030.363,10.029971,3.1073475,1,4
5827,-6.04,0,1030.363,10.404262,2.6178477,1,4
5828,-5.9,1,1030.363,6.7972,1.2404429,5,3
5829,-6.62,0,1016.336,9.795774,2.8776968,1,4
5830,-7.52,0,1002.309,9.171955,4.223331,0,4
5831,-5.78,1,1030.363,9.973021,4.8353157,0,4
5832,-5.82,1,1030.363,6.7367263,5.66509,3,4
5833,-6.75,0,1016.336,7.168993,3.9634533,1,4
5834,-6.04,0,1030.363,8.027759,4.300975,1,4
5835,-5.99,1,1016.336,10.105887,4.3881154,0,4
5836,-5.06,1,1030.363,8.845906,4.234281,1,4
5837,-5.98,1,1030.363,9.066223,3.2362158,1,4
5838,-6.4,0,1016.336,10.64886,2.9455395,6,4
5839,-5.4,1,1044.39,10.835305,2.9032607,6,4
5840,-5.24,1,1030.363,7.9622836,6.62196,0,4
5841,-5.84,1,1030.363,7.576971,4.5369987,1,4
5842,-6.25,0,1030.363,8.680566,4.831637,1,4
5843,-5.93,1,1044.39,6.175993,7.2916718,0,4
5844,-6.86,0,988.282,11.048027,4.030204,0,4
5845,-6.43,0,1002.309,9.177341,3.853505,1,4
5846,-6.59,0,1002.309,7.730514,6.934139,0,4
5847,-6.29,0,1002.309,8.231885,2.2893388,1,4
5848,-6.54,0,1016.336,8.207482,4.616623,1,4
5849,-6.18,0,1016.336,9.229773,5.1305485,0,4
5850,-6.48,0,1002.309,10.547103,5.1652684,0,4
5851,-6.73,0,988.282,6.5659704,7.2452526,0,4
5852,-6.82,0,988.282,9.182899,6.789649,0,4
5853,-6.14,0,1002.309,9.096896,6.7838354,0,4
5854,-6.24,0,1016.336,10.402045,5.7443085,0,4
5855,-5.89,1,1016.336,10.373785,3.572715,0,4
5856,-6.0,1,1016.336,7.8057313,5.5850368,0,4
5857,-6.6,0,1016.336,9.383819,2.824564,1,4
5858,-6.36,0,1002.309,11.107692,3.894037,0,4
5859,-6.05,0,1016.336,6.4885406,7.00054,0,-1
5860,-5.62,1,1030.363,10.403014,5.8446503,0,4
5861,-5.59,1,1030.363,10.608023,5.4143634,0,4
5862,-6.15,0,1002.309,8.853209,3.2032847,1,4
5863,-6.28,0,1002.309,8.104914,5.14941,0,4
5864,-6.11,0,1002.309,9.138141,3.2100613,1,4
5865,-5.76,1,1002.309,9.996499,5.041223,0,4
5866,-5.37,1,1016.336,10.388209,5.334034,0,4
5867,-6.85,0,988.282,8.83247,4.443969,0,4
5868,-5.83,1,1002.309,10.427485,5.09773,0,4
5869,-5.99,1,1002.309,7.4934573,1.5248961,5,-1
5870,-6.64,0,988.282,9.248261,2.1816454,1,-1
5871,-6.66,0,988.282,11.115281,3.780063,0,4
5872,-6.98,0,1002.309,10.39407,5.148278,0,4
5873,-6.06,0,1002.309,7.9300857,2.1184843,1,4
5874,-5.95,1,1016.336,6.9537044,7.1472034,0,4
5875,-5.64,1,1016.336,9.999314,2.4499066,1,4
5876,-5.87,1,1002.309,5.9729834,7.2229085,0,4
5877,-5.78,1,1002.309,9.278346,4.5299377,0,4
5878,-5.78,1,1016.336,11.039321,3.7406518,0,4
5879,-6.12,0,1002.309,6.915374,3.698671,1,4
5880,-5.43,1,1016.336,7.1246552,1.3392888,5,3
5881,-5.58,1,1016.336,8.915856,6.898144,0,4
5882,-5.46,1,1016.336,9.389571,4.322334,0,4
5883,-5.4,1,1030.363,9.4003525,2.8905704,1,4
5884,-5.53,1,1030.363,9.222655,4.594145,0,4
5885,-5.4,1,1016.336,8.714411,5.369311,0,4
5886,-5.46,1,1030.363,8.609847,3.171926,1,4
5887,-5.41,1,1030.363,9.99265,2.7989109,1,4
5888,-5.2,1,1016.336,9.615244,3.3451617,1,4
5889,-5.69,1,1002.309,7.5051904,6.4558415,0,4
5890,-6.12,0,1002.309,9.379007,5.0596604,0,4
5891,-5.48,1,1016.336,9.768947,2.943558,1,4
5892,-5.47,1,1016.336,10.816774,2.9396517,6,4
5893,-5.42,1,1030.363,6.5175633,7.247871,0,4
5894,-5.56,1,1016.336,9.220567,6.3644323,0,4
5895,-5.67,1,1016.336,7.229053,3.0228562,1,-1
5896,-7.4,0,1002.309,8.482002,2.7987125,1,4
5897,-6.75,0,1002.309,9.996475,3.3501248,1,4
5898,-6.88,0,1016.336,7.1143312,2.344749,5,-1
5899,-6.92,0,1030.363,9.893303,5.387636,0,4
5900,-6.15,0,1030.363,9.468239,3.011821,1,4
5901,-6.11,0,1030.363,9.486682,4.9241138,0,4
5902,-5.71,1,1030.363,8.706238,3.953707,1,4
5903,-6.05,0,1030.363,8.755359,4.9535317,1,4
5904,-5.36,1,1030.363,8.561253,5.272216,0,4
5905,-7.37,0,1016.336,8.285379,3.2244856,1,4
5906,-6.31,0,1044.39,8.294305,2.5502572,1,4
5907,-5.84,1,1044.39,9.348583,6.042377,0,4
5908,-5.56,1,1030.363,7.3499107,4.392962,1,4
5909,-5.99,1,1030.363,6.744298,6.998492,0,4
5910,-5.29,1,1044.39,8.90446,4.5832224,1,4
5911,-5.46,1,1044.39,9.368005,4.720706,0,4
5912,-5.3,1,1044.39,9.325546,5.8834605,0,4
5913,-5.31,1,1044.39,5.8695703,7.2639976,3,4
5914,-5.9,1,1016.336,10.695277,4.2685466,0,4
5915,-6.17,0,1030.363,8.787569,3.5302873,1,4
5916,-5.68,1,1016.336,7.9214025,1.7263055,5,4
5917,-5.71,1,1030.363,9.909509,2.592413,1,4
5918,-6.04,0,1030.363,7.995209,4.285071,1,4
5919,-5.13,1,1030.363,8.541707,3.556572,1,4
5920,-5.36,1,1044.39,8.019613,5.2045884,0,4
5921,-5.17,1,1030.363,7.225527,6.77807,0,4
5922,-5.35,1,1044.39,6.2460847,7.294526,0,4
5923,-5.28,1,1044.39,10.584637,2.8877974,1,4
5924,-5.33,1,1030.363,6.3645253,1.1308116,5,3
5925,-5.42,1,1030.363,9.80008,2.4325244,1,4
5926,-5.4,1,1030.363,9.284932,6.097836,0,4
5927,-5.23,1,1044.39,9.568726,4.7568927,0,4
5928,-5.2,1,1044.39,7.2210383,5.41724,3,4
5929,-7.68,0,988.282,9.965738,3.0116398,7,4
5930,-5.93,1,1002.309,9.802874,4.61847,0,4
5931,-6.52,0,988.282,10.009459,3.2672706,1,4
5932,-6.42,0,1002.309,9.026424,6.740757,0,4
5933,-5.73,1,1016.336,8.376894,3.7249892,1,4
5934,-6.39,0,1002.309,9.56008,5.063989,0,4
5935,-5.95,1,1016.336,11.154856,3.830758,0,4
5936,-5.16,1,1016.336,8.945826,6.658336,0,4
5937,-5.26,1,1016.336,8.15708,6.1112976,0,4
5938,-5.19,1,1016.336,9.330633,4.953026,0,4
5939,-5.8,1,1016.336,9.384513,3.0017855,1,4
5940,-5.51,1,988.282,10.214677,4.2593694,0,4
5941,-5.47,1,1002.309,7.2705154,4.883226,1,4
5942,-6.65,0,988.282,8.613399,4.463667,0,4
5943,-7.16,0,988.282,7.9902773,3.830295,1,4
5944,-5.95,1,1002.309,9.332609,5.580689,0,4
5945,-6.05,0,1002.309,8.760354,3.177087,1,4
5946,-5.42,1,1016.336,7.9249053,7.087763,0,-1
5947,-6.0,1,1002.309,8.392397,2.1051848,1,4
5948,-5.82,1,1016.336,8.363805,3.5738478,1,4
5949,-5.97,1,1002.309,9.382861,6.6635914,0,-1
5950,-5.77,1,1016.336,7.122841,4.1028147,1,4
5951,-7.32,0,1002.309,7.705074,1.9723157,1,4
5952,-6.43,0,1016.336,7.326343,5.580066,0,4
5953,-5.52,1,1030.363,6.3850045,7.302698,0,4
5954,-5.33,1,1030.363,8.604177,3.1635785,1,4
5955,-6.34,0,1016.336,10.358919,5.876947,0,4
5956,-6.09,0,1002.309,7.1891418,4.950121,1,4
5957,-6.19,0,1016.336,8.143196,2.0618117,1,4
5958,-5.21,1,1030.363,7.915296,4.3475914,1,4
5959,-5.34,1,1030.363,9.114157,5.2705584,0,4
5960,-5.67,1,1030.363,6.8954024,4.5049047,3,4
5961,-5.55,1,1044.39,7.295242,5.299643,0,4
5962,-6.31,0,1002.309,9.382766,3.1323907,1,4
5963,-5.66,1,1030.363,8.940133,6.707528,0,4
5964,-6.72,0,1002.309,10.140611,3.0024343,1,4
5965,-6.02,0,1016.336,9.373381,2.2467089,1,-1
5966,-6.47,0,1016.336,9.065559,6.7251816,0,4
5967,-5.18,1,1030.363,10.922087,3.4643855,0,4
5968,-5.39,1,1030.363,10.430773,2.875026,1,4
5969,-5.79,1,1016.336,7.201428,6.345202,0,4
5970,-5.46,1,1030.363,10.531874,4.473852,0,4
5971,-5.09,1,1030.363,8.140759,5.837786,0,4
5972,-5.13,1,1030.363,9.251346,5.56984,0,4
5973,-5.7,1,1016.336,7.277572,3.9535146,1,4
5974,-5.66,1,1030.363,6.410747,7.255337,0,4
5975,-5.66,1,1030.363,7.1448636,5.2427855,0,4
5976,-6.49,0,988.282,9.979386,4.1775894,0,4
5977,-6.21,0,1002.309,9.341587,4.0062847,0,4
5978,-6.33,0,1016.336,6.8764553,4.124983,1,4
5979,-6.27,0,1002.309,8.247542,6.150094,0,4
5980,-6.7,0,988.282,6.05756,7.1494827,0,4
5981,-6.59,0,988.282,8.919486,5.163971,0,4
5982,-6.6,0,988.282,6.982507,5.691689,0,4
5983,-6.41,0,1002.309,9.266542,2.0988195,1,-1
5984,-5.79,1,1002.309,7.4070725,6.793703,0,4
5985,-6.0,1,1016.336,6.803017,7.162098,0,4
5986,-5.93,1,1016.336,10.179217,4.5797067,0,4
5987,-5.77,1,1016.336,10.81119,3.5140915,0,4
5988,-5.94,1,1016.336,10.69465,4.8318048,0,4
5989,-5.79,1,1030.363,8.796201,3.359516,1,4
5990,-6.21,0,1016.336,10.280109,3.6828468,1,4
5991,-5.65,1,1030.363,7.358418,7.0829387,0,4
5992,-6.58,0,988.282,9.602978,4.30917,0,4
5993,-6.81,0,988.282,9.751619,3.8963137,0,4
5994,-5.46,1,1016.336,10.669573,5.4532294,0,4
5995,-5.47,1,1016.336,9.804007,3.9029083,1,4
5996,-6.57,0,988.282,5.892939,0.99940956,5,3
5997,-5.53,1,1002.309,10.646788,5.1612296,0,4
5998,-6.09,0,1002.309,9.493897,3.0021813,1,4
5999,-6.38,0,988.282,10.390331,2.7279992,1,4
6000,-6.52,0,1002.309,10.500749,3.8496985,0,4
6001,-5.86,1,1016.336,10.640792,4.7493267,0,4
6002,-5.69,1,1002.309,9.704052,3.1294916,1,4
6003,-5.32,1,1016.336,8.860226,5.467622,0,4
6004,-6.44,0,1016.336,7.274026,6.4152055,0,4
6005,-5.71,1,1002.309,6.9353356,4.302107,1,4
6006,-5.21,1,1016.336,10.132572,4.1522894,0,4
6007,-6.15,0,1002.309,10.822613,5.018898,0,-1
6008,-5.3,1,1030.363,8.861214,6.551614,0,4
6009,-5.9,1,1002.309,8.783901,3.281736,1,4
6010,-5.09,1,1016.336,9.87805,2.928264,1,4
6011,-5.28,1,1016.336,8.783515,2.8593447,1,4
6012,-5.94,1,1016.336,9.538291,5.0850363,0,4
6013,-6.72,0,1002.309,7.00559,4.1928205,1,4
6014,-6.12,0,1002.309,10.025018,3.5475929,1,4
6015,-6.59,0,1030.363,9.714994,2.6167257,1,4
6016,-5.71,1,1030.363,9.792446,5.877631,0,-1
6017,-6.53,0,1002.309,9.655392,3.3640318,1,4
6018,-5.86,1,1016.336,10.386657,2.5537765,1,4
6019,-6.72,0,1016.336,9.222684,2.704279,1,4
6020,-6.03,0,1044.39,8.328991,6.4339404,0,4
6021,-5.44,1,1044.39,7.449423,5.7697873,0,-1
6022,-5.18,1,1044.39,7.190443,1.4980398,5,3
6023,-5.34,1,1044.39,10.686736,3.0219262,1,4
6024,-5.25,1,1044.39,7.749832,4.060158,1,4
6025,-5.28,1,1044.39,5.8985095,7.173053,3,4
6026,-6.2,0,1002.309,6.8563914,4.573584,3,-1
6027,-5.6,1,1030.363,7.266688,4.1282535,1,4
6028,-5.54,1,1030.363,7.291089,5.1800723,0,4
6029,-5.22,1,1030.363,6.4644957,7.264807,0,4
6030,-5.25,1,1030.363,9.776024,5.7786756,0,-1
6031,-5.28,1,1030.363,7.251141,5.258462,3,4
6032,-5.32,1,1044.39,8.955904,3.7239397,1,4
6033,-5.19,1,1044.39,6.7578444,1.2872099,5,3
6034,-5.63,1,1044.39,9.151721,5.0675435,0,4
6035,-5.04,1,1044.39,8.105493,4.822327,6,4
6036,-9.0,0,1030.363,10.385525,4.21791,0,4
6037,-7.68,0,988.282,8.417315,1.9027752,5,4
6038,-6.29,0,1002.309,10.649778,5.5533185,0,4
6039,-6.59,0,988.282,8.852842,6.681519,0,4
6040,-6.06,0,1002.309,8.854336,5.2660713,0,4
6041,-6.36,0,1016.336,6.789876,5.511804,3,4
6042,-6.85,0,988.282,8.989395,5.8804913,0,4
6043,-6.93,0,988.282,11.058613,4.3049173,0,-1
6044,-6.73,0,1002.309,8.128926,1.8707908,5,4
6045,-6.98,0,1002.309,10.877576,4.218608,0,4
6046,-5.35,1,1016.336,8.1466875,4.1278996,1,4
6047,-5.48,1,1030.363,10.976527,3.4084787,0,-1
6048,-6.68,0,1002.309,10.987318,3.7129786,0,4
6049,-5.92,1,1016.336,7.063267,3.8510685,1,4
6050,-6.4,0,1016.336,10.656574,4.654215,0,4
6051,-5.39,1,1030.363,11.104856,3.9637573,0,4
6052,-5.71,1,1030.363,9.417724,4.4677043,1,4
6053,-5.74,1,1030.363,9.56349,2.5520391,1,4
6054,-6.67,0,988.282,9.922226,2.831233,1,4
6055,-5.93,1,1002.309,7.0042996,3.26656,1,-1
6056,-6.21,0,1002.309,6.574593,6.881244,0,4
6057,-6.16,0,1002.309,9.058433,6.7849174,0,4
6058,-5.93,1,1002.309,10.435422,5.5505657,0,4
6059,-5.77,1,1016.336,11.170345,3.9399595,0,4
6060,-8.0,0,988.282,8.60221,4.3306746,1,4
6061,-6.01,0,1002.309,7.1456094,2.8577206,1,-1
6062,-6.39,0,1002.309,7.951031,2.4770615,1,4
6063,-5.38,1,1016.336,9.427607,3.1036751,1,4
6064,-6.47,0,1002.309,9.428209,5.4988313,0,4
6065,-5.65,1,1016.336,7.069466,1.3198029,5,3
6066,-5.94,1,1002.309,8.184033,1.7981381,5,4
6067,-5.08,1,1016.336,7.1561866,4.2553782,1,4
6068,-5.33,1,1016.336,9.586031,5.5498886,0,4
6069,-7.62,0,1002.309,10.414551,5.5408115,0,4
6070,-5.78,1,1016.336,10.548899,4.6580787,0,4
6071,-6.88,0,1002.309,8.375268,3.0566561,1,4
6072,-5.53,1,1030.363,8.5650015,2.9538305,1,4
6073,-5.38,1,1030.363,7.0473347,5.51961,0,4
6074,-5.13,1,1030.363,7.160774,4.7869177,1,4
6075,-6.14,0,1016.336,7.239191,3.983704,1,4
6076,-6.11,0,1030.363,9.263528,6.339099,0,4
6077,-5.33,1,1030.363,10.63095,3.062546,1,4
6078,-6.43,0,1016.336,7.4573092,2.2977743,1,4
6079,-5.18,1,1030.363,9.138986,3.5974917,1,4
6080,-6.04,0,1016.336,9.415414,5.6904135,0,4
6081,-5.73,1,1030.363,6.8746653,7.3011584,0,4
6082,-5.33,1,1044.39,8.401089,2.41035,1,4
6083,-5.37,1,1044.39,8.828926,6.6909833,0,4
6084,-5.92,1,1030.363,9.114854,4.074056,1,4
6085,-5.29,1,1044.39,5.4435263,0.6543436,5,-1
6086,-5.15,1,1044.39,8.892115,5.891769,0,4
6087,-5.46,1,1044.39,7.2744966,5.155623,1,4
6088,-5.37,1,1044.39,5.8878922,0.94260347,5,3
6089,-6.83,0,1002.309,8.271791,5.305088,0,4
6090,-6.45,0,1016.336,8.228622,2.8234532,1,4
6091,-5.2,1,1030.363,10.596335,2.8742256,1,4
6092,-5.56,1,1016.336,9.397509,3.5671656,1,4
6093,-5.14,1,1030.363,10.803072,3.2270708,0,4
6094,-5.81,1,1030.363,7.8259597,4.386587,1,4
6095,-5.03,1,1044.39,9.794638,5.1435647,0,4
6096,-5.15,1,1030.363,9.349649,2.8511982,1,4
6097,-5.53,1,1016.336,10.047125,4.6643176,0,4
6098,-5.5,1,1030.363,7.219124,6.8345556,0,4
6099,-5.52,1,1030.363,7.114145,5.2798305,3,4
6100,-6.28,0,1002.309,6.9103637,1.2704581,5,3
6101,-6.34,0,1002.309,10.621128,4.228416,0,4
6102,-6.4,0,1002.309,8.804784,2.9670563,1,4
6103,-6.87,0,1016.336,9.477582,3.0155873,1,4
6104,-6.42,0,1016.336,7.0480328,4.3175454,1,4
6105,-6.1,0,1016.336,9.228125,3.3316596,1,4
6106,-6.48,0,1016.336,10.259662,5.87492,0,4
6107,-6.96,0,988.282,10.518669,5.6152205,0,4
6108,-7.1,0,988.282,9.635866,3.7218778,1,4
6109,-7.26,0,988.282,8.655757,6.141617,0,4
6110,-7.11,0,1002.309,8.816822,2.5741265,1,-1
6111,-7.18,0,1002.309,8.190069,4.446394,1,4
6112,-6.12,0,1002.309,10.990702,3.6406217,0,4
6113,-5.6,1,1016.336,10.44044,3.3805358,1,-1
6114,-5.99,1,1016.336,10.10155,3.5581038,1,4
6115,-6.67,0,1002.309,10.085631,4.712211,0,4
6116,-6.32,0,1016.336,11.077435,4.010436,0,4
6117,-6.47,0,1016.336,7.6268682,4.003419,1,4
6118,-6.68,0,1016.336,10.437769,5.8873672,0,4
6119,-6.51,0,1030.363,10.721495,4.0486674,0,4
6120,-5.83,1,1030.363,7.0789557,4.6097546,1,4
6121,-6.49,0,1016.336,11.050338,3.590865,0,4
6122,-5.87,1,1030.363,8.245455,5.8689938,0,4
6123,-7.1,0,988.282,7.0788937,3.0189025,1,-1
6124,-7.14,0,988.282,10.578337,5.14721,0,4
6125,-6.96,0,988.282,8.452714,3.6761456,1,4
6126,-6.37,0,1002.309,10.750747,3.083206,6,4
6127,-5.89,1,1002.309,8.933785,3.6840546,1,4
6128,-5.81,1,1002.309,11.106797,4.039081,0,4
6129,-6.01,0,1002.309,9.273266,4.5520773,0,4
6130,-5.3,1,1016.336,7.5577464,3.344466,1,-1
6131,-6.66,0,988.282,6.7948403,5.5349092,0,4
6132,-5.92,1,1002.309,8.976201,3.7377179,1,4
6133,-5.99,1,1002.309,10.084459,4.7168303,0,4
6134,-6.28,0,988.282,8.075509,3.5752864,0,4
6135,-6.44,0,988.282,9.052471,3.5755672,1,4
6136,-6.22,0,1002.309,10.462286,3.6521611,1,4
6137,-6.39,0,1002.309,7.3614364,5.3342648,0,4
6138,-6.79,0,1002.309,10.458638,5.3085475,0,4
6139,-5.87,1,1016.336,8.06483,2.610871,1,4
6140,-5.95,1,1016.336,7.2451515,4.3599253,1,4
6141,-5.67,1,1002.309,10.243604,5.7289357,0,4
6142,-5.7,1,1002.309,11.175227,3.939792,0,4
6143,-5.5,1,1016.336,7.6259933,5.1253514,0,4
6144,-6.79,0,1016.336,9.60084,4.3966937,0,4
6145,-5.07,1,1016.336,10.188033,3.9122186,1,4
6146,-5.62,1,1016.336,10.279399,2.74034,1,4
6147,-6.38,0,1002.309,11.045954,3.8379927,0,4
6148,-5.64,1,1016.336,9.988504,5.816412,0,4
6149,-5.84,1,1030.363,10.204214,2.4013593,5,4
6150,-5.43,1,1030.363,7.4238086,3.708122,1,4
6151,-5.52,1,1016.336,8.02532,2.8788476,1,4
6152,-5.3,1,1030.363,9.721796,3.3504784,1,4
6153,-5.44,1,1030.363,10.033812,2.452826,1,4
6154,-6.1,0,1002.309,10.025432,4.379214,0,4
6155,-5.12,1,1016.336,7.9972568,3.2969072,1,4
6156,-5.16,1,1016.336,9.342818,3.093136,1,4
6157,-5.33,1,1002.309,8.883542,6.892654,0,4
6158,-5.06,1,1016.336,7.5443306,6.595032,0,4
6159,-5.5,1,1016.336,6.8013706,7.322515,0,4
6160,-9.0,0,1016.336,9.297102,4.9362884,0,4
6161,-5.33,1,1030.363,8.368609,3.2900214,1,4
6162,-5.75,1,1016.336,10.153297,3.380926,1,4
6163,-7.35,0,1002.309,7.3809342,7.254453,0,4
6164,-6.48,0,1002.309,9.93226,4.654302,0,4
6165,-5.97,1,1016.336,6.810714,5.4891744,0,4
6166,-6.79,0,1002.309,7.266386,4.2284408,1,4
6167,-6.69,0,1002.309,8.425956,4.991664,0,4
6168,-6.18,0,1016.336,8.581197,3.0976253,1,4
6169,-6.91,0,1030.363,9.729254,2.3966475,1,4
6170,-5.91,1,1030.363,9.613682,5.9296556,0,-1
6171,-6.22,0,1016.336,8.741951,6.3386717,0,4
6172,-5.44,1,1030.363,6.048658,1.0570475,5,3
6173,-7.1,0,1016.336,8.461308,3.3706825,1,4
6174,-6.47,0,1016.336,11.17388,3.864762,0,4
6175,-6.09,0,1030.363,7.5102158,4.59126,1,4
6176,-6.05,0,1044.39,9.575497,5.087753,0,4
6177,-5.63,1,1030.363,6.986961,7.068102,0,4
6178,-5.94,1,1030.363,10.818468,3.600213,0,4
6179,-5.19,1,1044.39,10.400136,3.157443,1,4
6180,-5.49,1,1044.39,10.258148,5.192626,0,4
6181,-5.26,1,1030.363,7.286634,6.6409,0,4
6182,-5.15,1,1044.39,8.041114,5.474248,0,4
6183,-6.85,0,1002.309,6.0922256,7.212973,0,4
6184,-6.0,1,1016.336,10.007317,5.982585,0,4
6185,-5.16,1,1030.363,7.1432114,5.388051,0,4
6186,-6.74,0,1002.309,10.041046,5.9759,0,4
6187,-5.01,1,1030.363,9.854854,2.9751544,1,4
6188,-5.43,1,1044.39,7.358661,3.9825952,1,4
6189,-5.19,1,1030.363,9.871867,5.936682,0,4
6190,-5.3,1,1030.363,8.490819,6.438684,0,4
6191,-5.2,1,1044.39,9.719696,4.625345,0,4
6192,-8.4,0,988.282,7.696066,1.9876665,1,4
6193,-6.66,0,1002.309,8.904966,2.6918447,1,4
6194,-8.7,0,988.282,8.646612,4.345072,1,4
6195,-6.86,0,1002.309,5.8540897,0.9954662,5,3
6196,-6.78,0,1016.336,10.172079,3.384938,1,4
6197,-6.03,0,1016.336,10.876831,3.098258,0,4
6198,-6.28,0,1016.336,9.7791605,2.5199006,1,4
6199,-7.16,0,988.282,6.2091684,7.0279393,0,4
6200,-5.7,1,1016.336,10.34373,4.7403145,0,4
6201,-7.19,0,1002.309,10.0510235,4.552788,0,4
6202,-5.96,1,1016.336,8.1235075,5.9153104,0,4
6203,-5.46,1,1016.336,7.2025466,5.113535,3,4
6204,-6.97,0,1002.309,7.782892,3.840435,1,4
6205,-5.94,1,1030.363,9.298656,3.3679535,1,4
6206,-6.48,0,1016.336,11.140407,3.8922281,0,4
6207,-5.71,1,1030.363,10.600976,5.22905,0,4
6208,-5.94,1,1030.363,9.3705,5.371201,0,4
6209,-8.1,0,988.282,10.092897,3.3559246,0,4
6210,-6.35,0,1002.309,7.078464,3.1104777,1,-1
6211,-7.6,0,988.282,10.017549,3.5902758,0,4
6212,-6.13,0,1002.309,10.240411,4.3100023,0,4
6213,-6.1,0,1002.309,9.335002,6.652222,0,4
6214,-7.44,0,988.282,10.075563,5.7517323,0,4
6215,-8.52,0,988.282,10.048589,2.9785988,7,4
6216,-6.34,0,1002.309,11.0178995,4.0053945,0,4
6217,-6.66,0,1002.309,9.908838,3.461481,1,4
6218,-6.27,0,1016.336,8.2088995,3.726363,1,4
6219,-6.08,0,1016.336,6.556866,6.9002013,3,4
6220,-6.53,0,1002.309,9.385759,3.5480113,0,4
6221,-5.86,1,1016.336,9.247849,6.354768,0,4
6222,-5.93,1,1002.309,10.083262,3.5997655,7,4
6223,-7.15,0,1002.309,7.5365157,5.0411234,1,4
6224,-5.94,1,1016.336,8.238547,1.8886408,5,4
6225,-6.18,0,1016.336,10.564903,4.2280135,0,4
6226,-5.16,1,1030.363,9.011502,5.640045,0,4
6227,-5.44,1,1030.363,10.267629,3.1368167,1,4
6228,-8.7,0,1002.309,7.3179092,6.096715,0,4
6229,-6.95,0,1002.309,10.56957,4.605174,0,4
6230,-6.63,0,1016.336,9.813247,4.865666,0,4
6231,-5.93,1,1030.363,7.6807065,4.8162622,1,4
6232,-5.25,1,1030.363,7.906681,5.592622,0,4
6233,-7.22,0,1002.309,10.733535,3.937876,0,4
6234,-6.17,0,1016.336,8.773262,6.448937,0,4
6235,-5.26,1,1030.363,8.013774,1.7267638,5,4
6236,-5.82,1,1016.336,10.93643,4.004766,0,4
6237,-5.63,1,1030.363,9.141155,3.4947553,1,4
6238,-5.63,1,1030.363,9.908764,4.032795,1,4
6239,-5.09,1,1044.39,6.9553623,5.7762847,3,4
6240,-5.17,1,1044.39,7.110566,5.8458266,0,4
6241,-5.06,1,1030.363,6.05996,7.2141695,0,4
6242,-6.06,0,1030.363,8.975433,3.962786,1,4
6243,-5.22,1,1044.39,8.537492,3.327158,1,4
6244,-5.49,1,1044.39,7.0442805,1.5162457,5,3
6245,-5.28,1,1044.39,7.793797,5.3468328,0,4
6246,-6.01,0,1030.363,7.9724097,4.3589897,1,4
6247,-7.34,0,1002.309,10.691418,5.08863,0,4
6248,-5.59,1,1030.363,5.779726,7.113252,3,4
6249,-5.53,1,1030.363,8.58494,6.304439,0,4
6250,-5.93,1,1016.336,10.498783,4.7951703,0,4
6251,-5.02,1,1030.363,10.235979,6.059587,0,-1
6252,-5.92,1,1030.363,8.859304,6.2574596,0,4
6253,-5.78,1,1044.39,8.907202,6.8369355,0,4
6254,-5.11,1,1044.39,7.170127,4.7661233,1,4
6255,-5.46,1,1016.336,10.572265,3.9375613,0,4
6256,-4.98,1,1030.363,10.454121,5.8179193,0,4
6257,-5.76,1,1030.363,10.312982,3.7921958,1,4
6258,-6.7,0,988.282,10.583977,5.358429,0,4
6259,-5.23,1,1002.309,10.3581705,4.322871,0,4
6260,-5.94,1,1016.336,8.368751,2.68574,1,4
6261,-6.03,0,1016.336,7.890649,1.9713804,1,4
6262,-5.24,1,1002.309,6.9253764,4.323714,1,4
6263,-5.66,1,1016.336,7.380586,4.020773,1,4
6264,-5.02,1,1016.336,7.9202037,5.4626856,0,4
6265,-5.75,1,1030.363,8.364085,6.202182,0,4
6266,-5.36,1,1030.363,10.297125,3.850923,1,4
6267,-5.53,1,1016.336,9.314384,5.0468626,0,4
6268,-5.3,1,1030.363,9.22743,3.8109822,1,4
6269,-5.89,1,1002.309,11.181715,3.8812091,0,4
6270,-5.17,1,1016.336,6.8366585,5.522314,3,4
6271,-5.62,1,1030.363,8.620088,3.5281146,1,4
6272,-5.72,1,1030.363,7.1963677,3.8554378,1,4
6273,-5.04,1,1016.336,7.2266946,6.5781264,0,4
6274,-5.75,1,1030.363,10.605492,4.0649204,0,4
6275,-6.43,0,1002.309,9.386971,3.51446,1,4
6276,-6.88,0,988.282,6.2889066,1.1159688,5,3
6277,-5.19,1,1002.309,9.754188,3.561827,1,4
6278,-5.21,1,1002.309,9.895812,4.645422,0,4
6279,-5.34,1,1002.309,7.0025425,3.9877615,1,4
6280,-5.24,1,1016.336,10.321093,5.3646145,0,4
6281,-5.39,1,1016.336,10.415587,5.905579,0,4
6282,-5.67,1,1016.336,7.4620605,2.204389,1,4
6283,-5.6,1,1016.336,10.198985,2.5592034,1,4
6284,-5.03,1,1016.336,7.0573936,1.3541057,5,3
6285,-5.22,1,1016.336,9.600695,2.4983292,1,4
6286,-5.22,1,1016.336,8.153649,2.6140966,1,4
6287,-5.2,1,1030.363,6.9498153,4.660645,1,4
6288,-5.11,1,1016.336,10.236997,5.232659,0,4
6289,-5.22,1,1016.336,8.567931,3.791136,1,4
6290,-5.29,1,1016.336,10.350441,3.4938211,1,4
6291,-5.67,1,1016.336,10.199834,4.0048857,0,4
6292,-6.35,0,1030.363,9.94859,5.4508667,0,4
6293,-5.89,1,1030.363,9.272988,1.9341918,5,-1
6294,-5.51,1,1044.39,10.805544,3.0819545,0,4
6295,-5.5,1,1044.39,8.315275,2.198022,1,4
6296,-6.79,0,1016.336,8.415588,1.8274454,5,4
6297,-5.49,1,1044.39,10.762339,3.2982776,6,4
6298,-5.51,1,1044.39,7.4132156,4.1872044,1,4
6299,-5.11,1,1030.363,10.449892,5.821334,0,4
6300,-5.93,1,1044.39,8.905849,6.5660872,0,4
6301,-5.25,1,1030.363,7.220171,7.29435,0,4
6302,-5.59,1,1030.363,8.597767,3.8007405,1,4
6303,-5.3,1,1030.363,7.2020264,5.8719454,0,4
6304,-6.96,0,1016.336,7.660043,1.8699404,5,4
6305,-6.09,0,1030.363,7.3487787,5.378732,0,4
6306,-5.46,1,1044.39,9.932784,5.1530304,0,4
6307,-5.29,1,1044.39,6.65192,1.2354339,5,3
6308,-5.3,1,1044.39,7.9746685,5.4755745,0,4
6309,-5.57,1,1030.363,7.4532332,5.0877733,0,4
6310,-5.08,1,1030.363,7.0249424,4.5109854,2,4
6311,-6.6,0,988.282,7.0377793,6.4794493,0,4
6312,-6.4,0,1002.309,8.06779,1.9851025,1,4
6313,-6.04,0,1002.309,7.706707,4.78932,1,4
6314,-6.84,0,988.282,9.197558,6.754421,0,4
6315,-5.74,1,1002.309,8.217033,2.2065234,1,4
6316,-6.09,0,1002.309,8.764921,2.8710465,1,4
6317,-6.3,0,1016.336,8.106956,2.0829198,1,4
6318,-5.84,1,1016.336,7.298193,2.5459282,1,-1
6319,-5.94,1,1002.309,9.917849,5.5957174,0,4
6320,-6.11,0,1016.336,8.371387,3.9893808,1,4
6321,-5.68,1,1016.336,7.2280126,1.5342082,5,3
6322,-7.1,0,988.282,8.344111,2.4325612,1,4
6323,-7.02,0,988.282,8.59643,3.1324434,1,4
6324,-7.0,0,988.282,8.250295,1.7758224,5,4
6325,-5.95,1,1016.336,9.267902,3.967499,1,4
6326,-6.85,0,1002.309,11.139327,3.910761,0,4
6327,-5.71,1,1016.336,6.995494,4.4409323,1,4
6328,-6.7,0,1016.336,7.0772257,3.0897176,2,-1
6329,-5.35,1,1030.363,7.3419313,2.151485,1,4
6330,-5.72,1,1030.363,8.082575,5.575381,0,4
6331,-6.68,0,1016.336,7.017369,4.3903418,1,4
6332,-6.49,0,1002.309,7.128328,5.1091514,3,4
6333,-5.45,1,1030.363,7.265561,4.450009,1,4
6334,-5.9,1,1030.363,8.020711,3.8052647,1,4
6335,-5.6,1,1016.336,7.6416984,6.6809325,0,4
6336,-5.77,1,1016.336,9.910708,4.2283387,0,4
6337,-5.6,1,1016.336,8.8822975,4.3822646,0,4
6338,-5.62,1,1016.336,10.38215,5.2500587,0,4
6339,-6.53,0,988.282,10.80463,4.5671763,0,4
6340,-7.52,0,988.282,10.558246,4.47376,7,4
6341,-5.93,1,1002.309,9.722283,3.1625562,1,4
6342,-5.82,1,1016.336,6.968276,4.606605,1,4
6343,-5.71,1,1016.336,9.374559,2.6882422,1,4
6344,-5.37,1,1030.363,10.121685,2.607133,1,4
6345,-5.84,1,1002.309,8.054043,6.0976486,0,4
6346,-5.71,1,1016.336,7.379186,4.3646755,1,4
6347,-5.3,1,1030.363,9.3143015,2.509537,1,4
6348,-5.3,1,1030.363,8.958728,3.8218572,1,4
6349,-6.74,0,1016.336,10.069396,5.7447605,0,4
6350,-5.31,1,1030.363,7.473174,7.0751896,0,4
6351,-5.5,1,1030.363,7.286706,5.041481,1,4
6352,-6.74,0,1016.336,9.482052,4.988988,0,4
6353,-5.41,1,1016.336,6.4895844,7.2740874,0,4
6354,-5.47,1,1016.336,6.841003,7.0075183,0,4
6355,-5.63,1,1030.363,9.4542055,5.901123,0,4
6356,-5.43,1,1030.363,9.221566,6.240845,0,4
6357,-6.78,0,1002.309,10.426606,5.222642,0,4
6358,-5.61,1,1030.363,7.6925483,7.137197,0,-1
6359,-5.93,1,1016.336,8.532842,3.2864327,1,4
6360,-5.53,1,1044.39,7.8514466,4.3121567,1,4
6361,-5.87,1,1030.363,7.7241926,4.8716865,1,4
6362,-5.82,1,1030.363,9.828195,5.285206,0,4
6363,-5.44,1,1044.39,7.3590007,6.782705,0,4
6364,-5.51,1,1044.39,9.414525,6.0624437,0,4
6365,-5.55,1,1044.39,9.145901,3.3330894,1,4
6366,-5.95,1,1044.39,7.815453,6.2945967,0,-1
6367,-6.25,0,1002.309,7.9589434,6.422468,0,4
6368,-5.29,1,1016.336,10.144412,5.674589,0,4
6369,-5.22,1,1016.336,8.151059,1.8538307,5,4
6370,-5.62,1,1016.336,9.138717,5.075593,0,4
6371,-5.35,1,1030.363,7.5284142,4.691646,1,4
6372,-5.41,1,1030.363,7.098444,5.3523736,0,4
6373,-5.31,1,1030.363,9.938758,5.460545,0,4
6374,-5.76,1,1016.336,10.070607,5.0017548,0,4
6375,-6.5,0,1002.309,8.183816,6.1660757,0,4
6376,-6.05,0,1002.309,10.418127,5.833494,0,4
6377,-5.36,1,1030.363,6.855707,4.022011,1,4
6378,-5.83,1,1016.336,8.606848,2.6808534,1,4
6379,-6.0,1,1016.336,8.886333,6.885499,0,4
6380,-5.26,1,1030.363,10.429199,2.5717473,5,4
6381,-5.79,1,1030.363,8.057248,6.39646,0,4
6382,-5.41,1,1030.363,5.3731456,0.82815176,5,2
6383,-5.46,1,1044.39,9.2700815,3.219084,1,4
6384,-5.32,1,1044.39,8.859306,4.443765,1,4
6385,-5.44,1,1044.39,9.073053,4.9454293,0,4
6386,-5.25,1,1030.363,7.2175555,1.7973365,5,-1
6387,-5.29,1,1030.363,9.469863,4.418752,0,4
6388,-5.27,1,1044.39,8.6889715,5.66192,0,-1
6389,-5.17,1,1044.39,10.703429,2.9866428,1,4
6390,-5.46,1,1044.39,9.905031,2.7843874,1,4
6391,-5.09,1,1044.39,7.1458344,1.717277,5,-1
6392,-6.92,0,988.282,8.707141,6.069086,0,4
6393,-6.43,0,1002.309,6.3329577,6.4275465,3,-1
6394,-6.92,0,988.282,9.757059,4.0213623,0,4
6395,-6.54,0,1016.336,7.3335915,4.649621,1,4
6396,-6.5,0,988.282,10.452991,5.26798,0,4
6397,-6.17,0,1002.309,10.920322,3.4724092,0,4
6398,-7.01,0,988.282,10.210698,2.7886596,1,4
6399,-6.36,0,988.282,11.078695,4.0195594,0,4
6400,-5.86,1,1002.309,11.1707115,3.9506524,0,4
6401,-5.87,1,1002.309,9.890912,4.9606133,0,4
6402,-6.69,0,1016.336,10.499907,3.7677894,0,4
6403,-5.27,1,1016.336,7.422639,6.790592,0,4
6404,-5.45,1,1016.336,10.124048,3.9366682,0,4
6405,-5.23,1,1002.309,9.121254,3.463214,1,4
6406,-5.34,1,1002.309,9.943213,4.421437,0,4
6407,-5.16,1,1016.336,9.103572,2.6351697,1,4
6408,-5.11,1,1030.363,10.197233,3.2022345,1,4
6409,-5.61,1,1002.309,9.533914,4.113027,0,4
6410,-5.05,1,1016.336,8.758096,3.2707212,1,4
6411,-5.58,1,1016.336,8.127462,1.7821646,5,4
6412,-5.21,1,1030.363,7.600042,6.894444,0,4
6413,-5.13,1,1030.363,10.526602,5.589357,0,4
6414,-5.31,1,1030.363,7.412239,4.373377,1,4
6415,-6.97,0,988.282,8.33877,1.8445922,5,4
6416,-5.93,1,1002.309,7.9924455,2.3822737,1,4
6417,-5.71,1,1002.309,8.700534,2.7006269,1,4
6418,-5.39,1,1002.309,9.229765,1.9512453,5,-1
6419,-5.4,1,1002.309,10.46094,2.6488774,1,4
6420,-5.31,1,1002.309,11.01991,3.8973017,0,4
6421,-5.28,1,1016.336,9.036675,6.0990214,0,-1
6422,-5.57,1,1016.336,9.968187,2.59797,1,4
6423,-7.21,0,988.282,7.654392,1.9740062,5,4
6424,-6.71,0,988.282,8.805817,4.259135,0,4
6425,-5.84,1,1002.309,8.855435,3.1338665,1,4
6426,-5.58,1,1016.336,10.738632,3.1532547,0,4
6427,-6.32,0,1016.336,7.1030216,1.3294786,5,3
6428,-5.48,1,1002.309,5.900887,7.1202226,3,4
6429,-5.18,1,1016.336,7.728025,6.2247653,0,-1
6430,-5.17,1,1016.336,7.9169016,1.7571892,5,4
6431,-5.26,1,1016.336,10.1637,3.426226,0,4
6432,-5.85,1,1030.363,10.155497,5.6159134,0,4
6433,-5.66,1,1030.363,7.641309,5.102882,0,4
6434,-5.22,1,1030.363,10.849547,3.2511191,6,4
6435,-5.93,1,1002.309,10.580782,4.93499,0,4
6436,-5.28,1,1016.336,9.034174,6.374599,0,4
6437,-5.07,1,1016.336,10.367371,3.4751716,1,4
6438,-5.28,1,1030.363,8.780759,3.7429776,1,4
6439,-5.56,1,1016.336,8.503274,3.8596585,1,4
6440,-7.29,0,1002.309,10.00982,5.586442,0,4
6441,-6.36,0,1016.336,7.7161803,6.7248635,0,4
6442,-5.85,1,1016.336,6.6450906,5.962676,3,-1
6443,-5.62,1,1030.363,7.6373143,4.3069696,1,4
6444,-7.06,0,1002.309,10.636671,5.019704,0,4
6445,-6.63,0,1002.309,7.641248,6.680706,0,4
6446,-5.39,1,1016.336,10.606111,2.864704,1,4
6447,-5.66,1,1030.363,10.305135,2.466945,1,4
6448,-5.44,1,1030.363,7.1711564,6.5059733,0,4
6449,-6.61,0,1016.336,10.545347,3.7231684,0,4
6450,-5.41,1,1030.363,7.269663,6.734122,0,4
6451,-5.56,1,1030.363,10.693751,3.804578,0,4
6452,-5.05,1,1044.39,11.034647,4.129094,0,4
6453,-6.09,0,1044.39,9.023468,6.280712,0,4
6454,-5.35,1,1044.39,7.3223877,2.0121052,5,4
6455,-5.42,1,1044.39,10.440036,2.8316665,1,4
6456,-5.17,1,1030.363,9.253718,6.3469834,0,4
6457,-5.67,1,1030.363,7.1935377,5.3485394,0,4
6458,-6.87,0,1002.309,9.366149,5.862543,0,4
6459,-6.18,0,1016.336,7.020229,7.3554573,0,4
6460,-6.14,0,1002.309,6.007753,7.167611,0,4
6461,-6.35,0,1016.336,7.5778127,4.1443744,1,4
6462,-5.79,1,1016.336,7.5545835,4.1874676,1,4
6463,-6.01,0,1030.363,7.231551,3.1155963,1,-1
6464,-5.58,1,1030.363,8.263844,5.697494,0,4
6465,-5.03,1,1030.363,8.684134,5.695197,0,4
6466,-5.14,1,1030.363,7.074489,4.4271646,1,4
6467,-6.1,0,1044.39,10.071897,2.3580189,1,-1
6468,-5.05,1,1044.39,8.048161,5.475867,0,4
6469,-5.53,1,1030.363,10.521045,2.9043868,1,4
6470,-5.32,1,1030.363,7.174439,3.8011575,1,4
6471,-5.09,1,1030.363,8.231329,6.8415775,0,-1
6472,-5.42,1,1044.39,8.783124,3.4072795,1,4
6473,-6.65,0,1002.309,6.766797,5.143298,0,-1
6474,-6.35,0,988.282,5.7245884,6.689579,3,-1
6475,-6.31,0,988.282,5.8656073,7.076648,3,4
6476,-5.14,1,1002.309,8.082911,2.1002016,1,4
6477,-5.9,1,1002.309,7.4626927,6.7808475,0,4
6478,-5.94,1,1016.336,7.2712374,2.2554812,5,4
6479,-6.11,0,1002.309,6.9756494,1.266819,5,3
6480,-5.65,1,1016.336,10.223779,6.033166,0,4
6481,-5.44,1,1016.336,10.12311,4.430554,0,4
6482,-7.26,0,988.282,10.423278,4.6616225,0,4
6483,-6.66,0,988.282,8.9759655,3.4774468,1,4
6484,-6.68,0,988.282,10.407747,3.9603326,0,4
6485,-6.45,0,1002.309,9.74967,5.037155,0,4
6486,-5.89,1,1016.336,7.7028575,5.681545,0,4
6487,-6.83,0,1002.309,7.578874,6.9443755,0,4
6488,-6.43,0,1002.309,11.116222,3.9842937,0,4
6489,-6.89,0,1002.309,10.467355,5.818717,0,4
6490,-6.63,0,1016.336,10.015518,3.6597953,1,4
6491,-5.64,1,1030.363,10.885563,3.074843,0,4
6492,-5.89,1,1016.336,10.1582,5.7262383,0,4
6493,-5.4,1,1030.363,10.802858,2.8989697,0,4
6494,-5.89,1,1002.309,7.065797,4.2742515,1,4
6495,-5.13,1,1002.309,8.758617,3.0558958,1,4
6496,-5.06,1,1002.309,9.785719,3.561671,1,4
6497,-5.19,1,1002.309,7.371989,6.1175637,0,4
6498,-5.15,1,1016.336,10.391736,2.7256258,1,4
6499,-5.13,1,1016.336,7.881331,1.763638,5,4
6500,-6.79,0,988.282,7.5444026,3.3322594,1,-1
6501,-6.62,0,988.282,11.112582,3.9865198,0,4
6502,-5.56,1,1016.336,9.285232,6.7439322,0,4
6503,-5.69,1,1016.336,9.00454,2.1340744,1,-1
6504,-5.49,1,1016.336,10.913177,3.3275754,6,4
6505,-5.93,1,1002.309,10.760523,4.602282,0,4
6506,-5.63,1,1016.336,9.167974,4.4803824,0,4
6507,-5.29,1,1030.363,10.021885,5.5954437,0,4
6508,-5.22,1,1030.363,9.649422,4.5844355,0,4
6509,-5.32,1,1016.336,8.952595,5.3793306,0,4
6510,-5.4,1,1016.336,9.320973,5.113022,0,4
6511,-5.66,1,1016.336,9.235997,3.0256455,1,4
6512,-5.14,1,1030.363,6.818009,5.137316,3,-1
6513,-6.38,0,1016.336,6.863744,4.840109,3,-1
6514,-5.18,1,1016.336,7.4931865,4.6371307,1,4
6515,-5.81,1,1002.309,10.152004,5.5846725,0,4
6516,-5.13,1,1016.336,8.908738,1.9929081,1,-1
6517,-5.18,1,1016.336,6.822544,7.136591,0,4
6518,-5.25,1,1030.363,8.812023,2.815739,1,4
6519,-5.32,1,1016.336,8.470244,3.0737038,1,4
6520,-5.2,1,1030.363,7.2973847,6.7190475,0,4
6521,-5.13,1,1030.363,9.090475,4.1338706,0,4
6522,-6.5,0,1002.309,10.29993,4.080936,0,4
6523,-5.55,1,1030.363,9.593694,6.2598557,0,-1
6524,-5.26,1,1044.39,6.927302,1.7831197,5,-1
6525,-5.72,1,1030.363,8.123525,5.800084,0,4
6526,-5.22,1,1030.363,7.4447455,6.139473,0,4
6527,-5.38,1,1044.39,8.279841,6.2810183,0,4
6528,-5.31,1,1044.39,8.271123,2.3273294,1,4
6529,-5.23,1,1044.39,6.7141695,5.9169326,3,-1
6530,-5.58,1,1044.39,6.4768624,1.2212478,5,3
6531,-5.1,1,1016.336,5.7076535,0.8870628,5,-1
6532,-5.11,1,1030.363,8.609751,5.2541704,0,4
6533,-5.17,1,1030.363,7.0307775,4.1893315,2,4
6534,-6.5,0,1002.309,10.102,2.6950662,1,4
6535,-6.38,0,1016.336,9.015016,6.392074,0,4
6536,-6.39,0,1002.309,10.84408,4.534791,0,4
6537,-5.85,1,1002.309,6.699869,1.3459961,5,3
6538,-5.25,1,1030.363,10.48434,4.2762895,0,4
6539,-5.1,1,1030.363,7.5280523,5.182219,0,4
6540,-5.09,1,1044.39,10.241097,2.9659364,1,4
6541,-5.47,1,1044.39,8.296561,2.272297,1,4
6542,-4.99,1,1030.363,7.7604146,4.1859646,1,4
6543,-6.31,0,1002.309,9.300342,3.8105812,1,4
6544,-6.57,0,988.282,11.069622,4.060891,0,4
6545,-5.69,1,1016.336,8.151779,2.014148,1,4
6546,-8.0,0,1002.309,10.671556,3.925303,0,4
6547,-6.5,0,988.282,8.180337,6.838348,0,-1
6548,-6.72,0,988.282,9.789385,5.3175483,0,4
6549,-5.37,1,1016.336,6.5387244,1.3415987,5,-1
6550,-6.24,0,1002.309,11.157819,3.7959242,0,4
6551,-5.32,1,1016.336,7.524727,5.1661143,0,4
6552,-6.61,0,1016.336,10.609575,3.7550395,1,4
6553,-5.53,1,1016.336,10.544339,5.7368026,0,4
6554,-6.49,0,1016.336,9.976632,3.2196164,1,4
6555,-5.49,1,1016.336,8.982567,6.377814,0,4
6556,-5.32,1,1030.363,10.722872,3.123654,0,4
6557,-5.72,1,1016.336,10.935559,4.0435147,0,4
6558,-5.48,1,1016.336,9.835956,2.4478061,1,4
6559,-5.33,1,1016.336,10.42007,3.6695335,1,4
6560,-5.49,1,1030.363,9.838205,3.028634,1,4
6561,-5.58,1,1030.363,11.046802,3.5424957,0,4
6562,-5.44,1,1002.309,9.887056,4.7091074,0,4
6563,-5.21,1,1002.309,10.585486,5.0804963,0,4
6564,-5.34,1,1016.336,9.034228,6.8534207,0,4
6565,-5.22,1,1002.309,8.593539,6.13284,0,4
6566,-5.23,1,1002.309,9.486147,5.334495,0,4
6567,-5.53,1,988.282,10.274724,2.6296341,1,4
6568,-5.73,1,1002.309,8.043686,2.1156993,5,4
6569,-5.17,1,1016.336,11.185609,3.8785203,0,4
6570,-5.57,1,1002.309,9.277411,3.3843656,1,4
6571,-5.1,1,1016.336,7.9860945,5.8055778,0,4
6572,-5.25,1,1016.336,6.0931473,7.2721343,0,4
6573,-5.29,1,1016.336,6.013282,7.132158,0,4
6574,-5.23,1,1030.363,10.698546,4.327156,0,4
6575,-5.4,1,1016.336,9.229514,6.673852,0,4
6576,-5.3,1,1002.309,8.93703,5.21748,0,4
6577,-5.39,1,1016.336,7.861641,3.906788,1,4
6578,-5.21,1,1016.336,6.4479303,6.2974153,3,-1
6579,-5.89,1,1016.336,8.4808035,2.9992032,1,4
6580,-5.23,1,1030.363,7.4191127,6.168772,0,4
6581,-6.23,0,1016.336,7.4032526,4.3851695,1,4
6582,-5.3,1,1030.363,7.3166957,2.753989,1,-1
6583,-5.29,1,1030.363,7.752416,4.0702157,1,4
6584,-5.33,1,1030.363,9.429627,3.2014704,1,4
6585,-5.55,1,1030.363,9.026052,4.4246783,0,4
6586,-5.19,1,1030.363,10.189422,5.1099687,0,4
6587,-5.32,1,1030.363,10.642701,2.8842473,1,4
6588,-5.17,1,1044.39,7.5994925,4.9389153,4,4
6589,-5.29,1,1044.39,8.022853,7.0744524,0,-1
6590,-5.41,1,1044.39,7.267696,6.921966,0,4
6591,-5.69,1,1030.363,10.430594,3.926873,0,4
6592,-5.43,1,1044.39,10.508261,2.8262591,1,4
6593,-5.37,1,1030.363,8.368903,5.6208186,0,4
6594,-5.98,1,1030.363,6.3345537,7.065916,0,4
6595,-5.36,1,1030.363,7.754754,3.9611175,1,4
6596,-7.19,0,988.282,9.960655,3.9938574,0,4
6597,-6.31,0,1016.336,8.04175,4.1051927,1,4
6598,-6.63,0,1002.309,9.687131,4.852222,0,4
6599,-6.07,0,1016.336,9.261029,2.8770123,1,4
6600,-5.85,1,1016.336,9.300049,4.134883,0,4
6601,-7.49,0,988.282,10.127556,3.9494536,0,4
6602,-7.59,0,1002.309,9.247218,6.712505,0,4
6603,-6.97,0,1016.336,10.460531,4.5812035,0,4
6604,-6.36,0,1030.363,8.564185,3.2015307,1,4
6605,-7.18,0,1016.336,10.392714,5.903861,0,4
6606,-6.13,0,1030.363,7.2598886,4.48407,1,4
6607,-6.73,0,1016.336,8.537563,6.5236363,0,4
6608,-6.34,0,1016.336,7.817749,7.07825,0,-1
6609,-5.86,1,1030.363,9.436183,2.8925087,1,4
6610,-6.66,0,1016.336,9.931401,2.3782756,1,4
6611,-6.28,0,1030.363,7.143119,3.8465,1,4
6612,-6.41,0,1002.309,10.382919,5.2449694,0,4
6613,-5.92,1,1002.309,8.114865,1.8434726,5,4
6614,-5.5,1,1002.309,10.44849,3.0046282,1,4
6615,-5.69,1,1016.336,6.034398,7.2644615,0,4
6616,-5.54,1,1016.336,9.184834,5.465227,0,4
6617,-5.45,1,1016.336,9.039908,5.490935,0,4
6618,-7.24,0,1002.309,10.569727,3.0453124,6,4
6619,-6.38,0,988.282,6.8955674,6.243895,0,-1
6620,-6.09,0,1002.309,7.53273,2.146515,1,4
6621,-6.38,0,1002.309,8.037353,1.8595119,1,4
6622,-5.48,1,1016.336,6.2520304,7.1587057,3,4
6623,-6.9,0,1002.309,10.338249,2.6858144,1,4
6624,-6.05,0,1016.336,10.248031,5.5071416,0,4
6625,-6.35,0,1016.336,6.428547,7.263151,0,4
6626,-5.67,1,1016.336,10.754251,4.501756,0,4
6627,-5.67,1,1030.363,8.720718,6.0902076,0,4
6628,-5.49,1,1030.363,10.32227,3.2012773,1,4
6629,-6.19,0,1016.336,10.562309,4.8975987,0,4
6630,-5.59,1,1030.363,8.436643,3.492869,1,4
6631,-5.48,1,1030.363,8.583701,3.7016666,1,4
6632,-7.24,0,1016.336,8.167689,5.6017776,0,4
6633,-5.62,1,1016.336,10.37006,4.194114,0,4
6634,-5.62,1,1030.363,10.753999,2.7901552,6,4
6635,-5.7,1,1030.363,8.3520155,2.8323438,1,4
6636,-5.46,1,1030.363,9.931664,2.8970675,1,4
6637,-6.01,0,1030.363,8.016878,4.474308,1,4
6638,-6.45,0,1030.363,10.423365,5.684945,0,4
6639,-5.7,1,1044.39,7.570503,4.6360426,1,4
6640,-6.45,0,1044.39,7.31125,2.2673688,1,4
6641,-5.7,1,1002.309,8.500989,6.290479,0,4
6642,-6.8,0,1016.336,6.8671575,5.1402545,1,-1
6643,-5.51,1,1030.363,7.424195,4.544668,1,4
6644,-5.55,1,1030.363,10.814824,4.288133,0,4
6645,-6.85,0,1016.336,10.52922,4.668676,7,4
6646,-6.2,0,1016.336,9.138784,5.353167,0,4
6647,-5.58,1,1030.363,10.977424,4.089164,0,4
6648,-5.51,1,1030.363,9.655873,4.8043046,0,4
6649,-6.76,0,1016.336,9.664362,6.460977,0,-1
6650,-6.45,0,1030.363,10.081313,2.580282,1,4
6651,-5.79,1,1044.39,8.859431,5.320211,0,4
6652,-5.86,1,1030.363,7.619469,5.734269,0,-1
6653,-5.09,1,1030.363,10.281402,5.971953,0,4
6654,-5.72,1,1044.39,7.112554,4.6883016,1,4
6655,-7.4,0,988.282,7.098999,7.060885,0,4
6656,-6.31,0,1016.336,11.203776,3.9984188,0,4
6657,-6.41,0,1016.336,10.367334,3.6749334,0,4
6658,-7.33,0,988.282,10.347173,4.21804,0,4
6659,-5.22,1,1016.336,6.998827,2.3494184,5,-1
6660,-6.93,0,1002.309,8.985028,6.852025,0,4
6661,-7.06,0,1016.336,7.1802926,1.3902961,5,3
6662,-5.46,1,1016.336,10.870491,4.0482187,0,4
6663,-5.73,1,1030.363,7.8338394,2.2569807,1,-1
6664,-5.77,1,1030.363,7.398292,3.9345865,1,4
6665,-6.05,0,1002.309,8.469439,6.2556324,0,4
6666,-7.82,0,988.282,8.4454565,3.53331,1,4
6667,-6.92,0,988.282,10.145315,4.353148,0,4
6668,-8.7,0,988.282,10.251439,4.296162,0,4
6669,-6.12,0,1002.309,10.764665,3.96373,0,4
6670,-5.25,1,1016.336,8.939375,4.2365894,0,4
6671,-5.43,1,1016.336,10.046755,5.007712,0,4
6672,-5.61,1,1016.336,6.676602,7.3328757,0,4
6673,-5.3,1,1016.336,8.070726,6.0175595,0,4
6674,-5.19,1,1030.363,7.3176675,7.2477317,0,4
6675,-5.92,1,1002.309,10.340041,4.623426,0,4
6676,-6.85,0,1002.309,9.518883,3.367352,1,4
6677,-5.64,1,1030.363,7.098777,5.0179577,0,4
6678,-6.57,0,1016.336,9.157775,6.037397,0,4
6679,-5.43,1,1030.363,9.948929,5.9168825,0,4
6680,-5.41,1,1030.363,10.49899,5.7900066,0,4
6681,-7.0,0,1016.336,8.733428,2.688477,1,4
6682,-5.45,1,1030.363,8.347985,6.5976543,0,4
6683,-6.55,0,1016.336,6.681611,6.9845037,0,4
6684,-5.43,1,1030.363,8.514644,6.216579,0,4
6685,-6.72,0,1016.336,9.981729,5.516526,0,4
6686,-5.36,1,1044.39,7.033627,4.5370326,2,4
6687,-5.58,1,1044.39,8.3180485,2.3115947,1,4
6688,-5.68,1,1044.39,7.695798,5.9500833,0,-1
6689,-5.63,1,1030.363,6.6554427,5.8462358,3,-1
6690,-5.08,1,1030.363,9.992664,6.1207147,0,-1
6691,-5.56,1,1044.39,7.0726914,5.040664,3,4
6692,-6.59,0,988.282,10.215316,2.6094396,7,4
6693,-7.44,0,988.282,9.459115,5.1435747,0,4
6694,-6.39,0,988.282,6.900099,7.21912,0,4
6695,-6.66,0,1002.309,9.116001,5.443573,0,4
6696,-6.58,0,1016.336,8.96775,5.3665767,0,4
6697,-6.29,0,1016.336,9.772161,6.142893,0,-1
6698,-6.89,0,988.282,10.204518,4.84541,0,4
6699,-6.9,0,1002.309,10.933938,4.18916,0,4
6700,-5.86,1,1002.309,7.404894,4.599175,1,4
6701,-6.0,1,1016.336,9.60759,3.679199,1,4
6702,-6.21,0,1016.336,8.229291,3.952496,1,4
6703,-6.26,0,1030.363,7.6110497,2.2959313,1,-1
6704,-5.58,1,1030.363,7.5518436,6.907068,0,4
6705,-5.82,1,1030.363,6.9176807,1.5587487,5,-1
6706,-7.05,0,988.282,8.711345,6.008034,0,4
6707,-6.04,0,1002.309,7.1947927,3.7393534,2,4
6708,-6.67,0,988.282,8.39898,4.195999,1,4
6709,-5.82,1,1002.309,8.144947,4.105611,1,4
6710,-5.48,1,1016.336,8.884369,2.759766,1,4
6711,-5.78,1,1016.336,9.197534,2.9924996,1,4
6712,-5.25,1,1016.336,9.265114,3.7306054,1,4
6713,-5.9,1,1002.309,7.089766,1.3105515,5,3
6714,-6.95,0,1002.309,9.047962,2.2066724,1,-1
6715,-5.76,1,1016.336,10.407631,3.6903508,0,4
6716,-5.5,1,1002.309,9.193053,3.4040742,1,4
6717,-5.52,1,1016.336,8.733413,2.039294,1,-1
6718,-6.09,0,1002.309,6.927426,5.761203,0,4
6719,-5.31,1,1016.336,8.107552,4.1410255,1,4
6720,-5.61,1,1016.336,7.114275,1.339043,5,3
6721,-5.93,1,1002.309,9.245185,5.564247,0,4
6722,-5.96,1,1002.309,10.158428,3.9064932,0,4
6723,-5.37,1,1016.336,9.380138,2.6031375,1,4
6724,-5.48,1,1030.363,7.982508,4.8418775,0,4
6725,-5.29,1,1016.336,6.3009753,1.2007092,5,3
6726,-5.18,1,1016.336,6.7942367,5.505809,3,4
6727,-5.21,1,1016.336,9.627706,5.0267334,0,4
6728,-5.83,1,1002.309,6.890474,7.1741414,0,4
6729,-6.15,0,1002.309,8.274574,3.162437,1,4
6730,-5.27,1,1016.336,9.375962,3.5415823,1,4
6731,-5.3,1,1030.363,9.767547,3.012118,1,4
6732,-5.46,1,1016.336,9.534284,2.5480826,1,4
6733,-7.3,0,1002.309,7.920605,5.2150903,0,4
6734,-7.02,0,1016.336,10.469591,5.7968855,0,4
6735,-7.08,0,1030.363,9.240637,2.6389277,1,4
6736,-6.0,1,1030.363,8.174571,5.3916173,0,4
6737,-6.14,0,1016.336,9.592699,3.4711745,1,4
6738,-5.69,1,1030.363,7.459687,6.1848626,0,4
6739,-7.26,0,1016.336,10.222028,3.019005,1,4
6740,-6.08,0,1030.363,10.443675,4.5428658,0,4
6741,-6.51,0,1016.336,10.041291,3.1073692,1,4
6742,-6.94,0,1030.363,8.24927,6.120632,0,4
6743,-6.78,0,1030.363,7.281718,6.5431933,0,4
6744,-6.69,0,1030.363,7.956613,3.816289,1,4
6745,-6.44,0,1044.39,8.15929,4.367292,1,4
6746,-6.05,0,1044.39,9.987162,5.339783,0,4
6747,-6.05,0,1030.363,5.849631,7.216048,3,4
6748,-5.78,1,1030.363,10.27093,5.236601,0,4
6749,-5.21,1,1044.39,10.451432,4.593939,0,4
6750,-5.44,1,1044.39,8.73839,4.0118475,1,4
6751,-5.3,1,1044.39,8.080869,2.1265342,1,4
6752,-6.18,0,1030.363,7.836218,4.0935974,1,4
6753,-5.96,1,1030.363,7.517671,1.5808469,1,-1
6754,-5.67,1,1030.363,9.920547,3.2527072,1,4
6755,-6.35,0,1002.309,9.768085,2.394663,1,-1
6756,-6.38,0,1002.309,9.68278,3.8294146,1,4
6757,-5.49,1,1030.363,10.183873,5.1857743,0,4
6758,-6.09,0,1030.363,9.314943,6.141463,0,4
6759,-5.33,1,1016.336,9.162917,4.6768584,0,4
6760,-5.01,1,1030.363,9.550101,5.219254,0,4
6761,-5.41,1,1044.39,7.802773,5.2327385,0,4
6762,-5.22,1,1044.39,10.431692,2.5572278,5,4
6763,-5.2,1,1044.39,7.1287494,2.0474238,5,-1
6764,-5.18,1,1030.363,7.85468,4.282668,1,4
6765,-5.01,1,1030.363,8.712901,5.573887,0,-1
6766,-5.06,1,1044.39,7.8277836,4.100639,1,4
6767,-5.1,1,1044.39,9.3039875,3.0093243,1,4
6768,-6.81,0,988.282,9.674533,3.2565186,1,4
6769,-7.32,0,988.282,8.0657,2.2934446,1,4
6770,-7.55,0,1002.309,7.0358644,6.4703865,0,4
6771,-6.77,0,988.282,9.691034,4.604384,0,4
6772,-6.01,0,1002.309,6.993179,5.6732197,0,4
6773,-5.86,1,1002.309,6.8481812,5.6545286,0,4
6774,-6.03,0,1002.309,10.5104265,5.6121483,0,4
6775,-6.03,0,1002.309,9.893406,3.653252,1,4
6776,-5.64,1,1002.309,7.4846807,7.252789,0,-1
6777,-5.97,1,1016.336,9.794759,4.8972096,0,4
6778,-5.7,1,1030.363,7.084749,6.5361133,0,4
6779,-5.9,1,1030.363,9.113904,4.302514,0,4
6780,-5.76,1,1002.309,10.793436,5.0271845,0,-1
6781,-4.8,1,1016.336,8.341457,6.6764226,0,4
6782,-5.0,1,1016.336,7.1180706,7.247758,0,4
6783,-5.4,1,1030.363,9.024873,5.589265,0,4
6784,-6.57,0,988.282,6.008396,1.045455,5,3
6785,-6.0,1,1002.309,10.488585,5.4290457,0,4
6786,-6.57,0,988.282,9.717736,5.6705213,0,-1
6787,-5.82,1,1002.309,8.764828,5.936713,0,4
6788,-6.13,0,1002.309,8.563157,3.0453017,1,4
6789,-5.98,1,1002.309,9.86321,4.2659116,0,4
6790,-5.76,1,1016.336,5.968118,7.214928,0,4
6791,-6.1,0,1002.309,7.413863,4.3538146,1,4
6792,-5.53,1,1002.309,8.094662,2.7098606,1,4
6793,-5.7,1,1016.336,7.548074,6.582271,0,4
6794,-5.87,1,1016.336,9.032705,4.7015977,1,4
6795,-6.67,0,988.282,9.719101,4.433098,0,4
6796,-6.5,0,1002.309,10.885331,3.9422655,0,4
6797,-7.85,0,988.282,5.835944,0.97002256,5,3
6798,-6.78,0,988.282,10.248185,3.9494655,0,4
6799,-7.43,0,1002.309,7.247845,7.0263305,0,4
6800,-6.1,0,1002.309,9.029439,3.8568423,1,4
6801,-6.17,0,1002.309,7.5184956,7.1265116,0,4
6802,-6.2,0,1016.336,7.551108,2.919011,1,-1
6803,-6.37,0,1016.336,9.449928,4.710399,0,4
6804,-6.62,0,1002.309,7.2607236,7.285963,0,4
6805,-6.68,0,1016.336,7.2462587,4.4305,1,4
6806,-7.13,0,1016.336,8.351249,3.2634563,1,4
6807,-5.56,1,1016.336,7.5030155,7.0157733,0,4
6808,-4.94,1,1016.336,9.198149,5.01246,0,4
6809,-5.52,1,1016.336,8.592344,4.0773067,1,4
6810,-6.06,0,1030.363,9.395411,5.804361,0,-1
6811,-5.45,1,1016.336,9.591357,4.0806656,0,4
6812,-5.67,1,1002.309,7.745317,2.8452492,1,-1
6813,-5.98,1,1016.336,8.540599,3.4447708,1,4
6814,-5.79,1,1016.336,6.6899233,5.7644835,3,-1
6815,-5.53,1,1016.336,7.3154335,2.7457204,1,-1
6816,-5.19,1,1016.336,8.545504,5.8282065,0,4
6817,-5.51,1,1030.363,8.462406,6.699839,0,4
6818,-6.92,0,1016.336,7.3031898,6.474917,0,4
6819,-5.4,1,1030.363,8.460306,6.7499075,0,4
6820,-5.44,1,1030.363,8.098533,2.34558,1,4
6821,-6.01,0,1030.363,9.249881,4.956755,0,4
6822,-5.33,1,1016.336,9.407174,6.357338,0,-1
6823,-5.07,1,1016.336,7.270282,5.898492,0,4
6824,-5.09,1,1030.363,10.136343,3.6087139,1,4
6825,-5.07,1,1030.363,7.6330442,4.371412,1,4
6826,-5.32,1,1030.363,7.2684503,5.7077866,0,4
6827,-5.2,1,1030.363,7.0502625,3.1517744,2,-1
6828,-5.01,1,1030.363,7.2155385,4.033833,1,4
6829,-5.07,1,1044.39,7.765998,4.245178,1,4
6830,-5.09,1,1044.39,8.270396,6.353696,0,4
6831,-5.8,1,1030.363,7.02999,5.291235,0,4
6832,-5.09,1,1044.39,8.1172085,6.534622,0,4
6833,-5.22,1,1044.39,10.700927,3.1980405,0,4
6834,-5.23,1,1016.336,8.817676,3.6062803,1,4
6835,-4.93,1,1030.363,10.468843,4.101454,0,4
6836,-4.95,1,1030.363,8.066023,3.6529691,1,4
6837,-5.51,1,1016.336,7.355265,6.0300407,0,4
6838,-5.12,1,1030.363,7.590009,4.404541,1,4
6839,-4.81,1,1044.39,7.8814335,6.129665,0,-1
6840,-4.91,1,1044.39,7.4272995,2.0174375,1,4
6841,-5.32,1,1044.39,8.677634,4.356111,1,4
6842,-4.92,1,1030.363,8.722873,4.0556383,1,4
6843,-5.68,1,1016.336,8.148077,2.317548,1,4
6844,-5.27,1,1016.336,9.201183,2.4656918,1,4
6845,-5.11,1,1016.336,7.4487634,6.158114,0,4
6846,-5.09,1,1030.363,7.865691,4.8726997,0,4
6847,-5.15,1,1030.363,7.138574,3.981854,1,4
6848,-5.08,1,1044.39,5.927789,7.2176247,3,4
6849,-5.0,1,1044.39,8.169791,5.403468,0,4
6850,-5.05,1,1044.39,7.4233522,3.816479,1,4
6851,-5.14,1,1030.363,6.9996386,7.312308,0,4
6852,-5.64,1,1016.336,7.7842426,4.350804,1,4
6853,-5.08,1,1044.39,10.692894,3.0481265,6,4
6854,-6.33,0,974.255,6.920326,3.9097114,1,4
6855,-6.57,0,974.255,9.477076,4.0171204,0,4
6856,-6.63,0,988.282,9.91542,3.2912874,1,4
6857,-7.08,0,988.282,7.164643,6.009786,0,4
6858,-6.05,0,974.255,8.175681,3.3384488,1,4
6859,-6.15,0,974.255,9.314062,2.650233,1,4
6860,-4.89,1,988.282,10.078581,4.513872,0,4
6861,-5.01,1,988.282,8.877234,4.368222,0,4
6862,-5.82,1,988.282,8.567689,6.21561,0,4
6863,-6.47,0,988.282,7.6180286,1.6776711,5,-1
6864,-6.27,0,1002.309,8.39616,3.4849138,1,4
6865,-5.82,1,1002.309,9.780172,3.2987633,1,4
6866,-5.99,1,988.282,9.571791,3.6033866,1,4
6867,-6.3,0,988.282,6.9940686,3.9340706,1,4
6868,-5.59,1,1002.309,8.402142,3.8595173,1,4
6869,-6.45,0,974.255,8.434116,3.0629148,1,4
6870,-6.69,0,974.255,8.09372,6.0464077,0,4
6871,-6.4,0,988.282,9.004222,5.3951063,0,4
6872,-5.18,1,988.282,8.442964,2.9505086,1,4
6873,-5.24,1,988.282,9.751023,4.9557405,0,4
6874,-5.83,1,988.282,9.581281,3.9908557,0,4
6875,-5.96,1,1002.309,10.334971,4.692982,0,4
6876,-6.07,0,988.282,7.6618013,2.7150435,1,-1
6877,-5.14,1,1002.309,6.7585635,6.945554,0,4
6878,-5.93,1,1002.309,9.791877,4.079988,1,4
6879,-5.08,1,988.282,8.925721,3.4750311,1,4
6880,-4.91,1,1002.309,9.469582,5.3400373,0,4
6881,-5.28,1,1002.309,9.3562765,2.663834,1,4
6882,-5.32,1,1016.336,8.5341215,6.1329284,0,4
6883,-5.38,1,1002.309,8.126963,2.4346535,1,4
6884,-5.12,1,988.282,7.2360454,4.013509,0,4
6885,-5.26,1,988.282,5.9743786,1.0236442,5,3
6886,-4.97,1,1002.309,7.5045075,5.0686426,0,4
6887,-5.11,1,1016.336,9.013107,4.2181215,0,4
6888,-5.64,1,1016.336,7.0427933,4.188741,1,4
6889,-6.68,0,974.255,6.022783,1.0602317,5,3
6890,-6.59,0,974.255,9.025408,3.6531954,0,4
6891,-6.2,0,988.282,9.367975,3.5882492,1,4
6892,-6.76,0,988.282,7.3170137,3.075148,1,-1
6893,-6.51,0,974.255,10.146346,3.530506,0,4
6894,-5.63,1,988.282,10.032307,4.348626,0,4
6895,-5.62,1,988.282,10.646775,4.490542,0,4
6896,-6.16,0,1002.309,8.320284,6.9450793,0,-1
6897,-5.9,1,1002.309,8.627236,3.8831267,1,4
6898,-5.83,1,1002.309,8.76343,6.607349,0,4
6899,-6.65,0,974.255,6.9246955,3.5737972,1,4
6900,-6.64,0,974.255,8.519839,4.3105335,0,4
6901,-5.95,1,988.282,6.8519926,5.5850945,0,4
6902,-6.22,0,988.282,9.7789755,4.7979546,0,4
6903,-5.54,1,974.255,8.379397,3.437688,1,4
6904,-5.97,1,974.255,10.3547,4.216752,0,4
6905,-5.17,1,988.282,7.88941,1.855024,1,4
6906,-5.07,1,988.282,9.705903,2.6619327,1,4
6907,-6.16,0,988.282,10.36709,4.1948223,0,4
6908,-5.91,1,1002.309,6.248655,7.1725483,0,4
6909,-5.75,1,988.282,8.472653,3.0779712,1,4
6910,-5.67,1,1002.309,9.844069,4.743753,0,4
6911,-5.84,1,1002.309,10.244417,4.5464883,0,4
6912,-5.41,1,988.282,9.0825405,3.3174138,1,4
6913,-5.19,1,1002.309,9.276624,5.8251476,0,4
6914,-5.65,1,1002.309,9.091046,4.0181823,0,4
6915,-5.62,1,1016.336,9.90459,3.3964589,1,4
6916,-5.61,1,1016.336,9.652154,4.233205,0,4
6917,-5.57,1,988.282,7.933585,6.2721987,0,-1
6918,-5.42,1,1002.309,9.11853,3.8617258,0,4
6919,-5.71,1,1002.309,10.119967,4.0902295,0,4
6920,-6.21,0,988.282,9.605211,4.1663146,0,4
6921,-5.49,1,1002.309,10.46361,5.4842286,0,4
6922,-5.74,1,1016.336,9.294267,3.3398075,1,4
6923,-5.11,1,1016.336,6.8963976,4.215246,1,4
6924,-5.93,1,1002.309,7.021782,7.262445,0,4
6925,-4.64,1,1016.336,9.528116,5.1312084,0,4
6926,-6.11,0,988.282,9.271094,3.9994986,1,4
6927,-5.8,1,1002.309,9.137521,4.286246,1,4
6928,-5.73,1,1002.309,8.713241,3.9384973,0,4
6929,-5.51,1,1002.309,7.325264,7.076385,0,4
6930,-5.32,1,1016.336,8.447311,6.67603,0,4
6931,-5.09,1,1002.309,7.790248,4.0195565,1,4
6932,-5.25,1,1002.309,6.834462,7.2054567,0,4
6933,-5.84,1,1016.336,5.7956567,7.1393285,3,4
6934,-5.22,1,1016.336,9.987608,3.5033367,1,4
6935,-4.96,1,1016.336,10.109294,4.0304418,0,4
6936,-5.57,1,1016.336,8.249229,3.2770996,1,4
6937,-4.96,1,1002.309,9.511394,4.6375155,0,4
6938,-5.11,1,1016.336,7.3223376,3.900343,1,4
6939,-5.12,1,1016.336,8.456924,1.8970537,1,4
6940,-5.01,1,1030.363,8.778539,4.1114445,0,4
6941,-5.06,1,1016.336,8.635953,6.034483,0,4
6942,-5.12,1,1030.363,7.3157096,7.1154947,0,4
6943,-5.09,1,1030.363,7.9740667,2.0085137,1,4
6944,-5.25,1,1002.309,6.8482733,3.8264794,2,4
6945,-4.92,1,1016.336,7.5089617,3.8830647,1,4
6946,-5.12,1,1030.363,7.524763,1.9129577,5,4
6947,-5.24,1,1030.363,7.3720226,4.7782354,1,4
6948,-6.28,0,988.282,7.750517,1.8961003,5,4
6949,-5.21,1,988.282,9.849254,4.5124493,0,4
6950,-4.92,1,1002.309,8.780715,6.708487,0,4
6951,-4.9,1,1002.309,10.21814,5.0973363,0,4
6952,-5.1,1,1002.309,8.592653,5.8966475,0,4
6953,-5.01,1,1016.336,9.096128,4.192053,0,4
6954,-4.96,1,1016.336,10.642803,4.6427712,0,4
6955,-5.18,1,1002.309,9.632834,4.0757504,0,4
6956,-5.17,1,1016.336,10.080101,3.6850142,1,4
6957,-5.35,1,1016.336,7.429049,6.927894,0,4
6958,-6.13,0,988.282,10.066868,3.882146,0,4
6959,-5.1,1,988.282,9.925947,3.359355,1,4
6960,-4.88,1,1002.309,7.0938478,7.289716,0,4
6961,-4.88,1,1002.309,10.286987,2.5971346,1,4
6962,-5.23,1,1002.309,9.0835495,4.206042,0,4
6963,-5.47,1,1016.336,9.03378,4.0535526,0,4
6964,-5.68,1,1002.309,6.9341555,3.503067,1,4
6965,-5.49,1,1016.336,8.381265,6.798213,0,4
6966,-5.47,1,1016.336,9.212997,4.364795,0,4
6967,-5.6,1,1016.336,5.7873106,0.89287245,5,3
6968,-5.0,1,1016.336,9.760087,4.273108,0,4
6969,-5.13,1,1016.336,5.882609,1.0344006,5,3
6970,-5.07,1,1030.363,10.504598,4.849265,0,4
6971,-5.21,1,1016.336,6.07543,1.0894016,5,3
6972,-4.99,1,1030.363,7.2990294,1.5050726,5,3
6973,-4.95,1,1030.363,9.448467,4.351413,0,4
6974,-5.68,1,1016.336,8.787536,6.5391335,0,4
6975,-5.95,1,1002.309,7.092829,3.453952,1,-1
6976,-4.92,1,1016.336,6.900412,1.5251865,5,-1
6977,-4.99,1,1016.336,8.853199,2.787961,1,4
6978,-5.41,1,1016.336,8.142377,2.4699914,1,4
6979,-5.12,1,1030.363,9.305811,5.397058,0,4
6980,-5.23,1,1030.363,7.457387,3.9293807,1,4
6981,-5.36,1,1016.336,9.008553,4.213902,1,4
6982,-6.64,0,988.282,6.9314294,5.1220536,3,4
6983,-7.16,0,988.282,9.8767605,4.545681,0,4
6984,-6.56,0,1002.309,7.0002933,3.8873131,1,4
6985,-7.14,0,988.282,6.782076,3.596069,1,-1
6986,-7.12,0,988.282,7.7121053,5.3107266,0,4
6987,-6.79,0,1002.309,7.420679,6.7405386,0,4
6988,-6.4,0,1016.336,9.547518,4.192984,0,4
6989,-6.5,0,1002.309,9.311491,4.0573297,0,4
6990,-5.76,1,1016.336,7.95457,4.397313,1,4
6991,-6.47,0,988.282,8.648594,6.06014,0,4
6992,-7.0,0,988.282,10.201353,3.8198502,0,4
6993,-6.75,0,1002.309,9.648397,3.7758403,1,4
6994,-7.45,0,988.282,9.63985,2.7594557,1,4
6995,-7.32,0,988.282,6.769073,4.3228793,2,-1
6996,-6.44,0,1002.309,6.7481213,6.9422793,0,4
6997,-7.08,0,1002.309,7.211418,6.7481956,0,4
6998,-5.36,1,1002.309,9.161241,3.7968798,1,4
6999,-6.31,0,1002.309,8.896326,2.5800626,1,-1
7000,-5.47,1,1030.363,8.162483,3.3108182,1,4
7001,-5.86,1,1002.309,8.660416,2.4072523,1,-1
7002,-4.96,1,1016.336,6.16555,1.0991062,5,3
7003,-5.55,1,1016.336,10.054597,2.7906446,1,4
7004,-7.11,0,988.282,11.098198,3.8913727,0,4
7005,-7.27,0,988.282,10.3414135,4.4329977,0,4
7006,-6.76,0,1002.309,9.722174,4.774216,0,4
7007,-7.17,0,988.282,9.936445,3.7787538,0,4
7008,-7.26,0,988.282,9.713641,4.3999124,0,4
7009,-6.64,0,1002.309,7.108548,3.984819,1,4
7010,-6.51,0,1002.309,10.930756,3.5307338,0,4
7011,-6.54,0,1016.336,6.6745768,5.8025894,3,-1
7012,-5.83,1,1016.336,8.434044,3.2315383,1,4
7013,-6.04,0,1016.336,8.23416,3.432898,1,4
7014,-5.7,1,1016.336,9.293042,3.288932,1,4
7015,-7.3,0,988.282,8.752544,3.079433,1,4
7016,-6.83,0,988.282,6.3807425,6.971693,0,4
7017,-6.78,0,1002.309,7.535022,2.2653413,5,4
7018,-6.8,0,1002.309,7.0313144,6.744964,0,4
7019,-7.36,0,988.282,7.2366085,6.1783957,0,4
7020,-7.47,0,988.282,7.8449197,1.9411267,5,4
7021,-6.46,0,1002.309,9.901476,3.4395819,1,4
7022,-6.24,0,1016.336,7.3454766,6.458785,0,4
7023,-5.65,1,1016.336,7.3567724,4.3285437,1,4
7024,-6.85,0,1002.309,10.239993,5.69711,0,4
7025,-6.44,0,1016.336,9.057753,4.458706,0,4
7026,-6.09,0,1016.336,8.819804,4.477612,0,4
7027,-6.88,0,1002.309,7.600473,4.374395,1,4
7028,-5.93,1,1016.336,8.49286,6.7615714,0,-1
7029,-5.93,1,1016.336,9.237436,6.3435516,0,4
7030,-6.42,0,1016.336,6.4535704,1.283901,5,3
7031,-6.13,0,1002.309,7.2188177,6.766634,0,4
7032,-5.34,1,1016.336,7.0990205,3.8706584,1,4
7033,-5.61,1,1016.336,10.665565,4.715765,0,4
7034,-5.46,1,1016.336,10.378091,3.7902198,0,4
7035,-6.4,0,1016.336,6.348753,1.2128192,5,3
7036,-6.36,0,1002.309,7.607952,5.957194,0,-1
7037,-6.41,0,1002.309,8.796487,5.9414196,0,4
7038,-5.88,1,1016.336,8.936098,6.470427,0,4
7039,-6.0,1,1030.363,7.0884748,4.3642197,1,4
7040,-6.35,0,1002.309,8.48897,2.282421,1,4
7041,-5.54,1,1016.336,8.35975,6.9483304,0,-1
7042,-5.34,1,1016.336,8.741691,2.879142,1,4
7043,-6.37,0,1016.336,7.3664904,6.8172455,0,4
7044,-5.11,1,1030.363,6.033211,7.270466,0,4
7045,-5.31,1,1044.39,7.1566286,4.4620686,2,4
7046,-5.06,1,1030.363,8.182485,3.3043957,1,4
7047,-5.18,1,1044.39,7.3066287,1.5914843,5,3
7048,-5.1,1,1044.39,7.3933516,5.1423674,1,4
7049,-5.54,1,1044.39,9.457935,4.9655375,0,4
7050,-5.1,1,1044.39,7.936337,4.7225637,1,4
7051,-4.98,1,1044.39,7.1460314,5.128964,3,4
7052,-6.18,0,1002.309,9.648223,4.5615573,0,4
7053,-5.02,1,1016.336,7.4713783,4.099684,1,4
7054,-5.32,1,1016.336,7.1992364,6.7271223,0,4
7055,-5.91,1,1016.336,6.429832,7.2736626,0,4
7056,-6.64,0,1002.309,10.595042,4.990725,0,4
7057,-6.72,0,1016.336,6.3731303,1.1381558,5,3
7058,-6.47,0,1016.336,7.9605446,2.5424228,1,4
7059,-5.94,1,1030.363,7.636576,4.0919337,1,4
7060,-5.47,1,1044.39,8.748054,4.0185432,1,4
7061,-5.38,1,1044.39,7.4621634,2.1569715,1,4
7062,-5.3,1,1044.39,5.836507,7.1982164,3,4
7063,-5.29,1,1044.39,7.37028,5.138604,1,4
7064,-5.8,1,1044.39,7.498199,2.0067542,1,4
7065,-5.47,1,1044.39,7.5267797,4.583,1,4
7066,-5.4,1,1044.39,9.964513,2.695027,1,4
7067,-5.1,1,1044.39,7.2159863,2.010892,5,-1
7068,-6.85,0,980.218,6.3549714,3.4726,0,-1
7069,-6.85,0,980.218,10.032083,4.25123,0,4
7070,-5.47,1,988.282,7.012997,3.80884,1,4
7071,-5.98,1,1172.357,8.250352,5.9767175,0,4
7072,-6.79,0,1190.347,9.393221,5.433961,0,4
7073,-5.99,1,1120.403,8.763616,4.5868845,0,4
7074,-6.85,0,1150.429,7.8329964,6.649357,0,4
7075,-6.32,0,1150.429,8.394734,4.8210917,0,4
7076,-5.2,1,1146.388,9.349941,4.6523385,0,4
7077,-6.66,0,1176.414,7.9678974,3.1354752,1,4
7078,-6.85,0,1199.417,8.466028,5.3028474,0,4
7079,-6.12,0,1138.393,7.9934115,4.417107,1,4
7080,-6.16,0,1120.403,8.610353,4.372344,1,4
7081,-5.66,1,1042.289,9.982371,3.581141,1,4
7082,-6.85,0,1124.435,5.7361126,7.2906036,0,4
7083,-6.15,0,1142.425,7.2180204,1.5093274,5,3
7084,-6.85,0,1202.436,7.961982,4.992229,4,4
7085,-6.85,0,1202.436,8.673995,4.5238605,1,4
7086,-5.46,1,1134.43,8.907732,3.7012465,1,4
7087,-6.85,0,1190.4,8.536319,4.1055307,1,4
7088,-6.85,0,1220.426,5.910699,7.2252064,3,4
7089,-6.65,0,1168.447,8.402281,2.60041,1,4
7090,-6.76,0,1208.39,7.882292,6.0273333,0,-1
7091,-6.85,0,1186.437,7.862606,6.6318088,0,4
7092,-5.65,1,1072.315,10.326125,5.137989,0,4
7093,-6.03,0,1060.279,10.489691,2.7500339,1,4
7094,-5.59,1,1060.279,6.93358,4.347741,1,4
7095,-6.85,0,1090.305,8.296646,4.008782,1,4
7096,-5.72,1,1090.305,10.1022,4.5092726,0,4
7097,-5.46,1,1022.299,9.180763,3.3181999,1,4
7098,-6.06,0,1052.325,9.37061,3.421825,1,4
7099,-5.86,1,1052.325,9.420062,2.4367554,1,-1
7100,-6.56,0,998.208,10.379169,3.7229269,0,4
7101,-5.34,1,1002.309,7.9622164,1.909891,1,4
7102,-5.72,1,1000.293,7.8533826,1.8210878,5,4
7103,-5.47,1,1000.293,8.555369,6.043993,0,4
7104,-5.32,1,1000.293,11.112174,3.627879,0,4
7105,-5.97,1,1108.295,9.394114,4.34627,0,4
7106,-5.75,1,1108.295,8.7724905,6.748309,0,4
7107,-5.93,1,1030.278,10.541387,5.560524,0,4
7108,-5.58,1,1040.289,10.222019,4.16509,0,4
7109,-5.7,1,1056.316,7.3397517,7.225963,0,4
7110,-5.53,1,1056.316,9.13076,1.975958,5,-1
7111,-6.56,0,1016.198,10.9030695,3.5788398,0,4
7112,-5.76,1,1086.342,9.193284,6.502975,0,4
7113,-5.86,1,1066.352,8.65806,2.8519485,1,4
7114,-5.42,1,1058.279,7.3886847,4.2889113,1,4
7115,-5.54,1,1074.306,9.236276,2.8441381,1,4
7116,-5.29,1,1014.32,9.66037,2.3141553,1,-1
7117,-6.18,0,1014.32,6.8898835,7.117923,0,4
7118,-5.75,1,1104.332,10.681095,5.36746,0,4
7119,-5.6,1,1114.249,7.446011,3.45885,1,-1
7120,-5.6,1,1054.316,6.7589674,7.2245536,0,4
7121,-5.54,1,1054.316,10.333725,4.078022,0,4
7122,-6.85,0,1024.271,6.309758,7.216283,0,4
7123,-5.81,1,1100.369,9.909839,3.3265815,1,4
7124,-5.72,1,1100.369,10.794131,3.7242146,0,4
7125,-5.4,1,1014.32,10.421687,3.6509757,0,4
7126,-5.62,1,1044.305,7.2470675,7.2344246,0,4
7127,-5.59,1,1048.337,9.960222,5.4696374,0,4
7128,-5.41,1,1048.337,9.059124,6.5035954,0,4
7129,-5.22,1,1048.337,9.320021,4.426205,0,4
7130,-5.64,1,1078.363,8.354478,3.3341045,1,4
7131,-5.46,1,1078.363,10.706012,3.423857,1,4
7132,-5.58,1,1088.333,6.2825923,7.131721,0,4
7133,-6.13,0,1012.235,8.781886,6.094042,0,4
7134,-5.66,1,1088.333,6.137992,1.0632926,5,3
7135,-5.68,1,1118.359,10.767797,4.325205,0,4
7136,-6.19,0,1134.386,9.469198,2.8072631,1,4
7137,-6.0,1,1066.327,9.125578,3.550859,1,4
7138,-5.52,1,1106.323,9.384777,6.2760715,0,4
7139,-5.51,1,1106.323,8.157552,2.8374817,1,4
7140,-5.58,1,1106.323,11.088337,4.0261087,0,4
7141,-5.44,1,1028.347,9.235467,4.351357,0,4
7142,-5.69,1,1028.347,7.865662,6.69004,0,4
7143,-5.76,1,1136.349,10.2965355,3.2851136,1,4
7144,-5.96,1,1012.235,8.295605,3.9190905,1,4
7145,-5.64,1,1058.332,8.451214,5.577227,0,4
7146,-5.41,1,1084.317,10.607737,3.9152179,0,4
7147,-5.36,1,1084.37,8.3258705,2.705246,1,4
7148,-5.58,1,1124.313,9.722203,2.8753598,1,4
7149,-5.39,1,1058.332,10.790317,4.7283635,0,4
7150,-5.82,1,1140.34,9.131103,6.178468,0,4
7151,-5.82,1,1140.34,8.892032,4.12606,0,4
7152,-5.78,1,1140.34,7.2531915,5.1190014,1,4
7153,-5.96,1,1062.364,9.709592,5.5241785,0,4
7154,-5.53,1,1062.364,9.951221,2.6938934,1,4
7155,-5.91,1,974.255,10.824281,3.8461907,0,4
7156,-5.33,1,1062.364,10.132188,5.351364,0,4
7157,-5.92,1,1170.366,9.950541,4.0467286,0,4
7158,-5.95,1,1092.39,7.990316,3.8755898,1,4
7159,-6.85,0,1092.39,10.302864,3.3371673,1,4
7160,-5.47,1,1092.349,7.0802326,7.305531,0,4
7161,-5.64,1,1122.375,7.5329323,2.6165566,1,-1
7162,-5.47,1,1102.36,10.720674,3.196475,0,4
7163,-5.3,1,1102.36,9.504404,3.0378628,1,4
7164,-5.66,1,1042.374,8.303309,2.9746277,1,4
7165,-5.76,1,1042.374,9.728026,3.287041,1,4
7166,-5.66,1,986.266,8.882123,6.6351857,0,4
7167,-5.55,1,1142.303,8.381264,6.448259,0,4
7168,-5.58,1,1118.387,9.9941845,4.2101254,1,4
7169,-6.03,0,1080.354,8.650611,1.9046685,5,-1
7170,-5.32,1,1072.359,7.2377205,7.149879,0,4
7171,-5.14,1,1072.359,7.3399916,4.2713695,1,4
7172,-6.0,1,1136.377,10.4714,4.3034725,0,4
7173,-5.77,1,1136.377,7.1857924,4.636142,1,4
7174,-6.03,0,1076.391,10.24605,5.7239046,0,4
7175,-5.15,1,1076.391,9.324052,4.7327757,0,4
7176,-6.13,0,1176.32,9.154151,4.6749,1,4
7177,-5.71,1,1008.272,9.105712,2.3734975,1,-1
7178,-5.74,1,1098.344,7.2829256,7.179308,0,4
7179,-5.81,1,1128.329,9.101546,4.433766,1,4
7180,-6.01,0,1054.385,9.324242,4.128576,1,4
7181,-6.23,0,1154.367,6.5501084,7.218278,0,4
7182,-6.85,0,1094.381,9.049318,4.963432,0,4
7183,-5.83,1,1076.391,10.414452,5.402494,0,4
7184,-5.84,1,1136.402,8.638819,5.424359,0,4
7185,-5.37,1,1110.408,9.481806,5.2075863,0,4
7186,-6.5,0,1140.434,10.593788,3.3046598,0,4
7187,-5.89,1,1086.386,6.040439,7.3186197,0,4
7188,-5.71,1,1202.635,9.929673,3.9155674,1,4
7189,-6.54,0,1160.598,9.063107,4.7253246,1,4
7190,-7.22,0,1174.625,5.564122,0.6291427,5,-1
7191,-8.4,0,1217.65,8.234223,2.3680856,1,4
7192,-8.4,0,1231.677,8.835489,5.392568,0,4
7193,-4.3,1,1093.422,7.05363,6.180507,0,4
7194,-4.6,1,987.298,6.5181165,3.18637,1,-1
7195,-5.1,1,1047.35,5.8285537,3.2864923,0,-1
7196,-5.3,1,1139.494,7.8868446,5.617739,0,4
7197,-6.7,0,959.244,6.289141,3.055117,1,-1
7198,-5.9,1,1115.472,6.0027885,7.2356577,0,4
7199,-5.8,1,1017.324,7.965875,3.0810971,1,4
7200,-6.5,0,1047.35,7.188368,5.87075,0,4
7201,-6.5,0,1047.35,5.568217,2.873635,1,1
7202,-6.5,0,1077.376,6.016064,3.3221214,0,-1
7203,-6.5,0,1107.402,6.4783807,3.0742145,1,-1
7204,-5.0,1,1169.52,7.820826,4.828133,1,4
7205,-3.9,1,1127.439,8.56402,3.1324975,1,4
7206,-4.7,1,1127.439,8.493208,3.1370807,1,4
7207,-6.5,0,975.243,5.392619,2.8223774,1,1
7208,-5.9,1,975.243,6.318153,3.1404335,1,-1
7209,-4.8,1,1019.384,8.911917,3.820665,1,4
7210,-4.3,1,1031.395,7.2878594,4.6322794,3,4
7211,-4.4,1,1043.406,6.1290936,1.0987319,5,3
7212,-4.6,1,1015.352,9.903888,5.857792,0,4
7213,-6.6,0,1011.32,7.3850904,6.045948,0,4
7214,-4.0,1,963.276,7.853233,3.6312017,0,4
7215,-6.9,0,1003.297,6.349938,3.1513581,1,-1
7216,-6.9,0,1125.42,7.587547,2.8981056,1,-1
7217,-5.48,1,714.908,3.9288921,1.1289147,5,2
7218,-4.92,1,742.962,-0.07019918,1.7533084,2,1
7219,-5.7,1,622.767,2.6101587,1.5101041,7,1
7220,-4.86,1,636.794,1.9951371,2.9858434,6,-1
7221,-5.62,1,684.838,1.0250608,1.1182139,2,1
7222,-5.44,1,698.865,2.0805795,1.4246361,2,1
7223,-6.37,0,658.8,1.6356394,1.4197768,2,1
7224,-5.58,1,686.854,2.036175,1.2216586,2,1
7225,-5.22,1,714.908,1.3641706,3.3498554,6,1
7226,-4.94,1,728.935,0.3887092,3.7092164,2,1
7227,-5.53,1,743.991,1.4027697,2.6685379,3,1
7228,-4.94,1,788.088,0.9878874,4.7203984,6,1
7229,-5.18,1,758.018,4.4094625,3.4051452,7,1
7230,-5.44,1,715.937,3.7995744,3.5123322,6,1
7231,-5.06,1,828.068,-0.16171601,1.5622432,2,1
7232,-5.31,1,737.943,4.2907596,4.8915067,6,1
7233,-5.15,1,751.97,4.779765,3.7261276,7,1
7234,-5.16,1,831.113,8.997927,4.31936,0,4
7235,-5.13,1,817.086,3.3919256,2.65092,5,1
7236,-5.34,1,887.221,4.7070417,0.29910487,5,2
7237,-6.87,0,869.162,4.396166,6.7904406,3,0
7238,-5.24,1,877.141,9.414361,6.638408,0,-1
7239,-5.47,1,803.059,4.847718,2.9301424,7,1
7240,-5.9,1,949.292,0.13638906,5.181014,4,1
7241,-5.23,1,887.221,7.9872546,5.3269463,4,4
7242,-5.91,1,865.13,10.0153675,4.3856683,7,4
7243,-6.74,0,813.054,5.4424267,2.8587615,1,1
7244,-6.01,0,953.239,-0.42293653,4.741291,4,1
7245,-6.11,0,927.201,9.20789,3.8171573,1,4
7246,-5.67,1,843.124,10.155355,4.1849537,0,4
7247,-6.14,0,877.141,7.7157807,3.587854,6,4
7248,-5.98,1,817.086,3.8180654,4.2914295,7,1
7249,-5.54,1,879.157,6.83387,3.7483082,1,4
7250,-5.97,1,851.103,4.2844067,2.659607,1,1
7251,-5.69,1,873.194,4.4074945,4.2674737,7,1
7252,-6.67,0,789.032,4.7664723,3.0507696,7,1
7253,-5.89,1,873.194,1.7128524,4.8720765,4,1
7254,-6.08,0,817.086,4.177698,1.250755,5,2
7255,-6.59,0,803.059,4.753595,3.2727313,7,1
7256,-6.55,0,889.152,10.510904,2.632729,6,4
7257,-5.94,1,829.097,4.528393,6.7779956,3,0
7258,-6.44,0,833.11,5.3280106,3.220431,0,1
7259,-5.36,1,817.086,3.6330283,2.8810534,7,1
7260,-5.61,1,789.032,4.035536,2.4390993,7,1
7261,-5.27,1,869.162,-1.3923284,1.4526763,2,1
7262,-5.17,1,925.185,10.775064,2.8207867,6,4
7263,-5.8,1,914.203,5.7706814,0.9902313,5,3
7264,-5.63,1,1034.398,8.668464,4.5630846,0,4
7266,-5.45,1,964.263,9.17653,4.4332705,0,4
7267,-5.79,1,950.236,5.6991,7.1451054,3,4
7268,-5.48,1,1020.371,8.063047,4.382758,1,4
7269,-6.24,0,1054.388,7.9546003,5.339237,4,4
7270,-6.08,0,964.263,8.210935,1.892349,5,4
7271,-6.65,0,914.203,7.7218466,1.8393682,5,4
7272,-5.47,1,1066.399,8.276594,4.9967284,4,4
7273,-6.23,0,912.187,6.1261163,3.447224,0,-1
7274,-6.07,0,948.22,8.711858,2.4010139,1,-1
7275,-5.49,1,916.219,8.419707,1.7819679,5,4
7276,-5.76,1,964.263,8.283653,1.7632209,5,4
7277,-5.75,1,1004.328,6.0381327,7.25495,0,4
7278,-5.89,1,944.273,10.355421,5.481046,0,4
7279,-6.53,0,904.189,6.0230947,2.9125593,1,-1
7280,-6.72,0,898.16,6.0116343,2.8721929,1,-1
7281,-6.85,0,886.149,5.5261,3.298611,0,-1
7282,-7.06,0,944.254,5.611722,6.944631,3,-1
7283,-5.66,1,962.247,6.6842384,6.6570077,3,-1
7284,-5.63,1,942.257,7.5148916,1.8865483,5,4
7285,-7.48,0,898.16,6.180036,3.0545995,2,-1
7286,-5.8,1,948.286,9.290119,4.1776824,0,4
7287,-5.82,1,886.149,6.0264015,3.2260742,0,-1
7288,-5.8,1,916.219,10.272919,4.088568,0,4
7289,-7.16,0,938.206,5.435665,2.7685366,1,1
7290,-6.62,0,962.247,8.852604,2.6826293,1,4
7291,-6.5,0,872.122,4.9683847,2.9592888,7,1
7292,-6.33,0,972.327,10.736441,4.268046,0,4
7293,-6.62,0,1052.438,9.152813,4.8604856,0,4
7294,-5.46,1,968.21,7.7542467,2.7870386,1,-1
7295,-5.95,1,1004.328,7.9554768,5.750746,0,4
7296,-5.67,1,978.29,10.607889,3.7207086,0,4
7297,-5.41,1,1139.494,8.409126,5.930384,0,4
7298,-5.67,1,1111.44,7.5653596,1.9820602,1,4
7299,-5.6,1,1089.434,9.369602,3.8832724,1,4
7302,-5.91,1,999.309,7.214388,5.763304,0,4
7303,-5.64,1,1057.433,7.361301,5.179386,1,4
7304,-5.57,1,1103.461,7.0254536,7.1044574,0,4
7305,-7.02,0,1075.407,9.619663,2.5974894,1,4
7306,-5.2,1,1057.433,7.410692,4.414141,2,4
7307,-5.59,1,1133.531,7.1740837,1.5268695,5,3
7308,-6.34,0,1061.38,9.570832,3.6956398,1,4
7309,-5.82,1,1075.407,9.370304,2.1315045,5,-1
7310,-6.31,0,1079.354,7.8623095,3.643273,1,4
7311,-6.74,0,1011.32,8.1338825,1.8215731,5,4
7312,-6.36,0,1033.326,10.12873,2.9466658,1,4
7313,-5.32,1,1089.434,9.064771,5.4014587,0,4
7314,-5.72,1,1047.353,6.2500143,6.3543663,3,-1
7315,-5.5,1,1061.38,9.231675,4.613891,0,4
7316,-5.35,1,1103.461,8.536589,5.354051,0,4
7317,-6.55,0,1027.363,8.774747,3.1768112,1,4
7318,-6.18,0,1047.353,7.0304804,5.731528,0,4
7319,-5.83,1,1041.39,9.267378,4.1616087,0,4
7320,-6.15,0,1017.349,8.170097,4.1516957,1,4
7321,-5.24,1,1069.444,9.04226,5.681071,0,4
7322,-6.15,0,1101.445,7.4591475,2.7752793,1,-1
7323,-6.79,0,1013.336,6.8333964,6.685886,0,4
7324,-6.31,0,1065.393,9.997833,4.163949,0,4
7325,-6.16,0,1055.417,7.428739,4.434314,1,4
7326,-6.39,0,1041.305,8.530774,2.8108966,1,4
7327,-6.77,0,1065.327,8.039535,1.9504242,1,4
7328,-6.2,0,1165.532,8.02151,4.435897,1,4
7329,-5.04,1,1127.483,6.0590024,7.2903247,3,4
7330,-5.52,1,1105.477,7.2015405,7.0030107,0,4
7331,-6.46,0,1047.353,8.721102,6.016955,0,4
7332,-6.04,0,1103.461,9.685377,4.0678797,0,4
7333,-5.37,1,1157.383,9.350794,3.4213498,1,4
7334,-5.46,1,1216.621,9.864021,5.4675446,0,4
7335,-5.67,1,1202.594,6.640123,1.4208355,5,-1
7336,-5.83,1,1194.615,7.343355,7.0648117,0,4
7337,-5.83,1,1228.632,7.926642,4.8031497,1,4
7338,-5.55,1,1154.55,10.3943205,4.1757574,0,4
7339,-6.02,0,1188.567,7.3200774,5.3179126,0,4
7340,-6.19,0,1160.513,9.679299,3.2799418,1,4
7341,-5.61,1,1140.523,9.122023,6.395707,0,4
7342,-5.65,1,1200.578,8.579268,5.2857237,0,4
7343,-5.97,1,1138.507,7.8397155,3.930105,1,4
7344,-5.89,1,1168.577,7.80887,2.5686924,1,-1
7345,-6.37,0,1158.497,7.729404,6.5373526,0,4
7346,-5.89,1,1188.567,9.022608,5.097864,0,4
7347,-6.62,0,1186.551,7.986244,4.9946675,0,4
7348,-5.74,1,1210.658,7.977697,5.2863607,4,4
7349,-6.39,0,1102.389,6.7417035,3.6262422,0,-1
7350,-6.1,0,1299.711,8.6025,3.938073,1,4
7351,-7.0,0,1209.586,10.306937,4.513582,0,4
7352,-5.83,1,1271.657,10.002376,4.6254096,0,4
7353,-5.72,1,1202.635,9.710561,4.3396883,0,4
7354,-6.74,0,1160.598,8.835863,5.3309064,0,4
7355,-8.0,0,1231.677,8.914027,3.9626532,1,4
7356,-7.89,0,1175.569,7.3477664,6.982521,0,4
7357,-7.89,0,1217.65,8.49876,3.7101195,1,4
7358,-8.05,0,1251.667,9.151157,3.9246745,1,4
7359,-8.05,0,1219.622,8.643697,6.024921,0,4
7360,-8.15,0,1232.665,8.586618,2.558889,1,-1
7361,-8.4,0,1205.595,9.796977,4.516478,0,4
7362,-10.0,0,1233.605,8.080446,2.637067,1,4
7363,-7.74,0,1175.569,6.5599213,6.913227,0,4
7364,-7.85,0,1217.65,8.809143,4.1137915,0,4
7365,-8.0,0,1251.667,8.44636,4.8647704,0,4
7366,-7.85,0,1219.622,9.317052,4.5974402,0,4
7367,-8.22,0,1232.665,7.71162,6.2271237,0,-1
7368,-8.1,0,1205.595,6.042207,7.144104,0,4
7369,-8.72,0,1233.605,8.182545,5.2426343,0,4
7370,-7.96,0,1175.569,8.68752,3.6634703,1,4
7371,-8.05,0,1217.65,9.560807,4.7039027,0,4
7372,-7.89,0,1251.667,9.551235,4.811337,0,4
7373,-8.22,0,1219.622,8.301948,2.578502,1,4
7374,-10.0,0,1232.665,8.104998,5.3909783,0,4
7375,-8.05,0,1205.595,8.494743,3.9427378,1,4
7376,-10.0,0,1233.605,10.135944,4.1349697,0,4
7377,-8.0,0,542.637,2.7607887,1.7607669,7,1
7378,-7.75,0,553.664,4.5080404,6.7268915,3,0
7379,-7.19,0,552.632,2.0660646,2.4490385,3,1
7380,-7.35,0,568.7,1.1943171,2.378429,2,1
7381,-5.84,1,578.695,-0.0531298,1.9445355,2,1
7382,-7.62,0,563.659,-0.15244366,2.2032435,2,1
7383,-6.29,0,579.727,4.5365644,7.144343,3,0
7384,-5.72,1,589.722,-1.1583991,4.6491895,4,1
7385,-6.07,0,605.721,-0.46353573,5.260337,4,1
7386,-5.85,1,623.739,-0.2147508,5.7022076,4,1
7387,-6.25,0,591.738,-1.3182633,4.5141764,4,1
7388,-5.09,1,662.917,2.9802,2.8266797,7,1
7389,-5.77,1,731.98,3.5401196,4.138994,7,1
7390,-6.19,0,731.98,5.4655404,6.9479575,3,0
7391,-6.53,0,731.98,3.4742038,2.7037897,6,1
7392,-6.5,0,731.98,3.98582,2.6021826,7,-1
7393,-6.2,0,731.98,4.482121,4.0033836,7,1
7394,-5.3,1,662.917,3.9999015,3.3520534,7,1
7395,-6.26,0,731.98,4.5405583,2.6665978,5,1
7396,-5.99,1,731.98,4.6310024,3.5107234,7,1
7397,-5.96,1,731.98,4.4713373,3.0424943,7,1
7398,-6.89,0,731.98,5.2777605,0.9395126,5,2
7399,-5.89,1,731.98,4.2792883,4.0769525,7,1
7400,-5.1,1,662.917,0.1291057,2.6546683,2,1
7401,-5.84,1,731.98,2.3901463,4.733634,6,1
7402,-6.64,0,731.98,4.506649,4.1173196,7,1
7403,-6.86,0,731.98,4.3927817,2.5819044,5,1
7404,-6.55,0,731.98,4.5154495,3.936467,7,1
7405,-6.74,0,731.98,2.3128943,1.2816116,2,1
7406,-7.53,0,661.845,2.9979892,1.8100964,2,1
7407,-6.68,0,689.899,4.284328,4.0570197,7,1
7408,-6.71,0,703.926,4.581255,1.4247067,5,2
7409,-6.11,0,709.889,4.542665,3.9637456,7,1
7410,-5.9,1,737.943,4.5718355,4.0127797,7,1
7411,-5.89,1,731.98,2.2836556,4.6312885,5,1
7412,-5.52,1,773.976,4.4666953,1.4588045,5,2
7413,-5.69,1,743.991,2.7613578,3.1321852,7,1
7414,-5.23,1,751.97,8.035659,6.4792843,0,4
7415,-5.25,1,780.024,4.228131,4.1595078,7,1
7416,-5.05,1,772.045,5.124271,3.4740655,0,-1
7417,-5.09,1,816.057,-2.0592227,4.77601,1,1
7418,-4.85,1,792.035,5.29371,1.7432107,5,-1
7419,-4.87,1,820.089,1.6882656,5.886524,5,1
7420,-5.28,1,856.122,1.4656535,6.6971216,0,1
7421,-8.39,0,661.845,4.599344,3.92948,7,1
7422,-7.5,0,689.899,3.367962,1.9733261,5,1
7423,-7.46,0,703.926,4.2272935,3.341763,0,1
7424,-6.83,0,709.889,4.192721,2.4473226,7,1
7425,-6.61,0,737.943,4.6131387,2.8559027,7,1
7426,-6.7,0,731.98,4.566523,3.937466,7,1
7427,-6.29,0,773.976,4.6392612,3.074334,0,1
7428,-6.39,0,743.991,4.3515882,3.0486262,7,1
7429,-6.2,0,751.97,4.8005657,2.9600976,5,1
7430,-5.98,1,780.024,4.0573945,5.4441338,0,1
7431,-5.66,1,772.045,6.4293504,7.3222895,0,4
7432,-5.73,1,816.057,-0.91264486,3.226121,2,1
7433,-5.49,1,792.035,1.777214,4.17637,5,1
7434,-5.4,1,820.089,-1.9762241,4.860122,3,1
7435,-5.43,1,856.122,1.2303263,6.135098,4,1
7436,-5.72,1,692.899,4.380194,3.891874,7,1
7437,-6.18,0,705.942,4.3653145,3.9259892,7,1
7438,-6.25,0,717.953,3.987821,5.117433,6,1
7439,-6.56,0,691.915,3.9756052,2.7359602,7,-1
7440,-5.55,1,874.107,8.117257,4.209223,1,4
7441,-5.41,1,874.107,6.3937325,3.0795827,1,-1
7442,-5.43,1,868.078,7.569777,1.9242754,5,4
7443,-5.93,1,869.066,7.599289,1.8983332,5,4
7444,-6.39,0,791.98,4.986836,2.8091128,7,1
7445,-6.96,0,791.955,5.0093713,2.4996257,1,1
7446,-6.57,0,868.053,6.1871805,3.4230716,0,-1
7447,-10.0,0,918.113,11.14437,3.6879137,0,4
7448,-6.82,0,824.022,5.0846777,2.7506778,1,1
7449,-6.4,0,900.12,6.1994143,6.7948675,0,-1
7450,-6.59,0,950.18,8.235703,3.6949906,1,4
7451,-10.0,0,922.166,4.506541,5.342514,0,-1
